2026-01-02 11:45:30,630 [INFO] Activator:176 - 


2026-01-02 11:45:30,635 [INFO] Activator:177 - !SESSION log4j initialized
2026-01-02 11:45:35,860 [INFO] LogOutputStream:77 - [STDOUT_REDIRECT] 
2026-01-02 11:45:38,779 [INFO] ApplicationProperties:184 - Using Application install path: C:\ST\STM32CubeIDE_1.19.0\STM32CubeIDE\plugins\com.st.stm32cube.common.mx_6.15.0.202507011659
2026-01-02 11:45:38,815 [INFO] DbMcusXml:78 - Set database path to: C:\ST\STM32CubeIDE_1.19.0\STM32CubeIDE\plugins\com.st.stm32cube.common.mx_6.15.0.202507011659\\db\/mcu/
2026-01-02 11:45:38,815 [INFO] ApiDb:274 - Set plugin database path to: C:\ST\STM32CubeIDE_1.19.0\STM32CubeIDE\plugins\com.st.stm32cube.common.mx_6.15.0.202507011659\\db\/plugins/boardmanager/
2026-01-02 11:45:38,815 [WARN] ApiDb:259 - Overriding images path with different value:  => C:\ST\STM32CubeIDE_1.19.0\STM32CubeIDE\plugins\com.st.stm32cube.common.mx_6.15.0.202507011659\\db\/plugins/mcufinder/images/
2026-01-02 11:45:38,832 [INFO] ApiDb:250 - Set database path to: C:\Users\CAMMSYS\.stmcufinder\plugins\mcufinder//mcu/
2026-01-02 11:45:38,835 [INFO] DbMcusAds:125 - Set database path to: C:\Users\CAMMSYS\.stmcufinder\plugins\mcufinder//mcu/
2026-01-02 11:45:38,842 [INFO] CrossReferenceDbSqlite:203 - Set database path to: C:\Users\CAMMSYS\.stmcufinder\plugins\mcufinder//mcu/cs/
2026-01-02 11:45:39,157 [INFO] RulesReader:64 - Compatibility file has been processed (317 Rules)
2026-01-02 11:45:39,340 [INFO] DbMcusXml:78 - Set database path to: C:\ST\STM32CubeIDE_1.19.0\STM32CubeIDE\plugins\com.st.stm32cube.common.mx_6.15.0.202507011659\\db\/mcu/
2026-01-02 11:45:39,340 [INFO] ApiDb:274 - Set plugin database path to: C:\ST\STM32CubeIDE_1.19.0\STM32CubeIDE\plugins\com.st.stm32cube.common.mx_6.15.0.202507011659\\db\/plugins/boardmanager/
2026-01-02 11:45:39,340 [INFO] ApiDb:261 - Set plugin images path to: C:\ST\STM32CubeIDE_1.19.0\STM32CubeIDE\plugins\com.st.stm32cube.common.mx_6.15.0.202507011659\\db\/plugins/mcufinder/images/
2026-01-02 11:45:39,340 [WARN] DbFile:41 - Overriding database path with different value: C:\Users\CAMMSYS\.stmcufinder\plugins\mcufinder/ => C:\Users\CAMMSYS\.stmcufinder\plugins\mcufinder
2026-01-02 11:45:39,341 [INFO] ApiDb:250 - Set database path to: C:\Users\CAMMSYS\.stmcufinder\plugins\mcufinder//mcu/
2026-01-02 11:45:39,341 [WARN] DbFile:41 - Overriding database path with different value: C:\Users\CAMMSYS\.stmcufinder\plugins\mcufinder/ => C:\Users\CAMMSYS\.stmcufinder\plugins\mcufinder
2026-01-02 11:45:39,341 [INFO] DbMcusAds:125 - Set database path to: C:\Users\CAMMSYS\.stmcufinder\plugins\mcufinder//mcu/
2026-01-02 11:45:39,341 [WARN] DbFile:41 - Overriding database path with different value: C:\Users\CAMMSYS\.stmcufinder\plugins\mcufinder/ => C:\Users\CAMMSYS\.stmcufinder\plugins\mcufinder
2026-01-02 11:45:39,341 [WARN] DbFile:41 - Overriding database path with different value: C:\Users\CAMMSYS\.stmcufinder\plugins\mcufinder/ => C:\Users\CAMMSYS\.stmcufinder\plugins\mcufinder
2026-01-02 11:45:39,341 [INFO] CrossReferenceDbSqlite:203 - Set database path to: C:\Users\CAMMSYS\.stmcufinder\plugins\mcufinder//mcu/cs/
2026-01-02 11:45:39,481 [INFO] MainPanel:274 - HeapMemory: 279969792
2026-01-02 11:45:39,592 [INFO] DbMcusXml:78 - Set database path to: C:\ST\STM32CubeIDE_1.19.0\STM32CubeIDE\plugins\com.st.stm32cube.common.mx_6.15.0.202507011659\\db\/mcu/
2026-01-02 11:45:39,592 [INFO] ApiDb:274 - Set plugin database path to: C:\ST\STM32CubeIDE_1.19.0\STM32CubeIDE\plugins\com.st.stm32cube.common.mx_6.15.0.202507011659\\db\/plugins/boardmanager/
2026-01-02 11:45:39,592 [INFO] ApiDb:261 - Set plugin images path to: C:\ST\STM32CubeIDE_1.19.0\STM32CubeIDE\plugins\com.st.stm32cube.common.mx_6.15.0.202507011659\\db\/plugins/mcufinder/images/
2026-01-02 11:45:39,592 [WARN] DbFile:41 - Overriding database path with different value: C:\Users\CAMMSYS\.stmcufinder\plugins\mcufinder/ => C:\Users\CAMMSYS\.stmcufinder\plugins\mcufinder
2026-01-02 11:45:39,592 [INFO] ApiDb:250 - Set database path to: C:\Users\CAMMSYS\.stmcufinder\plugins\mcufinder//mcu/
2026-01-02 11:45:39,592 [WARN] DbFile:41 - Overriding database path with different value: C:\Users\CAMMSYS\.stmcufinder\plugins\mcufinder/ => C:\Users\CAMMSYS\.stmcufinder\plugins\mcufinder
2026-01-02 11:45:39,592 [INFO] DbMcusAds:125 - Set database path to: C:\Users\CAMMSYS\.stmcufinder\plugins\mcufinder//mcu/
2026-01-02 11:45:39,592 [WARN] DbFile:41 - Overriding database path with different value: C:\Users\CAMMSYS\.stmcufinder\plugins\mcufinder/ => C:\Users\CAMMSYS\.stmcufinder\plugins\mcufinder
2026-01-02 11:45:39,593 [WARN] DbFile:41 - Overriding database path with different value: C:\Users\CAMMSYS\.stmcufinder\plugins\mcufinder/ => C:\Users\CAMMSYS\.stmcufinder\plugins\mcufinder
2026-01-02 11:45:39,593 [INFO] CrossReferenceDbSqlite:203 - Set database path to: C:\Users\CAMMSYS\.stmcufinder\plugins\mcufinder//mcu/cs/
2026-01-02 11:45:39,615 [INFO] ApplicationProperties:184 - Using Application install path: C:\ST\STM32CubeIDE_1.19.0\STM32CubeIDE\plugins\com.st.stm32cube.common.mx_6.15.0.202507011659
2026-01-02 11:45:39,617 [INFO] PluginManage:196 - Search for loadable plugins [exclusion list=, ]
2026-01-02 11:45:39,618 [INFO] PluginManage:310 - Check plugin analytics
2026-01-02 11:45:39,835 [INFO] AnalyticsPlugin:253 - Accepted Software Licenses: STM32CubeMX.6.16.0
2026-01-02 11:45:39,835 [INFO] AnalyticsPlugin:255 - Accepted CMSIS Pack Licenses: 
2026-01-02 11:45:39,835 [INFO] AnalyticsPlugin:257 - Accepted Firmware Licenses: FW.L4.1.18.0
2026-01-02 11:45:39,842 [INFO] PluginManage:359 - Loaded plugin analytics (category:tool,tabindex:-1)
2026-01-02 11:45:39,843 [INFO] PluginManage:310 - Check plugin cadmodel
2026-01-02 11:45:39,856 [INFO] CADModel:105 - Init CAD model plugin
2026-01-02 11:45:39,857 [INFO] PluginManage:359 - Loaded plugin cadmodel (category:power,tabindex:5)
2026-01-02 11:45:39,857 [INFO] PluginManage:310 - Check plugin clock
2026-01-02 11:45:39,877 [INFO] PluginManage:359 - Loaded plugin clock (category:base,tabindex:2)
2026-01-02 11:45:39,877 [INFO] PluginManage:310 - Check plugin ddr
2026-01-02 11:45:39,883 [INFO] PluginManage:359 - Loaded plugin ddr (category:tool,tabindex:6)
2026-01-02 11:45:39,883 [INFO] PluginManage:310 - Check plugin filemanager
2026-01-02 11:45:40,087 [INFO] PluginManage:359 - Loaded plugin filemanager (category:base,tabindex:10)
2026-01-02 11:45:40,087 [INFO] PluginManage:310 - Check plugin ipmanager
2026-01-02 11:45:40,098 [INFO] PluginManage:359 - Loaded plugin ipmanager (category:base,tabindex:5)
2026-01-02 11:45:40,098 [INFO] PluginManage:310 - Check plugin lpbam
2026-01-02 11:45:40,106 [INFO] PluginManage:359 - Loaded plugin lpbam (category:base,tabindex:0)
2026-01-02 11:45:40,107 [INFO] PluginManage:310 - Check plugin memorymap
2026-01-02 11:45:40,122 [INFO] PluginManage:359 - Loaded plugin memorymap (category:base,tabindex:4)
2026-01-02 11:45:40,122 [INFO] PluginManage:310 - Check plugin pinoutandconfiguration
2026-01-02 11:45:40,129 [INFO] PluginManage:359 - Loaded plugin pinoutandconfiguration (category:base,tabindex:1)
2026-01-02 11:45:40,129 [INFO] PluginManage:310 - Check plugin pinoutconfig
2026-01-02 11:45:40,206 [WARN] SupportedApi:132 - Cannot load RTOS API schema: s4s-elt-must-match.1: The content of 'definitions' must match (annotation?, (simpleType | complexType)?, (unique | key | keyref)*)). A problem was found starting at: attribute.
2026-01-02 11:45:40,328 [INFO] PluginManage:359 - Loaded plugin pinoutconfig (category:base,tabindex:0)
2026-01-02 11:45:40,328 [INFO] PluginManage:310 - Check plugin power
2026-01-02 11:45:40,340 [INFO] PluginManage:359 - Loaded plugin power (category:power,tabindex:4)
2026-01-02 11:45:40,340 [INFO] PluginManage:310 - Check plugin projectmanager
2026-01-02 11:45:40,355 [INFO] PluginManage:359 - Loaded plugin projectmanager (category:projectmanager,tabindex:4)
2026-01-02 11:45:40,355 [INFO] PluginManage:310 - Check plugin rif
2026-01-02 11:45:40,365 [INFO] PluginManage:359 - Loaded plugin rif (category:base,tabindex:3)
2026-01-02 11:45:40,366 [INFO] PluginManage:310 - Check plugin thirdparty
2026-01-02 11:45:40,513 [WARN] IntegrityCheckThread:84 - waiting for thirdparty lock release [integrity check]
2026-01-02 11:45:40,513 [INFO] IntegrityCheckThread:86 - entering critical section [integrity check]
2026-01-02 11:45:40,515 [INFO] ThirdPartyUpdaterWithRetryManager:70 - Updater plugin not ready yet. [1/15]
2026-01-02 11:45:40,515 [INFO] PluginManage:359 - Loaded plugin thirdparty (category:base,tabindex:-1)
2026-01-02 11:45:40,515 [INFO] PluginManage:310 - Check plugin tools
2026-01-02 11:45:40,519 [INFO] PluginManage:359 - Loaded plugin tools (category:base,tabindex:7)
2026-01-02 11:45:40,519 [INFO] PluginManage:310 - Check plugin tutovideos
2026-01-02 11:45:40,687 [INFO] PluginManage:359 - Loaded plugin tutovideos (category:base,tabindex:-1)
2026-01-02 11:45:40,687 [INFO] PluginManage:310 - Check plugin updater
2026-01-02 11:45:40,709 [INFO] PluginManage:359 - Loaded plugin updater (category:base,tabindex:12)
2026-01-02 11:45:40,709 [INFO] PluginManage:310 - Check plugin userauth
2026-01-02 11:45:40,713 [INFO] UserAuth:118 - Init User Auth plugin
2026-01-02 11:45:40,714 [INFO] PluginManage:359 - Loaded plugin userauth (category:base,tabindex:14)
2026-01-02 11:45:40,715 [INFO] PluginManage:283 - PluginManage : Loaded plugins [18]
2026-01-02 11:45:40,911 [INFO] PinOutPanel:1589 - setPackage(No Configuration,No Configuration)
2026-01-02 11:45:41,001 [INFO] CADModel:165 - CPN selected for project level
2026-01-02 11:45:41,001 [INFO] CADModel:114 - Register for checkConnection events
2026-01-02 11:45:41,022 [INFO] IPUIPlugin:80 - create IPUIPlugin
2026-01-02 11:45:41,023 [INFO] PluginManager:220 - loadIPPluginJar : add adc
2026-01-02 11:45:41,026 [INFO] IPUIPlugin:80 - create IPUIPlugin
2026-01-02 11:45:41,026 [INFO] PluginManager:220 - loadIPPluginJar : add aes
2026-01-02 11:45:41,030 [INFO] IPUIPlugin:80 - create IPUIPlugin
2026-01-02 11:45:41,030 [INFO] PluginManager:220 - loadIPPluginJar : add can
2026-01-02 11:45:41,033 [INFO] IPUIPlugin:80 - create IPUIPlugin
2026-01-02 11:45:41,033 [INFO] PluginManager:220 - loadIPPluginJar : add comp
2026-01-02 11:45:41,037 [INFO] IPUIPlugin:80 - create IPUIPlugin
2026-01-02 11:45:41,037 [INFO] PluginManager:220 - loadIPPluginJar : add cryp
2026-01-02 11:45:41,042 [INFO] IPUIPlugin:80 - create IPUIPlugin
2026-01-02 11:45:41,042 [INFO] PluginManager:220 - loadIPPluginJar : add ddr_ctrl_phy
2026-01-02 11:45:41,045 [INFO] IPUIPlugin:80 - create IPUIPlugin
2026-01-02 11:45:41,045 [INFO] PluginManager:220 - loadIPPluginJar : add dfsdm
2026-01-02 11:45:41,051 [INFO] IPUIPlugin:80 - create IPUIPlugin
2026-01-02 11:45:41,052 [INFO] PluginManager:220 - loadIPPluginJar : add dma
2026-01-02 11:45:41,055 [INFO] IPUIPlugin:80 - create IPUIPlugin
2026-01-02 11:45:41,055 [INFO] PluginManager:220 - loadIPPluginJar : add dma3
2026-01-02 11:45:41,058 [INFO] IPUIPlugin:80 - create IPUIPlugin
2026-01-02 11:45:41,058 [INFO] PluginManager:220 - loadIPPluginJar : add extmemmanager
2026-01-02 11:45:41,060 [INFO] IPUIPlugin:80 - create IPUIPlugin
2026-01-02 11:45:41,060 [INFO] PluginManager:220 - loadIPPluginJar : add fatfs
2026-01-02 11:45:41,065 [INFO] IPUIPlugin:80 - create IPUIPlugin
2026-01-02 11:45:41,065 [INFO] PluginManager:220 - loadIPPluginJar : add fmc
2026-01-02 11:45:41,071 [INFO] IPUIPlugin:80 - create IPUIPlugin
2026-01-02 11:45:41,071 [INFO] PluginManager:220 - loadIPPluginJar : add freertos
2026-01-02 11:45:41,073 [INFO] IPUIPlugin:80 - create IPUIPlugin
2026-01-02 11:45:41,073 [INFO] PluginManager:220 - loadIPPluginJar : add genericplugin
2026-01-02 11:45:41,075 [INFO] IPUIPlugin:80 - create IPUIPlugin
2026-01-02 11:45:41,075 [INFO] PluginManager:220 - loadIPPluginJar : add gfxmmu
2026-01-02 11:45:41,081 [INFO] IPUIPlugin:80 - create IPUIPlugin
2026-01-02 11:45:41,082 [INFO] PluginManager:220 - loadIPPluginJar : add gic
2026-01-02 11:45:41,085 [INFO] IPUIPlugin:80 - create IPUIPlugin
2026-01-02 11:45:41,086 [INFO] PluginManager:220 - loadIPPluginJar : add gpio
2026-01-02 11:45:41,089 [INFO] IPUIPlugin:80 - create IPUIPlugin
2026-01-02 11:45:41,089 [INFO] PluginManager:220 - loadIPPluginJar : add gtzc
2026-01-02 11:45:41,092 [INFO] IPUIPlugin:80 - create IPUIPlugin
2026-01-02 11:45:41,093 [INFO] PluginManager:220 - loadIPPluginJar : add hash
2026-01-02 11:45:41,096 [INFO] IPUIPlugin:80 - create IPUIPlugin
2026-01-02 11:45:41,096 [INFO] PluginManager:220 - loadIPPluginJar : add i2c
2026-01-02 11:45:41,100 [INFO] IPUIPlugin:80 - create IPUIPlugin
2026-01-02 11:45:41,100 [INFO] PluginManager:220 - loadIPPluginJar : add i2s
2026-01-02 11:45:41,103 [INFO] IPUIPlugin:80 - create IPUIPlugin
2026-01-02 11:45:41,103 [INFO] PluginManager:220 - loadIPPluginJar : add i3c
2026-01-02 11:45:41,107 [INFO] IPUIPlugin:80 - create IPUIPlugin
2026-01-02 11:45:41,107 [INFO] PluginManager:220 - loadIPPluginJar : add ipddr
2026-01-02 11:45:41,114 [INFO] IPUIPlugin:80 - create IPUIPlugin
2026-01-02 11:45:41,114 [INFO] PluginManager:220 - loadIPPluginJar : add linkedlist
2026-01-02 11:45:41,117 [INFO] IPUIPlugin:80 - create IPUIPlugin
2026-01-02 11:45:41,118 [INFO] PluginManager:220 - loadIPPluginJar : add lorawan
2026-01-02 11:45:41,120 [INFO] IPUIPlugin:80 - create IPUIPlugin
2026-01-02 11:45:41,120 [INFO] PluginManager:220 - loadIPPluginJar : add ltdc
2026-01-02 11:45:41,125 [INFO] IPUIPlugin:80 - create IPUIPlugin
2026-01-02 11:45:41,125 [INFO] PluginManager:220 - loadIPPluginJar : add mdma
2026-01-02 11:45:41,130 [INFO] IPUIPlugin:80 - create IPUIPlugin
2026-01-02 11:45:41,130 [INFO] PluginManager:220 - loadIPPluginJar : add nvic
2026-01-02 11:45:41,135 [INFO] IPUIPlugin:80 - create IPUIPlugin
2026-01-02 11:45:41,135 [INFO] PluginManager:220 - loadIPPluginJar : add opamp
2026-01-02 11:45:41,140 [INFO] IPUIPlugin:80 - create IPUIPlugin
2026-01-02 11:45:41,140 [INFO] PluginManager:220 - loadIPPluginJar : add openamp
2026-01-02 11:45:41,145 [INFO] IPUIPlugin:80 - create IPUIPlugin
2026-01-02 11:45:41,145 [INFO] PluginManager:220 - loadIPPluginJar : add pdm2pcm
2026-01-02 11:45:41,150 [INFO] IPUIPlugin:80 - create IPUIPlugin
2026-01-02 11:45:41,153 [INFO] PluginManager:220 - loadIPPluginJar : add plateformsettings
2026-01-02 11:45:41,155 [INFO] IPUIPlugin:80 - create IPUIPlugin
2026-01-02 11:45:41,155 [INFO] PluginManager:220 - loadIPPluginJar : add quadspi
2026-01-02 11:45:41,158 [INFO] IPUIPlugin:80 - create IPUIPlugin
2026-01-02 11:45:41,158 [INFO] PluginManager:220 - loadIPPluginJar : add radio
2026-01-02 11:45:41,163 [INFO] IPUIPlugin:80 - create IPUIPlugin
2026-01-02 11:45:41,164 [INFO] PluginManager:220 - loadIPPluginJar : add resmgrutility
2026-01-02 11:45:41,167 [INFO] IPUIPlugin:80 - create IPUIPlugin
2026-01-02 11:45:41,167 [INFO] PluginManager:220 - loadIPPluginJar : add sai
2026-01-02 11:45:41,171 [INFO] IPUIPlugin:80 - create IPUIPlugin
2026-01-02 11:45:41,171 [INFO] PluginManager:220 - loadIPPluginJar : add spi
2026-01-02 11:45:41,177 [INFO] IPUIPlugin:80 - create IPUIPlugin
2026-01-02 11:45:41,177 [INFO] PluginManager:220 - loadIPPluginJar : add stm32_wpan
2026-01-02 11:45:41,180 [INFO] IPUIPlugin:80 - create IPUIPlugin
2026-01-02 11:45:41,180 [INFO] PluginManager:220 - loadIPPluginJar : add tim
2026-01-02 11:45:41,183 [INFO] IPUIPlugin:80 - create IPUIPlugin
2026-01-02 11:45:41,183 [INFO] PluginManager:220 - loadIPPluginJar : add touchsensing
2026-01-02 11:45:41,186 [INFO] IPUIPlugin:80 - create IPUIPlugin
2026-01-02 11:45:41,186 [INFO] PluginManager:220 - loadIPPluginJar : add tracer_emb
2026-01-02 11:45:41,189 [INFO] IPUIPlugin:80 - create IPUIPlugin
2026-01-02 11:45:41,190 [INFO] PluginManager:220 - loadIPPluginJar : add ts
2026-01-02 11:45:41,192 [INFO] IPUIPlugin:80 - create IPUIPlugin
2026-01-02 11:45:41,192 [INFO] PluginManager:220 - loadIPPluginJar : add tsc
2026-01-02 11:45:41,194 [INFO] IPUIPlugin:80 - create IPUIPlugin
2026-01-02 11:45:41,195 [INFO] PluginManager:220 - loadIPPluginJar : add ucpd
2026-01-02 11:45:41,197 [INFO] IPUIPlugin:80 - create IPUIPlugin
2026-01-02 11:45:41,198 [INFO] PluginManager:220 - loadIPPluginJar : add usart
2026-01-02 11:45:41,201 [INFO] IPUIPlugin:80 - create IPUIPlugin
2026-01-02 11:45:41,201 [INFO] PluginManager:220 - loadIPPluginJar : add usbx
2026-01-02 11:45:41,317 [FATAL] Updater:351 - Updater called before beeing initialized
2026-01-02 11:45:41,341 [INFO] RulesReader:64 - Compatibility file has been processed (317 Rules)
2026-01-02 11:45:41,352 [INFO] RulesReader:64 - Compatibility file has been processed (317 Rules)
2026-01-02 11:45:41,363 [INFO] CADModel:165 - CPN selected for project level
2026-01-02 11:45:41,363 [INFO] CADModel:114 - Register for checkConnection events
2026-01-02 11:45:41,363 [FATAL] Updater:351 - Updater called before beeing initialized
2026-01-02 11:45:41,363 [ERROR] CADModel:125 - Updater not yet initialized, retry later 
2026-01-02 11:45:41,513 [FATAL] Updater:351 - Updater called before beeing initialized
2026-01-02 11:45:41,515 [INFO] CADModel:165 - CPN selected for project level
2026-01-02 11:45:41,515 [INFO] CADModel:114 - Register for checkConnection events
2026-01-02 11:45:41,515 [FATAL] Updater:351 - Updater called before beeing initialized
2026-01-02 11:45:41,515 [ERROR] CADModel:125 - Updater not yet initialized, retry later 
2026-01-02 11:45:41,517 [FATAL] Updater:351 - Updater called before beeing initialized
2026-01-02 11:45:41,608 [FATAL] Updater:351 - Updater called before beeing initialized
2026-01-02 11:45:41,611 [INFO] DbMcusAds:53 - JSON generation date=Tue Dec 16 08:11:46 KST 2025 (1765840306612)
2026-01-02 11:45:41,611 [FATAL] Updater:351 - Updater called before beeing initialized
2026-01-02 11:45:41,696 [WARN] DetailPanel:346 - Failed to get advertising image, set to default
2026-01-02 11:45:41,777 [FATAL] Updater:351 - Updater called before beeing initialized
2026-01-02 11:45:41,778 [FATAL] Updater:351 - Updater called before beeing initialized
2026-01-02 11:45:41,778 [FATAL] Updater:351 - Updater called before beeing initialized
2026-01-02 11:45:41,778 [WARN] DetailPanel:346 - Failed to get advertising image, set to default
2026-01-02 11:45:41,778 [FATAL] Updater:351 - Updater called before beeing initialized
2026-01-02 11:45:41,817 [ERROR] Updater:1198 - MainUpdater not yet initialized. External WinMGr cannot be set.
2026-01-02 11:45:41,819 [INFO] Updater:1134 - Updater Version found : 6.15.0
2026-01-02 11:45:41,839 [INFO] ApplicationProperties:184 - Using Application install path: C:\ST\STM32CubeIDE_1.19.0\STM32CubeIDE\plugins\com.st.stm32cube.common.mx_6.15.0.202507011659
2026-01-02 11:45:43,410 [ERROR] LogOutputStream:75 - [STDERR_REDIRECT] Jan 02, 2026 11:45:43 AM java.util.prefs.WindowsPreferences <init>
2026-01-02 11:45:43,411 [ERROR] LogOutputStream:75 - [STDERR_REDIRECT] WARNING: Could not open/create prefs root node Software\JavaSoft\Prefs at root 0xffffffff80000002. Windows RegCreateKeyEx(...) returned error code 5.
2026-01-02 11:45:43,411 [ERROR] LogOutputStream:75 - [STDERR_REDIRECT] 
2026-01-02 11:45:43,430 [INFO] MainUpdater:525 - Copy updater definitions from MX database
2026-01-02 11:45:43,516 [INFO] ThirdPartyUpdaterWithRetryManager:70 - Updater plugin not ready yet. [2/15]
2026-01-02 11:45:44,066 [INFO] MainUpdater:2872 - connection check result : 10
2026-01-02 11:45:44,066 [INFO] MainUpdater:3604 - Updater definition file requires update
2026-01-02 11:45:44,067 [INFO] MainUpdater:289 - Updater Check For Update Now.
2026-01-02 11:45:44,068 [INFO] MicroXplorer:498 - Change Database Version : DB.6.0.150
2026-01-02 11:45:44,073 [INFO] McuFinderGlobals:63 - Set McuFinder mode to 2 (CubeIDE integrated)
2026-01-02 11:45:44,073 [INFO] UserAuth:171 - activating auth plugin
2026-01-02 11:45:44,076 [INFO] UserAuth:487 - Internet connection configuration mode: 1
2026-01-02 11:45:44,095 [INFO] JxBrowserEngine:152 - Initiate JxBrowser Engine with user profile folder
2026-01-02 11:45:44,226 [INFO] ServerAccessManage:452 - Complete download http(s) 200
2026-01-02 11:45:44,226 [INFO] ServerAccessManage:509 - Download File updaters.zip
2026-01-02 11:45:44,706 [INFO] FileExtend:248 - Unzip File : updaters.zip
2026-01-02 11:45:44,707 [INFO] FileExtend:263 - Standard Zip Deflate
2026-01-02 11:45:45,125 [INFO] WebApp:169 - Instantiating new browser for Auth
2026-01-02 11:45:45,267 [INFO] ServerAccessManage:452 - Complete download http(s) 200
2026-01-02 11:45:45,267 [INFO] ServerAccessManage:509 - Download File PacksControlFlags.xml
2026-01-02 11:45:45,472 [INFO] ServerAccessManage:452 - Complete download http(s) 200
2026-01-02 11:45:45,472 [INFO] ServerAccessManage:509 - Download File cubemx.pidx
2026-01-02 11:45:45,556 [INFO] LoadServerUpdatesThread:375 - End of LoadServerUpdate Thread
2026-01-02 11:45:45,715 [INFO] CheckServerUpdateThread:120 - End of CheckServer Thread
2026-01-02 11:45:46,080 [INFO] WebApp:463 - Apply proxy settings
2026-01-02 11:45:46,081 [INFO] WebApp:548 - Chromium requires no authentication
2026-01-02 11:45:46,089 [INFO] WebApp:491 - Direct internet connection detected
2026-01-02 11:45:46,115 [INFO] WebApp:900 - Register for checkConnection events
2026-01-02 11:45:46,115 [INFO] WebApp:463 - Apply proxy settings
2026-01-02 11:45:46,115 [INFO] WebApp:548 - Chromium requires no authentication
2026-01-02 11:45:46,115 [INFO] WebApp:491 - Direct internet connection detected
2026-01-02 11:45:46,270 [INFO] WebApp:225 - Starting web application
2026-01-02 11:45:46,271 [INFO] WebApp:593 - Web application path used C:\ST\STM32CubeIDE_1.19.0\STM32CubeIDE\plugins\com.st.stm32cube.common.mx_6.15.0.202507011659\db\plugins\mcufinder\reactClient1\index.html
2026-01-02 11:45:46,427 [INFO] WebApp:191 - Connection restablished
2026-01-02 11:45:46,923 [WARN] PackLoader:240 - Cannot read IP mode file for STMicroelectronics.FP-SNS-MOTENVWB1.1.4.0
2026-01-02 11:45:46,934 [WARN] PackLoader:240 - Cannot read IP mode file for STMicroelectronics.FP-ATR-ASTRA1.2.0.2
2026-01-02 11:45:46,941 [WARN] PackLoader:240 - Cannot read IP mode file for STMicroelectronics.X-CUBE-SMBUS.2.1.0
2026-01-02 11:45:46,972 [WARN] PackLoader:240 - Cannot read IP mode file for STMicroelectronics.X-CUBE-AZRTOS-F7.1.1.0
2026-01-02 11:45:46,982 [WARN] PackLoader:240 - Cannot read IP mode file for STMicroelectronics.FP-SNS-MOTENV1.5.1.0
2026-01-02 11:45:47,000 [WARN] PackLoader:240 - Cannot read IP mode file for WES.I-CUBE-Cesium.1.4.0
2026-01-02 11:45:47,021 [WARN] PackLoader:240 - Cannot read IP mode file for STMicroelectronics.X-CUBE-AZRTOS-H7.3.4.0
2026-01-02 11:45:47,031 [WARN] PackLoader:240 - Cannot read IP mode file for STMicroelectronics.X-CUBE-DISPLAY.3.0.0
2026-01-02 11:45:47,042 [WARN] PackLoader:240 - Cannot read IP mode file for STMicroelectronics.X-CUBE-NFC10.1.0.0
2026-01-02 11:45:47,047 [WARN] PackLoader:240 - Cannot read IP mode file for STMicroelectronics.X-CUBE-ST60.1.1.0
2026-01-02 11:45:47,055 [WARN] PackLoader:240 - Cannot read IP mode file for emotas.I-CUBE-CANOPEN.1.3.0
2026-01-02 11:45:47,060 [WARN] PackLoader:240 - Cannot read IP mode file for STMicroelectronics.X-CUBE-GNSS1.7.1.0
2026-01-02 11:45:47,067 [WARN] PackLoader:240 - Cannot read IP mode file for STMicroelectronics.FP-SNS-STBOX1.2.1.0
2026-01-02 11:45:47,073 [WARN] PackLoader:240 - Cannot read IP mode file for STMicroelectronics.FP-SNS-SMARTAG2.1.2.0
2026-01-02 11:45:47,077 [WARN] PackLoader:240 - Cannot read IP mode file for STMicroelectronics.FP-SNS-FLIGHT1.5.1.0
2026-01-02 11:45:47,086 [INFO] LogOutputStream:77 - [STDOUT_REDIRECT] 1 : Invalid condition id : UX_CORESTACK_Condition cause : null
2026-01-02 11:45:47,087 [INFO] LogOutputStream:77 - [STDOUT_REDIRECT] 1 : Invalid condition id : UX_CORESTACK_Condition cause : null
2026-01-02 11:45:47,088 [INFO] LogOutputStream:77 - [STDOUT_REDIRECT] 1 : Invalid condition id : UX_CORESTACK_Condition cause : null
2026-01-02 11:45:47,089 [INFO] LogOutputStream:77 - [STDOUT_REDIRECT] 1 : Invalid condition id : UX_CORESTACK_Condition cause : null
2026-01-02 11:45:47,090 [INFO] LogOutputStream:77 - [STDOUT_REDIRECT] 1 : Invalid condition id : UX_CORESTACK_Condition cause : null
2026-01-02 11:45:47,091 [WARN] PackLoader:240 - Cannot read IP mode file for STMicroelectronics.X-CUBE-AZRTOS-WL.2.0.0
2026-01-02 11:45:47,105 [WARN] PackLoader:240 - Cannot read IP mode file for STMicroelectronics.X-CUBE-AZRTOS-H7RS.1.2.0
2026-01-02 11:45:47,112 [WARN] PackLoader:240 - Cannot read IP mode file for STMicroelectronics.X-CUBE-BLE2.3.3.0
2026-01-02 11:45:47,142 [WARN] PackLoader:240 - Cannot read IP mode file for Infineon.AIROC-Wi-Fi-Bluetooth-STM32.1.8.0
2026-01-02 11:45:47,151 [WARN] PackLoader:240 - Cannot read IP mode file for STMicroelectronics.X-CUBE-NFC9.1.0.0
2026-01-02 11:45:47,158 [WARN] PackLoader:240 - Cannot read IP mode file for STMicroelectronics.X-CUBE-BLE1.7.1.0
2026-01-02 11:45:47,164 [WARN] PackLoader:240 - Cannot read IP mode file for wolfSSL.I-CUBE-wolfMQTT.1.19.2
2026-01-02 11:45:47,179 [WARN] PackLoader:240 - Cannot read IP mode file for STMicroelectronics.X-CUBE-FREERTOS.1.4.0
2026-01-02 11:45:47,185 [WARN] PackLoader:240 - Cannot read IP mode file for STMicroelectronics.X-CUBE-EEPRMA1.5.2.0
2026-01-02 11:45:47,190 [WARN] PackLoader:240 - Cannot read IP mode file for wolfSSL.I-CUBE-wolfSSL.5.8.4
2026-01-02 11:45:47,196 [WARN] PackLoader:240 - Cannot read IP mode file for Cesanta.I-CUBE-Mongoose.7.20.0
2026-01-02 11:45:47,203 [WARN] PackLoader:240 - Cannot read IP mode file for STMicroelectronics.X-CUBE-ST67W61.1.1.0
2026-01-02 11:45:47,226 [WARN] PackLoader:240 - Cannot read IP mode file for STMicroelectronics.X-CUBE-MEMS1.12.0.0
2026-01-02 11:45:47,287 [WARN] PackLoader:240 - Cannot read IP mode file for STMicroelectronics.X-CUBE-AZRTOS-G0.1.1.0
2026-01-02 11:45:47,291 [WARN] PackLoader:240 - Cannot read IP mode file for STMicroelectronics.X-CUBE-NFC4.3.0.0
2026-01-02 11:45:47,298 [WARN] PackLoader:240 - Cannot read IP mode file for EmbeddedOffice.I-CUBE-FS-RTOS.1.0.1
2026-01-02 11:45:47,305 [WARN] PackLoader:240 - Cannot read IP mode file for STMicroelectronics.X-CUBE-WB05N.2.0.0
2026-01-02 11:45:47,309 [WARN] PackLoader:240 - Cannot read IP mode file for wolfSSL.I-CUBE-wolfTPM.3.8.0
2026-01-02 11:45:47,313 [WARN] PackLoader:240 - Cannot read IP mode file for STMicroelectronics.X-CUBE-TCPP.4.2.0
2026-01-02 11:45:47,320 [WARN] PackLoader:240 - Cannot read IP mode file for RealThread.X-CUBE-RT-Thread_Nano.4.1.1
2026-01-02 11:45:47,324 [WARN] PackLoader:240 - Cannot read IP mode file for STMicroelectronics.FP-ATR-SIGFOX1.3.2.0
2026-01-02 11:45:47,330 [WARN] PackLoader:240 - Cannot read IP mode file for ITTIA_DB.I-CUBE-ITTIADB.8.9.0
2026-01-02 11:45:47,335 [WARN] PackLoader:240 - Cannot read IP mode file for STMicroelectronics.X-CUBE-AI.10.2.0
2026-01-02 11:45:47,352 [WARN] PackLoader:240 - Cannot read IP mode file for SEGGER.I-CUBE-embOS.1.3.1
2026-01-02 11:45:47,381 [WARN] PackLoader:240 - Cannot read IP mode file for STMicroelectronics.X-CUBE-ALGOBUILD.1.4.0
2026-01-02 11:45:47,386 [WARN] PackLoader:240 - Cannot read IP mode file for STMicroelectronics.X-CUBE-PM33A1.1.0.0
2026-01-02 11:45:47,395 [WARN] PackLoader:240 - Cannot read IP mode file for STMicroelectronics.X-CUBE-AZRTOS-F4.1.1.0
2026-01-02 11:45:47,401 [WARN] PackLoader:240 - Cannot read IP mode file for STMicroelectronics.X-CUBE-ISPU.2.1.0
2026-01-02 11:45:47,410 [WARN] PackLoader:240 - Cannot read IP mode file for STMicroelectronics.X-CUBE-IPS.3.2.0
2026-01-02 11:45:47,419 [WARN] PackLoader:240 - Cannot read IP mode file for STMicroelectronics.X-CUBE-NFC12.1.0.0
2026-01-02 11:45:47,430 [WARN] PackLoader:240 - Cannot read IP mode file for STMicroelectronics.X-CUBE-AZRTOS-L5.2.0.0
2026-01-02 11:45:47,436 [WARN] PackLoader:240 - Cannot read IP mode file for STMicroelectronics.X-CUBE-NFC6.3.1.0
2026-01-02 11:45:47,444 [WARN] PackLoader:240 - Cannot read IP mode file for STMicroelectronics.X-CUBE-TOUCHGFX.4.26.0
2026-01-02 11:45:47,448 [WARN] PackLoader:240 - Cannot read IP mode file for STMicroelectronics.FP-SNS-STAIOTCFT.1.0.0
2026-01-02 11:45:47,455 [WARN] PackLoader:240 - Cannot read IP mode file for STMicroelectronics.X-CUBE-DPower.1.3.0
2026-01-02 11:45:47,465 [WARN] ConditionMgr:438 - getConditionDescription Invalid condition id : LAN8742 Phy interface Condition cause : null
2026-01-02 11:45:47,467 [WARN] PackLoader:240 - Cannot read IP mode file for STMicroelectronics.X-CUBE-AZRTOS-L4.2.0.0
2026-01-02 11:45:47,468 [WARN] ConditionMgr:1044 - genDependencies : Invalid condition id : LAN8742 Phy interface Condition cause : null
2026-01-02 11:45:47,469 [WARN] ConditionMgr:1044 - genDependencies : Invalid condition id : LAN8742 Phy interface Condition cause : null
2026-01-02 11:45:47,469 [WARN] ConditionMgr:1044 - genDependencies : Invalid condition id : LAN8742 Phy interface Condition cause : null
2026-01-02 11:45:47,476 [WARN] PackLoader:240 - Cannot read IP mode file for STMicroelectronics.X-CUBE-SFXS2LP1.4.0.0
2026-01-02 11:45:47,485 [WARN] PackLoader:240 - Cannot read IP mode file for STMicroelectronics.X-CUBE-BLEMGR.4.1.0
2026-01-02 11:45:47,496 [WARN] ConditionMgr:438 - getConditionDescription Invalid condition id : UX DEVICE CLASS RTOS Condition cause : null
2026-01-02 11:45:47,496 [WARN] ConditionMgr:438 - getConditionDescription Invalid condition id : UX DEVICE CLASS RTOS Condition cause : null
2026-01-02 11:45:47,497 [WARN] PackLoader:240 - Cannot read IP mode file for STMicroelectronics.X-CUBE-AZRTOS-WB.2.0.0
2026-01-02 11:45:47,497 [WARN] ConditionMgr:1044 - genDependencies : Invalid condition id : UX DEVICE CLASS RTOS Condition cause : null
2026-01-02 11:45:47,497 [WARN] ConditionMgr:1044 - genDependencies : Invalid condition id : UX DEVICE CLASS RTOS Condition cause : null
2026-01-02 11:45:47,498 [WARN] ConditionMgr:1044 - genDependencies : Invalid condition id : UX DEVICE CLASS RTOS Condition cause : null
2026-01-02 11:45:47,498 [WARN] ConditionMgr:1044 - genDependencies : Invalid condition id : UX DEVICE CLASS RTOS Condition cause : null
2026-01-02 11:45:47,498 [WARN] ConditionMgr:1044 - genDependencies : Invalid condition id : UX DEVICE CLASS RTOS Condition cause : null
2026-01-02 11:45:47,504 [WARN] ConditionMgr:438 - getConditionDescription Invalid condition id : Cortex-A Device cause : null
2026-01-02 11:45:47,512 [WARN] ConditionMgr:1044 - genDependencies : Invalid condition id : Cortex-A Device cause : null
2026-01-02 11:45:47,512 [WARN] ConditionMgr:1044 - genDependencies : Invalid condition id : Cortex-A Device cause : null
2026-01-02 11:45:47,512 [WARN] ConditionMgr:1044 - genDependencies : Invalid condition id : Cortex-A Device cause : null
2026-01-02 11:45:47,526 [WARN] PackLoader:240 - Cannot read IP mode file for STMicroelectronics.X-CUBE-SUBG2.5.0.0
2026-01-02 11:45:47,540 [WARN] PackLoader:240 - Cannot read IP mode file for STMicroelectronics.X-CUBE-AZRTOS-G4.2.0.0
2026-01-02 11:45:47,546 [WARN] PackLoader:240 - Cannot read IP mode file for wolfSSL.I-CUBE-wolfSSH.1.4.20
2026-01-02 11:45:47,563 [WARN] PackLoader:240 - Cannot read IP mode file for STMicroelectronics.X-CUBE-NFC7.2.0.0
2026-01-02 11:45:47,569 [WARN] PackLoader:240 - Cannot read IP mode file for STMicroelectronics.X-CUBE-ALS.1.0.2
2026-01-02 11:45:47,577 [WARN] PackLoader:240 - Cannot read IP mode file for STMicroelectronics.X-CUBE-STSE01.1.0.0
2026-01-02 11:45:47,585 [WARN] PackLoader:240 - Cannot read IP mode file for STMicroelectronics.X-CUBE-TOF1.3.4.3
2026-01-02 11:45:47,593 [INFO] ThirdParty:978 - Integrity check success = true
2026-01-02 11:45:47,593 [INFO] IntegrityCheckThread:100 - exiting critical section [integrity check]
2026-01-02 11:45:47,593 [INFO] IntegrityCheckThread:103 - End integrity checks thread
2026-01-02 11:45:56,436 [INFO] McuFinderGlobals:63 - Set McuFinder mode to 2 (CubeIDE integrated)
2026-01-02 11:45:56,441 [INFO] MainUpdater:2872 - connection check result : 10
2026-01-02 11:45:56,444 [INFO] McuFinderGlobals:76 - Set McuFinderConnectedMode to true
2026-01-02 11:45:56,607 [INFO] ServerAccessManage:452 - Complete download http(s) 200
2026-01-02 11:45:56,608 [INFO] ServerAccessManage:509 - Download File mcusAds.json._tmp_
2026-01-02 11:45:56,723 [INFO] LoadUrlFilesThread:156 - End of LoadUrlFiles Thread
2026-01-02 11:45:57,256 [INFO] ServerAccessManage:452 - Complete download http(s) 200
2026-01-02 11:45:57,257 [INFO] ServerAccessManage:509 - Download File cube-finder-db.zip
2026-01-02 11:46:01,072 [INFO] FileExtend:248 - Unzip File : cube-finder-db.zip
2026-01-02 11:46:01,073 [INFO] FileExtend:263 - Standard Zip Deflate
2026-01-02 11:46:01,996 [INFO] LoadUrlFilesThread:156 - End of LoadUrlFiles Thread
2026-01-02 11:46:03,164 [INFO] ServerAccessManage:452 - Complete download http(s) 200
2026-01-02 11:46:03,164 [INFO] ServerAccessManage:509 - Download File crdb.zip
2026-01-02 11:46:04,725 [INFO] FileExtend:248 - Unzip File : crdb.zip
2026-01-02 11:46:04,726 [INFO] FileExtend:263 - Standard Zip Deflate
2026-01-02 11:46:04,845 [INFO] LoadUrlFilesThread:156 - End of LoadUrlFiles Thread
2026-01-02 11:46:05,105 [INFO] ServerAccessManage:452 - Complete download http(s) 200
2026-01-02 11:46:05,105 [INFO] ServerAccessManage:509 - Download File tutoVideoDB.zip
2026-01-02 11:46:05,122 [INFO] FileExtend:248 - Unzip File : tutoVideoDB.zip
2026-01-02 11:46:05,122 [INFO] FileExtend:263 - Standard Zip Deflate
2026-01-02 11:46:05,230 [INFO] LoadUrlFilesThread:156 - End of LoadUrlFiles Thread
2026-01-02 11:46:05,233 [WARN] DbFile:41 - Overriding database path with different value: C:\Users\CAMMSYS\.stmcufinder\plugins\mcufinder/ => C:\Users\CAMMSYS\.stmcufinder\plugins\mcufinder
2026-01-02 11:46:05,382 [INFO] ServerAccessManage:452 - Complete download http(s) 200
2026-01-02 11:46:05,382 [INFO] ServerAccessManage:509 - Download File api_config.json
2026-01-02 11:46:05,491 [INFO] LoadUrlFilesThread:156 - End of LoadUrlFiles Thread
2026-01-02 11:46:05,493 [INFO] DbMcusAds:53 - JSON generation date=Tue Dec 16 08:11:46 KST 2025 (1765840306612)
2026-01-02 11:46:05,503 [INFO] LoadUrlFilesThread:185 - End of LoadServerUrlFiles without Thread
2026-01-02 11:46:05,504 [INFO] TargetSelectorAdapter:259 - Refresh data is successful
2026-01-02 11:46:05,995 [INFO] ApiDb:581 - Connected to CubeFinder SQLite database (C:\Users\CAMMSYS\.stmcufinder\plugins\mcufinder\mcu\cube-finder-db.db)
2026-01-02 11:46:06,058 [INFO] ApiDb:668 - CubeFinder database Data Model version=2.1
2026-01-02 11:46:06,058 [INFO] ApiDb:669 - CubeFinder database Configuration version=3.0.39
2026-01-02 11:46:06,058 [INFO] ApiDb:670 - CubeFinder database generation date=2025-12-22 (1766407740)
2026-01-02 11:46:06,058 [INFO] ApiDb:671 - CubeFinder database FW Pack versions=[FP-ATR-ASTRA1_V2.0.0, FP-SNS-FLIGHT1_V5.1.0, FP-SNS-MOTENV1_V5.1.0, FP-SNS-MOTENVWB1_V1.4.0, FP-SNS-SMARTAG2_V1.2.0, FP-SNS-STBOX1_V2.1.0, STM32Cube_FW_C0_V1.4.0, STM32Cube_FW_F4_V1.28.3, STM32Cube_FW_F7_V1.17.4, STM32Cube_FW_G0_V1.6.2, STM32Cube_FW_G4_V1.6.1, STM32Cube_FW_H5_V1.5.1, STM32Cube_FW_H7RS_V1.3.0, STM32Cube_FW_H7_V1.12.1, STM32Cube_FW_L0_V1.12.2, STM32Cube_FW_L4_V1.18.1, STM32Cube_FW_L5_V1.6.0, STM32Cube_FW_N6_V1.3.0, STM32Cube_FW_U0_V1.3.0, STM32Cube_FW_U3_V1.2.1, STM32Cube_FW_U5_V1.8.0, STM32Cube_FW_WB0_V1.4.0, STM32Cube_FW_WBA_V1.8.0, STM32Cube_FW_WB_V1.24.0, STM32Cube_FW_WL3_V1.3.0, STM32Cube_FW_WL_V1.4.0, X-CUBE-ALGOBUILD_V1.4.0, X-CUBE-ALS_V1.0.2, X-CUBE-AZRTOS-F4_V1.1.0, X-CUBE-AZRTOS-F7_V1.1.0, X-CUBE-AZRTOS-G0_V1.1.0, X-CUBE-AZRTOS-G4_V2.0.0, X-CUBE-AZRTOS-H7RS_V1.1.0, X-CUBE-AZRTOS-H7_V3.4.0, X-CUBE-AZRTOS-L4_V2.0.0, X-CUBE-AZRTOS-L5_V2.0.0, X-CUBE-AZRTOS-WB_V2.0.0, X-CUBE-AZRTOS-WL_V2.0.0, X-CUBE-BLE1_V7.1.0, X-CUBE-BLE2_V3.3.0, X-CUBE-BLEMGR_V4.1.0, X-CUBE-EEPRMA1_V5.2.0, X-CUBE-FREERTOS_V1.3.1, X-CUBE-GNSS1_V6.0.0, X-CUBE-MEMS1_V12.0.0, X-CUBE-NFC4_V3.0.0, X-CUBE-NFC7_V2.0.0, X-CUBE-SFXS2LP1_V4.0.0, X-CUBE-ST67W61_V1.1.0, X-CUBE-SUBG2_V5.0.0, X-CUBE-TOF1_V3.4.3]
2026-01-02 11:46:07,979 [INFO] ApiDb:240 - Found 880 in-development CPN: [B-G473E-ZEST1S, B-WB1M-WPAN1, B-WBA5M-WPAN, B-WL5M-SUBG1, NUCLEO-C031C6, NUCLEO-C051C8, NUCLEO-C071RB, NUCLEO-C092RC, NUCLEO-H503RB, NUCLEO-H533RE, NUCLEO-H563ZI, NUCLEO-H7S3L8, NUCLEO-N657X0-Q, NUCLEO-U031R8, NUCLEO-U083RC, NUCLEO-U385RG-Q, NUCLEO-U545RE-Q, NUCLEO-U5A5ZJ-Q, NUCLEO-WB05KZ, NUCLEO-WB07CC, NUCLEO-WB09KE, NUCLEO-WBA52CG, NUCLEO-WBA55CG, NUCLEO-WL33CC1, NUCLEO-WL33CC2, STEVAL-PROTEUS1, STEVAL-SMARTAG2, STEVAL-STWINBX1, STM320518-EVAL, STM32C0116-DK, STM32C011D6Y3TR, STM32C011D6Y6TR, STM32C011F4P3, STM32C011F4P6, STM32C011F4U3, STM32C011F4U6TR, STM32C011F6P3, STM32C011F6P6, STM32C011F6U3, STM32C011F6U6TR, STM32C011J4M3, STM32C011J4M6, STM32C011J6M3, STM32C011J6M6, STM32C0316-DK, STM32C031C4T3, STM32C031C4T6, STM32C031C4U3, STM32C031C4U6, STM32C031C6T3, STM32C031C6T6, STM32C031C6U3, STM32C031C6U6, STM32C031F4P3, STM32C031F4P6, STM32C031F6P3, STM32C031F6P6, STM32C031G4U3, STM32C031G4U6, STM32C031G6U3, STM32C031G6U6, STM32C031K4T3, STM32C031K4T6, STM32C031K4U3, STM32C031K4U6, STM32C031K6T3, STM32C031K6T6, STM32C031K6U3, STM32C031K6U6, STM32C051C6T6, STM32C051C6U6, STM32C051C8T6, STM32C051C8U6, STM32C051D8Y6TR, STM32C051F6P6, STM32C051F8P6, STM32C051G6U6, STM32C051G8U6, STM32C051K6T6, STM32C051K6U6, STM32C051K8T6, STM32C071C8T6, STM32C071C8T6N, STM32C071C8U6, STM32C071C8U6N, STM32C071CBT6, STM32C071CBT6N, STM32C071CBU6, STM32C071CBU6N, STM32C071F8P6, STM32C071F8P6N, STM32C071FBP6, STM32C071FBP6N, STM32C071FBY6TR, STM32C071G8U6, STM32C071G8U6N, STM32C071GBU6, STM32C071GBU6N, STM32C071K8T6, STM32C071K8T6N, STM32C071K8U6, STM32C071K8U6N, STM32C071KBT6, STM32C071KBT6N, STM32C071KBU6, STM32C071KBU6N, STM32C071R8T6, STM32C071R8T6N, STM32C071RBI6N, STM32C071RBT6, STM32C071RBT6N, STM32C091CBT6, STM32C091CBU6, STM32C091CCT6, STM32C091CCU6, STM32C091ECY6TR, STM32C091FBP6, STM32C091FCP6, STM32C091GBU6, STM32C091GCU6, STM32C091KBT6, STM32C091KBU6, STM32C091KCT6, STM32C091KCU6, STM32C091RBT6, STM32C091RCI6, STM32C091RCT6, STM32C092CBT6, STM32C092CBU6, STM32C092CCT6, STM32C092CCU6, STM32C092ECY6TR, STM32C092FBP6, STM32C092FCP6, STM32C092GBU6, STM32C092GCU6, STM32C092KBT6, STM32C092KBU6, STM32C092KCT6, STM32C092KCU6, STM32C092RBT6, STM32C092RCI6, STM32C092RCT6, STM32G071K8TXN, STM32G071K8UXN, STM32G081GBU6N, STM32G081KBT6N, STM32G081KBUXN, STM32G0B1CCT6N, STM32G0B1KCT6, STM32G0B1NEY6TR, STM32G0B1RCT6N, STM32G0C1CCT6, STM32G0C1CCT6N, STM32G0C1CCU6N, STM32G0C1CET6N, STM32G0C1CEU6N, STM32G0C1KCT6, STM32G0C1NEY6TR, STM32G0C1RCI6N, STM32G0C1RCT6N, STM32G0C1REI6N, STM32G0C1RET6N, STM32G0C1VCI6, STM32G0C1VEI6, STM32G411C6T3, STM32G411C6T6, STM32G411C6U3, STM32G411C6U6, STM32G411C8T3, STM32G411C8T6, STM32G411C8U3, STM32G411C8U6, STM32G411CBT3, STM32G411CBT6, STM32G411CBU3, STM32G411CBU6, STM32G411K6T3, STM32G411K6T6, STM32G411K6U3, STM32G411K6U6, STM32G411K8T3, STM32G411K8T6, STM32G411K8U3, STM32G411K8U6, STM32G411KBT3, STM32G411KBT6, STM32G411KBU3, STM32G411KBU6, STM32G411M6T3, STM32G411M6T6, STM32G411M8T3, STM32G411M8T6, STM32G411MBT3, STM32G411MBT6, STM32G411R6T3, STM32G411R6T6, STM32G411R8T3, STM32G411R8T6, STM32G411RBT3, STM32G411RBT6, STM32G414CBT3, STM32G414CBT6, STM32G414CBU3, STM32G414CBU6, STM32G414CCT3, STM32G414CCT6, STM32G414CCU3, STM32G414CCU6, STM32G414MBT3, STM32G414MBT6, STM32G414MCT3, STM32G414MCT6, STM32G414RBT3, STM32G414RBT6, STM32G414RCT3, STM32G414RCT6, STM32G414VBT3, STM32G414VBT6, STM32G414VCT3, STM32G414VCT6, STM32G431CBT3Z, STM32G431RBT3Z, STM32G471CCT6, STM32G471CCU6, STM32G471CET3, STM32G471CET6, STM32G471CEU3, STM32G471CEU6, STM32G471MCT6, STM32G471MET3, STM32G471MET6, STM32G471MEY6TR, STM32G471QCT6, STM32G471QET3, STM32G471RCT6, STM32G471RET3, STM32G471RET6, STM32G471VCH6, STM32G471VCI6, STM32G471VCT6, STM32G471VEH3, STM32G471VEH6, STM32G471VEI3, STM32G471VEI6, STM32G471VET3, STM32G471VET6, STM32G473QET3Z, STM32G473RET3Z, STM32G474CCT6, STM32G491RET3Z, STM32H503CBT6, STM32H503CBU6, STM32H503EBY6TR, STM32H503KBU6, STM32H503RBT6, STM32H523CCT6, STM32H523CCU6, STM32H523CET6, STM32H523CEU6, STM32H523HEY6TR, STM32H523RCT6, STM32H523RET6, STM32H523VCI6, STM32H523VCT6, STM32H523VEI6, STM32H523VET6, STM32H523ZCJ6, STM32H523ZCT6, STM32H523ZEJ6, STM32H523ZET6, STM32H533CET6, STM32H533CEU6, STM32H533HEY6TR, STM32H533RET6, STM32H533VEI6, STM32H533VET6, STM32H533ZEJ6, STM32H533ZET6, STM32H562AGI6, STM32H562AII6, STM32H562IGK6, STM32H562IGT6, STM32H562IIK6, STM32H562IIT6, STM32H562RGT6, STM32H562RGV6, STM32H562RIT6, STM32H562RIV6, STM32H562VGT6, STM32H562VIT6, STM32H562ZGT6, STM32H562ZIT6, STM32H563AGI6, STM32H563AII3Q, STM32H563AII6, STM32H563IGK6, STM32H563IGT6, STM32H563IIK3Q, STM32H563IIK6, STM32H563IIT3Q, STM32H563IIT6, STM32H563MIY3QTR, STM32H563RGT6, STM32H563RGV6, STM32H563RIT6, STM32H563RIV6, STM32H563VGT6, STM32H563VIT3Q, STM32H563VIT6, STM32H563ZGT6, STM32H563ZIT3Q, STM32H563ZIT6, STM32H573AII3Q, STM32H573AII6, STM32H573I-DK, STM32H573IIK3Q, STM32H573IIK6, STM32H573IIT3Q, STM32H573IIT6, STM32H573MIY3QTR, STM32H573RIT6, STM32H573RIV6, STM32H573VIT3Q, STM32H573VIT6, STM32H573ZIT3Q, STM32H573ZIT6, STM32H7R3A8I6, STM32H7R3I8K6, STM32H7R3I8T6, STM32H7R3L8H6, STM32H7R3L8H6H, STM32H7R3R8V6, STM32H7R3V8H6, STM32H7R3V8T6, STM32H7R3V8Y6TR, STM32H7R3Z8J6, STM32H7R3Z8T6, STM32H7R7A8I6, STM32H7R7I8K6, STM32H7R7I8T6, STM32H7R7L8H6, STM32H7R7L8H6H, STM32H7R7Z8J6, STM32H7S3A8I6, STM32H7S3I8K6, STM32H7S3I8T6, STM32H7S3L8H6, STM32H7S3L8H6H, STM32H7S3R8V6, STM32H7S3V8H6, STM32H7S3V8T6, STM32H7S3V8Y6TR, STM32H7S3Z8J6, STM32H7S3Z8T6, STM32H7S78-DK, STM32H7S7A8I6, STM32H7S7I8K6, STM32H7S7I8T6, STM32H7S7L8H6, STM32H7S7L8H6H, STM32H7S7Z8J6, STM32L4R5QGI6STR, STM32MP131AAE3, STM32MP131AAF3, STM32MP131AAG3, STM32MP131CAE3, STM32MP131CAF3, STM32MP131CAG3, STM32MP131DAE7, STM32MP131DAF7, STM32MP131DAG7, STM32MP131FAE7, STM32MP131FAF7, STM32MP131FAG7, STM32MP133AAE3, STM32MP133AAF3, STM32MP133AAG3, STM32MP133CAE3, STM32MP133CAF3, STM32MP133CAG3, STM32MP133DAE7, STM32MP133DAF7, STM32MP133DAG7, STM32MP133FAE7, STM32MP133FAF7, STM32MP133FAG7, STM32MP135AAE3, STM32MP135AAF3, STM32MP135AAG3, STM32MP135CAE3, STM32MP135CAF3, STM32MP135CAG3, STM32MP135DAE7, STM32MP135DAF7, STM32MP135DAG7, STM32MP135F-DK, STM32MP135FAE7, STM32MP135FAF7, STM32MP135FAF7T, STM32MP135FAF7U, STM32MP135FAG7, STM32MP211AAL3, STM32MP211AAM3, STM32MP211AAN3, STM32MP211AAO3, STM32MP211CAL3, STM32MP211CAM3, STM32MP211CAN3, STM32MP211CAO3, STM32MP211DAL3, STM32MP211DAM3, STM32MP211DAN3, STM32MP211DAO3, STM32MP211FAL3, STM32MP211FAM3, STM32MP211FAN3, STM32MP211FAO3, STM32MP213AAL3, STM32MP213AAM3, STM32MP213AAN3, STM32MP213AAO3, STM32MP213CAL3, STM32MP213CAM3, STM32MP213CAN3, STM32MP213CAO3, STM32MP213DAL3, STM32MP213DAM3, STM32MP213DAN3, STM32MP213DAO3, STM32MP213FAL3, STM32MP213FAM3, STM32MP213FAN3, STM32MP213FAO3, STM32MP215AAL3, STM32MP215AAM3, STM32MP215AAN3, STM32MP215AAO3, STM32MP215CAL3, STM32MP215CAM3, STM32MP215CAN3, STM32MP215CAO3, STM32MP215DAL3, STM32MP215DAM3, STM32MP215DAN3, STM32MP215DAO3, STM32MP215F-DK, STM32MP215FAL3, STM32MP215FAM3, STM32MP215FAN3, STM32MP215FAO3, STM32MP231AAJ3, STM32MP231AAK3, STM32MP231AAL3, STM32MP231CAJ3, STM32MP231CAK3, STM32MP231CAL3, STM32MP231DAJ3, STM32MP231DAK3, STM32MP231DAL3, STM32MP231FAJ3, STM32MP231FAK3, STM32MP231FAL3, STM32MP233AAJ3, STM32MP233AAK3, STM32MP233AAL3, STM32MP233CAJ3, STM32MP233CAK3, STM32MP233CAL3, STM32MP233DAJ3, STM32MP233DAK3, STM32MP233DAL3, STM32MP233FAJ3, STM32MP233FAK3, STM32MP233FAL3, STM32MP235AAJ3, STM32MP235AAK3, STM32MP235AAL3, STM32MP235CAJ3, STM32MP235CAK3, STM32MP235CAL3, STM32MP235DAJ3, STM32MP235DAK3, STM32MP235DAL3, STM32MP235FAJ3, STM32MP235FAK3, STM32MP235FAL3, STM32MP251AAI3, STM32MP251AAK3, STM32MP251AAL3, STM32MP251CAI3, STM32MP251CAK3, STM32MP251CAL3, STM32MP251DAI3, STM32MP251DAK3, STM32MP251DAL3, STM32MP251FAI3, STM32MP251FAK3, STM32MP251FAL3, STM32MP253AAI3, STM32MP253AAK3, STM32MP253AAL3, STM32MP253CAI3, STM32MP253CAK3, STM32MP253CAL3, STM32MP253DAI3, STM32MP253DAK3, STM32MP253DAL3, STM32MP253FAI3, STM32MP253FAK3, STM32MP253FAL3, STM32MP255AAI3, STM32MP255AAK3, STM32MP255AAL3, STM32MP255CAI3, STM32MP255CAK3, STM32MP255CAL3, STM32MP255DAI3, STM32MP255DAK3, STM32MP255DAL3, STM32MP255FAI3, STM32MP255FAK3, STM32MP255FAL3, STM32MP257AAI3, STM32MP257AAK3, STM32MP257AAL3, STM32MP257CAI3, STM32MP257CAK3, STM32MP257CAL3, STM32MP257DAI3, STM32MP257DAK3, STM32MP257DAL3, STM32MP257F-DK, STM32MP257F-EV1, STM32MP257FAI3, STM32MP257FAK3, STM32MP257FAL3, STM32N645A0H3Q, STM32N645B0H3Q, STM32N645I0H3Q, STM32N645L0H3Q, STM32N645X0H3Q, STM32N645Z0H3Q, STM32N647A0H3Q, STM32N647B0H3Q, STM32N647I0H3Q, STM32N647L0H3Q, STM32N647X0H3Q, STM32N647Z0H3Q, STM32N655A0H3Q, STM32N655B0H3Q, STM32N655I0H3Q, STM32N655L0H3Q, STM32N655X0H3Q, STM32N655Z0H3Q, STM32N6570-DK, STM32N657A0H3Q, STM32N657B0H3Q, STM32N657I0H3Q, STM32N657L0H3Q, STM32N657X0H3Q, STM32N657Z0H3Q, STM32U031C6T6, STM32U031C6U6, STM32U031C8T6, STM32U031C8U6, STM32U031F4P6, STM32U031F6P6, STM32U031F8P6, STM32U031G6Y6TR, STM32U031G8Y6TR, STM32U031K4U6, STM32U031K6U6, STM32U031K8U6, STM32U031R6I6, STM32U031R6T6, STM32U031R8I6, STM32U031R8T6, STM32U073C8T6, STM32U073C8U6, STM32U073CBT6, STM32U073CBU6, STM32U073CCT6, STM32U073CCU6, STM32U073H8Y6TR, STM32U073HBY6TR, STM32U073HCY6TR, STM32U073K8U6, STM32U073KBU6, STM32U073KCU6, STM32U073M8I6, STM32U073M8T6, STM32U073MBI6, STM32U073MBT6, STM32U073MCI6, STM32U073MCT6, STM32U073R8I6, STM32U073R8T6, STM32U073RBI6, STM32U073RBT6, STM32U073RCI6, STM32U073RCT6, STM32U083C-DK, STM32U083CCT6, STM32U083CCU6, STM32U083HCY6TR, STM32U083KCU6, STM32U083MCI6, STM32U083MCT6, STM32U083RCI6, STM32U083RCT6, STM32U375CET6, STM32U375CET6Q, STM32U375CEU6, STM32U375CEU6Q, STM32U375CEY6QTR, STM32U375CGT6, STM32U375CGT6Q, STM32U375CGU6, STM32U375CGU6Q, STM32U375CGY6QTR, STM32U375KEU6, STM32U375KGU6, STM32U375REI6, STM32U375REI6Q, STM32U375RET6, STM32U375RET6Q, STM32U375REY6GTR, STM32U375REY6QTR, STM32U375RGI6, STM32U375RGI6Q, STM32U375RGT6, STM32U375RGT6Q, STM32U375RGY6GTR, STM32U375RGY6QTR, STM32U375VEI6, STM32U375VEI6Q, STM32U375VET6, STM32U375VET6Q, STM32U375VGI6, STM32U375VGI6Q, STM32U375VGT6, STM32U375VGT6Q, STM32U385CGT6, STM32U385CGT6Q, STM32U385CGU6, STM32U385CGU6Q, STM32U385CGY6QTR, STM32U385KGU6, STM32U385RGI6, STM32U385RGI6Q, STM32U385RGT6, STM32U385RGT6Q, STM32U385RGY6GTR, STM32U385RGY6QTR, STM32U385VGI6, STM32U385VGI6Q, STM32U385VGT6, STM32U385VGT6Q, STM32U535CBT6, STM32U535CBT6Q, STM32U535CBU6, STM32U535CBU6Q, STM32U535CCT6, STM32U535CCT6Q, STM32U535CCU6, STM32U535CCU6Q, STM32U535CET6, STM32U535CET6Q, STM32U535CEU6, STM32U535CEU6Q, STM32U535JEY6QTR, STM32U535NCY6QTR, STM32U535NEY6QTR, STM32U535RBI6, STM32U535RBI6Q, STM32U535RBT6, STM32U535RBT6Q, STM32U535RCI6, STM32U535RCI6Q, STM32U535RCT6, STM32U535RCT6Q, STM32U535REI6, STM32U535REI6Q, STM32U535RET6, STM32U535RET6Q, STM32U535VCI6, STM32U535VCI6Q, STM32U535VCT6, STM32U535VCT6Q, STM32U535VEI6, STM32U535VEI6Q, STM32U535VET6, STM32U535VET6Q, STM32U545CET6, STM32U545CET6Q, STM32U545CEU6, STM32U545CEU6Q, STM32U545JEY6QTR, STM32U545NEY6QTR, STM32U545REI6, STM32U545REI6Q, STM32U545RET6, STM32U545RET6Q, STM32U545VEI6, STM32U545VEI6Q, STM32U545VET6, STM32U545VET6Q, STM32U595AIH6, STM32U595AIH6Q, STM32U595AJH6, STM32U595AJH6Q, STM32U595QII6, STM32U595QII6Q, STM32U595QJI6, STM32U595QJI6Q, STM32U595RIT6, STM32U595RIT6Q, STM32U595RJT6, STM32U595RJT6Q, STM32U595VIT6, STM32U595VIT6Q, STM32U595VJT6, STM32U595VJT6Q, STM32U595ZIT6, STM32U595ZIT6Q, STM32U595ZIY6QTR, STM32U595ZJT6, STM32U595ZJT6Q, STM32U595ZJY6QTR, STM32U599BJY6QTR, STM32U599NIH6Q, STM32U599NJH6Q, STM32U599VIT6Q, STM32U599VJT6, STM32U599VJT6Q, STM32U599ZIT6Q, STM32U599ZIY6QTR, STM32U599ZJT6Q, STM32U599ZJY6QTR, STM32U5A5AJH6, STM32U5A5AJH6Q, STM32U5A5QII3Q , STM32U5A5QJI6, STM32U5A5QJI6Q, STM32U5A5RJT6, STM32U5A5RJT6Q, STM32U5A5VJT6, STM32U5A5VJT6Q, STM32U5A5ZJT6, STM32U5A5ZJT6Q, STM32U5A5ZJY6QTR, STM32U5A9BJY6QTR, STM32U5A9J-DK, STM32U5A9NJH6Q, STM32U5A9VJT6Q, STM32U5A9ZJT6Q, STM32U5A9ZJY6QTR, STM32U5F7VIT6, STM32U5F7VIT6Q, STM32U5F7VJT6, STM32U5F7VJT6Q, STM32U5F9BJY6QTR, STM32U5F9NJH6Q, STM32U5F9VIT6Q, STM32U5F9VJT6Q, STM32U5F9ZIJ6QTR, STM32U5F9ZIT6Q, STM32U5F9ZJJ6QTR, STM32U5F9ZJT6Q, STM32U5G7VJT6, STM32U5G7VJT6Q, STM32U5G9BJY6QTR, STM32U5G9J-DK1, STM32U5G9J-DK2, STM32U5G9NJH6Q, STM32U5G9VJT6Q, STM32U5G9ZJJ6QTR, STM32U5G9ZJT6Q, STM32WB05KZV6TR, STM32WB05KZV7TR, STM32WB05TZF6TR, STM32WB05TZF7TR, STM32WB06CCF6TR, STM32WB06CCF7TR, STM32WB06CCV6TR, STM32WB06CCV7TR, STM32WB06KCV6TR, STM32WB06KCV7TR, STM32WB07CCF6TR, STM32WB07CCF7TR, STM32WB07CCV6TR, STM32WB07CCV7TR, STM32WB07KCV6TR, STM32WB07KCV7TR, STM32WB09KEV6TR, STM32WB09KEV7TR, STM32WB09TEF6TR, STM32WB09TEF7TR, STM32WB1MMCH6, STM32WBA50KGU6, STM32WBA50KGU6TR, STM32WBA52CEU6, STM32WBA52CEU6TR, STM32WBA52CEU7, STM32WBA52CEU7TR, STM32WBA52CGU6, STM32WBA52CGU6TR, STM32WBA52CGU6U, STM32WBA52CGU7, STM32WBA52CGU7TR, STM32WBA52KEU6, STM32WBA52KEU6TR, STM32WBA52KGU6, STM32WBA52KGU6TR, STM32WBA54CEU6, STM32WBA54CEU6TR, STM32WBA54CEU7, STM32WBA54CEU7TR, STM32WBA54CGU6, STM32WBA54CGU6TR, STM32WBA54CGU7, STM32WBA54CGU7TR, STM32WBA54KEU6, STM32WBA54KEU6TR, STM32WBA54KEU7, STM32WBA54KEU7TR, STM32WBA54KGU6, STM32WBA54KGU6TR, STM32WBA54KGU7, STM32WBA54KGU7TR, STM32WBA55CEU6, STM32WBA55CEU6TR, STM32WBA55CEU7, STM32WBA55CEU7TR, STM32WBA55CGU6, STM32WBA55CGU6TR, STM32WBA55CGU6U, STM32WBA55CGU7, STM32WBA55CGU7TR, STM32WBA55G-DK1, STM32WBA55HEF6, STM32WBA55HEF7, STM32WBA55HGF6, STM32WBA55HGF7, STM32WBA55UEI6, STM32WBA55UEI6TR, STM32WBA55UEI7, STM32WBA55UEI7TR, STM32WBA55UGI6, STM32WBA55UGI6TR, STM32WBA55UGI7, STM32WBA55UGI7TR, STM32WBA5MMGH6TR, STM32WBA62MGF6, STM32WBA62MIF6, STM32WBA65MGF7, STM32WBA65MIF6, STM32WBA65MIF7, STM32WL30K8V6, STM32WL30KBV6, STM32WL31C8V6, STM32WL31CBV6, STM32WL31K8V6, STM32WL31KBV6, STM32WL33C8V6, STM32WL33C8V6X, STM32WL33CBV6, STM32WL33CBV6X, STM32WL33CCV6, STM32WL33CCV6A, STM32WL33CCV6X, STM32WL33K8V7, STM32WL33K8V7X, STM32WL33KBV7 , STM32WL33KBV7X, STM32WL33KCV7, STM32WL33KCV7X, STM32WL5MOCH6, STM32WL5MOCH6TR]
2026-01-02 11:46:07,986 [INFO] DbMcus:218 - Found 4876 MCUs, 4876 are supported
2026-01-02 11:46:07,987 [INFO] ApiDb:423 - Load user favorites file C:\Users\CAMMSYS/.stm32cubeide/favorites.mcus.txt: 0 item(s)
2026-01-02 11:46:07,987 [INFO] ApiDb:427 - User favorites MCUs=[]
2026-01-02 11:46:07,987 [INFO] DbMcus:224 - Set 0 / 0 favorites MCUs
2026-01-02 11:46:08,361 [INFO] ApiDb:668 - CubeFinder database Data Model version=2.1
2026-01-02 11:46:08,361 [INFO] ApiDb:669 - CubeFinder database Configuration version=3.0.39
2026-01-02 11:46:08,361 [INFO] ApiDb:670 - CubeFinder database generation date=2025-12-22 (1766407740)
2026-01-02 11:46:08,361 [INFO] ApiDb:671 - CubeFinder database FW Pack versions=[FP-ATR-ASTRA1_V2.0.0, FP-SNS-FLIGHT1_V5.1.0, FP-SNS-MOTENV1_V5.1.0, FP-SNS-MOTENVWB1_V1.4.0, FP-SNS-SMARTAG2_V1.2.0, FP-SNS-STBOX1_V2.1.0, STM32Cube_FW_C0_V1.4.0, STM32Cube_FW_F4_V1.28.3, STM32Cube_FW_F7_V1.17.4, STM32Cube_FW_G0_V1.6.2, STM32Cube_FW_G4_V1.6.1, STM32Cube_FW_H5_V1.5.1, STM32Cube_FW_H7RS_V1.3.0, STM32Cube_FW_H7_V1.12.1, STM32Cube_FW_L0_V1.12.2, STM32Cube_FW_L4_V1.18.1, STM32Cube_FW_L5_V1.6.0, STM32Cube_FW_N6_V1.3.0, STM32Cube_FW_U0_V1.3.0, STM32Cube_FW_U3_V1.2.1, STM32Cube_FW_U5_V1.8.0, STM32Cube_FW_WB0_V1.4.0, STM32Cube_FW_WBA_V1.8.0, STM32Cube_FW_WB_V1.24.0, STM32Cube_FW_WL3_V1.3.0, STM32Cube_FW_WL_V1.4.0, X-CUBE-ALGOBUILD_V1.4.0, X-CUBE-ALS_V1.0.2, X-CUBE-AZRTOS-F4_V1.1.0, X-CUBE-AZRTOS-F7_V1.1.0, X-CUBE-AZRTOS-G0_V1.1.0, X-CUBE-AZRTOS-G4_V2.0.0, X-CUBE-AZRTOS-H7RS_V1.1.0, X-CUBE-AZRTOS-H7_V3.4.0, X-CUBE-AZRTOS-L4_V2.0.0, X-CUBE-AZRTOS-L5_V2.0.0, X-CUBE-AZRTOS-WB_V2.0.0, X-CUBE-AZRTOS-WL_V2.0.0, X-CUBE-BLE1_V7.1.0, X-CUBE-BLE2_V3.3.0, X-CUBE-BLEMGR_V4.1.0, X-CUBE-EEPRMA1_V5.2.0, X-CUBE-FREERTOS_V1.3.1, X-CUBE-GNSS1_V6.0.0, X-CUBE-MEMS1_V12.0.0, X-CUBE-NFC4_V3.0.0, X-CUBE-NFC7_V2.0.0, X-CUBE-SFXS2LP1_V4.0.0, X-CUBE-ST67W61_V1.1.0, X-CUBE-SUBG2_V5.0.0, X-CUBE-TOF1_V3.4.3]
2026-01-02 11:46:08,407 [INFO] DbBoardsSqlite:226 - include board P-NUCLEO-WB55-NUCLEO as a kit item of type 'Nucleo-64'
2026-01-02 11:46:08,407 [INFO] DbBoardsSqlite:226 - include board P-NUCLEO-WB55-USBDONGLE as a kit item of type 'Nucleo USB Dongle'
2026-01-02 11:46:08,407 [INFO] DbBoardsSqlite:226 - include board STEVAL-IDP005V1 as a kit item of type 'Evaluation Board'
2026-01-02 11:46:08,409 [INFO] DbBoardsSqlite:226 - include board STEVAL-IDP005V2 as a kit item of type 'Evaluation Board'
2026-01-02 11:46:08,470 [INFO] ApiDb:240 - Found 880 in-development CPN: [B-G473E-ZEST1S, B-WB1M-WPAN1, B-WBA5M-WPAN, B-WL5M-SUBG1, NUCLEO-C031C6, NUCLEO-C051C8, NUCLEO-C071RB, NUCLEO-C092RC, NUCLEO-H503RB, NUCLEO-H533RE, NUCLEO-H563ZI, NUCLEO-H7S3L8, NUCLEO-N657X0-Q, NUCLEO-U031R8, NUCLEO-U083RC, NUCLEO-U385RG-Q, NUCLEO-U545RE-Q, NUCLEO-U5A5ZJ-Q, NUCLEO-WB05KZ, NUCLEO-WB07CC, NUCLEO-WB09KE, NUCLEO-WBA52CG, NUCLEO-WBA55CG, NUCLEO-WL33CC1, NUCLEO-WL33CC2, STEVAL-PROTEUS1, STEVAL-SMARTAG2, STEVAL-STWINBX1, STM320518-EVAL, STM32C0116-DK, STM32C011D6Y3TR, STM32C011D6Y6TR, STM32C011F4P3, STM32C011F4P6, STM32C011F4U3, STM32C011F4U6TR, STM32C011F6P3, STM32C011F6P6, STM32C011F6U3, STM32C011F6U6TR, STM32C011J4M3, STM32C011J4M6, STM32C011J6M3, STM32C011J6M6, STM32C0316-DK, STM32C031C4T3, STM32C031C4T6, STM32C031C4U3, STM32C031C4U6, STM32C031C6T3, STM32C031C6T6, STM32C031C6U3, STM32C031C6U6, STM32C031F4P3, STM32C031F4P6, STM32C031F6P3, STM32C031F6P6, STM32C031G4U3, STM32C031G4U6, STM32C031G6U3, STM32C031G6U6, STM32C031K4T3, STM32C031K4T6, STM32C031K4U3, STM32C031K4U6, STM32C031K6T3, STM32C031K6T6, STM32C031K6U3, STM32C031K6U6, STM32C051C6T6, STM32C051C6U6, STM32C051C8T6, STM32C051C8U6, STM32C051D8Y6TR, STM32C051F6P6, STM32C051F8P6, STM32C051G6U6, STM32C051G8U6, STM32C051K6T6, STM32C051K6U6, STM32C051K8T6, STM32C071C8T6, STM32C071C8T6N, STM32C071C8U6, STM32C071C8U6N, STM32C071CBT6, STM32C071CBT6N, STM32C071CBU6, STM32C071CBU6N, STM32C071F8P6, STM32C071F8P6N, STM32C071FBP6, STM32C071FBP6N, STM32C071FBY6TR, STM32C071G8U6, STM32C071G8U6N, STM32C071GBU6, STM32C071GBU6N, STM32C071K8T6, STM32C071K8T6N, STM32C071K8U6, STM32C071K8U6N, STM32C071KBT6, STM32C071KBT6N, STM32C071KBU6, STM32C071KBU6N, STM32C071R8T6, STM32C071R8T6N, STM32C071RBI6N, STM32C071RBT6, STM32C071RBT6N, STM32C091CBT6, STM32C091CBU6, STM32C091CCT6, STM32C091CCU6, STM32C091ECY6TR, STM32C091FBP6, STM32C091FCP6, STM32C091GBU6, STM32C091GCU6, STM32C091KBT6, STM32C091KBU6, STM32C091KCT6, STM32C091KCU6, STM32C091RBT6, STM32C091RCI6, STM32C091RCT6, STM32C092CBT6, STM32C092CBU6, STM32C092CCT6, STM32C092CCU6, STM32C092ECY6TR, STM32C092FBP6, STM32C092FCP6, STM32C092GBU6, STM32C092GCU6, STM32C092KBT6, STM32C092KBU6, STM32C092KCT6, STM32C092KCU6, STM32C092RBT6, STM32C092RCI6, STM32C092RCT6, STM32G071K8TXN, STM32G071K8UXN, STM32G081GBU6N, STM32G081KBT6N, STM32G081KBUXN, STM32G0B1CCT6N, STM32G0B1KCT6, STM32G0B1NEY6TR, STM32G0B1RCT6N, STM32G0C1CCT6, STM32G0C1CCT6N, STM32G0C1CCU6N, STM32G0C1CET6N, STM32G0C1CEU6N, STM32G0C1KCT6, STM32G0C1NEY6TR, STM32G0C1RCI6N, STM32G0C1RCT6N, STM32G0C1REI6N, STM32G0C1RET6N, STM32G0C1VCI6, STM32G0C1VEI6, STM32G411C6T3, STM32G411C6T6, STM32G411C6U3, STM32G411C6U6, STM32G411C8T3, STM32G411C8T6, STM32G411C8U3, STM32G411C8U6, STM32G411CBT3, STM32G411CBT6, STM32G411CBU3, STM32G411CBU6, STM32G411K6T3, STM32G411K6T6, STM32G411K6U3, STM32G411K6U6, STM32G411K8T3, STM32G411K8T6, STM32G411K8U3, STM32G411K8U6, STM32G411KBT3, STM32G411KBT6, STM32G411KBU3, STM32G411KBU6, STM32G411M6T3, STM32G411M6T6, STM32G411M8T3, STM32G411M8T6, STM32G411MBT3, STM32G411MBT6, STM32G411R6T3, STM32G411R6T6, STM32G411R8T3, STM32G411R8T6, STM32G411RBT3, STM32G411RBT6, STM32G414CBT3, STM32G414CBT6, STM32G414CBU3, STM32G414CBU6, STM32G414CCT3, STM32G414CCT6, STM32G414CCU3, STM32G414CCU6, STM32G414MBT3, STM32G414MBT6, STM32G414MCT3, STM32G414MCT6, STM32G414RBT3, STM32G414RBT6, STM32G414RCT3, STM32G414RCT6, STM32G414VBT3, STM32G414VBT6, STM32G414VCT3, STM32G414VCT6, STM32G431CBT3Z, STM32G431RBT3Z, STM32G471CCT6, STM32G471CCU6, STM32G471CET3, STM32G471CET6, STM32G471CEU3, STM32G471CEU6, STM32G471MCT6, STM32G471MET3, STM32G471MET6, STM32G471MEY6TR, STM32G471QCT6, STM32G471QET3, STM32G471RCT6, STM32G471RET3, STM32G471RET6, STM32G471VCH6, STM32G471VCI6, STM32G471VCT6, STM32G471VEH3, STM32G471VEH6, STM32G471VEI3, STM32G471VEI6, STM32G471VET3, STM32G471VET6, STM32G473QET3Z, STM32G473RET3Z, STM32G474CCT6, STM32G491RET3Z, STM32H503CBT6, STM32H503CBU6, STM32H503EBY6TR, STM32H503KBU6, STM32H503RBT6, STM32H523CCT6, STM32H523CCU6, STM32H523CET6, STM32H523CEU6, STM32H523HEY6TR, STM32H523RCT6, STM32H523RET6, STM32H523VCI6, STM32H523VCT6, STM32H523VEI6, STM32H523VET6, STM32H523ZCJ6, STM32H523ZCT6, STM32H523ZEJ6, STM32H523ZET6, STM32H533CET6, STM32H533CEU6, STM32H533HEY6TR, STM32H533RET6, STM32H533VEI6, STM32H533VET6, STM32H533ZEJ6, STM32H533ZET6, STM32H562AGI6, STM32H562AII6, STM32H562IGK6, STM32H562IGT6, STM32H562IIK6, STM32H562IIT6, STM32H562RGT6, STM32H562RGV6, STM32H562RIT6, STM32H562RIV6, STM32H562VGT6, STM32H562VIT6, STM32H562ZGT6, STM32H562ZIT6, STM32H563AGI6, STM32H563AII3Q, STM32H563AII6, STM32H563IGK6, STM32H563IGT6, STM32H563IIK3Q, STM32H563IIK6, STM32H563IIT3Q, STM32H563IIT6, STM32H563MIY3QTR, STM32H563RGT6, STM32H563RGV6, STM32H563RIT6, STM32H563RIV6, STM32H563VGT6, STM32H563VIT3Q, STM32H563VIT6, STM32H563ZGT6, STM32H563ZIT3Q, STM32H563ZIT6, STM32H573AII3Q, STM32H573AII6, STM32H573I-DK, STM32H573IIK3Q, STM32H573IIK6, STM32H573IIT3Q, STM32H573IIT6, STM32H573MIY3QTR, STM32H573RIT6, STM32H573RIV6, STM32H573VIT3Q, STM32H573VIT6, STM32H573ZIT3Q, STM32H573ZIT6, STM32H7R3A8I6, STM32H7R3I8K6, STM32H7R3I8T6, STM32H7R3L8H6, STM32H7R3L8H6H, STM32H7R3R8V6, STM32H7R3V8H6, STM32H7R3V8T6, STM32H7R3V8Y6TR, STM32H7R3Z8J6, STM32H7R3Z8T6, STM32H7R7A8I6, STM32H7R7I8K6, STM32H7R7I8T6, STM32H7R7L8H6, STM32H7R7L8H6H, STM32H7R7Z8J6, STM32H7S3A8I6, STM32H7S3I8K6, STM32H7S3I8T6, STM32H7S3L8H6, STM32H7S3L8H6H, STM32H7S3R8V6, STM32H7S3V8H6, STM32H7S3V8T6, STM32H7S3V8Y6TR, STM32H7S3Z8J6, STM32H7S3Z8T6, STM32H7S78-DK, STM32H7S7A8I6, STM32H7S7I8K6, STM32H7S7I8T6, STM32H7S7L8H6, STM32H7S7L8H6H, STM32H7S7Z8J6, STM32L4R5QGI6STR, STM32MP131AAE3, STM32MP131AAF3, STM32MP131AAG3, STM32MP131CAE3, STM32MP131CAF3, STM32MP131CAG3, STM32MP131DAE7, STM32MP131DAF7, STM32MP131DAG7, STM32MP131FAE7, STM32MP131FAF7, STM32MP131FAG7, STM32MP133AAE3, STM32MP133AAF3, STM32MP133AAG3, STM32MP133CAE3, STM32MP133CAF3, STM32MP133CAG3, STM32MP133DAE7, STM32MP133DAF7, STM32MP133DAG7, STM32MP133FAE7, STM32MP133FAF7, STM32MP133FAG7, STM32MP135AAE3, STM32MP135AAF3, STM32MP135AAG3, STM32MP135CAE3, STM32MP135CAF3, STM32MP135CAG3, STM32MP135DAE7, STM32MP135DAF7, STM32MP135DAG7, STM32MP135F-DK, STM32MP135FAE7, STM32MP135FAF7, STM32MP135FAF7T, STM32MP135FAF7U, STM32MP135FAG7, STM32MP211AAL3, STM32MP211AAM3, STM32MP211AAN3, STM32MP211AAO3, STM32MP211CAL3, STM32MP211CAM3, STM32MP211CAN3, STM32MP211CAO3, STM32MP211DAL3, STM32MP211DAM3, STM32MP211DAN3, STM32MP211DAO3, STM32MP211FAL3, STM32MP211FAM3, STM32MP211FAN3, STM32MP211FAO3, STM32MP213AAL3, STM32MP213AAM3, STM32MP213AAN3, STM32MP213AAO3, STM32MP213CAL3, STM32MP213CAM3, STM32MP213CAN3, STM32MP213CAO3, STM32MP213DAL3, STM32MP213DAM3, STM32MP213DAN3, STM32MP213DAO3, STM32MP213FAL3, STM32MP213FAM3, STM32MP213FAN3, STM32MP213FAO3, STM32MP215AAL3, STM32MP215AAM3, STM32MP215AAN3, STM32MP215AAO3, STM32MP215CAL3, STM32MP215CAM3, STM32MP215CAN3, STM32MP215CAO3, STM32MP215DAL3, STM32MP215DAM3, STM32MP215DAN3, STM32MP215DAO3, STM32MP215F-DK, STM32MP215FAL3, STM32MP215FAM3, STM32MP215FAN3, STM32MP215FAO3, STM32MP231AAJ3, STM32MP231AAK3, STM32MP231AAL3, STM32MP231CAJ3, STM32MP231CAK3, STM32MP231CAL3, STM32MP231DAJ3, STM32MP231DAK3, STM32MP231DAL3, STM32MP231FAJ3, STM32MP231FAK3, STM32MP231FAL3, STM32MP233AAJ3, STM32MP233AAK3, STM32MP233AAL3, STM32MP233CAJ3, STM32MP233CAK3, STM32MP233CAL3, STM32MP233DAJ3, STM32MP233DAK3, STM32MP233DAL3, STM32MP233FAJ3, STM32MP233FAK3, STM32MP233FAL3, STM32MP235AAJ3, STM32MP235AAK3, STM32MP235AAL3, STM32MP235CAJ3, STM32MP235CAK3, STM32MP235CAL3, STM32MP235DAJ3, STM32MP235DAK3, STM32MP235DAL3, STM32MP235FAJ3, STM32MP235FAK3, STM32MP235FAL3, STM32MP251AAI3, STM32MP251AAK3, STM32MP251AAL3, STM32MP251CAI3, STM32MP251CAK3, STM32MP251CAL3, STM32MP251DAI3, STM32MP251DAK3, STM32MP251DAL3, STM32MP251FAI3, STM32MP251FAK3, STM32MP251FAL3, STM32MP253AAI3, STM32MP253AAK3, STM32MP253AAL3, STM32MP253CAI3, STM32MP253CAK3, STM32MP253CAL3, STM32MP253DAI3, STM32MP253DAK3, STM32MP253DAL3, STM32MP253FAI3, STM32MP253FAK3, STM32MP253FAL3, STM32MP255AAI3, STM32MP255AAK3, STM32MP255AAL3, STM32MP255CAI3, STM32MP255CAK3, STM32MP255CAL3, STM32MP255DAI3, STM32MP255DAK3, STM32MP255DAL3, STM32MP255FAI3, STM32MP255FAK3, STM32MP255FAL3, STM32MP257AAI3, STM32MP257AAK3, STM32MP257AAL3, STM32MP257CAI3, STM32MP257CAK3, STM32MP257CAL3, STM32MP257DAI3, STM32MP257DAK3, STM32MP257DAL3, STM32MP257F-DK, STM32MP257F-EV1, STM32MP257FAI3, STM32MP257FAK3, STM32MP257FAL3, STM32N645A0H3Q, STM32N645B0H3Q, STM32N645I0H3Q, STM32N645L0H3Q, STM32N645X0H3Q, STM32N645Z0H3Q, STM32N647A0H3Q, STM32N647B0H3Q, STM32N647I0H3Q, STM32N647L0H3Q, STM32N647X0H3Q, STM32N647Z0H3Q, STM32N655A0H3Q, STM32N655B0H3Q, STM32N655I0H3Q, STM32N655L0H3Q, STM32N655X0H3Q, STM32N655Z0H3Q, STM32N6570-DK, STM32N657A0H3Q, STM32N657B0H3Q, STM32N657I0H3Q, STM32N657L0H3Q, STM32N657X0H3Q, STM32N657Z0H3Q, STM32U031C6T6, STM32U031C6U6, STM32U031C8T6, STM32U031C8U6, STM32U031F4P6, STM32U031F6P6, STM32U031F8P6, STM32U031G6Y6TR, STM32U031G8Y6TR, STM32U031K4U6, STM32U031K6U6, STM32U031K8U6, STM32U031R6I6, STM32U031R6T6, STM32U031R8I6, STM32U031R8T6, STM32U073C8T6, STM32U073C8U6, STM32U073CBT6, STM32U073CBU6, STM32U073CCT6, STM32U073CCU6, STM32U073H8Y6TR, STM32U073HBY6TR, STM32U073HCY6TR, STM32U073K8U6, STM32U073KBU6, STM32U073KCU6, STM32U073M8I6, STM32U073M8T6, STM32U073MBI6, STM32U073MBT6, STM32U073MCI6, STM32U073MCT6, STM32U073R8I6, STM32U073R8T6, STM32U073RBI6, STM32U073RBT6, STM32U073RCI6, STM32U073RCT6, STM32U083C-DK, STM32U083CCT6, STM32U083CCU6, STM32U083HCY6TR, STM32U083KCU6, STM32U083MCI6, STM32U083MCT6, STM32U083RCI6, STM32U083RCT6, STM32U375CET6, STM32U375CET6Q, STM32U375CEU6, STM32U375CEU6Q, STM32U375CEY6QTR, STM32U375CGT6, STM32U375CGT6Q, STM32U375CGU6, STM32U375CGU6Q, STM32U375CGY6QTR, STM32U375KEU6, STM32U375KGU6, STM32U375REI6, STM32U375REI6Q, STM32U375RET6, STM32U375RET6Q, STM32U375REY6GTR, STM32U375REY6QTR, STM32U375RGI6, STM32U375RGI6Q, STM32U375RGT6, STM32U375RGT6Q, STM32U375RGY6GTR, STM32U375RGY6QTR, STM32U375VEI6, STM32U375VEI6Q, STM32U375VET6, STM32U375VET6Q, STM32U375VGI6, STM32U375VGI6Q, STM32U375VGT6, STM32U375VGT6Q, STM32U385CGT6, STM32U385CGT6Q, STM32U385CGU6, STM32U385CGU6Q, STM32U385CGY6QTR, STM32U385KGU6, STM32U385RGI6, STM32U385RGI6Q, STM32U385RGT6, STM32U385RGT6Q, STM32U385RGY6GTR, STM32U385RGY6QTR, STM32U385VGI6, STM32U385VGI6Q, STM32U385VGT6, STM32U385VGT6Q, STM32U535CBT6, STM32U535CBT6Q, STM32U535CBU6, STM32U535CBU6Q, STM32U535CCT6, STM32U535CCT6Q, STM32U535CCU6, STM32U535CCU6Q, STM32U535CET6, STM32U535CET6Q, STM32U535CEU6, STM32U535CEU6Q, STM32U535JEY6QTR, STM32U535NCY6QTR, STM32U535NEY6QTR, STM32U535RBI6, STM32U535RBI6Q, STM32U535RBT6, STM32U535RBT6Q, STM32U535RCI6, STM32U535RCI6Q, STM32U535RCT6, STM32U535RCT6Q, STM32U535REI6, STM32U535REI6Q, STM32U535RET6, STM32U535RET6Q, STM32U535VCI6, STM32U535VCI6Q, STM32U535VCT6, STM32U535VCT6Q, STM32U535VEI6, STM32U535VEI6Q, STM32U535VET6, STM32U535VET6Q, STM32U545CET6, STM32U545CET6Q, STM32U545CEU6, STM32U545CEU6Q, STM32U545JEY6QTR, STM32U545NEY6QTR, STM32U545REI6, STM32U545REI6Q, STM32U545RET6, STM32U545RET6Q, STM32U545VEI6, STM32U545VEI6Q, STM32U545VET6, STM32U545VET6Q, STM32U595AIH6, STM32U595AIH6Q, STM32U595AJH6, STM32U595AJH6Q, STM32U595QII6, STM32U595QII6Q, STM32U595QJI6, STM32U595QJI6Q, STM32U595RIT6, STM32U595RIT6Q, STM32U595RJT6, STM32U595RJT6Q, STM32U595VIT6, STM32U595VIT6Q, STM32U595VJT6, STM32U595VJT6Q, STM32U595ZIT6, STM32U595ZIT6Q, STM32U595ZIY6QTR, STM32U595ZJT6, STM32U595ZJT6Q, STM32U595ZJY6QTR, STM32U599BJY6QTR, STM32U599NIH6Q, STM32U599NJH6Q, STM32U599VIT6Q, STM32U599VJT6, STM32U599VJT6Q, STM32U599ZIT6Q, STM32U599ZIY6QTR, STM32U599ZJT6Q, STM32U599ZJY6QTR, STM32U5A5AJH6, STM32U5A5AJH6Q, STM32U5A5QII3Q , STM32U5A5QJI6, STM32U5A5QJI6Q, STM32U5A5RJT6, STM32U5A5RJT6Q, STM32U5A5VJT6, STM32U5A5VJT6Q, STM32U5A5ZJT6, STM32U5A5ZJT6Q, STM32U5A5ZJY6QTR, STM32U5A9BJY6QTR, STM32U5A9J-DK, STM32U5A9NJH6Q, STM32U5A9VJT6Q, STM32U5A9ZJT6Q, STM32U5A9ZJY6QTR, STM32U5F7VIT6, STM32U5F7VIT6Q, STM32U5F7VJT6, STM32U5F7VJT6Q, STM32U5F9BJY6QTR, STM32U5F9NJH6Q, STM32U5F9VIT6Q, STM32U5F9VJT6Q, STM32U5F9ZIJ6QTR, STM32U5F9ZIT6Q, STM32U5F9ZJJ6QTR, STM32U5F9ZJT6Q, STM32U5G7VJT6, STM32U5G7VJT6Q, STM32U5G9BJY6QTR, STM32U5G9J-DK1, STM32U5G9J-DK2, STM32U5G9NJH6Q, STM32U5G9VJT6Q, STM32U5G9ZJJ6QTR, STM32U5G9ZJT6Q, STM32WB05KZV6TR, STM32WB05KZV7TR, STM32WB05TZF6TR, STM32WB05TZF7TR, STM32WB06CCF6TR, STM32WB06CCF7TR, STM32WB06CCV6TR, STM32WB06CCV7TR, STM32WB06KCV6TR, STM32WB06KCV7TR, STM32WB07CCF6TR, STM32WB07CCF7TR, STM32WB07CCV6TR, STM32WB07CCV7TR, STM32WB07KCV6TR, STM32WB07KCV7TR, STM32WB09KEV6TR, STM32WB09KEV7TR, STM32WB09TEF6TR, STM32WB09TEF7TR, STM32WB1MMCH6, STM32WBA50KGU6, STM32WBA50KGU6TR, STM32WBA52CEU6, STM32WBA52CEU6TR, STM32WBA52CEU7, STM32WBA52CEU7TR, STM32WBA52CGU6, STM32WBA52CGU6TR, STM32WBA52CGU6U, STM32WBA52CGU7, STM32WBA52CGU7TR, STM32WBA52KEU6, STM32WBA52KEU6TR, STM32WBA52KGU6, STM32WBA52KGU6TR, STM32WBA54CEU6, STM32WBA54CEU6TR, STM32WBA54CEU7, STM32WBA54CEU7TR, STM32WBA54CGU6, STM32WBA54CGU6TR, STM32WBA54CGU7, STM32WBA54CGU7TR, STM32WBA54KEU6, STM32WBA54KEU6TR, STM32WBA54KEU7, STM32WBA54KEU7TR, STM32WBA54KGU6, STM32WBA54KGU6TR, STM32WBA54KGU7, STM32WBA54KGU7TR, STM32WBA55CEU6, STM32WBA55CEU6TR, STM32WBA55CEU7, STM32WBA55CEU7TR, STM32WBA55CGU6, STM32WBA55CGU6TR, STM32WBA55CGU6U, STM32WBA55CGU7, STM32WBA55CGU7TR, STM32WBA55G-DK1, STM32WBA55HEF6, STM32WBA55HEF7, STM32WBA55HGF6, STM32WBA55HGF7, STM32WBA55UEI6, STM32WBA55UEI6TR, STM32WBA55UEI7, STM32WBA55UEI7TR, STM32WBA55UGI6, STM32WBA55UGI6TR, STM32WBA55UGI7, STM32WBA55UGI7TR, STM32WBA5MMGH6TR, STM32WBA62MGF6, STM32WBA62MIF6, STM32WBA65MGF7, STM32WBA65MIF6, STM32WBA65MIF7, STM32WL30K8V6, STM32WL30KBV6, STM32WL31C8V6, STM32WL31CBV6, STM32WL31K8V6, STM32WL31KBV6, STM32WL33C8V6, STM32WL33C8V6X, STM32WL33CBV6, STM32WL33CBV6X, STM32WL33CCV6, STM32WL33CCV6A, STM32WL33CCV6X, STM32WL33K8V7, STM32WL33K8V7X, STM32WL33KBV7 , STM32WL33KBV7X, STM32WL33KCV7, STM32WL33KCV7X, STM32WL5MOCH6, STM32WL5MOCH6TR]
2026-01-02 11:46:08,748 [INFO] BoardInfo:889 - No configuration file found for board P-NUCLEO-WB55
2026-01-02 11:46:08,750 [INFO] DbBoards:161 - Kit is not supported: P-NUCLEO-WB55
2026-01-02 11:46:08,756 [INFO] BoardInfo:889 - No configuration file found for board STEVAL-BFA001V1B
2026-01-02 11:46:08,757 [INFO] DbBoards:161 - Kit is not supported: STEVAL-BFA001V1B
2026-01-02 11:46:08,769 [INFO] BoardInfo:889 - No configuration file found for board STEVAL-BFA001V2B
2026-01-02 11:46:08,770 [INFO] DbBoards:161 - Kit is not supported: STEVAL-BFA001V2B
2026-01-02 11:46:09,110 [INFO] DbBoards:168 - Found 212 boards, 209 are supported
2026-01-02 11:46:09,110 [INFO] DbBoards:169 - Found 212 boards, 43 of them is supported for  Bsp
2026-01-02 11:46:09,113 [INFO] ApiDb:423 - Load user favorites file C:\Users\CAMMSYS/.stm32cubeide/favorites.boards.txt: 0 item(s)
2026-01-02 11:46:09,113 [INFO] ApiDb:427 - User favorites Boards=[]
2026-01-02 11:46:09,113 [INFO] DbBoards:198 - Set 0 / 0 favorites Boards
2026-01-02 11:46:09,117 [INFO] ApiDb:668 - CubeFinder database Data Model version=2.1
2026-01-02 11:46:09,117 [INFO] ApiDb:669 - CubeFinder database Configuration version=3.0.39
2026-01-02 11:46:09,118 [INFO] ApiDb:670 - CubeFinder database generation date=2025-12-22 (1766407740)
2026-01-02 11:46:09,118 [INFO] ApiDb:671 - CubeFinder database FW Pack versions=[FP-ATR-ASTRA1_V2.0.0, FP-SNS-FLIGHT1_V5.1.0, FP-SNS-MOTENV1_V5.1.0, FP-SNS-MOTENVWB1_V1.4.0, FP-SNS-SMARTAG2_V1.2.0, FP-SNS-STBOX1_V2.1.0, STM32Cube_FW_C0_V1.4.0, STM32Cube_FW_F4_V1.28.3, STM32Cube_FW_F7_V1.17.4, STM32Cube_FW_G0_V1.6.2, STM32Cube_FW_G4_V1.6.1, STM32Cube_FW_H5_V1.5.1, STM32Cube_FW_H7RS_V1.3.0, STM32Cube_FW_H7_V1.12.1, STM32Cube_FW_L0_V1.12.2, STM32Cube_FW_L4_V1.18.1, STM32Cube_FW_L5_V1.6.0, STM32Cube_FW_N6_V1.3.0, STM32Cube_FW_U0_V1.3.0, STM32Cube_FW_U3_V1.2.1, STM32Cube_FW_U5_V1.8.0, STM32Cube_FW_WB0_V1.4.0, STM32Cube_FW_WBA_V1.8.0, STM32Cube_FW_WB_V1.24.0, STM32Cube_FW_WL3_V1.3.0, STM32Cube_FW_WL_V1.4.0, X-CUBE-ALGOBUILD_V1.4.0, X-CUBE-ALS_V1.0.2, X-CUBE-AZRTOS-F4_V1.1.0, X-CUBE-AZRTOS-F7_V1.1.0, X-CUBE-AZRTOS-G0_V1.1.0, X-CUBE-AZRTOS-G4_V2.0.0, X-CUBE-AZRTOS-H7RS_V1.1.0, X-CUBE-AZRTOS-H7_V3.4.0, X-CUBE-AZRTOS-L4_V2.0.0, X-CUBE-AZRTOS-L5_V2.0.0, X-CUBE-AZRTOS-WB_V2.0.0, X-CUBE-AZRTOS-WL_V2.0.0, X-CUBE-BLE1_V7.1.0, X-CUBE-BLE2_V3.3.0, X-CUBE-BLEMGR_V4.1.0, X-CUBE-EEPRMA1_V5.2.0, X-CUBE-FREERTOS_V1.3.1, X-CUBE-GNSS1_V6.0.0, X-CUBE-MEMS1_V12.0.0, X-CUBE-NFC4_V3.0.0, X-CUBE-NFC7_V2.0.0, X-CUBE-SFXS2LP1_V4.0.0, X-CUBE-ST67W61_V1.1.0, X-CUBE-SUBG2_V5.0.0, X-CUBE-TOF1_V3.4.3]
2026-01-02 11:46:09,651 [ERROR] DbExamplesSqlite:437 - Missing JSON key: board_cpn
2026-01-02 11:46:09,652 [ERROR] DbExamplesSqlite:437 - Missing JSON key: board_cpn
2026-01-02 11:46:09,652 [ERROR] DbExamplesSqlite:437 - Missing JSON key: board_cpn
2026-01-02 11:46:09,652 [ERROR] DbExamplesSqlite:437 - Missing JSON key: board_cpn
2026-01-02 11:46:09,915 [ERROR] DbExamplesSqlite:437 - Missing JSON key: board_cpn
2026-01-02 11:46:09,915 [ERROR] DbExamplesSqlite:437 - Missing JSON key: board_cpn
2026-01-02 11:46:09,928 [INFO] DbExamplesSqlite:395 - Ignored 42 examples not supported by CubeIDE
2026-01-02 11:46:09,928 [INFO] DbExamplesSqlite:396 - Found 10819 examples active
2026-01-02 11:46:09,929 [INFO] DbExamplesSqlite:397 - Found 0 examples obsolete
2026-01-02 11:46:09,929 [INFO] DbExamplesSqlite:398 - Found 0 examples under development
2026-01-02 11:46:09,929 [INFO] DbExamplesSqlite:399 - Found 85 examples not building
2026-01-02 11:46:09,931 [INFO] DbExamples:125 - Found 10862 examples
2026-01-02 11:46:09,972 [ERROR] DbExamples:208 - Found 73 examples with invalid data (board or MCU)
2026-01-02 11:46:09,972 [INFO] DbExamples:222 - Found 134 boards with related examples
2026-01-02 11:46:09,973 [INFO] DbExamples:235 - Found 111 MCUs with related examples
2026-01-02 11:46:09,991 [INFO] ApiDb:423 - Load user favorites file C:\Users\CAMMSYS/.stm32cubeide/favorites.examples.txt: 0 item(s)
2026-01-02 11:46:09,991 [INFO] ApiDb:427 - User favorites Examples=[]
2026-01-02 11:46:09,992 [INFO] DbExamples:250 - Set 0 / 0 favorites Examples
2026-01-02 11:46:10,255 [INFO] McuFinderGlobals:76 - Set McuFinderConnectedMode to true
2026-01-02 11:46:10,267 [INFO] MultiScanPanel:200 - Auto-refresh data requested => check proxy status ongoing
2026-01-02 11:46:10,274 [INFO] FinderPluginLoader:96 - Searching for filters in installed packs
2026-01-02 11:46:11,545 [INFO] LoadUrlFilesThread:185 - End of LoadServerUrlFiles without Thread
2026-01-02 11:46:11,561 [INFO] DetailPanel:341 - Set advertising image to C:/Users/CAMMSYS/STM32Cube/Repository/\en.prom-st67w-expansion-board.png
2026-01-02 11:46:24,277 [INFO] MultiScanPanel:200 - Auto-refresh data requested => check proxy status ongoing
2026-01-02 11:46:24,365 [INFO] LoadUrlFilesThread:185 - End of LoadServerUrlFiles without Thread
2026-01-02 11:46:24,366 [INFO] DetailPanel:341 - Set advertising image to C:/Users/CAMMSYS/STM32Cube/Repository/\en.prom-st67w-expansion-board.png
2026-01-02 11:46:24,374 [INFO] DbBoards:642 - Loading board mini-images...
2026-01-02 11:46:26,224 [ERROR] DbBoards:659 - Image file not found for board STM32MP215F-DK: C:\Users\CAMMSYS\.stmcufinder\plugins\mcufinder//mcu//boards_images/STM32MP215F-DK.jpg
2026-01-02 11:46:26,306 [INFO] DbBoards:665 - Loaded 211 board mini-images
2026-01-02 11:47:45,283 [INFO] MainUpdater:2872 - connection check result : 10
2026-01-02 11:47:45,284 [INFO] MainUpdater:2872 - connection check result : 10
2026-01-02 11:47:45,308 [INFO] MicroXplorer:468 - Change Database Path : 
2026-01-02 11:47:45,308 [INFO] MicroXplorer:498 - Change Database Version : DB.6.0.150
2026-01-02 11:47:45,313 [WARN] ThirdParty:871 - waiting for thirdparty lock release [close project]
2026-01-02 11:47:45,313 [INFO] ThirdParty:873 - entering critical section [close project]
2026-01-02 11:47:45,315 [INFO] ThirdParty:883 - exiting critical section [close project]
2026-01-02 11:47:45,317 [INFO] PinOutPanel:1589 - setPackage(No Configuration,No Configuration)
2026-01-02 11:47:45,319 [INFO] UtilMem:75 - Begin LoadConfig() Used Memory: 872795040 Bytes (1073741824)
2026-01-02 11:47:45,333 [INFO] MicroXplorer:468 - Change Database Path : 
2026-01-02 11:47:45,333 [INFO] MicroXplorer:498 - Change Database Version : DB.6.0.150
2026-01-02 11:47:45,333 [INFO] OpenFileManager:355 - Change cursor
2026-01-02 11:47:45,422 [INFO] Mcu:2029 - Initializing MCU STM32L412RBTxP STM32L412RBTxP STM32L412RBT6P
2026-01-02 11:47:47,114 [INFO] Context:786 - Trying to add GPIOservice into a context  which must be forbidden
2026-01-02 11:47:47,519 [INFO] Rule:233 - rule Adapt Old IOC before rework replace old CORTEX_M33/CORTEX_M55 attributes by the new one. is applicable
2026-01-02 11:47:47,519 [INFO] Rule:233 - rule Rename parametre of RCC RCC_APBDBG_DIV2 to RCC_TIMPRES_DIV2 is applicable
2026-01-02 11:47:47,519 [INFO] Rule:233 - rule Rename DIE493 pin PA10 [PA12] -> PA10 is applicable
2026-01-02 11:47:47,519 [INFO] Rule:233 - rule Rename DIE493 pin PA9 [PA11] -> PA9 is applicable
2026-01-02 11:47:47,519 [INFO] Rule:233 - rule Rename DIE492 PartNumber CPN STM32WBA5MJGHx -> STM32WBA5MMGHx is applicable
2026-01-02 11:47:47,520 [INFO] Rule:233 - rule Rename DIE492 PartNumber  Name STM32WBA5MJGHx -> STM32WBA5MMGHx is applicable
2026-01-02 11:47:47,520 [INFO] Rule:233 - rule Rename DIE492 PartNumber UserName STM32WBA5MJGHx -> STM32WBA5MMGHx is applicable
2026-01-02 11:47:47,520 [INFO] Rule:233 - rule Rename DIE492 PartNumber DeviceId STM32WBA5MJGHx -> STM32WBA5MMGHx is applicable
2026-01-02 11:47:47,520 [INFO] Rule:233 - rule Adapt Old IOC CSI. is applicable
2026-01-02 11:47:47,520 [INFO] Rule:233 - rule Adapt Old IOC DCMIPP. is applicable
2026-01-02 11:47:47,520 [INFO] Rule:233 - rule Adapt Old IOC DCMIPP Mode Parallel. is applicable
2026-01-02 11:47:47,520 [INFO] Rule:233 - rule Adapt Old IOC LTDC. is applicable
2026-01-02 11:47:47,520 [INFO] Rule:233 - rule Rename STM32MP2 RIF Peripheral LTDC RIF.RISUP.LTDC_L0L1.Privilege -> RIF.RISUP.LTDC_L1L2.Privilege is applicable
2026-01-02 11:47:47,520 [INFO] Rule:233 - rule Rename STM32MP2 RIF Peripheral LTDC RIF.RISUP.LTDC_L0L1.Privilege -> RIF.RISUP.LTDC_L1L2.Privilege is applicable
2026-01-02 11:47:47,520 [INFO] Rule:233 - rule Rename STM32MP2 RIF Peripheral LTDC RIF.RISUP.LTDC_L0L1.Lock -> RIF.RISUP.LTDC_L1L2.Lock is applicable
2026-01-02 11:47:47,520 [INFO] Rule:233 - rule Rename STM32MP2 RIF Peripheral LTDC RIF.RISUP.LTDC_L2.Lock -> RIF.RISUP.LTDC_L3.Lock is applicable
2026-01-02 11:47:47,520 [INFO] Rule:233 - rule Adapt the old IOC example for updating the SYS when it is misconfigured. is applicable
2026-01-02 11:47:47,520 [INFO] Rule:233 - rule Rename STM32C09 Mcu.Package LQFP64 -> LQFP48 is applicable
2026-01-02 11:47:47,520 [INFO] Rule:233 - rule Adapt the old IOC example for updating the SYS when it is misconfigured. is applicable
2026-01-02 11:47:47,520 [INFO] Rule:233 - rule Adapt the old IOC example for updating the SYS when it is misconfigured. is applicable
2026-01-02 11:47:47,522 [INFO] DbConfProperties:307 - Apply Compatibility (4/20 Rules)
2026-01-02 11:47:47,542 [INFO] ImportTextPane:234 - (OptionalMessage_ERROR) Pin16 (VP_RIF_VS_RIF1) cannot be retrieved for this MCU
2026-01-02 11:47:47,737 [INFO] RtosManager:558 - Registered RTOS mode: class=CMSIS, group=RTOS, mode=CMSIS_V1, owner=FREERTOS
2026-01-02 11:47:47,738 [INFO] RtosManager:558 - Registered RTOS mode: class=CMSIS, group=RTOS2, mode=CMSIS_V2, owner=FREERTOS
2026-01-02 11:47:47,738 [INFO] RtosManager:558 - Registered RTOS mode: class=RTOS, group=Core, mode=CMSIS_V1, owner=FREERTOS
2026-01-02 11:47:47,738 [INFO] RtosManager:558 - Registered RTOS mode: class=RTOS, group=Core, mode=CMSIS_V2, owner=FREERTOS
2026-01-02 11:47:47,738 [WARN] ModelIntegratedComponent:184 - Missing modes for component STMicroelectronics:FreeRTOS:0.0.1:STMicroelectronics:RTOS:FreeRTOS:Core:::10.2.0:
2026-01-02 11:47:47,752 [WARN] ModelIntegratedComponent:63 - No mode defined for component null
2026-01-02 11:47:47,752 [WARN] ModelIntegratedComponent:63 - No mode defined for component null
2026-01-02 11:47:47,752 [WARN] ModelIntegratedComponent:63 - No mode defined for component null
2026-01-02 11:47:47,752 [WARN] ModelIntegratedComponent:63 - No mode defined for component null
2026-01-02 11:47:47,752 [WARN] ModelIntegratedComponent:63 - No mode defined for component null
2026-01-02 11:47:47,752 [WARN] ModelIntegratedComponent:63 - No mode defined for component null
2026-01-02 11:47:47,753 [WARN] ModelIntegratedComponent:63 - No mode defined for component null
2026-01-02 11:47:47,753 [WARN] ModelIntegratedComponent:63 - No mode defined for component null
2026-01-02 11:47:47,753 [WARN] ModelIntegratedComponent:63 - No mode defined for component null
2026-01-02 11:47:47,753 [WARN] ModelIntegratedComponent:63 - No mode defined for component null
2026-01-02 11:47:47,753 [WARN] ModelIntegratedComponent:63 - No mode defined for component null
2026-01-02 11:47:47,753 [WARN] ModelIntegratedComponent:63 - No mode defined for component null
2026-01-02 11:47:47,753 [WARN] ModelIntegratedComponent:63 - No mode defined for component null
2026-01-02 11:47:47,753 [WARN] ModelIntegratedComponent:63 - No mode defined for component null
2026-01-02 11:47:47,753 [WARN] ModelIntegratedComponent:63 - No mode defined for component null
2026-01-02 11:47:47,753 [WARN] ModelIntegratedComponent:63 - No mode defined for component null
2026-01-02 11:47:47,753 [WARN] ModelIntegratedComponent:63 - No mode defined for component null
2026-01-02 11:47:47,753 [WARN] ModelIntegratedComponent:63 - No mode defined for component null
2026-01-02 11:47:47,753 [WARN] ModelIntegratedComponent:63 - No mode defined for component null
2026-01-02 11:47:47,753 [WARN] ModelIntegratedComponent:63 - No mode defined for component null
2026-01-02 11:47:47,753 [WARN] ModelIntegratedComponent:63 - No mode defined for component null
2026-01-02 11:47:47,753 [WARN] ModelIntegratedComponent:63 - No mode defined for component null
2026-01-02 11:47:47,753 [WARN] ModelIntegratedComponent:63 - No mode defined for component null
2026-01-02 11:47:47,753 [WARN] ModelIntegratedComponent:63 - No mode defined for component null
2026-01-02 11:47:47,753 [WARN] ModelIntegratedComponent:63 - No mode defined for component null
2026-01-02 11:47:47,753 [WARN] ModelIntegratedComponent:63 - No mode defined for component null
2026-01-02 11:47:47,753 [WARN] ModelIntegratedComponent:63 - No mode defined for component null
2026-01-02 11:47:47,753 [WARN] ModelIntegratedComponent:63 - No mode defined for component null
2026-01-02 11:47:47,753 [WARN] ModelIntegratedComponent:63 - No mode defined for component null
2026-01-02 11:47:47,753 [WARN] ModelIntegratedComponent:63 - No mode defined for component null
2026-01-02 11:47:47,753 [WARN] ModelIntegratedComponent:63 - No mode defined for component null
2026-01-02 11:47:47,753 [WARN] ModelIntegratedComponent:63 - No mode defined for component null
2026-01-02 11:47:47,753 [WARN] ModelIntegratedComponent:63 - No mode defined for component null
2026-01-02 11:47:47,753 [WARN] ModelIntegratedComponent:63 - No mode defined for component null
2026-01-02 11:47:47,753 [WARN] ModelIntegratedComponent:63 - No mode defined for component null
2026-01-02 11:47:47,753 [WARN] ModelPack:524 - Component already loaded: STMicroelectronics:HAL Drivers:0.0.0:STMicroelectronics:Device:STMicro_Driver:XSPI:HAL::0.0.1:HAL_XSPI
2026-01-02 11:47:47,778 [INFO] ThirdPartyModel:298 - Start build external matchings
2026-01-02 11:47:48,031 [INFO] ThirdPartyModel:316 - End build external matchings
2026-01-02 11:47:48,042 [INFO] ImportTextPane:234 - (OptionalMessage_ERROR) IP (RCC) : Invalid parameter (FamilyName)
2026-01-02 11:47:48,043 [INFO] ImportTextPane:234 - (OptionalMessage_ERROR) IP (RCC) : Parameter (USBFreq_Value) has invalid value (4000000)
2026-01-02 11:47:48,283 [INFO] UtilMem:75 - End LoadConfig() Used Memory: 736509288 Bytes (1073741824)
2026-01-02 11:47:48,401 [WARN] ThirdParty:833 - waiting for thirdparty lock release [change project]
2026-01-02 11:47:48,401 [INFO] ThirdParty:835 - entering critical section [change project]
2026-01-02 11:47:48,401 [INFO] ThirdParty:1030 - CMSIS Pack Vendor :STMicroelectronics X-CUBE-PM33A1 1.0.0
2026-01-02 11:47:48,401 [INFO] ThirdParty:1030 - CMSIS Pack Vendor :STMicroelectronics USBPD 4.1
2026-01-02 11:47:48,401 [INFO] ThirdParty:1030 - CMSIS Pack Vendor :STMicroelectronics X-CUBE-NFC9 1.0.0
2026-01-02 11:47:48,401 [INFO] ThirdParty:1030 - CMSIS Pack Vendor :STMicroelectronics USB_HOST 2.0.0
2026-01-02 11:47:48,402 [INFO] ThirdParty:1030 - CMSIS Pack Vendor :STMicroelectronics FP-SNS-MOTENVWB1 1.4.0
2026-01-02 11:47:48,402 [INFO] ThirdParty:1030 - CMSIS Pack Vendor :STMicroelectronics X-CUBE-AZRTOS-F4 1.1.0
2026-01-02 11:47:48,402 [INFO] ThirdParty:1030 - CMSIS Pack Vendor :STMicroelectronics LIBJPEG 8.0.0
2026-01-02 11:47:48,402 [INFO] ThirdParty:1030 - CMSIS Pack Vendor :STMicroelectronics FP-ATR-ASTRA1 2.0.2
2026-01-02 11:47:48,402 [INFO] ThirdParty:1030 - CMSIS Pack Vendor :STMicroelectronics X-CUBE-BLE1 7.1.0
2026-01-02 11:47:48,402 [INFO] ThirdParty:1030 - CMSIS Pack Vendor :STMicroelectronics X-CUBE-SMBUS 2.1.0
2026-01-02 11:47:48,402 [INFO] ThirdParty:1030 - CMSIS Pack Vendor :wolfSSL I-CUBE-wolfMQTT 1.19.2
2026-01-02 11:47:48,402 [INFO] ThirdParty:1030 - CMSIS Pack Vendor :STMicroelectronics USB_DEVICE 3.0.0
2026-01-02 11:47:48,402 [INFO] ThirdParty:1030 - CMSIS Pack Vendor :STMicroelectronics X-CUBE-ISPU 2.1.0
2026-01-02 11:47:48,402 [INFO] ThirdParty:1030 - CMSIS Pack Vendor :STMicroelectronics X-CUBE-FREERTOS 1.4.0
2026-01-02 11:47:48,402 [INFO] ThirdParty:1030 - CMSIS Pack Vendor :STMicroelectronics X-CUBE-EEPRMA1 5.2.0
2026-01-02 11:47:48,402 [INFO] ThirdParty:1030 - CMSIS Pack Vendor :STMicroelectronics X-CUBE-IPS 3.2.0
2026-01-02 11:47:48,402 [INFO] ThirdParty:1030 - CMSIS Pack Vendor :STMicroelectronics X-CUBE-BLEMGR 4.1.0
2026-01-02 11:47:48,402 [INFO] ThirdParty:1030 - CMSIS Pack Vendor :STMicroelectronics X-CUBE-AZRTOS-WB 2.0.0
2026-01-02 11:47:48,402 [INFO] ThirdParty:1030 - CMSIS Pack Vendor :wolfSSL I-CUBE-wolfSSL 5.8.4
2026-01-02 11:47:48,402 [INFO] ThirdParty:1030 - CMSIS Pack Vendor :Cesanta I-CUBE-Mongoose 7.20.0
2026-01-02 11:47:48,402 [INFO] ThirdParty:1030 - CMSIS Pack Vendor :STMicroelectronics X-CUBE-NFC12 1.0.0
2026-01-02 11:47:48,402 [INFO] ThirdParty:1030 - CMSIS Pack Vendor :STMicroelectronics X-CUBE-AZRTOS-F7 1.1.0
2026-01-02 11:47:48,402 [INFO] ThirdParty:1030 - CMSIS Pack Vendor :STMicroelectronics X-CUBE-AZRTOS-L5 2.0.0
2026-01-02 11:47:48,402 [INFO] ThirdParty:1030 - CMSIS Pack Vendor :STMicroelectronics USB_DEVICE 2.0.0
2026-01-02 11:47:48,402 [INFO] ThirdParty:1030 - CMSIS Pack Vendor :STMicroelectronics X-CUBE-NFC6 3.1.0
2026-01-02 11:47:48,402 [INFO] ThirdParty:1030 - CMSIS Pack Vendor :STMicroelectronics X-CUBE-ST67W61 1.1.0
2026-01-02 11:47:48,402 [INFO] ThirdParty:1030 - CMSIS Pack Vendor :quantropi X-CUBE-qispace-sdk-base 2.1.0
2026-01-02 11:47:48,402 [INFO] ThirdParty:1030 - CMSIS Pack Vendor :STMicroelectronics X-CUBE-MEMS1 12.0.0
2026-01-02 11:47:48,402 [INFO] ThirdParty:1030 - CMSIS Pack Vendor :STMicroelectronics FP-SNS-MOTENV1 5.1.0
2026-01-02 11:47:48,402 [INFO] ThirdParty:1030 - CMSIS Pack Vendor :STMicroelectronics FreeRTOS 0.0.1
2026-01-02 11:47:48,403 [INFO] ThirdParty:1030 - CMSIS Pack Vendor :STMicroelectronics X-CUBE-AZRTOS-G0 1.1.0
2026-01-02 11:47:48,403 [INFO] ThirdParty:1030 - CMSIS Pack Vendor :STMicroelectronics X-CUBE-NFC4 3.0.0
2026-01-02 11:47:48,403 [INFO] ThirdParty:1030 - CMSIS Pack Vendor :STMicroelectronics X-CUBE-SUBG2 5.0.0
2026-01-02 11:47:48,403 [INFO] ThirdParty:1030 - CMSIS Pack Vendor :STMicroelectronics STM32_WPAN 1.0.0
2026-01-02 11:47:48,403 [INFO] ThirdParty:1030 - CMSIS Pack Vendor :EmbeddedOffice I-CUBE-FS-RTOS 1.0.1
2026-01-02 11:47:48,403 [INFO] ThirdParty:1030 - CMSIS Pack Vendor :STMicroelectronics lwIP 2.0.3
2026-01-02 11:47:48,403 [INFO] ThirdParty:1030 - CMSIS Pack Vendor :WES I-CUBE-Cesium 1.4.0
2026-01-02 11:47:48,403 [INFO] ThirdParty:1030 - CMSIS Pack Vendor :STMicroelectronics USB_HOST 1.0.0
2026-01-02 11:47:48,403 [INFO] ThirdParty:1030 - CMSIS Pack Vendor :STMicroelectronics X-CUBE-AZRTOS-G4 2.0.0
2026-01-02 11:47:48,403 [INFO] ThirdParty:1030 - CMSIS Pack Vendor :STMicroelectronics X-CUBE-WB05N 2.0.0
2026-01-02 11:47:48,403 [INFO] ThirdParty:1030 - CMSIS Pack Vendor :STMicroelectronics PDM2PCM 3.1.0
2026-01-02 11:47:48,403 [INFO] ThirdParty:1030 - CMSIS Pack Vendor :STMicroelectronics PDM2PCM 3.3.0
2026-01-02 11:47:48,403 [INFO] ThirdParty:1030 - CMSIS Pack Vendor :wolfSSL I-CUBE-wolfTPM 3.8.0
2026-01-02 11:47:48,403 [INFO] ThirdParty:1030 - CMSIS Pack Vendor :STMicroelectronics X-CUBE-AZRTOS-H7 3.4.0
2026-01-02 11:47:48,403 [INFO] ThirdParty:1030 - CMSIS Pack Vendor :STMicroelectronics X-CUBE-DISPLAY 3.0.0
2026-01-02 11:47:48,403 [INFO] ThirdParty:1030 - CMSIS Pack Vendor :wolfSSL I-CUBE-wolfSSH 1.4.20
2026-01-02 11:47:48,403 [INFO] ThirdParty:1030 - CMSIS Pack Vendor :STMicroelectronics X-CUBE-NFC7 2.0.0
2026-01-02 11:47:48,403 [INFO] ThirdParty:1030 - CMSIS Pack Vendor :STMicroelectronics X-CUBE-TCPP 4.2.0
2026-01-02 11:47:48,404 [INFO] ThirdParty:1030 - CMSIS Pack Vendor :RealThread X-CUBE-RT-Thread_Nano 4.1.1
2026-01-02 11:47:48,404 [INFO] ThirdParty:1030 - CMSIS Pack Vendor :STMicroelectronics FP-ATR-SIGFOX1 3.2.0
2026-01-02 11:47:48,404 [INFO] ThirdParty:1030 - CMSIS Pack Vendor :STMicroelectronics X-CUBE-NFC10 1.0.0
2026-01-02 11:47:48,404 [INFO] ThirdParty:1030 - CMSIS Pack Vendor :STMicroelectronics HAL Drivers 0.0.0
2026-01-02 11:47:48,404 [INFO] ThirdParty:1030 - CMSIS Pack Vendor :STMicroelectronics MBEDTLS 2.16.2
2026-01-02 11:47:48,404 [INFO] ThirdParty:1030 - CMSIS Pack Vendor :STMicroelectronics X-CUBE-ST60 1.1.0
2026-01-02 11:47:48,404 [INFO] ThirdParty:1030 - CMSIS Pack Vendor :STMicroelectronics X-CUBE-ALS 1.0.2
2026-01-02 11:47:48,404 [INFO] ThirdParty:1030 - CMSIS Pack Vendor :emotas I-CUBE-CANOPEN 1.3.0
2026-01-02 11:47:48,404 [INFO] ThirdParty:1030 - CMSIS Pack Vendor :STMicroelectronics MBEDTLS 2.14.1
2026-01-02 11:47:48,404 [INFO] ThirdParty:1030 - CMSIS Pack Vendor :STMicroelectronics X-CUBE-GNSS1 7.1.0
2026-01-02 11:47:48,404 [INFO] ThirdParty:1030 - CMSIS Pack Vendor :ITTIA_DB I-CUBE-ITTIADB 8.9.0
2026-01-02 11:47:48,404 [INFO] ThirdParty:1030 - CMSIS Pack Vendor :STMicroelectronics X-CUBE-TOUCHGFX 4.26.0
2026-01-02 11:47:48,404 [INFO] ThirdParty:1030 - CMSIS Pack Vendor :STMicroelectronics X-CUBE-STSE01 1.0.0
2026-01-02 11:47:48,404 [INFO] ThirdParty:1030 - CMSIS Pack Vendor :STMicroelectronics FP-SNS-STBOX1 2.1.0
2026-01-02 11:47:48,404 [INFO] ThirdParty:1030 - CMSIS Pack Vendor :STMicroelectronics X-CUBE-AI 10.2.0
2026-01-02 11:47:48,404 [INFO] ThirdParty:1030 - CMSIS Pack Vendor :STMicroelectronics FP-SNS-STAIOTCFT 1.0.0
2026-01-02 11:47:48,404 [INFO] ThirdParty:1030 - CMSIS Pack Vendor :STMicroelectronics ThreadX 1.0.0
2026-01-02 11:47:48,404 [INFO] ThirdParty:1030 - CMSIS Pack Vendor :STMicroelectronics FP-SNS-SMARTAG2 1.2.0
2026-01-02 11:47:48,404 [INFO] ThirdParty:1030 - CMSIS Pack Vendor :STMicroelectronics FP-SNS-FLIGHT1 5.1.0
2026-01-02 11:47:48,404 [INFO] ThirdParty:1030 - CMSIS Pack Vendor :STMicroelectronics X-CUBE-AZRTOS-WL 2.0.0
2026-01-02 11:47:48,404 [INFO] ThirdParty:1030 - CMSIS Pack Vendor :SEGGER I-CUBE-embOS 1.3.1
2026-01-02 11:47:48,404 [INFO] ThirdParty:1030 - CMSIS Pack Vendor :STMicroelectronics X-CUBE-ALGOBUILD 1.4.0
2026-01-02 11:47:48,404 [INFO] ThirdParty:1030 - CMSIS Pack Vendor :STMicroelectronics X-CUBE-DPower 1.3.0
2026-01-02 11:47:48,404 [INFO] ThirdParty:1030 - CMSIS Pack Vendor :STMicroelectronics USB_DEVICE 1.0.0
2026-01-02 11:47:48,405 [INFO] ThirdParty:1030 - CMSIS Pack Vendor :STMicroelectronics X-CUBE-AZRTOS-H7RS 1.2.0
2026-01-02 11:47:48,405 [INFO] ThirdParty:1030 - CMSIS Pack Vendor :STMicroelectronics X-CUBE-AZRTOS-L4 2.0.0
2026-01-02 11:47:48,405 [INFO] ThirdParty:1030 - CMSIS Pack Vendor :STMicroelectronics ThreadX 0.0.2
2026-01-02 11:47:48,405 [INFO] ThirdParty:1030 - CMSIS Pack Vendor :STMicroelectronics lwIP 2.1.2
2026-01-02 11:47:48,405 [INFO] ThirdParty:1030 - CMSIS Pack Vendor :STMicroelectronics X-CUBE-SFXS2LP1 4.0.0
2026-01-02 11:47:48,405 [INFO] ThirdParty:1030 - CMSIS Pack Vendor :STMicroelectronics X-CUBE-BLE2 3.3.0
2026-01-02 11:47:48,405 [INFO] ThirdParty:1030 - CMSIS Pack Vendor :Avnet-IOTCONNECT X-CUBE-iotc-st67-sdk 1.0.0
2026-01-02 11:47:48,405 [INFO] ThirdParty:1030 - CMSIS Pack Vendor :STMicroelectronics X-CUBE-TOF1 3.4.3
2026-01-02 11:47:48,405 [INFO] ThirdParty:1030 - CMSIS Pack Vendor :Infineon AIROC-Wi-Fi-Bluetooth-STM32 1.8.0
2026-01-02 11:47:48,406 [INFO] ThirdParty:1030 - CMSIS Pack Vendor :STMicroelectronics PDM2PCM 3.2.0
2026-01-02 11:47:48,406 [INFO] ThirdParty:841 - exiting critical section [change project]
2026-01-02 11:47:48,656 [INFO] PinOutPanel:1589 - setPackage(No Configuration,No Configuration)
2026-01-02 11:47:48,658 [INFO] PinOutPanel:1589 - setPackage(STM32L412RBTxP,LQFP64)
2026-01-02 11:47:49,160 [INFO] UtilMem:75 - Before build in PCC Used Memory: 925097640 Bytes (1073741824)
2026-01-02 11:47:50,295 [INFO] UtilMem:75 - After build in PCC Used Memory: 729725960 Bytes (1073741824)
2026-01-02 11:47:50,332 [INFO] IPUIPlugin:80 - create IPUIPlugin
2026-01-02 11:47:50,332 [INFO] IPUIPlugin:80 - create IPUIPlugin
2026-01-02 11:47:50,332 [INFO] IPUIPlugin:80 - create IPUIPlugin
2026-01-02 11:47:50,332 [INFO] IPUIPlugin:80 - create IPUIPlugin
2026-01-02 11:47:50,332 [INFO] IPUIPlugin:80 - create IPUIPlugin
2026-01-02 11:47:50,333 [INFO] IPUIPlugin:80 - create IPUIPlugin
2026-01-02 11:47:50,333 [INFO] IPUIPlugin:80 - create IPUIPlugin
2026-01-02 11:47:50,333 [INFO] IPUIPlugin:80 - create IPUIPlugin
2026-01-02 11:47:50,333 [INFO] IPUIPlugin:80 - create IPUIPlugin
2026-01-02 11:47:50,333 [INFO] IPUIPlugin:80 - create IPUIPlugin
2026-01-02 11:47:50,333 [INFO] IPUIPlugin:80 - create IPUIPlugin
2026-01-02 11:47:50,333 [INFO] IPUIPlugin:80 - create IPUIPlugin
2026-01-02 11:47:50,333 [INFO] IPUIPlugin:80 - create IPUIPlugin
2026-01-02 11:47:50,333 [INFO] IPUIPlugin:80 - create IPUIPlugin
2026-01-02 11:47:50,333 [INFO] IPUIPlugin:80 - create IPUIPlugin
2026-01-02 11:47:50,335 [INFO] IPUIPlugin:80 - create IPUIPlugin
2026-01-02 11:47:50,335 [INFO] IPUIPlugin:80 - create IPUIPlugin
2026-01-02 11:47:50,335 [INFO] IPUIPlugin:80 - create IPUIPlugin
2026-01-02 11:47:50,335 [INFO] IPUIPlugin:80 - create IPUIPlugin
2026-01-02 11:47:50,335 [INFO] IPUIPlugin:80 - create IPUIPlugin
2026-01-02 11:47:50,336 [INFO] IPUIPlugin:80 - create IPUIPlugin
2026-01-02 11:47:50,336 [INFO] IPUIPlugin:80 - create IPUIPlugin
2026-01-02 11:47:50,336 [INFO] IPUIPlugin:80 - create IPUIPlugin
2026-01-02 11:47:50,336 [INFO] IPUIPlugin:80 - create IPUIPlugin
2026-01-02 11:47:50,336 [INFO] IPUIPlugin:80 - create IPUIPlugin
2026-01-02 11:47:50,337 [INFO] IPUIPlugin:80 - create IPUIPlugin
2026-01-02 11:47:50,337 [INFO] IPUIPlugin:80 - create IPUIPlugin
2026-01-02 11:47:50,337 [INFO] IPUIPlugin:80 - create IPUIPlugin
2026-01-02 11:47:50,337 [INFO] IPUIPlugin:80 - create IPUIPlugin
2026-01-02 11:47:50,337 [INFO] IPUIPlugin:80 - create IPUIPlugin
2026-01-02 11:47:50,338 [INFO] IPUIPlugin:80 - create IPUIPlugin
2026-01-02 11:47:50,338 [INFO] IPUIPlugin:80 - create IPUIPlugin
2026-01-02 11:47:50,338 [INFO] IPUIPlugin:80 - create IPUIPlugin
2026-01-02 11:47:50,338 [INFO] IPUIPlugin:80 - create IPUIPlugin
2026-01-02 11:47:50,339 [INFO] IPUIPlugin:80 - create IPUIPlugin
2026-01-02 11:47:50,339 [INFO] IPUIPlugin:80 - create IPUIPlugin
2026-01-02 11:47:50,339 [INFO] IPUIPlugin:80 - create IPUIPlugin
2026-01-02 11:47:50,339 [INFO] IPUIPlugin:80 - create IPUIPlugin
2026-01-02 11:47:50,574 [INFO] CADModel:165 - CPN selected for project levelSTM32L412RBT6P
2026-01-02 11:47:50,574 [INFO] CADModel:114 - Register for checkConnection events
2026-01-02 11:47:50,615 [INFO] OpenFileManager:386 - Restore cursor
2026-01-02 11:47:51,385 [INFO] UtilMem:75 - End SaveConfig() Used Memory: 865708344 Bytes (1073741824)
2026-01-02 11:47:51,535 [INFO] UtilMem:75 - End SaveConfig() Used Memory: 881097768 Bytes (1073741824)
2026-01-02 11:47:51,998 [INFO] BlockDiagram:2775 - set Specific Code input for plugin: NVIC
2026-01-02 11:47:51,998 [INFO] BlockDiagram:2775 - set Specific Code input for plugin: USART
2026-01-02 11:47:51,998 [INFO] BlockDiagram:2775 - set Specific Code input for plugin: SYS
2026-01-02 11:47:51,998 [INFO] BlockDiagram:2775 - set Specific Code input for plugin: GPIO
2026-01-02 11:47:51,999 [INFO] BlockDiagram:2775 - set Specific Code input for plugin: RCC
2026-01-02 11:47:52,002 [INFO] CodeGenerator:892 - code generatio: config db path: C:\ST\STM32CubeIDE_1.19.0\STM32CubeIDE\plugins\com.st.stm32cube.common.mx_6.15.0.202507011659\\db\
2026-01-02 11:47:52,173 [INFO] CodeEngine:265 - oldGeneratedFile, C:\Users\CAMMSYS\STM32CubeIDE\workspace_1.19.0\light_sensor\MXTmpFiles\license.tmp_save
2026-01-02 11:47:52,655 [INFO] CodeEngine:289 - Generated code: C:\Users\CAMMSYS\STM32CubeIDE\workspace_1.19.0\light_sensor\MXTmpFiles\license.tmp
2026-01-02 11:47:52,800 [INFO] CodeEngine:265 - oldGeneratedFile, C:\Users\CAMMSYS\STM32CubeIDE\workspace_1.19.0\light_sensor\MXTmpFiles\gpio.tmp_save
2026-01-02 11:47:52,996 [INFO] CodeEngine:289 - Generated code: C:\Users\CAMMSYS\STM32CubeIDE\workspace_1.19.0\light_sensor\MXTmpFiles\gpio.tmp
2026-01-02 11:47:53,243 [INFO] CodeEngine:265 - oldGeneratedFile, C:\Users\CAMMSYS\STM32CubeIDE\workspace_1.19.0\light_sensor\Core\Src\stm32l4xx_it.c_save
2026-01-02 11:47:53,376 [INFO] CodeEngine:289 - Generated code: C:\Users\CAMMSYS\STM32CubeIDE\workspace_1.19.0\light_sensor\Core\Src\stm32l4xx_it.c
2026-01-02 11:47:53,391 [INFO] CodeEngine:265 - oldGeneratedFile, C:\Users\CAMMSYS\STM32CubeIDE\workspace_1.19.0\light_sensor\Core\Inc\stm32l4xx_it.h_save
2026-01-02 11:47:53,460 [INFO] CodeEngine:289 - Generated code: C:\Users\CAMMSYS\STM32CubeIDE\workspace_1.19.0\light_sensor\Core\Inc\stm32l4xx_it.h
2026-01-02 11:47:53,488 [INFO] CodeEngine:265 - oldGeneratedFile, C:\Users\CAMMSYS\STM32CubeIDE\workspace_1.19.0\light_sensor\Core\Src\stm32l4xx_hal_msp.c_save
2026-01-02 11:47:53,645 [INFO] CodeEngine:289 - Generated code: C:\Users\CAMMSYS\STM32CubeIDE\workspace_1.19.0\light_sensor\Core\Src\stm32l4xx_hal_msp.c
2026-01-02 11:47:53,660 [INFO] CodeEngine:265 - oldGeneratedFile, C:\Users\CAMMSYS\STM32CubeIDE\workspace_1.19.0\light_sensor\MXTmpFiles\system.tmp_save
2026-01-02 11:47:53,754 [INFO] CodeEngine:289 - Generated code: C:\Users\CAMMSYS\STM32CubeIDE\workspace_1.19.0\light_sensor\MXTmpFiles\system.tmp
2026-01-02 11:47:53,780 [INFO] CodeEngine:321 - oldGeneratedFile, C:\Users\CAMMSYS\STM32CubeIDE\workspace_1.19.0\light_sensor\Core\Inc\stm32l4xx_hal_conf.h_save
2026-01-02 11:47:53,854 [INFO] CodeEngine:345 - Generated code: C:\Users\CAMMSYS\STM32CubeIDE\workspace_1.19.0\light_sensor\Core\Inc\stm32l4xx_hal_conf.h
2026-01-02 11:47:53,913 [INFO] ApiDbMcu:532 - Load IP Config File for USART2
2026-01-02 11:47:53,917 [INFO] ApiDbMcu:532 - Load IP Config File for RCC
2026-01-02 11:47:53,936 [INFO] CodeEngine:265 - oldGeneratedFile, C:\Users\CAMMSYS\STM32CubeIDE\workspace_1.19.0\light_sensor\Core\Inc\main.h_save
2026-01-02 11:47:54,047 [INFO] CodeEngine:289 - Generated code: C:\Users\CAMMSYS\STM32CubeIDE\workspace_1.19.0\light_sensor\Core\Inc\main.h
2026-01-02 11:47:54,063 [INFO] CodeEngine:265 - oldGeneratedFile, C:\Users\CAMMSYS\STM32CubeIDE\workspace_1.19.0\light_sensor\Core\Src\main.c_save
2026-01-02 11:47:54,223 [INFO] CodeEngine:289 - Generated code: C:\Users\CAMMSYS\STM32CubeIDE\workspace_1.19.0\light_sensor\Core\Src\main.c
2026-01-02 11:47:54,713 [INFO] ProjectBuilder:3606 - Time for Copy HAL[1] : 293mS.
2026-01-02 11:47:54,720 [INFO] ProjectBuilder:5216 - Project Generator version: 4.7.0-B52
2026-01-02 11:47:54,773 [INFO] ConfigFileManager:1595 - The Die is : DIE464
2026-01-02 11:47:54,785 [INFO] ApiDbMcu:532 - Load IP Config File for FATFS
2026-01-02 11:47:54,790 [INFO] ApiDbMcu:532 - Load IP Config File for FREERTOS
2026-01-02 11:47:54,797 [INFO] ApiDbMcu:532 - Load IP Config File for TOUCHSENSING
2026-01-02 11:47:54,803 [INFO] ApiDbMcu:532 - Load IP Config File for USB_DEVICE
2026-01-02 11:47:55,257 [INFO] LogOutputStream:77 - [STDOUT_REDIRECT] 
2026-01-02 11:47:57,553 [INFO] ProjectBuilder:5496 - Time for Generating toolchain IDE Files: 2831mS.
2026-01-02 11:47:57,556 [INFO] ProjectBuilder:3463 - Time for Copy CMSIS : 3mS.
2026-01-02 11:47:57,562 [INFO] ProjectBuilder:3463 - Time for Copy CMSIS : 0mS.
2026-01-02 11:47:58,771 [INFO] McuFinderGlobals:76 - Set McuFinderConnectedMode to true
2026-01-02 11:47:58,777 [INFO] ApiDb:448 - Save user favorites file C:\Users\CAMMSYS/.stm32cubeide/favorites.mcus.txt: 0 item(s)
2026-01-02 11:47:58,778 [INFO] ApiDb:452 - User favorites MCUs=[]
2026-01-02 11:47:58,780 [INFO] ApiDb:448 - Save user favorites file C:\Users\CAMMSYS/.stm32cubeide/favorites.boards.txt: 0 item(s)
2026-01-02 11:47:58,780 [INFO] ApiDb:452 - User favorites Boards=[]
2026-01-02 12:06:43,702 [INFO] WebApp:194 - Connection lost
2026-01-02 12:06:43,968 [INFO] WebApp:191 - Connection restablished
2026-01-02 12:36:42,645 [INFO] WebApp:194 - Connection lost
2026-01-02 12:36:42,868 [INFO] WebApp:191 - Connection restablished
2026-01-02 13:06:43,110 [INFO] WebApp:194 - Connection lost
2026-01-02 13:06:43,280 [INFO] WebApp:191 - Connection restablished
2026-01-02 13:22:40,150 [INFO] WebApp:194 - Connection lost
2026-01-02 13:22:40,337 [INFO] WebApp:191 - Connection restablished
2026-01-02 13:25:12,936 [INFO] WebApp:194 - Connection lost
2026-01-02 13:25:13,109 [INFO] WebApp:191 - Connection restablished
2026-01-02 13:25:15,113 [INFO] WebApp:194 - Connection lost
2026-01-02 13:25:15,280 [INFO] WebApp:191 - Connection restablished
2026-01-02 13:25:18,411 [INFO] WebApp:194 - Connection lost
2026-01-02 13:25:18,574 [INFO] WebApp:191 - Connection restablished
2026-01-02 13:26:36,511 [INFO] WebApp:194 - Connection lost
2026-01-02 13:26:36,772 [INFO] WebApp:191 - Connection restablished
2026-01-02 13:26:42,017 [INFO] WebApp:194 - Connection lost
2026-01-02 13:26:42,193 [INFO] WebApp:191 - Connection restablished
2026-01-02 13:26:45,117 [INFO] WebApp:194 - Connection lost
2026-01-02 13:26:45,268 [INFO] WebApp:191 - Connection restablished
2026-01-02 13:27:47,117 [INFO] WebApp:194 - Connection lost
2026-01-02 13:27:47,289 [INFO] WebApp:191 - Connection restablished
2026-01-02 13:30:49,594 [INFO] WebApp:194 - Connection lost
2026-01-02 13:30:49,766 [INFO] WebApp:191 - Connection restablished
2026-01-02 13:32:28,749 [INFO] WebApp:194 - Connection lost
2026-01-02 13:32:28,918 [INFO] WebApp:191 - Connection restablished
2026-01-02 13:32:31,623 [INFO] WebApp:194 - Connection lost
2026-01-02 13:32:31,781 [INFO] WebApp:191 - Connection restablished
2026-01-02 13:32:35,118 [INFO] WebApp:194 - Connection lost
2026-01-02 13:32:35,273 [INFO] WebApp:191 - Connection restablished
2026-01-02 13:36:44,625 [INFO] WebApp:194 - Connection lost
2026-01-02 13:36:44,782 [INFO] WebApp:191 - Connection restablished
2026-01-02 13:57:31,215 [INFO] WebApp:194 - Connection lost
2026-01-02 13:57:31,425 [INFO] WebApp:191 - Connection restablished
2026-01-02 14:06:45,182 [INFO] WebApp:194 - Connection lost
2026-01-02 14:06:45,350 [INFO] WebApp:191 - Connection restablished
2026-01-02 14:21:12,650 [INFO] WebApp:194 - Connection lost
2026-01-02 14:21:12,827 [INFO] WebApp:191 - Connection restablished
2026-01-02 14:36:46,652 [INFO] WebApp:194 - Connection lost
2026-01-02 14:36:46,821 [INFO] WebApp:191 - Connection restablished
2026-01-02 14:56:31,128 [INFO] WebApp:194 - Connection lost
2026-01-02 14:56:31,290 [INFO] WebApp:191 - Connection restablished
2026-01-02 15:06:48,622 [INFO] WebApp:194 - Connection lost
2026-01-02 15:06:48,783 [INFO] WebApp:191 - Connection restablished
2026-01-02 15:12:04,043 [INFO] NvicIntPanel:101 - NVIC parent = com.st.microxplorer.plugins.ip.nvic.MultiNvicIntPanel[,0,0,0x0,invalid,layout=javax.swing.BoxLayout,alignmentX=0.0,alignmentY=0.0,border=,flags=9,maximumSize=,minimumSize=,preferredSize=]
2026-01-02 15:22:15,131 [INFO] WebApp:194 - Connection lost
2026-01-02 15:22:15,341 [INFO] WebApp:191 - Connection restablished
2026-01-02 15:27:32,303 [INFO] ParamManager:905 - [Generic UI] PropertyChangeEvent: TAB_STATUS_CHANGED , "dont care", "never mind"
2026-01-02 15:27:32,334 [INFO] ParamManager:905 - [Generic UI] PropertyChangeEvent: TAB_STATUS_CHANGED , "dont care", "never mind"
2026-01-02 15:27:32,356 [INFO] ADCParametersView:116 -                Rank 1 : false
2026-01-02 15:27:32,445 [INFO] ADCParametersView:116 -                Rank 1 : false
2026-01-02 15:27:32,445 [INFO] ADCParametersView:116 -                Rank 1 : false
2026-01-02 15:27:32,445 [INFO] ADCParametersView:116 -                Rank 1 : false
2026-01-02 15:27:32,446 [INFO] ADCParametersView:116 -                Rank 1 : false
2026-01-02 15:27:32,446 [INFO] ADCParametersView:116 -                Rank 1 : false
2026-01-02 15:27:32,446 [INFO] ADCParametersView:116 -                Rank 1 : false
2026-01-02 15:27:32,446 [INFO] ADCParametersView:116 -                Rank 1 : false
2026-01-02 15:27:32,446 [INFO] ADCParametersView:116 -                Rank 1 : false
2026-01-02 15:27:32,446 [INFO] ADCParametersView:116 -                Rank 1 : false
2026-01-02 15:27:32,446 [INFO] ADCParametersView:116 -                Rank 1 : false
2026-01-02 15:27:32,446 [INFO] ADCParametersView:116 -                Rank 1 : false
2026-01-02 15:27:32,447 [INFO] ADCParametersView:116 -                Rank 1 : false
2026-01-02 15:27:32,447 [INFO] ADCParametersView:116 -                Rank 1 : false
2026-01-02 15:27:32,447 [INFO] ADCParametersView:116 -                Rank 1 : false
2026-01-02 15:27:32,447 [INFO] ADCParametersView:116 -                Rank 1 : false
2026-01-02 15:27:32,447 [INFO] ADCParametersView:116 -                Rank 1 : false
2026-01-02 15:27:32,447 [INFO] ADCParametersView:116 -                Rank 1 : false
2026-01-02 15:27:32,447 [INFO] ADCParametersView:116 -                Rank 1 : false
2026-01-02 15:27:32,447 [INFO] ADCParametersView:116 -                Rank 1 : false
2026-01-02 15:27:32,447 [INFO] ADCParametersView:116 -                Rank 1 : false
2026-01-02 15:27:32,459 [INFO] ADCParametersView:116 -                Rank 1 : false
2026-01-02 15:27:32,654 [INFO] NvicIntPanel:101 - NVIC parent = com.st.microxplorer.plugins.ip.nvic.MultiNvicIntPanel[,0,0,0x0,invalid,layout=javax.swing.BoxLayout,alignmentX=0.0,alignmentY=0.0,border=,flags=9,maximumSize=,minimumSize=,preferredSize=]
2026-01-02 15:27:32,848 [INFO] NvicIntPanel:101 - NVIC parent = com.st.microxplorer.plugins.ip.nvic.MultiNvicIntPanel[,0,0,0x0,invalid,layout=javax.swing.BoxLayout,alignmentX=0.0,alignmentY=0.0,border=,flags=9,maximumSize=,minimumSize=,preferredSize=]
2026-01-02 15:27:33,006 [INFO] NvicIntPanel:101 - NVIC parent = com.st.microxplorer.plugins.ip.nvic.MultiNvicIntPanel[,0,0,0x0,invalid,layout=javax.swing.BoxLayout,alignmentX=0.0,alignmentY=0.0,border=,flags=9,maximumSize=,minimumSize=,preferredSize=]
2026-01-02 15:27:33,128 [INFO] ADCParametersView:116 -                Rank 1 : false
2026-01-02 15:27:33,129 [INFO] ADCParametersView:116 -                Rank 1 : false
2026-01-02 15:27:33,129 [INFO] ADCParametersView:116 -                Rank 1 : false
2026-01-02 15:27:33,129 [INFO] ADCParametersView:116 -                Rank 1 : false
2026-01-02 15:27:33,130 [INFO] ADCParametersView:116 -                Rank 1 : false
2026-01-02 15:27:33,130 [INFO] ADCParametersView:116 -                Rank 1 : false
2026-01-02 15:27:33,130 [INFO] ADCParametersView:116 -                Rank 1 : false
2026-01-02 15:27:33,130 [INFO] ADCParametersView:116 -                Rank 1 : false
2026-01-02 15:27:33,130 [INFO] ADCParametersView:116 -                Rank 1 : false
2026-01-02 15:27:33,130 [INFO] ADCParametersView:116 -                Rank 1 : false
2026-01-02 15:27:33,130 [INFO] ADCParametersView:116 -                Rank 1 : false
2026-01-02 15:27:33,131 [INFO] ADCParametersView:116 -                Rank 1 : false
2026-01-02 15:27:33,131 [INFO] ADCParametersView:116 -                Rank 1 : false
2026-01-02 15:27:33,131 [INFO] ADCParametersView:116 -                Rank 1 : false
2026-01-02 15:27:33,131 [INFO] ADCParametersView:116 -                Rank 1 : false
2026-01-02 15:27:33,131 [INFO] ADCParametersView:116 -                Rank 1 : false
2026-01-02 15:27:33,131 [INFO] ADCParametersView:116 -                Rank 1 : false
2026-01-02 15:27:33,131 [INFO] ADCParametersView:116 -                Rank 1 : false
2026-01-02 15:27:33,131 [INFO] ADCParametersView:116 -                Rank 1 : false
2026-01-02 15:27:33,131 [INFO] ADCParametersView:116 -                Rank 1 : false
2026-01-02 15:27:33,164 [INFO] ADCParametersView:116 -                Rank 1 : false
2026-01-02 15:27:33,216 [INFO] ADCParametersView:116 -                Rank 1 : false
2026-01-02 15:27:33,216 [INFO] ADCParametersView:116 -                Rank 1 : false
2026-01-02 15:27:33,216 [INFO] ADCParametersView:116 -                Rank 1 : false
2026-01-02 15:27:33,216 [INFO] ADCParametersView:116 -                Rank 1 : false
2026-01-02 15:27:33,216 [INFO] ADCParametersView:116 -                Rank 1 : false
2026-01-02 15:27:33,216 [INFO] ADCParametersView:116 -                Rank 1 : false
2026-01-02 15:27:33,216 [INFO] ADCParametersView:116 -                Rank 1 : false
2026-01-02 15:27:33,216 [INFO] ADCParametersView:116 -                Rank 1 : false
2026-01-02 15:27:33,216 [INFO] ADCParametersView:116 -                Rank 1 : false
2026-01-02 15:27:33,217 [INFO] ADCParametersView:116 -                Rank 1 : false
2026-01-02 15:27:33,217 [INFO] ADCParametersView:116 -                Rank 1 : false
2026-01-02 15:27:33,217 [INFO] ADCParametersView:116 -                Rank 1 : false
2026-01-02 15:27:33,217 [INFO] ADCParametersView:116 -                Rank 1 : false
2026-01-02 15:27:33,217 [INFO] ADCParametersView:116 -                Rank 1 : false
2026-01-02 15:27:33,217 [INFO] ADCParametersView:116 -                Rank 1 : false
2026-01-02 15:27:33,218 [INFO] ADCParametersView:116 -                Rank 1 : false
2026-01-02 15:27:33,218 [INFO] ADCParametersView:116 -                Rank 1 : false
2026-01-02 15:27:33,218 [INFO] ADCParametersView:116 -                Rank 1 : false
2026-01-02 15:27:33,218 [INFO] ADCParametersView:116 -                Rank 1 : false
2026-01-02 15:27:33,218 [INFO] ADCParametersView:116 -                Rank 1 : false
2026-01-02 15:27:33,249 [INFO] ADCParametersView:116 -                Rank 1 : false
2026-01-02 15:30:07,763 [INFO] NvicIntPanel:101 - NVIC parent = com.st.microxplorer.plugins.ip.nvic.MultiNvicIntPanel[,0,0,450x522,layout=javax.swing.BoxLayout,alignmentX=0.0,alignmentY=0.0,border=,flags=9,maximumSize=,minimumSize=,preferredSize=]
2026-01-02 15:30:09,761 [INFO] ADCParametersView:116 -                Rank 1 : false
2026-01-02 15:30:09,761 [INFO] ADCParametersView:116 -                Rank 1 : false
2026-01-02 15:30:09,761 [INFO] ADCParametersView:116 -                Rank 1 : false
2026-01-02 15:30:09,762 [INFO] ADCParametersView:116 -                Rank 1 : false
2026-01-02 15:30:09,762 [INFO] ADCParametersView:116 -                Rank 1 : false
2026-01-02 15:30:09,762 [INFO] ADCParametersView:116 -                Rank 1 : false
2026-01-02 15:30:09,762 [INFO] ADCParametersView:116 -                Rank 1 : false
2026-01-02 15:30:09,763 [INFO] ADCParametersView:116 -                Rank 1 : false
2026-01-02 15:30:09,763 [INFO] ADCParametersView:116 -                Rank 1 : false
2026-01-02 15:30:09,763 [INFO] ADCParametersView:116 -                Rank 1 : false
2026-01-02 15:30:09,763 [INFO] ADCParametersView:116 -                Rank 1 : false
2026-01-02 15:30:09,763 [INFO] ADCParametersView:116 -                Rank 1 : false
2026-01-02 15:30:09,763 [INFO] ADCParametersView:116 -                Rank 1 : false
2026-01-02 15:30:09,763 [INFO] ADCParametersView:116 -                Rank 1 : false
2026-01-02 15:30:09,763 [INFO] ADCParametersView:116 -                Rank 1 : false
2026-01-02 15:30:09,763 [INFO] ADCParametersView:116 -                Rank 1 : false
2026-01-02 15:30:09,764 [INFO] ADCParametersView:116 -                Rank 1 : false
2026-01-02 15:30:09,764 [INFO] ADCParametersView:116 -                Rank 1 : false
2026-01-02 15:30:09,764 [INFO] ADCParametersView:116 -                Rank 1 : false
2026-01-02 15:30:09,764 [INFO] ADCParametersView:116 -                Rank 1 : false
2026-01-02 15:30:09,787 [INFO] ADCParametersView:116 -                Rank 1 : false
2026-01-02 15:30:12,739 [INFO] ADCParametersView:116 -                Rank 1 : false
2026-01-02 15:30:12,739 [INFO] ADCParametersView:116 -                Rank 1 : false
2026-01-02 15:30:12,739 [INFO] ADCParametersView:116 -                Rank 1 : false
2026-01-02 15:30:12,739 [INFO] ADCParametersView:116 -                Rank 1 : false
2026-01-02 15:30:12,739 [INFO] ADCParametersView:116 -                Rank 1 : false
2026-01-02 15:30:12,739 [INFO] ADCParametersView:116 -                Rank 1 : false
2026-01-02 15:30:12,739 [INFO] ADCParametersView:116 -                Rank 1 : false
2026-01-02 15:30:12,739 [INFO] ADCParametersView:116 -                Rank 1 : false
2026-01-02 15:30:12,739 [INFO] ADCParametersView:116 -                Rank 1 : false
2026-01-02 15:30:12,740 [INFO] ADCParametersView:116 -                Rank 1 : false
2026-01-02 15:30:12,740 [INFO] ADCParametersView:116 -                Rank 1 : false
2026-01-02 15:30:12,740 [INFO] ADCParametersView:116 -                Rank 1 : false
2026-01-02 15:30:12,740 [INFO] ADCParametersView:116 -                Rank 1 : false
2026-01-02 15:30:12,740 [INFO] ADCParametersView:116 -                Rank 1 : false
2026-01-02 15:30:12,740 [INFO] ADCParametersView:116 -                Rank 1 : false
2026-01-02 15:30:12,740 [INFO] ADCParametersView:116 -                Rank 1 : false
2026-01-02 15:30:12,740 [INFO] ADCParametersView:116 -                Rank 1 : false
2026-01-02 15:30:12,740 [INFO] ADCParametersView:116 -                Rank 1 : false
2026-01-02 15:30:12,740 [INFO] ADCParametersView:116 -                Rank 1 : false
2026-01-02 15:30:12,740 [INFO] ADCParametersView:116 -                Rank 1 : false
2026-01-02 15:30:12,757 [INFO] ADCParametersView:116 -                Rank 1 : false
2026-01-02 15:30:59,358 [INFO] ADCParametersView:116 -                Rank 1 : false
2026-01-02 15:30:59,361 [INFO] ADCParametersView:116 -                Rank 1 : false
2026-01-02 15:30:59,361 [INFO] ADCParametersView:116 -                Rank 1 : false
2026-01-02 15:30:59,361 [INFO] ADCParametersView:116 -                Rank 1 : false
2026-01-02 15:30:59,361 [INFO] ADCParametersView:116 -                Rank 1 : false
2026-01-02 15:30:59,361 [INFO] ADCParametersView:116 -                Rank 1 : false
2026-01-02 15:30:59,361 [INFO] ADCParametersView:116 -                Rank 1 : false
2026-01-02 15:30:59,361 [INFO] ADCParametersView:116 -                Rank 1 : false
2026-01-02 15:30:59,361 [INFO] ADCParametersView:116 -                Rank 1 : false
2026-01-02 15:30:59,361 [INFO] ADCParametersView:116 -                Rank 1 : false
2026-01-02 15:30:59,361 [INFO] ADCParametersView:116 -                Rank 1 : false
2026-01-02 15:30:59,361 [INFO] ADCParametersView:116 -                Rank 1 : false
2026-01-02 15:30:59,361 [INFO] ADCParametersView:116 -                Rank 1 : false
2026-01-02 15:30:59,361 [INFO] ADCParametersView:116 -                Rank 1 : false
2026-01-02 15:30:59,361 [INFO] ADCParametersView:116 -                Rank 1 : false
2026-01-02 15:30:59,361 [INFO] ADCParametersView:116 -                Rank 1 : false
2026-01-02 15:30:59,361 [INFO] ADCParametersView:116 -                Rank 1 : false
2026-01-02 15:30:59,362 [INFO] ADCParametersView:116 -                Rank 1 : false
2026-01-02 15:30:59,362 [INFO] ADCParametersView:116 -                Rank 1 : false
2026-01-02 15:30:59,362 [INFO] ADCParametersView:116 -                Rank 1 : false
2026-01-02 15:30:59,377 [INFO] ADCParametersView:116 -                Rank 1 : false
2026-01-02 15:30:59,404 [INFO] ADCParametersView:116 -                Rank 1 : false
2026-01-02 15:30:59,405 [INFO] ADCParametersView:116 -                Rank 1 : false
2026-01-02 15:30:59,405 [INFO] ADCParametersView:116 -                Rank 1 : false
2026-01-02 15:30:59,405 [INFO] ADCParametersView:116 -                Rank 1 : false
2026-01-02 15:30:59,405 [INFO] ADCParametersView:116 -                Rank 1 : false
2026-01-02 15:30:59,405 [INFO] ADCParametersView:116 -                Rank 1 : false
2026-01-02 15:30:59,405 [INFO] ADCParametersView:116 -                Rank 1 : false
2026-01-02 15:30:59,405 [INFO] ADCParametersView:116 -                Rank 1 : false
2026-01-02 15:30:59,407 [INFO] ADCParametersView:116 -                Rank 1 : false
2026-01-02 15:30:59,407 [INFO] ADCParametersView:116 -                Rank 1 : false
2026-01-02 15:30:59,407 [INFO] ADCParametersView:116 -                Rank 1 : false
2026-01-02 15:30:59,407 [INFO] ADCParametersView:116 -                Rank 1 : false
2026-01-02 15:30:59,407 [INFO] ADCParametersView:116 -                Rank 1 : false
2026-01-02 15:30:59,407 [INFO] ADCParametersView:116 -                Rank 1 : false
2026-01-02 15:30:59,407 [INFO] ADCParametersView:116 -                Rank 1 : false
2026-01-02 15:30:59,407 [INFO] ADCParametersView:116 -                Rank 1 : false
2026-01-02 15:30:59,407 [INFO] ADCParametersView:116 -                Rank 1 : false
2026-01-02 15:30:59,407 [INFO] ADCParametersView:116 -                Rank 1 : false
2026-01-02 15:30:59,407 [INFO] ADCParametersView:116 -                Rank 1 : false
2026-01-02 15:30:59,407 [INFO] ADCParametersView:116 -                Rank 1 : false
2026-01-02 15:30:59,407 [INFO] ADCParametersView:116 -                Rank 1 : false
2026-01-02 15:30:59,407 [INFO] ADCParametersView:116 -                Rank 1 : false
2026-01-02 15:30:59,407 [INFO] ADCParametersView:116 -                Rank 1 : false
2026-01-02 15:30:59,407 [INFO] ADCParametersView:116 -                Rank 1 : false
2026-01-02 15:30:59,407 [INFO] ADCParametersView:116 -                Rank 1 : false
2026-01-02 15:30:59,420 [INFO] ADCParametersView:116 -                Rank 1 : false
2026-01-02 15:30:59,469 [INFO] ADCParametersView:116 -                Rank 1 : false
2026-01-02 15:30:59,471 [INFO] ADCParametersView:116 -                Rank 1 : false
2026-01-02 15:30:59,471 [INFO] ADCParametersView:116 -                Rank 1 : false
2026-01-02 15:30:59,472 [INFO] ADCParametersView:116 -                Rank 1 : false
2026-01-02 15:30:59,472 [INFO] ADCParametersView:116 -                Rank 1 : false
2026-01-02 15:30:59,472 [INFO] ADCParametersView:116 -                Rank 1 : false
2026-01-02 15:30:59,472 [INFO] ADCParametersView:116 -                Rank 1 : false
2026-01-02 15:30:59,472 [INFO] ADCParametersView:116 -                Rank 1 : false
2026-01-02 15:30:59,472 [INFO] ADCParametersView:116 -                Rank 1 : false
2026-01-02 15:30:59,472 [INFO] ADCParametersView:116 -                Rank 1 : false
2026-01-02 15:30:59,472 [INFO] ADCParametersView:116 -                Rank 1 : false
2026-01-02 15:30:59,472 [INFO] ADCParametersView:116 -                Rank 1 : false
2026-01-02 15:30:59,472 [INFO] ADCParametersView:116 -                Rank 1 : false
2026-01-02 15:30:59,472 [INFO] ADCParametersView:116 -                Rank 1 : false
2026-01-02 15:30:59,472 [INFO] ADCParametersView:116 -                Rank 1 : false
2026-01-02 15:30:59,472 [INFO] ADCParametersView:116 -                Rank 1 : false
2026-01-02 15:30:59,472 [INFO] ADCParametersView:116 -                Rank 1 : false
2026-01-02 15:30:59,472 [INFO] ADCParametersView:116 -                Rank 1 : false
2026-01-02 15:30:59,472 [INFO] ADCParametersView:116 -                Rank 1 : false
2026-01-02 15:30:59,472 [INFO] ADCParametersView:116 -                Rank 1 : false
2026-01-02 15:30:59,472 [INFO] ADCParametersView:116 -                Rank 1 : false
2026-01-02 15:30:59,472 [INFO] ADCParametersView:116 -                Rank 1 : false
2026-01-02 15:30:59,472 [INFO] ADCParametersView:116 -                Rank 1 : false
2026-01-02 15:30:59,472 [INFO] ADCParametersView:116 -                Rank 1 : false
2026-01-02 15:30:59,472 [INFO] ADCParametersView:116 -                Rank 1 : false
2026-01-02 15:30:59,500 [INFO] ADCParametersView:116 -                Rank 1 : false
2026-01-02 15:31:02,111 [INFO] NvicIntPanel:101 - NVIC parent = com.st.microxplorer.plugins.ip.nvic.MultiNvicIntPanel[,0,0,0x0,invalid,layout=javax.swing.BoxLayout,alignmentX=0.0,alignmentY=0.0,border=,flags=9,maximumSize=,minimumSize=,preferredSize=]
2026-01-02 15:31:02,141 [INFO] ADCParametersView:116 -                Rank 1 : false
2026-01-02 15:31:02,144 [INFO] ADCParametersView:116 -                Rank 1 : false
2026-01-02 15:31:02,145 [INFO] ADCParametersView:116 -                Rank 1 : false
2026-01-02 15:31:02,145 [INFO] ADCParametersView:116 -                Rank 1 : false
2026-01-02 15:31:02,145 [INFO] ADCParametersView:116 -                Rank 1 : false
2026-01-02 15:31:02,145 [INFO] ADCParametersView:116 -                Rank 1 : false
2026-01-02 15:31:02,145 [INFO] ADCParametersView:116 -                Rank 1 : false
2026-01-02 15:31:02,145 [INFO] ADCParametersView:116 -                Rank 1 : false
2026-01-02 15:31:02,145 [INFO] ADCParametersView:116 -                Rank 1 : false
2026-01-02 15:31:02,145 [INFO] ADCParametersView:116 -                Rank 1 : false
2026-01-02 15:31:02,145 [INFO] ADCParametersView:116 -                Rank 1 : false
2026-01-02 15:31:02,145 [INFO] ADCParametersView:116 -                Rank 1 : false
2026-01-02 15:31:02,145 [INFO] ADCParametersView:116 -                Rank 1 : false
2026-01-02 15:31:02,145 [INFO] ADCParametersView:116 -                Rank 1 : false
2026-01-02 15:31:02,145 [INFO] ADCParametersView:116 -                Rank 1 : false
2026-01-02 15:31:02,145 [INFO] ADCParametersView:116 -                Rank 1 : false
2026-01-02 15:31:02,145 [INFO] ADCParametersView:116 -                Rank 1 : false
2026-01-02 15:31:02,145 [INFO] ADCParametersView:116 -                Rank 1 : false
2026-01-02 15:31:02,145 [INFO] ADCParametersView:116 -                Rank 1 : false
2026-01-02 15:31:02,146 [INFO] ADCParametersView:116 -                Rank 1 : false
2026-01-02 15:31:02,146 [INFO] ADCParametersView:116 -                Rank 1 : false
2026-01-02 15:31:02,146 [INFO] ADCParametersView:116 -                Rank 1 : false
2026-01-02 15:31:02,146 [INFO] ADCParametersView:116 -                Rank 1 : false
2026-01-02 15:31:02,146 [INFO] ADCParametersView:116 -                Rank 1 : false
2026-01-02 15:31:02,146 [INFO] ADCParametersView:116 -                Rank 1 : false
2026-01-02 15:31:02,167 [INFO] ADCParametersView:116 -                Rank 1 : false
2026-01-02 15:31:05,805 [INFO] ADCParametersView:116 -                Rank 1 : false
2026-01-02 15:31:05,807 [INFO] ADCParametersView:116 -                Rank 1 : false
2026-01-02 15:31:05,807 [INFO] ADCParametersView:116 -                Rank 1 : false
2026-01-02 15:31:05,807 [INFO] ADCParametersView:116 -                Rank 1 : false
2026-01-02 15:31:05,807 [INFO] ADCParametersView:116 -                Rank 1 : false
2026-01-02 15:31:05,807 [INFO] ADCParametersView:116 -                Rank 1 : false
2026-01-02 15:31:05,807 [INFO] ADCParametersView:116 -                Rank 1 : false
2026-01-02 15:31:05,807 [INFO] ADCParametersView:116 -                Rank 1 : false
2026-01-02 15:31:05,807 [INFO] ADCParametersView:116 -                Rank 1 : false
2026-01-02 15:31:05,807 [INFO] ADCParametersView:116 -                Rank 1 : false
2026-01-02 15:31:05,807 [INFO] ADCParametersView:116 -                Rank 1 : false
2026-01-02 15:31:05,807 [INFO] ADCParametersView:116 -                Rank 1 : false
2026-01-02 15:31:05,807 [INFO] ADCParametersView:116 -                Rank 1 : false
2026-01-02 15:31:05,807 [INFO] ADCParametersView:116 -                Rank 1 : false
2026-01-02 15:31:05,807 [INFO] ADCParametersView:116 -                Rank 1 : false
2026-01-02 15:31:05,807 [INFO] ADCParametersView:116 -                Rank 1 : false
2026-01-02 15:31:05,807 [INFO] ADCParametersView:116 -                Rank 1 : false
2026-01-02 15:31:05,807 [INFO] ADCParametersView:116 -                Rank 1 : false
2026-01-02 15:31:05,807 [INFO] ADCParametersView:116 -                Rank 1 : false
2026-01-02 15:31:05,807 [INFO] ADCParametersView:116 -                Rank 1 : false
2026-01-02 15:31:05,813 [INFO] ADCParametersView:116 -                Rank 1 : false
2026-01-02 15:31:05,818 [INFO] ParamManager:905 - [Generic UI] PropertyChangeEvent: TAB_STATUS_CHANGED , "dont care", "never mind"
2026-01-02 15:31:05,822 [INFO] ADCParametersView:116 -                Rank 1 : false
2026-01-02 15:31:05,823 [INFO] ADCParametersView:116 -                Rank 1 : false
2026-01-02 15:31:05,823 [INFO] ADCParametersView:116 -                Rank 1 : false
2026-01-02 15:31:05,823 [INFO] ADCParametersView:116 -                Rank 1 : false
2026-01-02 15:31:05,823 [INFO] ADCParametersView:116 -                Rank 1 : false
2026-01-02 15:31:05,823 [INFO] ADCParametersView:116 -                Rank 1 : false
2026-01-02 15:31:05,823 [INFO] ADCParametersView:116 -                Rank 1 : false
2026-01-02 15:31:05,823 [INFO] ADCParametersView:116 -                Rank 1 : false
2026-01-02 15:31:05,823 [INFO] ADCParametersView:116 -                Rank 1 : false
2026-01-02 15:31:05,823 [INFO] ADCParametersView:116 -                Rank 1 : false
2026-01-02 15:31:05,823 [INFO] ADCParametersView:116 -                Rank 1 : false
2026-01-02 15:31:05,823 [INFO] ADCParametersView:116 -                Rank 1 : false
2026-01-02 15:31:05,823 [INFO] ADCParametersView:116 -                Rank 1 : false
2026-01-02 15:31:05,823 [INFO] ADCParametersView:116 -                Rank 1 : false
2026-01-02 15:31:05,823 [INFO] ADCParametersView:116 -                Rank 1 : false
2026-01-02 15:31:05,823 [INFO] ADCParametersView:116 -                Rank 1 : false
2026-01-02 15:31:05,823 [INFO] ADCParametersView:116 -                Rank 1 : false
2026-01-02 15:31:05,823 [INFO] ADCParametersView:116 -                Rank 1 : false
2026-01-02 15:31:05,823 [INFO] ADCParametersView:116 -                Rank 1 : false
2026-01-02 15:31:05,823 [INFO] ADCParametersView:116 -                Rank 1 : false
2026-01-02 15:31:05,827 [INFO] ParamManager:905 - [Generic UI] PropertyChangeEvent: TAB_STATUS_CHANGED , "dont care", "never mind"
2026-01-02 15:31:05,830 [INFO] ADCParametersView:116 -                Rank 1 : false
2026-01-02 15:31:05,865 [INFO] NvicIntPanel:101 - NVIC parent = com.st.microxplorer.plugins.ip.nvic.MultiNvicIntPanel[,0,0,0x0,invalid,layout=javax.swing.BoxLayout,alignmentX=0.0,alignmentY=0.0,border=,flags=9,maximumSize=,minimumSize=,preferredSize=]
2026-01-02 15:33:09,521 [INFO] ADCParametersView:116 -                Rank 1 : true
2026-01-02 15:34:30,592 [INFO] NvicIntPanel:101 - NVIC parent = com.st.microxplorer.plugins.ip.nvic.MultiNvicIntPanel[,0,0,0x0,invalid,layout=javax.swing.BoxLayout,alignmentX=0.0,alignmentY=0.0,border=,flags=9,maximumSize=,minimumSize=,preferredSize=]
2026-01-02 15:34:30,622 [INFO] ADCParametersView:116 -                Rank 1 : true
2026-01-02 15:34:30,625 [INFO] ADCParametersView:116 -                Rank 1 : true
2026-01-02 15:34:30,625 [INFO] ADCParametersView:116 -                Rank 1 : true
2026-01-02 15:34:30,625 [INFO] ADCParametersView:116 -                Rank 1 : true
2026-01-02 15:34:30,625 [INFO] ADCParametersView:116 -                Rank 1 : true
2026-01-02 15:34:30,625 [INFO] ADCParametersView:116 -                Rank 1 : true
2026-01-02 15:34:30,625 [INFO] ADCParametersView:116 -                Rank 1 : true
2026-01-02 15:34:30,625 [INFO] ADCParametersView:116 -                Rank 1 : true
2026-01-02 15:34:30,625 [INFO] ADCParametersView:116 -                Rank 1 : true
2026-01-02 15:34:30,626 [INFO] ADCParametersView:116 -                Rank 1 : true
2026-01-02 15:34:30,626 [INFO] ADCParametersView:116 -                Rank 1 : true
2026-01-02 15:34:30,626 [INFO] ADCParametersView:116 -                Rank 1 : true
2026-01-02 15:34:30,626 [INFO] ADCParametersView:116 -                Rank 1 : true
2026-01-02 15:34:30,626 [INFO] ADCParametersView:116 -                Rank 1 : true
2026-01-02 15:34:30,626 [INFO] ADCParametersView:116 -                Rank 1 : true
2026-01-02 15:34:30,626 [INFO] ADCParametersView:116 -                Rank 1 : true
2026-01-02 15:34:30,626 [INFO] ADCParametersView:116 -                Rank 1 : true
2026-01-02 15:34:30,626 [INFO] ADCParametersView:116 -                Rank 1 : true
2026-01-02 15:34:30,626 [INFO] ADCParametersView:116 -                Rank 1 : true
2026-01-02 15:34:30,626 [INFO] ADCParametersView:116 -                Rank 1 : true
2026-01-02 15:34:30,652 [INFO] ADCParametersView:116 -                Rank 1 : true
2026-01-02 15:35:50,939 [INFO] UtilMem:75 - End SaveConfig() Used Memory: 793484672 Bytes (1073741824)
2026-01-02 15:35:52,744 [INFO] UtilMem:75 - End SaveConfig() Used Memory: 813407616 Bytes (1073741824)
2026-01-02 15:35:57,419 [INFO] UtilMem:75 - End SaveConfig() Used Memory: 838051200 Bytes (1073741824)
2026-01-02 15:35:57,817 [INFO] BlockDiagram:2775 - set Specific Code input for plugin: NVIC
2026-01-02 15:35:57,818 [INFO] BlockDiagram:2775 - set Specific Code input for plugin: USART
2026-01-02 15:35:57,818 [INFO] BlockDiagram:2775 - set Specific Code input for plugin: SYS
2026-01-02 15:35:57,818 [INFO] BlockDiagram:2775 - set Specific Code input for plugin: GPIO
2026-01-02 15:35:57,818 [INFO] BlockDiagram:2775 - set Specific Code input for plugin: ADC
2026-01-02 15:35:57,818 [INFO] BlockDiagram:2775 - set Specific Code input for plugin: RCC
2026-01-02 15:35:57,818 [INFO] BlockDiagram:2775 - set Specific Code input for plugin: LPUART
2026-01-02 15:35:57,820 [INFO] CodeGenerator:892 - code generatio: config db path: C:\ST\STM32CubeIDE_1.19.0\STM32CubeIDE\plugins\com.st.stm32cube.common.mx_6.15.0.202507011659\\db\
2026-01-02 15:35:57,893 [INFO] CodeEngine:265 - oldGeneratedFile, C:\Users\CAMMSYS\STM32CubeIDE\workspace_1.19.0\light_sensor\MXTmpFiles\license.tmp_save
2026-01-02 15:35:58,118 [INFO] CodeEngine:289 - Generated code: C:\Users\CAMMSYS\STM32CubeIDE\workspace_1.19.0\light_sensor\MXTmpFiles\license.tmp
2026-01-02 15:35:58,159 [INFO] CodeEngine:265 - oldGeneratedFile, C:\Users\CAMMSYS\STM32CubeIDE\workspace_1.19.0\light_sensor\MXTmpFiles\gpio.tmp_save
2026-01-02 15:35:58,248 [INFO] CodeEngine:289 - Generated code: C:\Users\CAMMSYS\STM32CubeIDE\workspace_1.19.0\light_sensor\MXTmpFiles\gpio.tmp
2026-01-02 15:35:58,410 [INFO] CodeEngine:265 - oldGeneratedFile, C:\Users\CAMMSYS\STM32CubeIDE\workspace_1.19.0\light_sensor\Core\Src\stm32l4xx_it.c_save
2026-01-02 15:35:58,584 [INFO] CodeEngine:289 - Generated code: C:\Users\CAMMSYS\STM32CubeIDE\workspace_1.19.0\light_sensor\Core\Src\stm32l4xx_it.c
2026-01-02 15:35:58,593 [INFO] CodeEngine:265 - oldGeneratedFile, C:\Users\CAMMSYS\STM32CubeIDE\workspace_1.19.0\light_sensor\Core\Inc\stm32l4xx_it.h_save
2026-01-02 15:35:58,650 [INFO] CodeEngine:289 - Generated code: C:\Users\CAMMSYS\STM32CubeIDE\workspace_1.19.0\light_sensor\Core\Inc\stm32l4xx_it.h
2026-01-02 15:35:58,668 [INFO] CodeEngine:265 - oldGeneratedFile, C:\Users\CAMMSYS\STM32CubeIDE\workspace_1.19.0\light_sensor\Core\Src\stm32l4xx_hal_msp.c_save
2026-01-02 15:35:58,783 [INFO] CodeEngine:289 - Generated code: C:\Users\CAMMSYS\STM32CubeIDE\workspace_1.19.0\light_sensor\Core\Src\stm32l4xx_hal_msp.c
2026-01-02 15:35:58,791 [INFO] CodeEngine:265 - oldGeneratedFile, C:\Users\CAMMSYS\STM32CubeIDE\workspace_1.19.0\light_sensor\MXTmpFiles\system.tmp_save
2026-01-02 15:35:58,846 [INFO] CodeEngine:289 - Generated code: C:\Users\CAMMSYS\STM32CubeIDE\workspace_1.19.0\light_sensor\MXTmpFiles\system.tmp
2026-01-02 15:35:58,862 [INFO] CodeEngine:321 - oldGeneratedFile, C:\Users\CAMMSYS\STM32CubeIDE\workspace_1.19.0\light_sensor\Core\Inc\stm32l4xx_hal_conf.h_save
2026-01-02 15:35:58,910 [INFO] CodeEngine:345 - Generated code: C:\Users\CAMMSYS\STM32CubeIDE\workspace_1.19.0\light_sensor\Core\Inc\stm32l4xx_hal_conf.h
2026-01-02 15:35:58,927 [INFO] ApiDbMcu:532 - Load IP Config File for ADC1
2026-01-02 15:35:58,938 [INFO] ApiDbMcu:532 - Load IP Config File for LPUART1
2026-01-02 15:35:58,952 [INFO] CodeEngine:265 - oldGeneratedFile, C:\Users\CAMMSYS\STM32CubeIDE\workspace_1.19.0\light_sensor\Core\Inc\main.h_save
2026-01-02 15:35:59,035 [INFO] CodeEngine:289 - Generated code: C:\Users\CAMMSYS\STM32CubeIDE\workspace_1.19.0\light_sensor\Core\Inc\main.h
2026-01-02 15:35:59,044 [INFO] CodeEngine:265 - oldGeneratedFile, C:\Users\CAMMSYS\STM32CubeIDE\workspace_1.19.0\light_sensor\Core\Src\main.c_save
2026-01-02 15:35:59,141 [INFO] CodeEngine:289 - Generated code: C:\Users\CAMMSYS\STM32CubeIDE\workspace_1.19.0\light_sensor\Core\Src\main.c
2026-01-02 15:35:59,758 [INFO] ProjectBuilder:3606 - Time for Copy HAL[1] : 448mS.
2026-01-02 15:35:59,764 [INFO] ProjectBuilder:5216 - Project Generator version: 4.7.0-B52
2026-01-02 15:35:59,832 [INFO] ConfigFileManager:1595 - The Die is : DIE464
2026-01-02 15:36:00,996 [INFO] ProjectBuilder:5496 - Time for Generating toolchain IDE Files: 1232mS.
2026-01-02 15:36:00,997 [INFO] ProjectBuilder:3463 - Time for Copy CMSIS : 1mS.
2026-01-02 15:36:01,001 [INFO] ProjectBuilder:3463 - Time for Copy CMSIS : 0mS.
2026-01-02 15:36:50,133 [INFO] WebApp:194 - Connection lost
2026-01-02 15:36:50,308 [INFO] WebApp:191 - Connection restablished
2026-01-02 15:46:22,125 [INFO] WebApp:194 - Connection lost
2026-01-02 15:46:22,354 [INFO] WebApp:191 - Connection restablished
2026-01-02 16:06:52,102 [INFO] WebApp:194 - Connection lost
2026-01-02 16:06:52,259 [INFO] WebApp:191 - Connection restablished
2026-01-02 16:18:46,619 [INFO] WebApp:194 - Connection lost
2026-01-02 16:18:46,780 [INFO] WebApp:191 - Connection restablished
2026-01-02 16:36:53,682 [INFO] WebApp:194 - Connection lost
2026-01-02 16:36:53,940 [INFO] WebApp:191 - Connection restablished
2026-01-02 16:43:24,660 [INFO] WebApp:194 - Connection lost
2026-01-02 16:43:24,839 [INFO] WebApp:191 - Connection restablished
2026-01-02 17:06:55,698 [INFO] WebApp:194 - Connection lost
2026-01-02 17:06:55,882 [INFO] WebApp:191 - Connection restablished
2026-01-02 17:10:46,431 [ERROR] ConfigurationRetriever:142 - IOException on connection: Read timed out
2026-01-02 17:12:10,614 [INFO] WebApp:194 - Connection lost
2026-01-02 17:12:10,785 [INFO] WebApp:191 - Connection restablished
2026-01-02 17:36:57,707 [INFO] WebApp:194 - Connection lost
2026-01-02 17:36:57,882 [INFO] WebApp:191 - Connection restablished
2026-01-02 17:42:10,514 [INFO] WebApp:194 - Connection lost
2026-01-02 17:42:10,680 [INFO] WebApp:191 - Connection restablished
2026-01-02 17:43:59,210 [INFO] MainUpdater:2872 - connection check result : 10
2026-01-02 17:43:59,211 [INFO] MainUpdater:2872 - connection check result : 10
2026-01-02 17:43:59,310 [INFO] MicroXplorer:468 - Change Database Path : 
2026-01-02 17:43:59,310 [INFO] MicroXplorer:498 - Change Database Version : DB.6.0.150
2026-01-02 17:43:59,371 [ERROR] ProjectManagerView:395 - 
java.lang.NullPointerException: Cannot invoke "javax.swing.JTextField.getText()" because the return value of "java.util.List.get(int)" is null
	at com.st.microxplorer.plugins.projectmanager.gui.ProjectChoiceTab$9.caretUpdate(ProjectChoiceTab.java:2706) ~[filemanager.jar:?]
	at javax.swing.text.JTextComponent.fireCaretUpdate(JTextComponent.java:408) ~[?:?]
	at javax.swing.text.JTextComponent$MutableCaretEvent.fire(JTextComponent.java:4484) ~[?:?]
	at javax.swing.text.JTextComponent$MutableCaretEvent.stateChanged(JTextComponent.java:4506) ~[?:?]
	at javax.swing.text.DefaultCaret.fireStateChanged(DefaultCaret.java:857) ~[?:?]
	at javax.swing.text.DefaultCaret.changeCaretPosition(DefaultCaret.java:1343) ~[?:?]
	at javax.swing.text.DefaultCaret.handleSetDot(DefaultCaret.java:1242) ~[?:?]
	at javax.swing.text.DefaultCaret.setDot(DefaultCaret.java:1223) ~[?:?]
	at javax.swing.text.DefaultCaret$Handler.insertUpdate(DefaultCaret.java:1819) ~[?:?]
	at javax.swing.text.AbstractDocument.fireInsertUpdate(AbstractDocument.java:227) ~[?:?]
	at javax.swing.text.AbstractDocument.handleInsertString(AbstractDocument.java:781) ~[?:?]
	at javax.swing.text.AbstractDocument.insertString(AbstractDocument.java:740) ~[?:?]
	at javax.swing.text.PlainDocument.insertString(PlainDocument.java:131) ~[?:?]
	at javax.swing.text.AbstractDocument.replace(AbstractDocument.java:699) ~[?:?]
	at javax.swing.text.JTextComponent.setText(JTextComponent.java:1725) ~[?:?]
	at com.st.microxplorer.plugins.projectmanager.gui.ProjectChoiceTab.createHeapStackFields(ProjectChoiceTab.java:993) ~[filemanager.jar:?]
	at com.st.microxplorer.plugins.projectmanager.gui.ProjectChoiceTab.buildLinkSettingsPanel(ProjectChoiceTab.java:3813) ~[filemanager.jar:?]
	at com.st.microxplorer.plugins.projectmanager.gui.ProjectChoiceTab.defineWindowsFields(ProjectChoiceTab.java:1987) ~[filemanager.jar:?]
	at com.st.microxplorer.plugins.projectmanager.gui.ProjectChoiceTab.updateSettings(ProjectChoiceTab.java:558) ~[filemanager.jar:?]
	at com.st.microxplorer.plugins.projectmanager.gui.ProjectSettingsPanel.UpdateDialog(ProjectSettingsPanel.java:247) ~[filemanager.jar:?]
	at com.st.microxplorer.plugins.projectmanager.ProjectManagerView.propertyChange(ProjectManagerView.java:392) ~[filemanager.jar:?]
	at java.beans.PropertyChangeSupport.fire(PropertyChangeSupport.java:343) ~[?:?]
	at java.beans.PropertyChangeSupport.firePropertyChange(PropertyChangeSupport.java:335) ~[?:?]
	at java.beans.PropertyChangeSupport.firePropertyChange(PropertyChangeSupport.java:268) ~[?:?]
	at com.st.microxplorer.util.MXPropertyChangeSupport.firePropertyChange(MXPropertyChangeSupport.java:54) ~[STM32CubeMX.jar:?]
	at com.st.microxplorer.mxsystem.MxSystem.closeConfig(MxSystem.java:899) ~[STM32CubeMX.jar:?]
	at com.st.microxplorer.maingui.MainPanel.closeConfig(MainPanel.java:792) ~[STM32CubeMX.jar:?]
	at com.st.microxplorer.plugins.filemanager.engine.OpenFileManager.loadConfigurationFile(OpenFileManager.java:288) ~[filemanager.jar:?]
	at com.st.microxplorer.plugins.filemanager.engine.MainFileManager.userLoadConfig(MainFileManager.java:364) ~[filemanager.jar:?]
	at com.st.microxplorer.plugins.filemanager.engine.MainFileManager.userLoadConfig(MainFileManager.java:342) ~[filemanager.jar:?]
	at com.st.microxplorer.plugins.filemanager.FileManagerView.getSpecificTask(FileManagerView.java:264) ~[filemanager.jar:?]
	at com.st.stm32cube.common.mx.editor.CubeMxEditor.getMxTabbedPaneInstance(CubeMxEditor.java:1198) ~[com.st.stm32cube.common.mx_6.15.0.202507011659/:?]
	at com.st.stm32cube.common.mx.editor.CubeMxEditor$12$1.createSwingComponent(CubeMxEditor.java:1068) ~[com.st.stm32cube.common.mx_6.15.0.202507011659/:?]
	at com.st.stm32cube.common.mx.oss.core.awtswtbridge.EmbeddedSwingComposite.doComponentCreation(EmbeddedSwingComposite.java:492) ~[com.st.stm32cube.common.mx.oss_6.15.0.202507011659/:?]
	at com.st.stm32cube.common.mx.oss.core.awtswtbridge.EmbeddedSwingComposite$4.run(EmbeddedSwingComposite.java:291) ~[com.st.stm32cube.common.mx.oss_6.15.0.202507011659/:?]
	at com.st.stm32cube.common.mx.oss.core.awtswtbridge.AwtEnvironment$2.run(AwtEnvironment.java:166) ~[com.st.stm32cube.common.mx.oss_6.15.0.202507011659/:?]
	at java.awt.event.InvocationEvent.dispatch(InvocationEvent.java:318) ~[?:?]
	at java.awt.EventQueue.dispatchEventImpl(EventQueue.java:773) ~[?:?]
	at java.awt.EventQueue$4.run(EventQueue.java:720) ~[?:?]
	at java.awt.EventQueue$4.run(EventQueue.java:714) ~[?:?]
	at java.security.AccessController.doPrivileged(AccessController.java:400) ~[?:?]
	at java.security.ProtectionDomain$JavaSecurityAccessImpl.doIntersectionPrivilege(ProtectionDomain.java:87) ~[?:?]
	at java.awt.EventQueue.dispatchEvent(EventQueue.java:742) ~[?:?]
	at java.awt.EventDispatchThread.pumpOneEventForFilters(EventDispatchThread.java:203) ~[?:?]
	at java.awt.EventDispatchThread.pumpEventsForFilter(EventDispatchThread.java:124) ~[?:?]
	at java.awt.EventDispatchThread.pumpEventsForHierarchy(EventDispatchThread.java:113) ~[?:?]
	at java.awt.EventDispatchThread.pumpEvents(EventDispatchThread.java:109) ~[?:?]
	at java.awt.EventDispatchThread.pumpEvents(EventDispatchThread.java:101) ~[?:?]
	at java.awt.EventDispatchThread.run(EventDispatchThread.java:90) ~[?:?]
2026-01-02 17:43:59,409 [WARN] ThirdParty:871 - waiting for thirdparty lock release [close project]
2026-01-02 17:43:59,409 [INFO] ThirdParty:873 - entering critical section [close project]
2026-01-02 17:43:59,409 [INFO] ThirdParty:883 - exiting critical section [close project]
2026-01-02 17:43:59,414 [INFO] PinOutPanel:1589 - setPackage(No Configuration,No Configuration)
2026-01-02 17:43:59,437 [INFO] UtilMem:75 - Begin LoadConfig() Used Memory: 986928512 Bytes (1073741824)
2026-01-02 17:43:59,438 [INFO] MicroXplorer:468 - Change Database Path : 
2026-01-02 17:43:59,439 [INFO] MicroXplorer:498 - Change Database Version : DB.6.0.150
2026-01-02 17:43:59,439 [INFO] OpenFileManager:355 - Change cursor
2026-01-02 17:43:59,474 [INFO] RulesReader:64 - Compatibility file has been processed (317 Rules)
2026-01-02 17:43:59,480 [INFO] Mcu:2029 - Initializing MCU STM32L412RBTxP STM32L412RBTxP STM32L412RBT6P
2026-01-02 17:44:00,657 [INFO] Context:786 - Trying to add GPIOservice into a context  which must be forbidden
2026-01-02 17:44:01,005 [INFO] ImportTextPane:234 - (OptionalMessage_ERROR) Pin18 (VP_RIF_VS_RIF1) cannot be retrieved for this MCU
2026-01-02 17:44:01,223 [INFO] RtosManager:558 - Registered RTOS mode: class=CMSIS, group=RTOS, mode=CMSIS_V1, owner=FREERTOS
2026-01-02 17:44:01,224 [INFO] RtosManager:558 - Registered RTOS mode: class=CMSIS, group=RTOS2, mode=CMSIS_V2, owner=FREERTOS
2026-01-02 17:44:01,224 [INFO] RtosManager:558 - Registered RTOS mode: class=RTOS, group=Core, mode=CMSIS_V1, owner=FREERTOS
2026-01-02 17:44:01,224 [INFO] RtosManager:558 - Registered RTOS mode: class=RTOS, group=Core, mode=CMSIS_V2, owner=FREERTOS
2026-01-02 17:44:01,224 [WARN] ModelIntegratedComponent:184 - Missing modes for component STMicroelectronics:FreeRTOS:0.0.1:STMicroelectronics:RTOS:FreeRTOS:Core:::10.2.0:
2026-01-02 17:44:01,233 [WARN] ModelIntegratedComponent:63 - No mode defined for component null
2026-01-02 17:44:01,233 [WARN] ModelIntegratedComponent:63 - No mode defined for component null
2026-01-02 17:44:01,233 [WARN] ModelIntegratedComponent:63 - No mode defined for component null
2026-01-02 17:44:01,235 [WARN] ModelIntegratedComponent:63 - No mode defined for component null
2026-01-02 17:44:01,235 [WARN] ModelIntegratedComponent:63 - No mode defined for component null
2026-01-02 17:44:01,235 [WARN] ModelIntegratedComponent:63 - No mode defined for component null
2026-01-02 17:44:01,235 [WARN] ModelIntegratedComponent:63 - No mode defined for component null
2026-01-02 17:44:01,235 [WARN] ModelIntegratedComponent:63 - No mode defined for component null
2026-01-02 17:44:01,235 [WARN] ModelIntegratedComponent:63 - No mode defined for component null
2026-01-02 17:44:01,235 [WARN] ModelIntegratedComponent:63 - No mode defined for component null
2026-01-02 17:44:01,235 [WARN] ModelIntegratedComponent:63 - No mode defined for component null
2026-01-02 17:44:01,235 [WARN] ModelIntegratedComponent:63 - No mode defined for component null
2026-01-02 17:44:01,235 [WARN] ModelIntegratedComponent:63 - No mode defined for component null
2026-01-02 17:44:01,235 [WARN] ModelIntegratedComponent:63 - No mode defined for component null
2026-01-02 17:44:01,235 [WARN] ModelIntegratedComponent:63 - No mode defined for component null
2026-01-02 17:44:01,235 [WARN] ModelIntegratedComponent:63 - No mode defined for component null
2026-01-02 17:44:01,235 [WARN] ModelIntegratedComponent:63 - No mode defined for component null
2026-01-02 17:44:01,235 [WARN] ModelIntegratedComponent:63 - No mode defined for component null
2026-01-02 17:44:01,235 [WARN] ModelIntegratedComponent:63 - No mode defined for component null
2026-01-02 17:44:01,235 [WARN] ModelIntegratedComponent:63 - No mode defined for component null
2026-01-02 17:44:01,236 [WARN] ModelIntegratedComponent:63 - No mode defined for component null
2026-01-02 17:44:01,236 [WARN] ModelIntegratedComponent:63 - No mode defined for component null
2026-01-02 17:44:01,236 [WARN] ModelIntegratedComponent:63 - No mode defined for component null
2026-01-02 17:44:01,236 [WARN] ModelIntegratedComponent:63 - No mode defined for component null
2026-01-02 17:44:01,236 [WARN] ModelIntegratedComponent:63 - No mode defined for component null
2026-01-02 17:44:01,236 [WARN] ModelIntegratedComponent:63 - No mode defined for component null
2026-01-02 17:44:01,236 [WARN] ModelIntegratedComponent:63 - No mode defined for component null
2026-01-02 17:44:01,236 [WARN] ModelIntegratedComponent:63 - No mode defined for component null
2026-01-02 17:44:01,236 [WARN] ModelIntegratedComponent:63 - No mode defined for component null
2026-01-02 17:44:01,236 [WARN] ModelIntegratedComponent:63 - No mode defined for component null
2026-01-02 17:44:01,236 [WARN] ModelIntegratedComponent:63 - No mode defined for component null
2026-01-02 17:44:01,236 [WARN] ModelIntegratedComponent:63 - No mode defined for component null
2026-01-02 17:44:01,237 [WARN] ModelIntegratedComponent:63 - No mode defined for component null
2026-01-02 17:44:01,237 [WARN] ModelIntegratedComponent:63 - No mode defined for component null
2026-01-02 17:44:01,237 [WARN] ModelIntegratedComponent:63 - No mode defined for component null
2026-01-02 17:44:01,237 [WARN] ModelPack:524 - Component already loaded: STMicroelectronics:HAL Drivers:0.0.0:STMicroelectronics:Device:STMicro_Driver:XSPI:HAL::0.0.1:HAL_XSPI
2026-01-02 17:44:01,262 [INFO] ThirdPartyModel:298 - Start build external matchings
2026-01-02 17:44:01,547 [INFO] ThirdPartyModel:316 - End build external matchings
2026-01-02 17:44:01,557 [INFO] ImportTextPane:234 - (OptionalMessage_ERROR) IP (RCC) : Invalid parameter (FamilyName)
2026-01-02 17:44:01,558 [INFO] ImportTextPane:234 - (OptionalMessage_ERROR) IP (RCC) : Parameter (USBFreq_Value) has invalid value (4000000)
2026-01-02 17:44:01,799 [INFO] UtilMem:75 - End LoadConfig() Used Memory: 701705792 Bytes (1073741824)
2026-01-02 17:44:01,873 [WARN] ThirdParty:833 - waiting for thirdparty lock release [change project]
2026-01-02 17:44:01,873 [INFO] ThirdParty:835 - entering critical section [change project]
2026-01-02 17:44:01,873 [INFO] ThirdParty:1030 - CMSIS Pack Vendor :STMicroelectronics X-CUBE-PM33A1 1.0.0
2026-01-02 17:44:01,873 [INFO] ThirdParty:1030 - CMSIS Pack Vendor :STMicroelectronics USBPD 4.1
2026-01-02 17:44:01,873 [INFO] ThirdParty:1030 - CMSIS Pack Vendor :STMicroelectronics X-CUBE-NFC9 1.0.0
2026-01-02 17:44:01,873 [INFO] ThirdParty:1030 - CMSIS Pack Vendor :STMicroelectronics USB_HOST 2.0.0
2026-01-02 17:44:01,874 [INFO] ThirdParty:1030 - CMSIS Pack Vendor :STMicroelectronics FP-SNS-MOTENVWB1 1.4.0
2026-01-02 17:44:01,874 [INFO] ThirdParty:1030 - CMSIS Pack Vendor :STMicroelectronics X-CUBE-AZRTOS-F4 1.1.0
2026-01-02 17:44:01,874 [INFO] ThirdParty:1030 - CMSIS Pack Vendor :STMicroelectronics LIBJPEG 8.0.0
2026-01-02 17:44:01,874 [INFO] ThirdParty:1030 - CMSIS Pack Vendor :STMicroelectronics FP-ATR-ASTRA1 2.0.2
2026-01-02 17:44:01,874 [INFO] ThirdParty:1030 - CMSIS Pack Vendor :STMicroelectronics X-CUBE-BLE1 7.1.0
2026-01-02 17:44:01,874 [INFO] ThirdParty:1030 - CMSIS Pack Vendor :STMicroelectronics X-CUBE-SMBUS 2.1.0
2026-01-02 17:44:01,874 [INFO] ThirdParty:1030 - CMSIS Pack Vendor :wolfSSL I-CUBE-wolfMQTT 1.19.2
2026-01-02 17:44:01,874 [INFO] ThirdParty:1030 - CMSIS Pack Vendor :STMicroelectronics USB_DEVICE 3.0.0
2026-01-02 17:44:01,874 [INFO] ThirdParty:1030 - CMSIS Pack Vendor :STMicroelectronics X-CUBE-ISPU 2.1.0
2026-01-02 17:44:01,874 [INFO] ThirdParty:1030 - CMSIS Pack Vendor :STMicroelectronics X-CUBE-FREERTOS 1.4.0
2026-01-02 17:44:01,874 [INFO] ThirdParty:1030 - CMSIS Pack Vendor :STMicroelectronics X-CUBE-EEPRMA1 5.2.0
2026-01-02 17:44:01,874 [INFO] ThirdParty:1030 - CMSIS Pack Vendor :STMicroelectronics X-CUBE-IPS 3.2.0
2026-01-02 17:44:01,874 [INFO] ThirdParty:1030 - CMSIS Pack Vendor :STMicroelectronics X-CUBE-BLEMGR 4.1.0
2026-01-02 17:44:01,874 [INFO] ThirdParty:1030 - CMSIS Pack Vendor :STMicroelectronics X-CUBE-AZRTOS-WB 2.0.0
2026-01-02 17:44:01,874 [INFO] ThirdParty:1030 - CMSIS Pack Vendor :wolfSSL I-CUBE-wolfSSL 5.8.4
2026-01-02 17:44:01,874 [INFO] ThirdParty:1030 - CMSIS Pack Vendor :Cesanta I-CUBE-Mongoose 7.20.0
2026-01-02 17:44:01,874 [INFO] ThirdParty:1030 - CMSIS Pack Vendor :STMicroelectronics X-CUBE-NFC12 1.0.0
2026-01-02 17:44:01,874 [INFO] ThirdParty:1030 - CMSIS Pack Vendor :STMicroelectronics X-CUBE-AZRTOS-F7 1.1.0
2026-01-02 17:44:01,874 [INFO] ThirdParty:1030 - CMSIS Pack Vendor :STMicroelectronics X-CUBE-AZRTOS-L5 2.0.0
2026-01-02 17:44:01,874 [INFO] ThirdParty:1030 - CMSIS Pack Vendor :STMicroelectronics USB_DEVICE 2.0.0
2026-01-02 17:44:01,874 [INFO] ThirdParty:1030 - CMSIS Pack Vendor :STMicroelectronics X-CUBE-NFC6 3.1.0
2026-01-02 17:44:01,876 [INFO] ThirdParty:1030 - CMSIS Pack Vendor :STMicroelectronics X-CUBE-ST67W61 1.1.0
2026-01-02 17:44:01,876 [INFO] ThirdParty:1030 - CMSIS Pack Vendor :quantropi X-CUBE-qispace-sdk-base 2.1.0
2026-01-02 17:44:01,876 [INFO] ThirdParty:1030 - CMSIS Pack Vendor :STMicroelectronics X-CUBE-MEMS1 12.0.0
2026-01-02 17:44:01,876 [INFO] ThirdParty:1030 - CMSIS Pack Vendor :STMicroelectronics FP-SNS-MOTENV1 5.1.0
2026-01-02 17:44:01,876 [INFO] ThirdParty:1030 - CMSIS Pack Vendor :STMicroelectronics FreeRTOS 0.0.1
2026-01-02 17:44:01,876 [INFO] ThirdParty:1030 - CMSIS Pack Vendor :STMicroelectronics X-CUBE-AZRTOS-G0 1.1.0
2026-01-02 17:44:01,876 [INFO] ThirdParty:1030 - CMSIS Pack Vendor :STMicroelectronics X-CUBE-NFC4 3.0.0
2026-01-02 17:44:01,876 [INFO] ThirdParty:1030 - CMSIS Pack Vendor :STMicroelectronics X-CUBE-SUBG2 5.0.0
2026-01-02 17:44:01,876 [INFO] ThirdParty:1030 - CMSIS Pack Vendor :STMicroelectronics STM32_WPAN 1.0.0
2026-01-02 17:44:01,876 [INFO] ThirdParty:1030 - CMSIS Pack Vendor :EmbeddedOffice I-CUBE-FS-RTOS 1.0.1
2026-01-02 17:44:01,876 [INFO] ThirdParty:1030 - CMSIS Pack Vendor :STMicroelectronics lwIP 2.0.3
2026-01-02 17:44:01,876 [INFO] ThirdParty:1030 - CMSIS Pack Vendor :WES I-CUBE-Cesium 1.4.0
2026-01-02 17:44:01,876 [INFO] ThirdParty:1030 - CMSIS Pack Vendor :STMicroelectronics USB_HOST 1.0.0
2026-01-02 17:44:01,876 [INFO] ThirdParty:1030 - CMSIS Pack Vendor :STMicroelectronics X-CUBE-AZRTOS-G4 2.0.0
2026-01-02 17:44:01,876 [INFO] ThirdParty:1030 - CMSIS Pack Vendor :STMicroelectronics X-CUBE-WB05N 2.0.0
2026-01-02 17:44:01,876 [INFO] ThirdParty:1030 - CMSIS Pack Vendor :STMicroelectronics PDM2PCM 3.1.0
2026-01-02 17:44:01,876 [INFO] ThirdParty:1030 - CMSIS Pack Vendor :STMicroelectronics PDM2PCM 3.3.0
2026-01-02 17:44:01,876 [INFO] ThirdParty:1030 - CMSIS Pack Vendor :wolfSSL I-CUBE-wolfTPM 3.8.0
2026-01-02 17:44:01,877 [INFO] ThirdParty:1030 - CMSIS Pack Vendor :STMicroelectronics X-CUBE-AZRTOS-H7 3.4.0
2026-01-02 17:44:01,877 [INFO] ThirdParty:1030 - CMSIS Pack Vendor :STMicroelectronics X-CUBE-DISPLAY 3.0.0
2026-01-02 17:44:01,877 [INFO] ThirdParty:1030 - CMSIS Pack Vendor :wolfSSL I-CUBE-wolfSSH 1.4.20
2026-01-02 17:44:01,877 [INFO] ThirdParty:1030 - CMSIS Pack Vendor :STMicroelectronics X-CUBE-NFC7 2.0.0
2026-01-02 17:44:01,877 [INFO] ThirdParty:1030 - CMSIS Pack Vendor :STMicroelectronics X-CUBE-TCPP 4.2.0
2026-01-02 17:44:01,877 [INFO] ThirdParty:1030 - CMSIS Pack Vendor :RealThread X-CUBE-RT-Thread_Nano 4.1.1
2026-01-02 17:44:01,877 [INFO] ThirdParty:1030 - CMSIS Pack Vendor :STMicroelectronics FP-ATR-SIGFOX1 3.2.0
2026-01-02 17:44:01,877 [INFO] ThirdParty:1030 - CMSIS Pack Vendor :STMicroelectronics X-CUBE-NFC10 1.0.0
2026-01-02 17:44:01,877 [INFO] ThirdParty:1030 - CMSIS Pack Vendor :STMicroelectronics HAL Drivers 0.0.0
2026-01-02 17:44:01,877 [INFO] ThirdParty:1030 - CMSIS Pack Vendor :STMicroelectronics MBEDTLS 2.16.2
2026-01-02 17:44:01,877 [INFO] ThirdParty:1030 - CMSIS Pack Vendor :STMicroelectronics X-CUBE-ST60 1.1.0
2026-01-02 17:44:01,877 [INFO] ThirdParty:1030 - CMSIS Pack Vendor :STMicroelectronics X-CUBE-ALS 1.0.2
2026-01-02 17:44:01,877 [INFO] ThirdParty:1030 - CMSIS Pack Vendor :emotas I-CUBE-CANOPEN 1.3.0
2026-01-02 17:44:01,877 [INFO] ThirdParty:1030 - CMSIS Pack Vendor :STMicroelectronics MBEDTLS 2.14.1
2026-01-02 17:44:01,877 [INFO] ThirdParty:1030 - CMSIS Pack Vendor :STMicroelectronics X-CUBE-GNSS1 7.1.0
2026-01-02 17:44:01,877 [INFO] ThirdParty:1030 - CMSIS Pack Vendor :ITTIA_DB I-CUBE-ITTIADB 8.9.0
2026-01-02 17:44:01,877 [INFO] ThirdParty:1030 - CMSIS Pack Vendor :STMicroelectronics X-CUBE-TOUCHGFX 4.26.0
2026-01-02 17:44:01,877 [INFO] ThirdParty:1030 - CMSIS Pack Vendor :STMicroelectronics X-CUBE-STSE01 1.0.0
2026-01-02 17:44:01,877 [INFO] ThirdParty:1030 - CMSIS Pack Vendor :STMicroelectronics FP-SNS-STBOX1 2.1.0
2026-01-02 17:44:01,877 [INFO] ThirdParty:1030 - CMSIS Pack Vendor :STMicroelectronics X-CUBE-AI 10.2.0
2026-01-02 17:44:01,878 [INFO] ThirdParty:1030 - CMSIS Pack Vendor :STMicroelectronics FP-SNS-STAIOTCFT 1.0.0
2026-01-02 17:44:01,878 [INFO] ThirdParty:1030 - CMSIS Pack Vendor :STMicroelectronics ThreadX 1.0.0
2026-01-02 17:44:01,878 [INFO] ThirdParty:1030 - CMSIS Pack Vendor :STMicroelectronics FP-SNS-SMARTAG2 1.2.0
2026-01-02 17:44:01,878 [INFO] ThirdParty:1030 - CMSIS Pack Vendor :STMicroelectronics FP-SNS-FLIGHT1 5.1.0
2026-01-02 17:44:01,878 [INFO] ThirdParty:1030 - CMSIS Pack Vendor :STMicroelectronics X-CUBE-AZRTOS-WL 2.0.0
2026-01-02 17:44:01,878 [INFO] ThirdParty:1030 - CMSIS Pack Vendor :SEGGER I-CUBE-embOS 1.3.1
2026-01-02 17:44:01,878 [INFO] ThirdParty:1030 - CMSIS Pack Vendor :STMicroelectronics X-CUBE-ALGOBUILD 1.4.0
2026-01-02 17:44:01,878 [INFO] ThirdParty:1030 - CMSIS Pack Vendor :STMicroelectronics X-CUBE-DPower 1.3.0
2026-01-02 17:44:01,878 [INFO] ThirdParty:1030 - CMSIS Pack Vendor :STMicroelectronics USB_DEVICE 1.0.0
2026-01-02 17:44:01,878 [INFO] ThirdParty:1030 - CMSIS Pack Vendor :STMicroelectronics X-CUBE-AZRTOS-H7RS 1.2.0
2026-01-02 17:44:01,878 [INFO] ThirdParty:1030 - CMSIS Pack Vendor :STMicroelectronics X-CUBE-AZRTOS-L4 2.0.0
2026-01-02 17:44:01,878 [INFO] ThirdParty:1030 - CMSIS Pack Vendor :STMicroelectronics ThreadX 0.0.2
2026-01-02 17:44:01,878 [INFO] ThirdParty:1030 - CMSIS Pack Vendor :STMicroelectronics lwIP 2.1.2
2026-01-02 17:44:01,878 [INFO] ThirdParty:1030 - CMSIS Pack Vendor :STMicroelectronics X-CUBE-SFXS2LP1 4.0.0
2026-01-02 17:44:01,878 [INFO] ThirdParty:1030 - CMSIS Pack Vendor :STMicroelectronics X-CUBE-BLE2 3.3.0
2026-01-02 17:44:01,878 [INFO] ThirdParty:1030 - CMSIS Pack Vendor :Avnet-IOTCONNECT X-CUBE-iotc-st67-sdk 1.0.0
2026-01-02 17:44:01,878 [INFO] ThirdParty:1030 - CMSIS Pack Vendor :STMicroelectronics X-CUBE-TOF1 3.4.3
2026-01-02 17:44:01,878 [INFO] ThirdParty:1030 - CMSIS Pack Vendor :Infineon AIROC-Wi-Fi-Bluetooth-STM32 1.8.0
2026-01-02 17:44:01,878 [INFO] ThirdParty:1030 - CMSIS Pack Vendor :STMicroelectronics PDM2PCM 3.2.0
2026-01-02 17:44:01,878 [INFO] ThirdParty:841 - exiting critical section [change project]
2026-01-02 17:44:01,999 [INFO] PinOutPanel:1589 - setPackage(No Configuration,No Configuration)
2026-01-02 17:44:02,001 [INFO] PinOutPanel:1589 - setPackage(STM32L412RBTxP,LQFP64)
2026-01-02 17:44:02,326 [INFO] UtilMem:75 - Before build in PCC Used Memory: 739023064 Bytes (1073741824)
2026-01-02 17:44:02,566 [INFO] UtilMem:75 - After build in PCC Used Memory: 833912088 Bytes (1073741824)
2026-01-02 17:44:02,585 [INFO] IPUIPlugin:80 - create IPUIPlugin
2026-01-02 17:44:02,585 [INFO] IPUIPlugin:80 - create IPUIPlugin
2026-01-02 17:44:02,585 [INFO] IPUIPlugin:80 - create IPUIPlugin
2026-01-02 17:44:02,585 [INFO] IPUIPlugin:80 - create IPUIPlugin
2026-01-02 17:44:02,585 [INFO] IPUIPlugin:80 - create IPUIPlugin
2026-01-02 17:44:02,585 [INFO] IPUIPlugin:80 - create IPUIPlugin
2026-01-02 17:44:02,585 [INFO] IPUIPlugin:80 - create IPUIPlugin
2026-01-02 17:44:02,585 [INFO] IPUIPlugin:80 - create IPUIPlugin
2026-01-02 17:44:02,586 [INFO] IPUIPlugin:80 - create IPUIPlugin
2026-01-02 17:44:02,586 [INFO] IPUIPlugin:80 - create IPUIPlugin
2026-01-02 17:44:02,586 [INFO] IPUIPlugin:80 - create IPUIPlugin
2026-01-02 17:44:02,586 [INFO] IPUIPlugin:80 - create IPUIPlugin
2026-01-02 17:44:02,586 [INFO] IPUIPlugin:80 - create IPUIPlugin
2026-01-02 17:44:02,586 [INFO] IPUIPlugin:80 - create IPUIPlugin
2026-01-02 17:44:02,586 [INFO] IPUIPlugin:80 - create IPUIPlugin
2026-01-02 17:44:02,586 [INFO] IPUIPlugin:80 - create IPUIPlugin
2026-01-02 17:44:02,586 [INFO] IPUIPlugin:80 - create IPUIPlugin
2026-01-02 17:44:02,586 [INFO] IPUIPlugin:80 - create IPUIPlugin
2026-01-02 17:44:02,587 [INFO] IPUIPlugin:80 - create IPUIPlugin
2026-01-02 17:44:02,587 [INFO] IPUIPlugin:80 - create IPUIPlugin
2026-01-02 17:44:02,587 [INFO] IPUIPlugin:80 - create IPUIPlugin
2026-01-02 17:44:02,587 [INFO] IPUIPlugin:80 - create IPUIPlugin
2026-01-02 17:44:02,587 [INFO] IPUIPlugin:80 - create IPUIPlugin
2026-01-02 17:44:02,587 [INFO] IPUIPlugin:80 - create IPUIPlugin
2026-01-02 17:44:02,587 [INFO] IPUIPlugin:80 - create IPUIPlugin
2026-01-02 17:44:02,587 [INFO] IPUIPlugin:80 - create IPUIPlugin
2026-01-02 17:44:02,588 [INFO] IPUIPlugin:80 - create IPUIPlugin
2026-01-02 17:44:02,588 [INFO] IPUIPlugin:80 - create IPUIPlugin
2026-01-02 17:44:02,588 [INFO] IPUIPlugin:80 - create IPUIPlugin
2026-01-02 17:44:02,588 [INFO] IPUIPlugin:80 - create IPUIPlugin
2026-01-02 17:44:02,588 [INFO] IPUIPlugin:80 - create IPUIPlugin
2026-01-02 17:44:02,589 [INFO] IPUIPlugin:80 - create IPUIPlugin
2026-01-02 17:44:02,589 [INFO] IPUIPlugin:80 - create IPUIPlugin
2026-01-02 17:44:02,589 [INFO] IPUIPlugin:80 - create IPUIPlugin
2026-01-02 17:44:02,589 [INFO] IPUIPlugin:80 - create IPUIPlugin
2026-01-02 17:44:02,589 [INFO] IPUIPlugin:80 - create IPUIPlugin
2026-01-02 17:44:02,589 [INFO] IPUIPlugin:80 - create IPUIPlugin
2026-01-02 17:44:02,590 [INFO] IPUIPlugin:80 - create IPUIPlugin
2026-01-02 17:44:02,629 [INFO] CADModel:165 - CPN selected for project levelSTM32L412RBT6P
2026-01-02 17:44:02,629 [INFO] CADModel:114 - Register for checkConnection events
2026-01-02 17:44:02,693 [INFO] OpenFileManager:386 - Restore cursor
2026-01-02 17:44:02,716 [INFO] ApiDb:581 - Connected to CubeFinder SQLite database (C:\Users\CAMMSYS\.stmcufinder\plugins\mcufinder\mcu\cube-finder-db.db)
2026-01-02 17:46:19,545 [INFO] MainUpdater:2872 - connection check result : 10
2026-01-02 17:46:19,545 [INFO] MainUpdater:2872 - connection check result : 10
2026-01-02 17:46:19,870 [INFO] MicroXplorer:468 - Change Database Path : 
2026-01-02 17:46:19,870 [INFO] MicroXplorer:498 - Change Database Version : DB.6.0.150
2026-01-02 17:46:19,920 [ERROR] ProjectManagerView:395 - 
java.lang.NullPointerException: Cannot invoke "javax.swing.JTextField.getText()" because the return value of "java.util.List.get(int)" is null
	at com.st.microxplorer.plugins.projectmanager.gui.ProjectChoiceTab$9.caretUpdate(ProjectChoiceTab.java:2706) ~[filemanager.jar:?]
	at javax.swing.text.JTextComponent.fireCaretUpdate(JTextComponent.java:408) ~[?:?]
	at javax.swing.text.JTextComponent$MutableCaretEvent.fire(JTextComponent.java:4484) ~[?:?]
	at javax.swing.text.JTextComponent$MutableCaretEvent.stateChanged(JTextComponent.java:4506) ~[?:?]
	at javax.swing.text.DefaultCaret.fireStateChanged(DefaultCaret.java:857) ~[?:?]
	at javax.swing.text.DefaultCaret.changeCaretPosition(DefaultCaret.java:1343) ~[?:?]
	at javax.swing.text.DefaultCaret.handleSetDot(DefaultCaret.java:1242) ~[?:?]
	at javax.swing.text.DefaultCaret.setDot(DefaultCaret.java:1223) ~[?:?]
	at javax.swing.text.DefaultCaret$Handler.insertUpdate(DefaultCaret.java:1819) ~[?:?]
	at javax.swing.text.AbstractDocument.fireInsertUpdate(AbstractDocument.java:227) ~[?:?]
	at javax.swing.text.AbstractDocument.handleInsertString(AbstractDocument.java:781) ~[?:?]
	at javax.swing.text.AbstractDocument.insertString(AbstractDocument.java:740) ~[?:?]
	at javax.swing.text.PlainDocument.insertString(PlainDocument.java:131) ~[?:?]
	at javax.swing.text.AbstractDocument.replace(AbstractDocument.java:699) ~[?:?]
	at javax.swing.text.JTextComponent.setText(JTextComponent.java:1725) ~[?:?]
	at com.st.microxplorer.plugins.projectmanager.gui.ProjectChoiceTab.createHeapStackFields(ProjectChoiceTab.java:993) ~[filemanager.jar:?]
	at com.st.microxplorer.plugins.projectmanager.gui.ProjectChoiceTab.buildLinkSettingsPanel(ProjectChoiceTab.java:3813) ~[filemanager.jar:?]
	at com.st.microxplorer.plugins.projectmanager.gui.ProjectChoiceTab.defineWindowsFields(ProjectChoiceTab.java:1987) ~[filemanager.jar:?]
	at com.st.microxplorer.plugins.projectmanager.gui.ProjectChoiceTab.updateSettings(ProjectChoiceTab.java:558) ~[filemanager.jar:?]
	at com.st.microxplorer.plugins.projectmanager.gui.ProjectSettingsPanel.UpdateDialog(ProjectSettingsPanel.java:247) ~[filemanager.jar:?]
	at com.st.microxplorer.plugins.projectmanager.ProjectManagerView.propertyChange(ProjectManagerView.java:392) ~[filemanager.jar:?]
	at java.beans.PropertyChangeSupport.fire(PropertyChangeSupport.java:343) ~[?:?]
	at java.beans.PropertyChangeSupport.firePropertyChange(PropertyChangeSupport.java:335) ~[?:?]
	at java.beans.PropertyChangeSupport.firePropertyChange(PropertyChangeSupport.java:268) ~[?:?]
	at com.st.microxplorer.util.MXPropertyChangeSupport.firePropertyChange(MXPropertyChangeSupport.java:54) ~[STM32CubeMX.jar:?]
	at com.st.microxplorer.mxsystem.MxSystem.closeConfig(MxSystem.java:899) ~[STM32CubeMX.jar:?]
	at com.st.microxplorer.maingui.MainPanel.closeConfig(MainPanel.java:792) ~[STM32CubeMX.jar:?]
	at com.st.microxplorer.plugins.filemanager.engine.OpenFileManager.loadConfigurationFile(OpenFileManager.java:288) ~[filemanager.jar:?]
	at com.st.microxplorer.plugins.filemanager.engine.MainFileManager.userLoadConfig(MainFileManager.java:364) ~[filemanager.jar:?]
	at com.st.microxplorer.plugins.filemanager.engine.MainFileManager.userLoadConfig(MainFileManager.java:342) ~[filemanager.jar:?]
	at com.st.microxplorer.plugins.filemanager.FileManagerView.getSpecificTask(FileManagerView.java:264) ~[filemanager.jar:?]
	at com.st.stm32cube.common.mx.editor.CubeMxEditor.getMxTabbedPaneInstance(CubeMxEditor.java:1198) ~[com.st.stm32cube.common.mx_6.15.0.202507011659/:?]
	at com.st.stm32cube.common.mx.editor.CubeMxEditor$12$1.createSwingComponent(CubeMxEditor.java:1068) ~[com.st.stm32cube.common.mx_6.15.0.202507011659/:?]
	at com.st.stm32cube.common.mx.oss.core.awtswtbridge.EmbeddedSwingComposite.doComponentCreation(EmbeddedSwingComposite.java:492) ~[com.st.stm32cube.common.mx.oss_6.15.0.202507011659/:?]
	at com.st.stm32cube.common.mx.oss.core.awtswtbridge.EmbeddedSwingComposite$4.run(EmbeddedSwingComposite.java:291) ~[com.st.stm32cube.common.mx.oss_6.15.0.202507011659/:?]
	at com.st.stm32cube.common.mx.oss.core.awtswtbridge.AwtEnvironment$2.run(AwtEnvironment.java:166) ~[com.st.stm32cube.common.mx.oss_6.15.0.202507011659/:?]
	at java.awt.event.InvocationEvent.dispatch(InvocationEvent.java:318) ~[?:?]
	at java.awt.EventQueue.dispatchEventImpl(EventQueue.java:773) ~[?:?]
	at java.awt.EventQueue$4.run(EventQueue.java:720) ~[?:?]
	at java.awt.EventQueue$4.run(EventQueue.java:714) ~[?:?]
	at java.security.AccessController.doPrivileged(AccessController.java:400) ~[?:?]
	at java.security.ProtectionDomain$JavaSecurityAccessImpl.doIntersectionPrivilege(ProtectionDomain.java:87) ~[?:?]
	at java.awt.EventQueue.dispatchEvent(EventQueue.java:742) ~[?:?]
	at java.awt.EventDispatchThread.pumpOneEventForFilters(EventDispatchThread.java:203) ~[?:?]
	at java.awt.EventDispatchThread.pumpEventsForFilter(EventDispatchThread.java:124) ~[?:?]
	at java.awt.EventDispatchThread.pumpEventsForHierarchy(EventDispatchThread.java:113) ~[?:?]
	at java.awt.EventDispatchThread.pumpEvents(EventDispatchThread.java:109) ~[?:?]
	at java.awt.EventDispatchThread.pumpEvents(EventDispatchThread.java:101) ~[?:?]
	at java.awt.EventDispatchThread.run(EventDispatchThread.java:90) ~[?:?]
2026-01-02 17:46:19,923 [WARN] ThirdParty:871 - waiting for thirdparty lock release [close project]
2026-01-02 17:46:19,923 [INFO] ThirdParty:873 - entering critical section [close project]
2026-01-02 17:46:19,923 [INFO] ThirdParty:883 - exiting critical section [close project]
2026-01-02 17:46:19,926 [INFO] PinOutPanel:1589 - setPackage(No Configuration,No Configuration)
2026-01-02 17:46:19,935 [INFO] UtilMem:75 - Begin LoadConfig() Used Memory: 712216304 Bytes (1073741824)
2026-01-02 17:46:19,936 [INFO] MicroXplorer:468 - Change Database Path : 
2026-01-02 17:46:19,936 [INFO] MicroXplorer:498 - Change Database Version : DB.6.0.150
2026-01-02 17:46:19,936 [INFO] OpenFileManager:355 - Change cursor
2026-01-02 17:46:19,949 [INFO] Mcu:2029 - Initializing MCU STM32L412RBTxP STM32L412RBTxP STM32L412RBT6P
2026-01-02 17:46:21,023 [INFO] Context:786 - Trying to add GPIOservice into a context  which must be forbidden
2026-01-02 17:46:21,365 [INFO] ImportTextPane:234 - (OptionalMessage_ERROR) Pin19 (VP_RIF_VS_RIF1) cannot be retrieved for this MCU
2026-01-02 17:46:21,576 [INFO] RtosManager:558 - Registered RTOS mode: class=CMSIS, group=RTOS, mode=CMSIS_V1, owner=FREERTOS
2026-01-02 17:46:21,576 [INFO] RtosManager:558 - Registered RTOS mode: class=CMSIS, group=RTOS2, mode=CMSIS_V2, owner=FREERTOS
2026-01-02 17:46:21,576 [INFO] RtosManager:558 - Registered RTOS mode: class=RTOS, group=Core, mode=CMSIS_V1, owner=FREERTOS
2026-01-02 17:46:21,576 [INFO] RtosManager:558 - Registered RTOS mode: class=RTOS, group=Core, mode=CMSIS_V2, owner=FREERTOS
2026-01-02 17:46:21,577 [WARN] ModelIntegratedComponent:184 - Missing modes for component STMicroelectronics:FreeRTOS:0.0.1:STMicroelectronics:RTOS:FreeRTOS:Core:::10.2.0:
2026-01-02 17:46:21,585 [WARN] ModelIntegratedComponent:63 - No mode defined for component null
2026-01-02 17:46:21,585 [WARN] ModelIntegratedComponent:63 - No mode defined for component null
2026-01-02 17:46:21,585 [WARN] ModelIntegratedComponent:63 - No mode defined for component null
2026-01-02 17:46:21,585 [WARN] ModelIntegratedComponent:63 - No mode defined for component null
2026-01-02 17:46:21,585 [WARN] ModelIntegratedComponent:63 - No mode defined for component null
2026-01-02 17:46:21,585 [WARN] ModelIntegratedComponent:63 - No mode defined for component null
2026-01-02 17:46:21,585 [WARN] ModelIntegratedComponent:63 - No mode defined for component null
2026-01-02 17:46:21,585 [WARN] ModelIntegratedComponent:63 - No mode defined for component null
2026-01-02 17:46:21,585 [WARN] ModelIntegratedComponent:63 - No mode defined for component null
2026-01-02 17:46:21,585 [WARN] ModelIntegratedComponent:63 - No mode defined for component null
2026-01-02 17:46:21,585 [WARN] ModelIntegratedComponent:63 - No mode defined for component null
2026-01-02 17:46:21,585 [WARN] ModelIntegratedComponent:63 - No mode defined for component null
2026-01-02 17:46:21,585 [WARN] ModelIntegratedComponent:63 - No mode defined for component null
2026-01-02 17:46:21,585 [WARN] ModelIntegratedComponent:63 - No mode defined for component null
2026-01-02 17:46:21,585 [WARN] ModelIntegratedComponent:63 - No mode defined for component null
2026-01-02 17:46:21,585 [WARN] ModelIntegratedComponent:63 - No mode defined for component null
2026-01-02 17:46:21,585 [WARN] ModelIntegratedComponent:63 - No mode defined for component null
2026-01-02 17:46:21,587 [WARN] ModelIntegratedComponent:63 - No mode defined for component null
2026-01-02 17:46:21,587 [WARN] ModelIntegratedComponent:63 - No mode defined for component null
2026-01-02 17:46:21,587 [WARN] ModelIntegratedComponent:63 - No mode defined for component null
2026-01-02 17:46:21,587 [WARN] ModelIntegratedComponent:63 - No mode defined for component null
2026-01-02 17:46:21,587 [WARN] ModelIntegratedComponent:63 - No mode defined for component null
2026-01-02 17:46:21,587 [WARN] ModelIntegratedComponent:63 - No mode defined for component null
2026-01-02 17:46:21,587 [WARN] ModelIntegratedComponent:63 - No mode defined for component null
2026-01-02 17:46:21,587 [WARN] ModelIntegratedComponent:63 - No mode defined for component null
2026-01-02 17:46:21,587 [WARN] ModelIntegratedComponent:63 - No mode defined for component null
2026-01-02 17:46:21,587 [WARN] ModelIntegratedComponent:63 - No mode defined for component null
2026-01-02 17:46:21,587 [WARN] ModelIntegratedComponent:63 - No mode defined for component null
2026-01-02 17:46:21,587 [WARN] ModelIntegratedComponent:63 - No mode defined for component null
2026-01-02 17:46:21,587 [WARN] ModelIntegratedComponent:63 - No mode defined for component null
2026-01-02 17:46:21,587 [WARN] ModelIntegratedComponent:63 - No mode defined for component null
2026-01-02 17:46:21,587 [WARN] ModelIntegratedComponent:63 - No mode defined for component null
2026-01-02 17:46:21,587 [WARN] ModelIntegratedComponent:63 - No mode defined for component null
2026-01-02 17:46:21,587 [WARN] ModelIntegratedComponent:63 - No mode defined for component null
2026-01-02 17:46:21,587 [WARN] ModelIntegratedComponent:63 - No mode defined for component null
2026-01-02 17:46:21,587 [WARN] ModelPack:524 - Component already loaded: STMicroelectronics:HAL Drivers:0.0.0:STMicroelectronics:Device:STMicro_Driver:XSPI:HAL::0.0.1:HAL_XSPI
2026-01-02 17:46:21,609 [INFO] ThirdPartyModel:298 - Start build external matchings
2026-01-02 17:46:21,825 [INFO] ThirdPartyModel:316 - End build external matchings
2026-01-02 17:46:21,833 [INFO] ImportTextPane:234 - (OptionalMessage_ERROR) IP (ADC1) : Parameter (CommonPathInternal) has invalid value (null|null|null|null)
2026-01-02 17:46:21,834 [INFO] ImportTextPane:234 - (OptionalMessage_ERROR) IP (RCC) : Invalid parameter (FamilyName)
2026-01-02 17:46:21,835 [INFO] ImportTextPane:234 - (OptionalMessage_ERROR) IP (RCC) : Parameter (USBFreq_Value) has invalid value (4000000)
2026-01-02 17:46:22,174 [INFO] UtilMem:75 - End LoadConfig() Used Memory: 821566592 Bytes (1073741824)
2026-01-02 17:46:22,259 [WARN] ThirdParty:833 - waiting for thirdparty lock release [change project]
2026-01-02 17:46:22,259 [INFO] ThirdParty:835 - entering critical section [change project]
2026-01-02 17:46:22,259 [INFO] ThirdParty:1030 - CMSIS Pack Vendor :STMicroelectronics X-CUBE-PM33A1 1.0.0
2026-01-02 17:46:22,259 [INFO] ThirdParty:1030 - CMSIS Pack Vendor :STMicroelectronics USBPD 4.1
2026-01-02 17:46:22,259 [INFO] ThirdParty:1030 - CMSIS Pack Vendor :STMicroelectronics X-CUBE-NFC9 1.0.0
2026-01-02 17:46:22,259 [INFO] ThirdParty:1030 - CMSIS Pack Vendor :STMicroelectronics USB_HOST 2.0.0
2026-01-02 17:46:22,260 [INFO] ThirdParty:1030 - CMSIS Pack Vendor :STMicroelectronics FP-SNS-MOTENVWB1 1.4.0
2026-01-02 17:46:22,260 [INFO] ThirdParty:1030 - CMSIS Pack Vendor :STMicroelectronics X-CUBE-AZRTOS-F4 1.1.0
2026-01-02 17:46:22,260 [INFO] ThirdParty:1030 - CMSIS Pack Vendor :STMicroelectronics LIBJPEG 8.0.0
2026-01-02 17:46:22,260 [INFO] ThirdParty:1030 - CMSIS Pack Vendor :STMicroelectronics FP-ATR-ASTRA1 2.0.2
2026-01-02 17:46:22,260 [INFO] ThirdParty:1030 - CMSIS Pack Vendor :STMicroelectronics X-CUBE-BLE1 7.1.0
2026-01-02 17:46:22,260 [INFO] ThirdParty:1030 - CMSIS Pack Vendor :STMicroelectronics X-CUBE-SMBUS 2.1.0
2026-01-02 17:46:22,260 [INFO] ThirdParty:1030 - CMSIS Pack Vendor :wolfSSL I-CUBE-wolfMQTT 1.19.2
2026-01-02 17:46:22,260 [INFO] ThirdParty:1030 - CMSIS Pack Vendor :STMicroelectronics USB_DEVICE 3.0.0
2026-01-02 17:46:22,260 [INFO] ThirdParty:1030 - CMSIS Pack Vendor :STMicroelectronics X-CUBE-ISPU 2.1.0
2026-01-02 17:46:22,260 [INFO] ThirdParty:1030 - CMSIS Pack Vendor :STMicroelectronics X-CUBE-FREERTOS 1.4.0
2026-01-02 17:46:22,260 [INFO] ThirdParty:1030 - CMSIS Pack Vendor :STMicroelectronics X-CUBE-EEPRMA1 5.2.0
2026-01-02 17:46:22,260 [INFO] ThirdParty:1030 - CMSIS Pack Vendor :STMicroelectronics X-CUBE-IPS 3.2.0
2026-01-02 17:46:22,260 [INFO] ThirdParty:1030 - CMSIS Pack Vendor :STMicroelectronics X-CUBE-BLEMGR 4.1.0
2026-01-02 17:46:22,260 [INFO] ThirdParty:1030 - CMSIS Pack Vendor :STMicroelectronics X-CUBE-AZRTOS-WB 2.0.0
2026-01-02 17:46:22,260 [INFO] ThirdParty:1030 - CMSIS Pack Vendor :wolfSSL I-CUBE-wolfSSL 5.8.4
2026-01-02 17:46:22,261 [INFO] ThirdParty:1030 - CMSIS Pack Vendor :Cesanta I-CUBE-Mongoose 7.20.0
2026-01-02 17:46:22,261 [INFO] ThirdParty:1030 - CMSIS Pack Vendor :STMicroelectronics X-CUBE-NFC12 1.0.0
2026-01-02 17:46:22,261 [INFO] ThirdParty:1030 - CMSIS Pack Vendor :STMicroelectronics X-CUBE-AZRTOS-F7 1.1.0
2026-01-02 17:46:22,261 [INFO] ThirdParty:1030 - CMSIS Pack Vendor :STMicroelectronics X-CUBE-AZRTOS-L5 2.0.0
2026-01-02 17:46:22,261 [INFO] ThirdParty:1030 - CMSIS Pack Vendor :STMicroelectronics USB_DEVICE 2.0.0
2026-01-02 17:46:22,261 [INFO] ThirdParty:1030 - CMSIS Pack Vendor :STMicroelectronics X-CUBE-NFC6 3.1.0
2026-01-02 17:46:22,261 [INFO] ThirdParty:1030 - CMSIS Pack Vendor :STMicroelectronics X-CUBE-ST67W61 1.1.0
2026-01-02 17:46:22,261 [INFO] ThirdParty:1030 - CMSIS Pack Vendor :quantropi X-CUBE-qispace-sdk-base 2.1.0
2026-01-02 17:46:22,261 [INFO] ThirdParty:1030 - CMSIS Pack Vendor :STMicroelectronics X-CUBE-MEMS1 12.0.0
2026-01-02 17:46:22,261 [INFO] ThirdParty:1030 - CMSIS Pack Vendor :STMicroelectronics FP-SNS-MOTENV1 5.1.0
2026-01-02 17:46:22,261 [INFO] ThirdParty:1030 - CMSIS Pack Vendor :STMicroelectronics FreeRTOS 0.0.1
2026-01-02 17:46:22,261 [INFO] ThirdParty:1030 - CMSIS Pack Vendor :STMicroelectronics X-CUBE-AZRTOS-G0 1.1.0
2026-01-02 17:46:22,261 [INFO] ThirdParty:1030 - CMSIS Pack Vendor :STMicroelectronics X-CUBE-NFC4 3.0.0
2026-01-02 17:46:22,261 [INFO] ThirdParty:1030 - CMSIS Pack Vendor :STMicroelectronics X-CUBE-SUBG2 5.0.0
2026-01-02 17:46:22,261 [INFO] ThirdParty:1030 - CMSIS Pack Vendor :STMicroelectronics STM32_WPAN 1.0.0
2026-01-02 17:46:22,261 [INFO] ThirdParty:1030 - CMSIS Pack Vendor :EmbeddedOffice I-CUBE-FS-RTOS 1.0.1
2026-01-02 17:46:22,261 [INFO] ThirdParty:1030 - CMSIS Pack Vendor :STMicroelectronics lwIP 2.0.3
2026-01-02 17:46:22,261 [INFO] ThirdParty:1030 - CMSIS Pack Vendor :WES I-CUBE-Cesium 1.4.0
2026-01-02 17:46:22,261 [INFO] ThirdParty:1030 - CMSIS Pack Vendor :STMicroelectronics USB_HOST 1.0.0
2026-01-02 17:46:22,261 [INFO] ThirdParty:1030 - CMSIS Pack Vendor :STMicroelectronics X-CUBE-AZRTOS-G4 2.0.0
2026-01-02 17:46:22,261 [INFO] ThirdParty:1030 - CMSIS Pack Vendor :STMicroelectronics X-CUBE-WB05N 2.0.0
2026-01-02 17:46:22,261 [INFO] ThirdParty:1030 - CMSIS Pack Vendor :STMicroelectronics PDM2PCM 3.1.0
2026-01-02 17:46:22,262 [INFO] ThirdParty:1030 - CMSIS Pack Vendor :STMicroelectronics PDM2PCM 3.3.0
2026-01-02 17:46:22,262 [INFO] ThirdParty:1030 - CMSIS Pack Vendor :wolfSSL I-CUBE-wolfTPM 3.8.0
2026-01-02 17:46:22,262 [INFO] ThirdParty:1030 - CMSIS Pack Vendor :STMicroelectronics X-CUBE-AZRTOS-H7 3.4.0
2026-01-02 17:46:22,262 [INFO] ThirdParty:1030 - CMSIS Pack Vendor :STMicroelectronics X-CUBE-DISPLAY 3.0.0
2026-01-02 17:46:22,262 [INFO] ThirdParty:1030 - CMSIS Pack Vendor :wolfSSL I-CUBE-wolfSSH 1.4.20
2026-01-02 17:46:22,262 [INFO] ThirdParty:1030 - CMSIS Pack Vendor :STMicroelectronics X-CUBE-NFC7 2.0.0
2026-01-02 17:46:22,262 [INFO] ThirdParty:1030 - CMSIS Pack Vendor :STMicroelectronics X-CUBE-TCPP 4.2.0
2026-01-02 17:46:22,262 [INFO] ThirdParty:1030 - CMSIS Pack Vendor :RealThread X-CUBE-RT-Thread_Nano 4.1.1
2026-01-02 17:46:22,262 [INFO] ThirdParty:1030 - CMSIS Pack Vendor :STMicroelectronics FP-ATR-SIGFOX1 3.2.0
2026-01-02 17:46:22,262 [INFO] ThirdParty:1030 - CMSIS Pack Vendor :STMicroelectronics X-CUBE-NFC10 1.0.0
2026-01-02 17:46:22,262 [INFO] ThirdParty:1030 - CMSIS Pack Vendor :STMicroelectronics HAL Drivers 0.0.0
2026-01-02 17:46:22,262 [INFO] ThirdParty:1030 - CMSIS Pack Vendor :STMicroelectronics MBEDTLS 2.16.2
2026-01-02 17:46:22,262 [INFO] ThirdParty:1030 - CMSIS Pack Vendor :STMicroelectronics X-CUBE-ST60 1.1.0
2026-01-02 17:46:22,262 [INFO] ThirdParty:1030 - CMSIS Pack Vendor :STMicroelectronics X-CUBE-ALS 1.0.2
2026-01-02 17:46:22,262 [INFO] ThirdParty:1030 - CMSIS Pack Vendor :emotas I-CUBE-CANOPEN 1.3.0
2026-01-02 17:46:22,262 [INFO] ThirdParty:1030 - CMSIS Pack Vendor :STMicroelectronics MBEDTLS 2.14.1
2026-01-02 17:46:22,262 [INFO] ThirdParty:1030 - CMSIS Pack Vendor :STMicroelectronics X-CUBE-GNSS1 7.1.0
2026-01-02 17:46:22,262 [INFO] ThirdParty:1030 - CMSIS Pack Vendor :ITTIA_DB I-CUBE-ITTIADB 8.9.0
2026-01-02 17:46:22,262 [INFO] ThirdParty:1030 - CMSIS Pack Vendor :STMicroelectronics X-CUBE-TOUCHGFX 4.26.0
2026-01-02 17:46:22,262 [INFO] ThirdParty:1030 - CMSIS Pack Vendor :STMicroelectronics X-CUBE-STSE01 1.0.0
2026-01-02 17:46:22,262 [INFO] ThirdParty:1030 - CMSIS Pack Vendor :STMicroelectronics FP-SNS-STBOX1 2.1.0
2026-01-02 17:46:22,262 [INFO] ThirdParty:1030 - CMSIS Pack Vendor :STMicroelectronics X-CUBE-AI 10.2.0
2026-01-02 17:46:22,262 [INFO] ThirdParty:1030 - CMSIS Pack Vendor :STMicroelectronics FP-SNS-STAIOTCFT 1.0.0
2026-01-02 17:46:22,262 [INFO] ThirdParty:1030 - CMSIS Pack Vendor :STMicroelectronics ThreadX 1.0.0
2026-01-02 17:46:22,262 [INFO] ThirdParty:1030 - CMSIS Pack Vendor :STMicroelectronics FP-SNS-SMARTAG2 1.2.0
2026-01-02 17:46:22,262 [INFO] ThirdParty:1030 - CMSIS Pack Vendor :STMicroelectronics FP-SNS-FLIGHT1 5.1.0
2026-01-02 17:46:22,262 [INFO] ThirdParty:1030 - CMSIS Pack Vendor :STMicroelectronics X-CUBE-AZRTOS-WL 2.0.0
2026-01-02 17:46:22,262 [INFO] ThirdParty:1030 - CMSIS Pack Vendor :SEGGER I-CUBE-embOS 1.3.1
2026-01-02 17:46:22,262 [INFO] ThirdParty:1030 - CMSIS Pack Vendor :STMicroelectronics X-CUBE-ALGOBUILD 1.4.0
2026-01-02 17:46:22,262 [INFO] ThirdParty:1030 - CMSIS Pack Vendor :STMicroelectronics X-CUBE-DPower 1.3.0
2026-01-02 17:46:22,262 [INFO] ThirdParty:1030 - CMSIS Pack Vendor :STMicroelectronics USB_DEVICE 1.0.0
2026-01-02 17:46:22,262 [INFO] ThirdParty:1030 - CMSIS Pack Vendor :STMicroelectronics X-CUBE-AZRTOS-H7RS 1.2.0
2026-01-02 17:46:22,262 [INFO] ThirdParty:1030 - CMSIS Pack Vendor :STMicroelectronics X-CUBE-AZRTOS-L4 2.0.0
2026-01-02 17:46:22,262 [INFO] ThirdParty:1030 - CMSIS Pack Vendor :STMicroelectronics ThreadX 0.0.2
2026-01-02 17:46:22,262 [INFO] ThirdParty:1030 - CMSIS Pack Vendor :STMicroelectronics lwIP 2.1.2
2026-01-02 17:46:22,262 [INFO] ThirdParty:1030 - CMSIS Pack Vendor :STMicroelectronics X-CUBE-SFXS2LP1 4.0.0
2026-01-02 17:46:22,262 [INFO] ThirdParty:1030 - CMSIS Pack Vendor :STMicroelectronics X-CUBE-BLE2 3.3.0
2026-01-02 17:46:22,262 [INFO] ThirdParty:1030 - CMSIS Pack Vendor :Avnet-IOTCONNECT X-CUBE-iotc-st67-sdk 1.0.0
2026-01-02 17:46:22,262 [INFO] ThirdParty:1030 - CMSIS Pack Vendor :STMicroelectronics X-CUBE-TOF1 3.4.3
2026-01-02 17:46:22,262 [INFO] ThirdParty:1030 - CMSIS Pack Vendor :Infineon AIROC-Wi-Fi-Bluetooth-STM32 1.8.0
2026-01-02 17:46:22,262 [INFO] ThirdParty:1030 - CMSIS Pack Vendor :STMicroelectronics PDM2PCM 3.2.0
2026-01-02 17:46:22,263 [INFO] ThirdParty:841 - exiting critical section [change project]
2026-01-02 17:46:22,392 [INFO] PinOutPanel:1589 - setPackage(No Configuration,No Configuration)
2026-01-02 17:46:22,393 [INFO] PinOutPanel:1589 - setPackage(STM32L412RBTxP,LQFP64)
2026-01-02 17:46:22,621 [INFO] UtilMem:75 - Before build in PCC Used Memory: 982336696 Bytes (1073741824)
2026-01-02 17:46:22,888 [INFO] UtilMem:75 - After build in PCC Used Memory: 797956992 Bytes (1073741824)
2026-01-02 17:46:22,905 [INFO] IPUIPlugin:80 - create IPUIPlugin
2026-01-02 17:46:22,905 [INFO] IPUIPlugin:80 - create IPUIPlugin
2026-01-02 17:46:22,905 [INFO] IPUIPlugin:80 - create IPUIPlugin
2026-01-02 17:46:22,905 [INFO] IPUIPlugin:80 - create IPUIPlugin
2026-01-02 17:46:22,905 [INFO] IPUIPlugin:80 - create IPUIPlugin
2026-01-02 17:46:22,905 [INFO] IPUIPlugin:80 - create IPUIPlugin
2026-01-02 17:46:22,905 [INFO] IPUIPlugin:80 - create IPUIPlugin
2026-01-02 17:46:22,905 [INFO] IPUIPlugin:80 - create IPUIPlugin
2026-01-02 17:46:22,905 [INFO] IPUIPlugin:80 - create IPUIPlugin
2026-01-02 17:46:22,905 [INFO] IPUIPlugin:80 - create IPUIPlugin
2026-01-02 17:46:22,905 [INFO] IPUIPlugin:80 - create IPUIPlugin
2026-01-02 17:46:22,905 [INFO] IPUIPlugin:80 - create IPUIPlugin
2026-01-02 17:46:22,905 [INFO] IPUIPlugin:80 - create IPUIPlugin
2026-01-02 17:46:22,906 [INFO] IPUIPlugin:80 - create IPUIPlugin
2026-01-02 17:46:22,906 [INFO] IPUIPlugin:80 - create IPUIPlugin
2026-01-02 17:46:22,906 [INFO] IPUIPlugin:80 - create IPUIPlugin
2026-01-02 17:46:22,906 [INFO] IPUIPlugin:80 - create IPUIPlugin
2026-01-02 17:46:22,906 [INFO] IPUIPlugin:80 - create IPUIPlugin
2026-01-02 17:46:22,906 [INFO] IPUIPlugin:80 - create IPUIPlugin
2026-01-02 17:46:22,906 [INFO] IPUIPlugin:80 - create IPUIPlugin
2026-01-02 17:46:22,906 [INFO] IPUIPlugin:80 - create IPUIPlugin
2026-01-02 17:46:22,906 [INFO] IPUIPlugin:80 - create IPUIPlugin
2026-01-02 17:46:22,907 [INFO] IPUIPlugin:80 - create IPUIPlugin
2026-01-02 17:46:22,907 [INFO] IPUIPlugin:80 - create IPUIPlugin
2026-01-02 17:46:22,907 [INFO] IPUIPlugin:80 - create IPUIPlugin
2026-01-02 17:46:22,907 [INFO] IPUIPlugin:80 - create IPUIPlugin
2026-01-02 17:46:22,907 [INFO] IPUIPlugin:80 - create IPUIPlugin
2026-01-02 17:46:22,907 [INFO] IPUIPlugin:80 - create IPUIPlugin
2026-01-02 17:46:22,908 [INFO] IPUIPlugin:80 - create IPUIPlugin
2026-01-02 17:46:22,908 [INFO] IPUIPlugin:80 - create IPUIPlugin
2026-01-02 17:46:22,908 [INFO] IPUIPlugin:80 - create IPUIPlugin
2026-01-02 17:46:22,908 [INFO] IPUIPlugin:80 - create IPUIPlugin
2026-01-02 17:46:22,908 [INFO] IPUIPlugin:80 - create IPUIPlugin
2026-01-02 17:46:22,908 [INFO] IPUIPlugin:80 - create IPUIPlugin
2026-01-02 17:46:22,908 [INFO] IPUIPlugin:80 - create IPUIPlugin
2026-01-02 17:46:22,908 [INFO] IPUIPlugin:80 - create IPUIPlugin
2026-01-02 17:46:22,908 [INFO] IPUIPlugin:80 - create IPUIPlugin
2026-01-02 17:46:22,908 [INFO] IPUIPlugin:80 - create IPUIPlugin
2026-01-02 17:46:22,950 [INFO] CADModel:165 - CPN selected for project levelSTM32L412RBT6P
2026-01-02 17:46:22,950 [INFO] CADModel:114 - Register for checkConnection events
2026-01-02 17:46:23,010 [INFO] OpenFileManager:386 - Restore cursor
2026-01-02 17:46:35,817 [INFO] UtilMem:75 - End SaveConfig() Used Memory: 1004723784 Bytes (1073741824)
2026-01-02 17:46:37,066 [INFO] UtilMem:75 - End SaveConfig() Used Memory: 717611688 Bytes (1073741824)
2026-01-02 17:46:38,445 [INFO] UtilMem:75 - End SaveConfig() Used Memory: 782623400 Bytes (1073741824)
2026-01-02 17:46:39,126 [INFO] BlockDiagram:2775 - set Specific Code input for plugin: NVIC
2026-01-02 17:46:39,127 [INFO] BlockDiagram:2775 - set Specific Code input for plugin: SYS
2026-01-02 17:46:39,127 [INFO] BlockDiagram:2775 - set Specific Code input for plugin: GPIO
2026-01-02 17:46:39,127 [INFO] BlockDiagram:2775 - set Specific Code input for plugin: ADC
2026-01-02 17:46:39,127 [INFO] BlockDiagram:2775 - set Specific Code input for plugin: RCC
2026-01-02 17:46:39,127 [INFO] BlockDiagram:2775 - set Specific Code input for plugin: LPUART
2026-01-02 17:46:39,129 [INFO] CodeGenerator:892 - code generatio: config db path: C:\ST\STM32CubeIDE_1.19.0\STM32CubeIDE\plugins\com.st.stm32cube.common.mx_6.15.0.202507011659\\db\
2026-01-02 17:46:39,363 [INFO] CodeEngine:265 - oldGeneratedFile, C:\Users\CAMMSYS\STM32CubeIDE\workspace_1.19.0\light_sensor\MXTmpFiles\license.tmp_save
2026-01-02 17:46:39,552 [INFO] CodeEngine:289 - Generated code: C:\Users\CAMMSYS\STM32CubeIDE\workspace_1.19.0\light_sensor\MXTmpFiles\license.tmp
2026-01-02 17:46:39,621 [INFO] CodeEngine:265 - oldGeneratedFile, C:\Users\CAMMSYS\STM32CubeIDE\workspace_1.19.0\light_sensor\MXTmpFiles\gpio.tmp_save
2026-01-02 17:46:39,745 [INFO] CodeEngine:289 - Generated code: C:\Users\CAMMSYS\STM32CubeIDE\workspace_1.19.0\light_sensor\MXTmpFiles\gpio.tmp
2026-01-02 17:46:39,988 [INFO] CodeEngine:265 - oldGeneratedFile, C:\Users\CAMMSYS\STM32CubeIDE\workspace_1.19.0\light_sensor\Core\Src\stm32l4xx_it.c_save
2026-01-02 17:46:40,183 [INFO] CodeEngine:289 - Generated code: C:\Users\CAMMSYS\STM32CubeIDE\workspace_1.19.0\light_sensor\Core\Src\stm32l4xx_it.c
2026-01-02 17:46:40,192 [INFO] CodeEngine:265 - oldGeneratedFile, C:\Users\CAMMSYS\STM32CubeIDE\workspace_1.19.0\light_sensor\Core\Inc\stm32l4xx_it.h_save
2026-01-02 17:46:40,265 [INFO] CodeEngine:289 - Generated code: C:\Users\CAMMSYS\STM32CubeIDE\workspace_1.19.0\light_sensor\Core\Inc\stm32l4xx_it.h
2026-01-02 17:46:40,283 [INFO] CodeEngine:265 - oldGeneratedFile, C:\Users\CAMMSYS\STM32CubeIDE\workspace_1.19.0\light_sensor\Core\Src\stm32l4xx_hal_msp.c_save
2026-01-02 17:46:40,423 [INFO] CodeEngine:289 - Generated code: C:\Users\CAMMSYS\STM32CubeIDE\workspace_1.19.0\light_sensor\Core\Src\stm32l4xx_hal_msp.c
2026-01-02 17:46:40,432 [INFO] CodeEngine:265 - oldGeneratedFile, C:\Users\CAMMSYS\STM32CubeIDE\workspace_1.19.0\light_sensor\MXTmpFiles\system.tmp_save
2026-01-02 17:46:40,500 [INFO] CodeEngine:289 - Generated code: C:\Users\CAMMSYS\STM32CubeIDE\workspace_1.19.0\light_sensor\MXTmpFiles\system.tmp
2026-01-02 17:46:40,517 [INFO] CodeEngine:321 - oldGeneratedFile, C:\Users\CAMMSYS\STM32CubeIDE\workspace_1.19.0\light_sensor\Core\Inc\stm32l4xx_hal_conf.h_save
2026-01-02 17:46:40,590 [INFO] CodeEngine:345 - Generated code: C:\Users\CAMMSYS\STM32CubeIDE\workspace_1.19.0\light_sensor\Core\Inc\stm32l4xx_hal_conf.h
2026-01-02 17:46:40,621 [INFO] ApiDbMcu:532 - Load IP Config File for ADC1
2026-01-02 17:46:40,638 [INFO] ApiDbMcu:532 - Load IP Config File for LPUART1
2026-01-02 17:46:40,642 [INFO] ApiDbMcu:532 - Load IP Config File for RCC
2026-01-02 17:46:40,656 [INFO] CodeEngine:265 - oldGeneratedFile, C:\Users\CAMMSYS\STM32CubeIDE\workspace_1.19.0\light_sensor\Core\Inc\main.h_save
2026-01-02 17:46:40,746 [INFO] CodeEngine:289 - Generated code: C:\Users\CAMMSYS\STM32CubeIDE\workspace_1.19.0\light_sensor\Core\Inc\main.h
2026-01-02 17:46:40,757 [INFO] CodeEngine:265 - oldGeneratedFile, C:\Users\CAMMSYS\STM32CubeIDE\workspace_1.19.0\light_sensor\Core\Src\main.c_save
2026-01-02 17:46:40,870 [INFO] CodeEngine:289 - Generated code: C:\Users\CAMMSYS\STM32CubeIDE\workspace_1.19.0\light_sensor\Core\Src\main.c
2026-01-02 17:46:41,317 [INFO] ProjectBuilder:3606 - Time for Copy HAL[1] : 338mS.
2026-01-02 17:46:41,322 [INFO] ProjectBuilder:5216 - Project Generator version: 4.7.0-B52
2026-01-02 17:46:41,377 [INFO] ConfigFileManager:1595 - The Die is : DIE464
2026-01-02 17:46:41,383 [INFO] ApiDbMcu:532 - Load IP Config File for FATFS
2026-01-02 17:46:41,388 [INFO] ApiDbMcu:532 - Load IP Config File for FREERTOS
2026-01-02 17:46:41,398 [INFO] ApiDbMcu:532 - Load IP Config File for TOUCHSENSING
2026-01-02 17:46:41,404 [INFO] ApiDbMcu:532 - Load IP Config File for USB_DEVICE
2026-01-02 17:46:42,562 [INFO] ProjectBuilder:5496 - Time for Generating toolchain IDE Files: 1241mS.
2026-01-02 17:46:42,564 [INFO] ProjectBuilder:3463 - Time for Copy CMSIS : 1mS.
2026-01-02 17:46:42,569 [INFO] ProjectBuilder:3463 - Time for Copy CMSIS : 0mS.
