2025-12-12 15:13:39,517 [INFO] Activator:176 - 


2025-12-12 15:13:39,518 [INFO] Activator:177 - !SESSION log4j initialized
2025-12-12 15:13:42,561 [INFO] LogOutputStream:77 - [STDOUT_REDIRECT] 
2025-12-12 15:13:45,254 [INFO] ApplicationProperties:184 - Using Application install path: C:\ST\STM32CubeIDE_1.19.0\STM32CubeIDE\plugins\com.st.stm32cube.common.mx_6.15.0.202507011659
2025-12-12 15:13:45,271 [INFO] DbMcusXml:78 - Set database path to: C:\ST\STM32CubeIDE_1.19.0\STM32CubeIDE\plugins\com.st.stm32cube.common.mx_6.15.0.202507011659\\db\/mcu/
2025-12-12 15:13:45,271 [INFO] ApiDb:274 - Set plugin database path to: C:\ST\STM32CubeIDE_1.19.0\STM32CubeIDE\plugins\com.st.stm32cube.common.mx_6.15.0.202507011659\\db\/plugins/boardmanager/
2025-12-12 15:13:45,271 [WARN] ApiDb:259 - Overriding images path with different value:  => C:\ST\STM32CubeIDE_1.19.0\STM32CubeIDE\plugins\com.st.stm32cube.common.mx_6.15.0.202507011659\\db\/plugins/mcufinder/images/
2025-12-12 15:13:47,267 [WARN] ApiFinderProperties:113 - C:\Users\CAMMSYS\.stmcufinder\plugins\mcufinder\mcu\mcuFinder.mfd doesn't exist
2025-12-12 15:13:47,268 [INFO] ApiDb:250 - Set database path to: C:\Users\CAMMSYS\.stmcufinder\plugins\mcufinder//mcu/
2025-12-12 15:13:47,268 [INFO] DbMcusAds:125 - Set database path to: C:\Users\CAMMSYS\.stmcufinder\plugins\mcufinder//mcu/
2025-12-12 15:13:47,272 [INFO] CrossReferenceDbSqlite:203 - Set database path to: C:\Users\CAMMSYS\.stmcufinder\plugins\mcufinder//mcu/cs/
2025-12-12 15:13:47,394 [INFO] RulesReader:64 - Compatibility file has been processed (317 Rules)
2025-12-12 15:13:47,534 [INFO] DbMcusXml:78 - Set database path to: C:\ST\STM32CubeIDE_1.19.0\STM32CubeIDE\plugins\com.st.stm32cube.common.mx_6.15.0.202507011659\\db\/mcu/
2025-12-12 15:13:47,535 [INFO] ApiDb:274 - Set plugin database path to: C:\ST\STM32CubeIDE_1.19.0\STM32CubeIDE\plugins\com.st.stm32cube.common.mx_6.15.0.202507011659\\db\/plugins/boardmanager/
2025-12-12 15:13:47,535 [INFO] ApiDb:261 - Set plugin images path to: C:\ST\STM32CubeIDE_1.19.0\STM32CubeIDE\plugins\com.st.stm32cube.common.mx_6.15.0.202507011659\\db\/plugins/mcufinder/images/
2025-12-12 15:13:47,535 [WARN] DbFile:41 - Overriding database path with different value: C:\Users\CAMMSYS\.stmcufinder\plugins\mcufinder/ => C:\Users\CAMMSYS\.stmcufinder\plugins\mcufinder
2025-12-12 15:13:47,535 [INFO] ApiDb:250 - Set database path to: C:\Users\CAMMSYS\.stmcufinder\plugins\mcufinder//mcu/
2025-12-12 15:13:47,535 [WARN] DbFile:41 - Overriding database path with different value: C:\Users\CAMMSYS\.stmcufinder\plugins\mcufinder/ => C:\Users\CAMMSYS\.stmcufinder\plugins\mcufinder
2025-12-12 15:13:47,535 [INFO] DbMcusAds:125 - Set database path to: C:\Users\CAMMSYS\.stmcufinder\plugins\mcufinder//mcu/
2025-12-12 15:13:47,535 [WARN] DbFile:41 - Overriding database path with different value: C:\Users\CAMMSYS\.stmcufinder\plugins\mcufinder/ => C:\Users\CAMMSYS\.stmcufinder\plugins\mcufinder
2025-12-12 15:13:47,535 [WARN] DbFile:41 - Overriding database path with different value: C:\Users\CAMMSYS\.stmcufinder\plugins\mcufinder/ => C:\Users\CAMMSYS\.stmcufinder\plugins\mcufinder
2025-12-12 15:13:47,535 [INFO] CrossReferenceDbSqlite:203 - Set database path to: C:\Users\CAMMSYS\.stmcufinder\plugins\mcufinder//mcu/cs/
2025-12-12 15:13:47,636 [INFO] MainPanel:274 - HeapMemory: 268435456
2025-12-12 15:13:47,768 [INFO] DbMcusXml:78 - Set database path to: C:\ST\STM32CubeIDE_1.19.0\STM32CubeIDE\plugins\com.st.stm32cube.common.mx_6.15.0.202507011659\\db\/mcu/
2025-12-12 15:13:47,769 [INFO] ApiDb:274 - Set plugin database path to: C:\ST\STM32CubeIDE_1.19.0\STM32CubeIDE\plugins\com.st.stm32cube.common.mx_6.15.0.202507011659\\db\/plugins/boardmanager/
2025-12-12 15:13:47,769 [INFO] ApiDb:261 - Set plugin images path to: C:\ST\STM32CubeIDE_1.19.0\STM32CubeIDE\plugins\com.st.stm32cube.common.mx_6.15.0.202507011659\\db\/plugins/mcufinder/images/
2025-12-12 15:13:47,769 [WARN] DbFile:41 - Overriding database path with different value: C:\Users\CAMMSYS\.stmcufinder\plugins\mcufinder/ => C:\Users\CAMMSYS\.stmcufinder\plugins\mcufinder
2025-12-12 15:13:47,769 [INFO] ApiDb:250 - Set database path to: C:\Users\CAMMSYS\.stmcufinder\plugins\mcufinder//mcu/
2025-12-12 15:13:47,769 [WARN] DbFile:41 - Overriding database path with different value: C:\Users\CAMMSYS\.stmcufinder\plugins\mcufinder/ => C:\Users\CAMMSYS\.stmcufinder\plugins\mcufinder
2025-12-12 15:13:47,770 [INFO] DbMcusAds:125 - Set database path to: C:\Users\CAMMSYS\.stmcufinder\plugins\mcufinder//mcu/
2025-12-12 15:13:47,770 [WARN] DbFile:41 - Overriding database path with different value: C:\Users\CAMMSYS\.stmcufinder\plugins\mcufinder/ => C:\Users\CAMMSYS\.stmcufinder\plugins\mcufinder
2025-12-12 15:13:47,770 [WARN] DbFile:41 - Overriding database path with different value: C:\Users\CAMMSYS\.stmcufinder\plugins\mcufinder/ => C:\Users\CAMMSYS\.stmcufinder\plugins\mcufinder
2025-12-12 15:13:47,770 [INFO] CrossReferenceDbSqlite:203 - Set database path to: C:\Users\CAMMSYS\.stmcufinder\plugins\mcufinder//mcu/cs/
2025-12-12 15:13:47,790 [INFO] ApplicationProperties:184 - Using Application install path: C:\ST\STM32CubeIDE_1.19.0\STM32CubeIDE\plugins\com.st.stm32cube.common.mx_6.15.0.202507011659
2025-12-12 15:13:47,792 [INFO] PluginManage:196 - Search for loadable plugins [exclusion list=, ]
2025-12-12 15:13:47,793 [INFO] PluginManage:310 - Check plugin analytics
2025-12-12 15:13:48,065 [INFO] AnalyticsPlugin:253 - Accepted Software Licenses: 
2025-12-12 15:13:48,065 [INFO] AnalyticsPlugin:255 - Accepted CMSIS Pack Licenses: 
2025-12-12 15:13:48,066 [INFO] AnalyticsPlugin:257 - Accepted Firmware Licenses: 
2025-12-12 15:13:48,071 [INFO] PluginManage:359 - Loaded plugin analytics (category:tool,tabindex:-1)
2025-12-12 15:13:48,071 [INFO] PluginManage:310 - Check plugin cadmodel
2025-12-12 15:13:48,081 [INFO] CADModel:105 - Init CAD model plugin
2025-12-12 15:13:48,081 [INFO] PluginManage:359 - Loaded plugin cadmodel (category:power,tabindex:5)
2025-12-12 15:13:48,081 [INFO] PluginManage:310 - Check plugin clock
2025-12-12 15:13:48,096 [INFO] PluginManage:359 - Loaded plugin clock (category:base,tabindex:2)
2025-12-12 15:13:48,097 [INFO] PluginManage:310 - Check plugin ddr
2025-12-12 15:13:48,100 [INFO] PluginManage:359 - Loaded plugin ddr (category:tool,tabindex:6)
2025-12-12 15:13:48,101 [INFO] PluginManage:310 - Check plugin filemanager
2025-12-12 15:13:48,313 [INFO] PluginManage:359 - Loaded plugin filemanager (category:base,tabindex:10)
2025-12-12 15:13:48,314 [INFO] PluginManage:310 - Check plugin ipmanager
2025-12-12 15:13:48,323 [INFO] PluginManage:359 - Loaded plugin ipmanager (category:base,tabindex:5)
2025-12-12 15:13:48,323 [INFO] PluginManage:310 - Check plugin lpbam
2025-12-12 15:13:48,331 [INFO] PluginManage:359 - Loaded plugin lpbam (category:base,tabindex:0)
2025-12-12 15:13:48,331 [INFO] PluginManage:310 - Check plugin memorymap
2025-12-12 15:13:48,360 [INFO] PluginManage:359 - Loaded plugin memorymap (category:base,tabindex:4)
2025-12-12 15:13:48,361 [INFO] PluginManage:310 - Check plugin pinoutandconfiguration
2025-12-12 15:13:48,375 [INFO] PluginManage:359 - Loaded plugin pinoutandconfiguration (category:base,tabindex:1)
2025-12-12 15:13:48,375 [INFO] PluginManage:310 - Check plugin pinoutconfig
2025-12-12 15:13:48,475 [WARN] SupportedApi:132 - Cannot load RTOS API schema: s4s-elt-must-match.1: The content of 'definitions' must match (annotation?, (simpleType | complexType)?, (unique | key | keyref)*)). A problem was found starting at: attribute.
2025-12-12 15:13:48,639 [INFO] PluginManage:359 - Loaded plugin pinoutconfig (category:base,tabindex:0)
2025-12-12 15:13:48,639 [INFO] PluginManage:310 - Check plugin power
2025-12-12 15:13:48,650 [INFO] PluginManage:359 - Loaded plugin power (category:power,tabindex:4)
2025-12-12 15:13:48,650 [INFO] PluginManage:310 - Check plugin projectmanager
2025-12-12 15:13:48,665 [INFO] PluginManage:359 - Loaded plugin projectmanager (category:projectmanager,tabindex:4)
2025-12-12 15:13:48,665 [INFO] PluginManage:310 - Check plugin rif
2025-12-12 15:13:48,675 [INFO] PluginManage:359 - Loaded plugin rif (category:base,tabindex:3)
2025-12-12 15:13:48,675 [INFO] PluginManage:310 - Check plugin thirdparty
2025-12-12 15:13:48,818 [INFO] PluginManage:359 - Loaded plugin thirdparty (category:base,tabindex:-1)
2025-12-12 15:13:48,818 [INFO] PluginManage:310 - Check plugin tools
2025-12-12 15:13:48,818 [WARN] IntegrityCheckThread:84 - waiting for thirdparty lock release [integrity check]
2025-12-12 15:13:48,818 [INFO] IntegrityCheckThread:86 - entering critical section [integrity check]
2025-12-12 15:13:48,819 [INFO] ThirdPartyUpdaterWithRetryManager:70 - Updater plugin not ready yet. [1/15]
2025-12-12 15:13:48,821 [INFO] PluginManage:359 - Loaded plugin tools (category:base,tabindex:7)
2025-12-12 15:13:48,821 [INFO] PluginManage:310 - Check plugin tutovideos
2025-12-12 15:13:49,065 [INFO] PluginManage:359 - Loaded plugin tutovideos (category:base,tabindex:-1)
2025-12-12 15:13:49,066 [INFO] PluginManage:310 - Check plugin updater
2025-12-12 15:13:49,088 [INFO] PluginManage:359 - Loaded plugin updater (category:base,tabindex:12)
2025-12-12 15:13:49,088 [INFO] PluginManage:310 - Check plugin userauth
2025-12-12 15:13:49,092 [INFO] UserAuth:118 - Init User Auth plugin
2025-12-12 15:13:49,093 [INFO] PluginManage:359 - Loaded plugin userauth (category:base,tabindex:14)
2025-12-12 15:13:49,093 [INFO] PluginManage:283 - PluginManage : Loaded plugins [18]
2025-12-12 15:13:49,306 [INFO] PinOutPanel:1589 - setPackage(No Configuration,No Configuration)
2025-12-12 15:13:49,383 [INFO] CADModel:165 - CPN selected for project level
2025-12-12 15:13:49,383 [INFO] CADModel:114 - Register for checkConnection events
2025-12-12 15:13:49,401 [INFO] IPUIPlugin:80 - create IPUIPlugin
2025-12-12 15:13:49,401 [INFO] PluginManager:220 - loadIPPluginJar : add adc
2025-12-12 15:13:49,404 [INFO] IPUIPlugin:80 - create IPUIPlugin
2025-12-12 15:13:49,404 [INFO] PluginManager:220 - loadIPPluginJar : add aes
2025-12-12 15:13:49,408 [INFO] IPUIPlugin:80 - create IPUIPlugin
2025-12-12 15:13:49,408 [INFO] PluginManager:220 - loadIPPluginJar : add can
2025-12-12 15:13:49,411 [INFO] IPUIPlugin:80 - create IPUIPlugin
2025-12-12 15:13:49,411 [INFO] PluginManager:220 - loadIPPluginJar : add comp
2025-12-12 15:13:49,414 [INFO] IPUIPlugin:80 - create IPUIPlugin
2025-12-12 15:13:49,415 [INFO] PluginManager:220 - loadIPPluginJar : add cryp
2025-12-12 15:13:49,419 [INFO] IPUIPlugin:80 - create IPUIPlugin
2025-12-12 15:13:49,419 [INFO] PluginManager:220 - loadIPPluginJar : add ddr_ctrl_phy
2025-12-12 15:13:49,421 [INFO] IPUIPlugin:80 - create IPUIPlugin
2025-12-12 15:13:49,421 [INFO] PluginManager:220 - loadIPPluginJar : add dfsdm
2025-12-12 15:13:49,428 [INFO] IPUIPlugin:80 - create IPUIPlugin
2025-12-12 15:13:49,429 [INFO] PluginManager:220 - loadIPPluginJar : add dma
2025-12-12 15:13:49,433 [INFO] IPUIPlugin:80 - create IPUIPlugin
2025-12-12 15:13:49,433 [INFO] PluginManager:220 - loadIPPluginJar : add dma3
2025-12-12 15:13:49,437 [INFO] IPUIPlugin:80 - create IPUIPlugin
2025-12-12 15:13:49,437 [INFO] PluginManager:220 - loadIPPluginJar : add extmemmanager
2025-12-12 15:13:49,440 [INFO] IPUIPlugin:80 - create IPUIPlugin
2025-12-12 15:13:49,440 [INFO] PluginManager:220 - loadIPPluginJar : add fatfs
2025-12-12 15:13:49,445 [INFO] IPUIPlugin:80 - create IPUIPlugin
2025-12-12 15:13:49,445 [INFO] PluginManager:220 - loadIPPluginJar : add fmc
2025-12-12 15:13:49,454 [INFO] IPUIPlugin:80 - create IPUIPlugin
2025-12-12 15:13:49,454 [INFO] PluginManager:220 - loadIPPluginJar : add freertos
2025-12-12 15:13:49,457 [INFO] IPUIPlugin:80 - create IPUIPlugin
2025-12-12 15:13:49,457 [INFO] PluginManager:220 - loadIPPluginJar : add genericplugin
2025-12-12 15:13:49,460 [INFO] IPUIPlugin:80 - create IPUIPlugin
2025-12-12 15:13:49,460 [INFO] PluginManager:220 - loadIPPluginJar : add gfxmmu
2025-12-12 15:13:49,467 [INFO] IPUIPlugin:80 - create IPUIPlugin
2025-12-12 15:13:49,467 [INFO] PluginManager:220 - loadIPPluginJar : add gic
2025-12-12 15:13:49,472 [INFO] IPUIPlugin:80 - create IPUIPlugin
2025-12-12 15:13:49,473 [INFO] PluginManager:220 - loadIPPluginJar : add gpio
2025-12-12 15:13:49,476 [INFO] IPUIPlugin:80 - create IPUIPlugin
2025-12-12 15:13:49,476 [INFO] PluginManager:220 - loadIPPluginJar : add gtzc
2025-12-12 15:13:49,479 [INFO] IPUIPlugin:80 - create IPUIPlugin
2025-12-12 15:13:49,479 [INFO] PluginManager:220 - loadIPPluginJar : add hash
2025-12-12 15:13:49,484 [INFO] IPUIPlugin:80 - create IPUIPlugin
2025-12-12 15:13:49,484 [INFO] PluginManager:220 - loadIPPluginJar : add i2c
2025-12-12 15:13:49,490 [INFO] IPUIPlugin:80 - create IPUIPlugin
2025-12-12 15:13:49,490 [INFO] PluginManager:220 - loadIPPluginJar : add i2s
2025-12-12 15:13:49,493 [INFO] IPUIPlugin:80 - create IPUIPlugin
2025-12-12 15:13:49,494 [INFO] PluginManager:220 - loadIPPluginJar : add i3c
2025-12-12 15:13:49,498 [INFO] IPUIPlugin:80 - create IPUIPlugin
2025-12-12 15:13:49,498 [INFO] PluginManager:220 - loadIPPluginJar : add ipddr
2025-12-12 15:13:49,505 [INFO] IPUIPlugin:80 - create IPUIPlugin
2025-12-12 15:13:49,505 [INFO] PluginManager:220 - loadIPPluginJar : add linkedlist
2025-12-12 15:13:49,509 [INFO] IPUIPlugin:80 - create IPUIPlugin
2025-12-12 15:13:49,509 [INFO] PluginManager:220 - loadIPPluginJar : add lorawan
2025-12-12 15:13:49,511 [INFO] IPUIPlugin:80 - create IPUIPlugin
2025-12-12 15:13:49,511 [INFO] PluginManager:220 - loadIPPluginJar : add ltdc
2025-12-12 15:13:49,518 [INFO] IPUIPlugin:80 - create IPUIPlugin
2025-12-12 15:13:49,519 [INFO] PluginManager:220 - loadIPPluginJar : add mdma
2025-12-12 15:13:49,522 [INFO] IPUIPlugin:80 - create IPUIPlugin
2025-12-12 15:13:49,522 [INFO] PluginManager:220 - loadIPPluginJar : add nvic
2025-12-12 15:13:49,525 [INFO] IPUIPlugin:80 - create IPUIPlugin
2025-12-12 15:13:49,526 [INFO] PluginManager:220 - loadIPPluginJar : add opamp
2025-12-12 15:13:49,529 [INFO] IPUIPlugin:80 - create IPUIPlugin
2025-12-12 15:13:49,530 [INFO] PluginManager:220 - loadIPPluginJar : add openamp
2025-12-12 15:13:49,533 [INFO] IPUIPlugin:80 - create IPUIPlugin
2025-12-12 15:13:49,534 [INFO] PluginManager:220 - loadIPPluginJar : add pdm2pcm
2025-12-12 15:13:49,542 [INFO] IPUIPlugin:80 - create IPUIPlugin
2025-12-12 15:13:49,544 [INFO] PluginManager:220 - loadIPPluginJar : add plateformsettings
2025-12-12 15:13:49,547 [INFO] IPUIPlugin:80 - create IPUIPlugin
2025-12-12 15:13:49,547 [INFO] PluginManager:220 - loadIPPluginJar : add quadspi
2025-12-12 15:13:49,550 [INFO] IPUIPlugin:80 - create IPUIPlugin
2025-12-12 15:13:49,551 [INFO] PluginManager:220 - loadIPPluginJar : add radio
2025-12-12 15:13:49,555 [INFO] IPUIPlugin:80 - create IPUIPlugin
2025-12-12 15:13:49,555 [INFO] PluginManager:220 - loadIPPluginJar : add resmgrutility
2025-12-12 15:13:49,559 [INFO] IPUIPlugin:80 - create IPUIPlugin
2025-12-12 15:13:49,559 [INFO] PluginManager:220 - loadIPPluginJar : add sai
2025-12-12 15:13:49,562 [INFO] IPUIPlugin:80 - create IPUIPlugin
2025-12-12 15:13:49,562 [INFO] PluginManager:220 - loadIPPluginJar : add spi
2025-12-12 15:13:49,568 [INFO] IPUIPlugin:80 - create IPUIPlugin
2025-12-12 15:13:49,569 [INFO] PluginManager:220 - loadIPPluginJar : add stm32_wpan
2025-12-12 15:13:49,570 [INFO] IPUIPlugin:80 - create IPUIPlugin
2025-12-12 15:13:49,570 [INFO] PluginManager:220 - loadIPPluginJar : add tim
2025-12-12 15:13:49,572 [INFO] IPUIPlugin:80 - create IPUIPlugin
2025-12-12 15:13:49,573 [INFO] PluginManager:220 - loadIPPluginJar : add touchsensing
2025-12-12 15:13:49,574 [INFO] IPUIPlugin:80 - create IPUIPlugin
2025-12-12 15:13:49,574 [INFO] PluginManager:220 - loadIPPluginJar : add tracer_emb
2025-12-12 15:13:49,576 [INFO] IPUIPlugin:80 - create IPUIPlugin
2025-12-12 15:13:49,576 [INFO] PluginManager:220 - loadIPPluginJar : add ts
2025-12-12 15:13:49,578 [INFO] IPUIPlugin:80 - create IPUIPlugin
2025-12-12 15:13:49,578 [INFO] PluginManager:220 - loadIPPluginJar : add tsc
2025-12-12 15:13:49,580 [INFO] IPUIPlugin:80 - create IPUIPlugin
2025-12-12 15:13:49,580 [INFO] PluginManager:220 - loadIPPluginJar : add ucpd
2025-12-12 15:13:49,583 [INFO] IPUIPlugin:80 - create IPUIPlugin
2025-12-12 15:13:49,583 [INFO] PluginManager:220 - loadIPPluginJar : add usart
2025-12-12 15:13:49,587 [INFO] IPUIPlugin:80 - create IPUIPlugin
2025-12-12 15:13:49,587 [INFO] PluginManager:220 - loadIPPluginJar : add usbx
2025-12-12 15:13:49,716 [FATAL] Updater:351 - Updater called before beeing initialized
2025-12-12 15:13:49,734 [INFO] RulesReader:64 - Compatibility file has been processed (317 Rules)
2025-12-12 15:13:49,740 [INFO] RulesReader:64 - Compatibility file has been processed (317 Rules)
2025-12-12 15:13:49,749 [INFO] CADModel:165 - CPN selected for project level
2025-12-12 15:13:49,749 [INFO] CADModel:114 - Register for checkConnection events
2025-12-12 15:13:49,749 [FATAL] Updater:351 - Updater called before beeing initialized
2025-12-12 15:13:49,749 [ERROR] CADModel:125 - Updater not yet initialized, retry later 
2025-12-12 15:13:49,911 [FATAL] Updater:351 - Updater called before beeing initialized
2025-12-12 15:13:49,916 [INFO] CADModel:165 - CPN selected for project level
2025-12-12 15:13:49,916 [INFO] CADModel:114 - Register for checkConnection events
2025-12-12 15:13:49,916 [FATAL] Updater:351 - Updater called before beeing initialized
2025-12-12 15:13:49,916 [ERROR] CADModel:125 - Updater not yet initialized, retry later 
2025-12-12 15:13:49,920 [FATAL] Updater:351 - Updater called before beeing initialized
2025-12-12 15:13:50,016 [FATAL] Updater:351 - Updater called before beeing initialized
2025-12-12 15:13:50,020 [INFO] DbMcusAds:53 - JSON generation date=Thu Sep 30 15:55:09 KST 2021 (1632984909247)
2025-12-12 15:13:50,020 [FATAL] Updater:351 - Updater called before beeing initialized
2025-12-12 15:13:50,286 [WARN] DetailPanel:346 - Failed to get advertising image, set to default
2025-12-12 15:13:50,359 [FATAL] Updater:351 - Updater called before beeing initialized
2025-12-12 15:13:50,361 [FATAL] Updater:351 - Updater called before beeing initialized
2025-12-12 15:13:50,361 [FATAL] Updater:351 - Updater called before beeing initialized
2025-12-12 15:13:50,361 [WARN] DetailPanel:346 - Failed to get advertising image, set to default
2025-12-12 15:13:50,361 [FATAL] Updater:351 - Updater called before beeing initialized
2025-12-12 15:13:50,398 [ERROR] Updater:1198 - MainUpdater not yet initialized. External WinMGr cannot be set.
2025-12-12 15:13:50,400 [INFO] Updater:1134 - Updater Version found : 6.15.0
2025-12-12 15:13:50,418 [INFO] ApplicationProperties:184 - Using Application install path: C:\ST\STM32CubeIDE_1.19.0\STM32CubeIDE\plugins\com.st.stm32cube.common.mx_6.15.0.202507011659
2025-12-12 15:13:51,827 [INFO] ThirdPartyUpdaterWithRetryManager:70 - Updater plugin not ready yet. [2/15]
2025-12-12 15:13:52,020 [ERROR] LogOutputStream:75 - [STDERR_REDIRECT] Dec 12, 2025 3:13:52 PM java.util.prefs.WindowsPreferences <init>
2025-12-12 15:13:52,021 [ERROR] LogOutputStream:75 - [STDERR_REDIRECT] WARNING: Could not open/create prefs root node Software\JavaSoft\Prefs at root 0xffffffff80000002. Windows RegCreateKeyEx(...) returned error code 5.
2025-12-12 15:13:52,021 [ERROR] LogOutputStream:75 - [STDERR_REDIRECT] 
2025-12-12 15:13:52,034 [INFO] MainUpdater:525 - Copy updater definitions from MX database
2025-12-12 15:13:52,056 [INFO] MainUpdater:558 - Copy flag file definitions from MX database
2025-12-12 15:13:52,060 [INFO] MainUpdater:574 - Copy thirdparty index definitions from MX database
2025-12-12 15:13:52,062 [INFO] MainUpdater:593 - Copy default thirdparty db definitions from MX database
2025-12-12 15:13:52,690 [INFO] MainUpdater:2872 - connection check result : 10
2025-12-12 15:13:52,691 [INFO] MainUpdater:3604 - Updater definition file requires update
2025-12-12 15:13:52,691 [INFO] MainUpdater:289 - Updater Check For Update Now.
2025-12-12 15:13:52,692 [INFO] MicroXplorer:498 - Change Database Version : DB.6.0.150
2025-12-12 15:13:52,696 [INFO] McuFinderGlobals:63 - Set McuFinder mode to 2 (CubeIDE integrated)
2025-12-12 15:13:52,696 [INFO] UserAuth:171 - activating auth plugin
2025-12-12 15:13:52,698 [INFO] UserAuth:487 - Internet connection configuration mode: 1
2025-12-12 15:13:52,713 [INFO] JxBrowserEngine:152 - Initiate JxBrowser Engine with user profile folder
2025-12-12 15:13:53,282 [INFO] ServerAccessManage:452 - Complete download http(s) 200
2025-12-12 15:13:53,282 [INFO] ServerAccessManage:509 - Download File updaters.zip
2025-12-12 15:13:53,743 [INFO] FileExtend:248 - Unzip File : updaters.zip
2025-12-12 15:13:53,743 [INFO] FileExtend:263 - Standard Zip Deflate
2025-12-12 15:13:54,171 [INFO] ServerAccessManage:452 - Complete download http(s) 200
2025-12-12 15:13:54,171 [INFO] ServerAccessManage:509 - Download File PacksControlFlags.xml
2025-12-12 15:13:54,352 [INFO] ServerAccessManage:452 - Complete download http(s) 200
2025-12-12 15:13:54,353 [INFO] ServerAccessManage:509 - Download File cubemx.pidx
2025-12-12 15:13:54,831 [WARN] MainUpdater:1193 - Updater busy. Cannot search thirdparties
2025-12-12 15:13:54,831 [INFO] ThirdPartyUpdaterWithRetryManager:96 - Updater plugin is busy. [1/15]
2025-12-12 15:13:55,315 [INFO] ServerAccessManage:452 - Complete download http(s) 200
2025-12-12 15:13:55,315 [INFO] ServerAccessManage:509 - Download File STMicroelectronics.FP-ATR-ASTRA1.pdsc
2025-12-12 15:13:57,833 [WARN] MainUpdater:1193 - Updater busy. Cannot search thirdparties
2025-12-12 15:13:57,833 [INFO] ThirdPartyUpdaterWithRetryManager:96 - Updater plugin is busy. [2/15]
2025-12-12 15:13:59,781 [INFO] ServerAccessManage:452 - Complete download http(s) 200
2025-12-12 15:13:59,781 [INFO] ServerAccessManage:509 - Download File STMicroelectronics.FP-ATR-SIGFOX1.pdsc
2025-12-12 15:14:00,851 [WARN] MainUpdater:1193 - Updater busy. Cannot search thirdparties
2025-12-12 15:14:00,851 [INFO] ThirdPartyUpdaterWithRetryManager:96 - Updater plugin is busy. [3/15]
2025-12-12 15:14:01,335 [INFO] ServerAccessManage:452 - Complete download http(s) 200
2025-12-12 15:14:01,335 [INFO] ServerAccessManage:509 - Download File STMicroelectronics.FP-SNS-STBOX1.pdsc
2025-12-12 15:14:02,686 [INFO] WebApp:169 - Instantiating new browser for Auth
2025-12-12 15:14:03,439 [INFO] WebApp:463 - Apply proxy settings
2025-12-12 15:14:03,440 [INFO] WebApp:548 - Chromium requires no authentication
2025-12-12 15:14:03,450 [INFO] WebApp:491 - Direct internet connection detected
2025-12-12 15:14:03,470 [INFO] WebApp:900 - Register for checkConnection events
2025-12-12 15:14:03,473 [INFO] WebApp:463 - Apply proxy settings
2025-12-12 15:14:03,473 [INFO] WebApp:548 - Chromium requires no authentication
2025-12-12 15:14:03,473 [INFO] WebApp:491 - Direct internet connection detected
2025-12-12 15:14:03,678 [INFO] WebApp:225 - Starting web application
2025-12-12 15:14:03,678 [INFO] WebApp:593 - Web application path used C:\ST\STM32CubeIDE_1.19.0\STM32CubeIDE\plugins\com.st.stm32cube.common.mx_6.15.0.202507011659\db\plugins\mcufinder\reactClient1\index.html
2025-12-12 15:14:03,689 [INFO] WebApp:191 - Connection restablished
2025-12-12 15:14:03,793 [INFO] ServerAccessManage:452 - Complete download http(s) 200
2025-12-12 15:14:03,793 [INFO] ServerAccessManage:509 - Download File STMicroelectronics.FP-SNS-FLIGHT1.pdsc
2025-12-12 15:14:03,858 [WARN] MainUpdater:1193 - Updater busy. Cannot search thirdparties
2025-12-12 15:14:03,858 [INFO] ThirdPartyUpdaterWithRetryManager:96 - Updater plugin is busy. [4/15]
2025-12-12 15:14:06,546 [INFO] ServerAccessManage:452 - Complete download http(s) 200
2025-12-12 15:14:06,546 [INFO] ServerAccessManage:509 - Download File STMicroelectronics.FP-SNS-MOTENV1.pdsc
2025-12-12 15:14:06,865 [WARN] MainUpdater:1193 - Updater busy. Cannot search thirdparties
2025-12-12 15:14:06,866 [INFO] ThirdPartyUpdaterWithRetryManager:96 - Updater plugin is busy. [5/15]
2025-12-12 15:14:09,867 [WARN] MainUpdater:1193 - Updater busy. Cannot search thirdparties
2025-12-12 15:14:09,867 [INFO] ThirdPartyUpdaterWithRetryManager:96 - Updater plugin is busy. [6/15]
2025-12-12 15:14:10,680 [INFO] ServerAccessManage:452 - Complete download http(s) 200
2025-12-12 15:14:10,680 [INFO] ServerAccessManage:509 - Download File STMicroelectronics.FP-SNS-MOTENVWB1.pdsc
2025-12-12 15:14:12,868 [WARN] MainUpdater:1193 - Updater busy. Cannot search thirdparties
2025-12-12 15:14:12,868 [INFO] ThirdPartyUpdaterWithRetryManager:96 - Updater plugin is busy. [7/15]
2025-12-12 15:14:13,585 [INFO] ServerAccessManage:452 - Complete download http(s) 200
2025-12-12 15:14:13,585 [INFO] ServerAccessManage:509 - Download File STMicroelectronics.FP-SNS-SMARTAG2.pdsc
2025-12-12 15:14:15,016 [INFO] ServerAccessManage:452 - Complete download http(s) 200
2025-12-12 15:14:15,017 [INFO] ServerAccessManage:509 - Download File STMicroelectronics.FP-SNS-STAIOTCFT.pdsc
2025-12-12 15:14:15,869 [WARN] MainUpdater:1193 - Updater busy. Cannot search thirdparties
2025-12-12 15:14:15,869 [INFO] ThirdPartyUpdaterWithRetryManager:96 - Updater plugin is busy. [8/15]
2025-12-12 15:14:16,228 [INFO] ServerAccessManage:452 - Complete download http(s) 200
2025-12-12 15:14:16,228 [INFO] ServerAccessManage:509 - Download File STMicroelectronics.X-CUBE-AI.pdsc
2025-12-12 15:14:18,872 [WARN] MainUpdater:1193 - Updater busy. Cannot search thirdparties
2025-12-12 15:14:18,872 [INFO] ThirdPartyUpdaterWithRetryManager:96 - Updater plugin is busy. [9/15]
2025-12-12 15:14:21,873 [WARN] MainUpdater:1193 - Updater busy. Cannot search thirdparties
2025-12-12 15:14:21,873 [INFO] ThirdPartyUpdaterWithRetryManager:96 - Updater plugin is busy. [10/15]
2025-12-12 15:14:24,873 [WARN] MainUpdater:1193 - Updater busy. Cannot search thirdparties
2025-12-12 15:14:24,873 [INFO] ThirdPartyUpdaterWithRetryManager:96 - Updater plugin is busy. [11/15]
2025-12-12 15:14:27,875 [WARN] MainUpdater:1193 - Updater busy. Cannot search thirdparties
2025-12-12 15:14:27,875 [INFO] ThirdPartyUpdaterWithRetryManager:96 - Updater plugin is busy. [12/15]
2025-12-12 15:14:29,237 [INFO] ServerAccessManage:452 - Complete download http(s) 200
2025-12-12 15:14:29,237 [INFO] ServerAccessManage:509 - Download File STMicroelectronics.X-CUBE-ALS.pdsc
2025-12-12 15:14:30,876 [WARN] MainUpdater:1193 - Updater busy. Cannot search thirdparties
2025-12-12 15:14:30,876 [INFO] ThirdPartyUpdaterWithRetryManager:96 - Updater plugin is busy. [13/15]
2025-12-12 15:14:31,887 [INFO] ServerAccessManage:452 - Complete download http(s) 200
2025-12-12 15:14:31,887 [INFO] ServerAccessManage:509 - Download File STMicroelectronics.X-CUBE-BLE1.pdsc
2025-12-12 15:14:33,878 [WARN] MainUpdater:1193 - Updater busy. Cannot search thirdparties
2025-12-12 15:14:33,878 [INFO] ThirdPartyUpdaterWithRetryManager:96 - Updater plugin is busy. [14/15]
2025-12-12 15:14:36,879 [WARN] MainUpdater:1193 - Updater busy. Cannot search thirdparties
2025-12-12 15:14:36,879 [INFO] ThirdPartyUpdaterWithRetryManager:96 - Updater plugin is busy. [15/15]
2025-12-12 15:14:36,880 [ERROR] IntegrityCheckThread:130 - Cannot retrieve database content from updater: error -1
2025-12-12 15:14:36,880 [INFO] ThirdParty:978 - Integrity check success = false
2025-12-12 15:14:36,880 [INFO] IntegrityCheckThread:100 - exiting critical section [integrity check]
2025-12-12 15:14:36,880 [INFO] IntegrityCheckThread:103 - End integrity checks thread
2025-12-12 15:14:42,289 [ERROR] ServerAccessManage:1212 - Problem, file not found on Server
2025-12-12 15:14:42,849 [INFO] ServerAccessManage:452 - Complete download http(s) 200
2025-12-12 15:14:42,849 [INFO] ServerAccessManage:509 - Download File STMicroelectronics.X-CUBE-BLE2.pdsc
2025-12-12 15:14:49,412 [INFO] ServerAccessManage:452 - Complete download http(s) 200
2025-12-12 15:14:49,413 [INFO] ServerAccessManage:509 - Download File STMicroelectronics.X-CUBE-BLEMGR.pdsc
2025-12-12 15:14:51,811 [ERROR] ServerAccessManage:1212 - Problem, file not found on Server
2025-12-12 15:14:57,397 [INFO] ServerAccessManage:452 - Complete download http(s) 200
2025-12-12 15:14:57,398 [INFO] ServerAccessManage:509 - Download File STMicroelectronics.X-CUBE-DISPLAY.pdsc
2025-12-12 15:15:01,760 [INFO] ServerAccessManage:452 - Complete download http(s) 200
2025-12-12 15:15:01,761 [INFO] ServerAccessManage:509 - Download File STMicroelectronics.X-CUBE-DPOWER.pdsc
2025-12-12 15:15:04,063 [ERROR] ServerAccessManage:1212 - Problem, file not found on Server
2025-12-12 15:15:04,841 [ERROR] ServerAccessManage:1212 - Problem, file not found on Server
2025-12-12 15:15:05,652 [ERROR] ServerAccessManage:1212 - Problem, file not found on Server
2025-12-12 15:15:06,115 [ERROR] ServerAccessManage:1212 - Problem, file not found on Server
2025-12-12 15:15:06,827 [ERROR] ServerAccessManage:1212 - Problem, file not found on Server
2025-12-12 15:15:07,542 [ERROR] ServerAccessManage:1212 - Problem, file not found on Server
2025-12-12 15:15:08,298 [ERROR] ServerAccessManage:1212 - Problem, file not found on Server
2025-12-12 15:15:08,989 [ERROR] ServerAccessManage:1212 - Problem, file not found on Server
2025-12-12 15:15:09,726 [ERROR] ServerAccessManage:1212 - Problem, file not found on Server
2025-12-12 15:15:10,470 [ERROR] ServerAccessManage:1212 - Problem, file not found on Server
2025-12-12 15:15:11,189 [ERROR] ServerAccessManage:1212 - Problem, file not found on Server
2025-12-12 15:15:11,623 [INFO] ServerAccessManage:452 - Complete download http(s) 200
2025-12-12 15:15:11,623 [INFO] ServerAccessManage:509 - Download File STMicroelectronics.X-CUBE-EEPRMA1.pdsc
2025-12-12 15:15:13,534 [ERROR] ServerAccessManage:1212 - Problem, file not found on Server
2025-12-12 15:15:16,242 [ERROR] ServerAccessManage:1212 - Problem, file not found on Server
2025-12-12 15:15:18,459 [INFO] ServerAccessManage:452 - Complete download http(s) 200
2025-12-12 15:15:18,459 [INFO] ServerAccessManage:509 - Download File STMicroelectronics.X-CUBE-FREERTOS.pdsc
2025-12-12 15:15:21,269 [INFO] ServerAccessManage:452 - Complete download http(s) 200
2025-12-12 15:15:21,269 [INFO] ServerAccessManage:509 - Download File STMicroelectronics.X-CUBE-GNSS1.pdsc
2025-12-12 15:15:30,270 [ERROR] ServerAccessManage:1212 - Problem, file not found on Server
2025-12-12 15:15:31,090 [ERROR] ServerAccessManage:1212 - Problem, file not found on Server
2025-12-12 15:15:31,839 [ERROR] ServerAccessManage:1212 - Problem, file not found on Server
2025-12-12 15:15:32,428 [ERROR] ServerAccessManage:1212 - Problem, file not found on Server
2025-12-12 15:15:33,122 [ERROR] ServerAccessManage:1212 - Problem, file not found on Server
2025-12-12 15:15:33,851 [ERROR] ServerAccessManage:1212 - Problem, file not found on Server
2025-12-12 15:15:34,582 [INFO] ServerAccessManage:452 - Complete download http(s) 200
2025-12-12 15:15:34,583 [INFO] ServerAccessManage:509 - Download File STMicroelectronics.X-CUBE-ISPU.pdsc
2025-12-12 15:15:37,750 [INFO] ServerAccessManage:452 - Complete download http(s) 200
2025-12-12 15:15:37,750 [INFO] ServerAccessManage:509 - Download File STMicroelectronics.X-CUBE-IPS.pdsc
2025-12-12 15:15:40,274 [INFO] ServerAccessManage:452 - Complete download http(s) 200
2025-12-12 15:15:40,275 [INFO] ServerAccessManage:509 - Download File STMicroelectronics.X-CUBE-MEMS1.pdsc
2025-12-12 15:15:49,246 [INFO] ServerAccessManage:452 - Complete download http(s) 200
2025-12-12 15:15:49,246 [INFO] ServerAccessManage:509 - Download File STMicroelectronics.X-CUBE-NFC4.pdsc
2025-12-12 15:15:57,964 [INFO] ServerAccessManage:452 - Complete download http(s) 200
2025-12-12 15:15:57,965 [INFO] ServerAccessManage:509 - Download File STMicroelectronics.X-CUBE-NFC6.pdsc
2025-12-12 15:16:00,425 [INFO] ServerAccessManage:452 - Complete download http(s) 200
2025-12-12 15:16:00,425 [INFO] ServerAccessManage:509 - Download File STMicroelectronics.X-CUBE-NFC7.pdsc
2025-12-12 15:16:03,366 [INFO] ServerAccessManage:452 - Complete download http(s) 200
2025-12-12 15:16:03,366 [INFO] ServerAccessManage:509 - Download File STMicroelectronics.X-CUBE-NFC9.pdsc
2025-12-12 15:16:04,859 [INFO] ServerAccessManage:452 - Complete download http(s) 200
2025-12-12 15:16:04,859 [INFO] ServerAccessManage:509 - Download File STMicroelectronics.X-CUBE-NFC10.pdsc
2025-12-12 15:16:06,068 [INFO] ServerAccessManage:452 - Complete download http(s) 200
2025-12-12 15:16:06,068 [INFO] ServerAccessManage:509 - Download File STMicroelectronics.X-CUBE-NFC12.pdsc
2025-12-12 15:16:07,274 [INFO] ServerAccessManage:452 - Complete download http(s) 200
2025-12-12 15:16:07,275 [INFO] ServerAccessManage:509 - Download File STMicroelectronics.X-CUBE-SFXS2LP1.pdsc
2025-12-12 15:16:10,416 [INFO] ServerAccessManage:452 - Complete download http(s) 200
2025-12-12 15:16:10,417 [INFO] ServerAccessManage:509 - Download File STMicroelectronics.X-CUBE-SUBG2.pdsc
2025-12-12 15:16:17,883 [INFO] ServerAccessManage:452 - Complete download http(s) 200
2025-12-12 15:16:17,883 [INFO] ServerAccessManage:509 - Download File STMicroelectronics.X-CUBE-SMBUS.pdsc
2025-12-12 15:16:19,328 [ERROR] ServerAccessManage:1212 - Problem, file not found on Server
2025-12-12 15:16:20,016 [INFO] ServerAccessManage:452 - Complete download http(s) 200
2025-12-12 15:16:20,016 [INFO] ServerAccessManage:509 - Download File STMicroelectronics.X-CUBE-ST60.pdsc
2025-12-12 15:16:21,959 [INFO] ServerAccessManage:452 - Complete download http(s) 200
2025-12-12 15:16:21,959 [INFO] ServerAccessManage:509 - Download File STMicroelectronics.X-CUBE-ST67W61.pdsc
2025-12-12 15:16:23,228 [INFO] ServerAccessManage:452 - Complete download http(s) 200
2025-12-12 15:16:23,228 [INFO] ServerAccessManage:509 - Download File STMicroelectronics.X-CUBE-STSE01.pdsc
2025-12-12 15:16:24,684 [INFO] ServerAccessManage:452 - Complete download http(s) 200
2025-12-12 15:16:24,684 [INFO] ServerAccessManage:509 - Download File STMicroelectronics.X-CUBE-PM33A1.pdsc
2025-12-12 15:16:26,331 [INFO] ServerAccessManage:452 - Complete download http(s) 200
2025-12-12 15:16:26,331 [INFO] ServerAccessManage:509 - Download File STMicroelectronics.X-CUBE-TCPP.pdsc
2025-12-12 15:16:28,511 [INFO] ServerAccessManage:452 - Complete download http(s) 200
2025-12-12 15:16:28,511 [INFO] ServerAccessManage:509 - Download File STMicroelectronics.X-CUBE-TOF1.pdsc
2025-12-12 15:16:35,868 [ERROR] ServerAccessManage:1212 - Problem, file not found on Server
2025-12-12 15:16:37,040 [INFO] ServerAccessManage:452 - Complete download http(s) 200
2025-12-12 15:16:37,040 [INFO] ServerAccessManage:509 - Download File STMicroelectronics.X-CUBE-TOUCHGFX.pdsc
2025-12-12 15:16:55,295 [INFO] ServerAccessManage:452 - Complete download http(s) 200
2025-12-12 15:16:55,295 [INFO] ServerAccessManage:509 - Download File STMicroelectronics.X-CUBE-ALGOBUILD.pdsc
2025-12-12 15:17:00,400 [INFO] ServerAccessManage:452 - Complete download http(s) 200
2025-12-12 15:17:00,400 [INFO] ServerAccessManage:509 - Download File STMicroelectronics.X-CUBE-AZRTOS-H7.pdsc
2025-12-12 15:17:07,769 [INFO] ServerAccessManage:452 - Complete download http(s) 200
2025-12-12 15:17:07,770 [INFO] ServerAccessManage:509 - Download File STMicroelectronics.X-CUBE-AZRTOS-H7RS.pdsc
2025-12-12 15:17:09,431 [INFO] ServerAccessManage:452 - Complete download http(s) 200
2025-12-12 15:17:09,431 [INFO] ServerAccessManage:509 - Download File STMicroelectronics.X-CUBE-AZRTOS-F4.pdsc
2025-12-12 15:17:11,084 [INFO] ServerAccessManage:452 - Complete download http(s) 200
2025-12-12 15:17:11,084 [INFO] ServerAccessManage:509 - Download File STMicroelectronics.X-CUBE-AZRTOS-F7.pdsc
2025-12-12 15:17:13,059 [INFO] ServerAccessManage:452 - Complete download http(s) 200
2025-12-12 15:17:13,060 [INFO] ServerAccessManage:509 - Download File STMicroelectronics.X-CUBE-AZRTOS-L4.pdsc
2025-12-12 15:17:15,222 [INFO] ServerAccessManage:452 - Complete download http(s) 200
2025-12-12 15:17:15,222 [INFO] ServerAccessManage:509 - Download File STMicroelectronics.X-CUBE-AZRTOS-L5.pdsc
2025-12-12 15:17:17,969 [INFO] ServerAccessManage:452 - Complete download http(s) 200
2025-12-12 15:17:17,969 [INFO] ServerAccessManage:509 - Download File STMicroelectronics.X-CUBE-AZRTOS-G0.pdsc
2025-12-12 15:17:20,249 [INFO] ServerAccessManage:452 - Complete download http(s) 200
2025-12-12 15:17:20,249 [INFO] ServerAccessManage:509 - Download File STMicroelectronics.X-CUBE-AZRTOS-G4.pdsc
2025-12-12 15:17:23,001 [INFO] ServerAccessManage:452 - Complete download http(s) 200
2025-12-12 15:17:23,001 [INFO] ServerAccessManage:509 - Download File STMicroelectronics.X-CUBE-AZRTOS-WB.pdsc
2025-12-12 15:17:25,408 [INFO] ServerAccessManage:452 - Complete download http(s) 200
2025-12-12 15:17:25,408 [INFO] ServerAccessManage:509 - Download File STMicroelectronics.X-CUBE-AZRTOS-WL.pdsc
2025-12-12 15:17:28,016 [INFO] ServerAccessManage:452 - Complete download http(s) 200
2025-12-12 15:17:28,016 [INFO] ServerAccessManage:509 - Download File STMicroelectronics.X-CUBE-WB05N.pdsc
2025-12-12 15:17:29,398 [INFO] ServerAccessManage:452 - Complete download http(s) 200
2025-12-12 15:17:29,398 [INFO] ServerAccessManage:509 - Download File wolfSSL.I-CUBE-wolfSSL.pdsc
2025-12-12 15:17:34,366 [ERROR] ServerAccessManage:1212 - Problem, file not found on Server
2025-12-12 15:17:34,606 [ERROR] ServerAccessManage:1212 - Problem, file not found on Server
2025-12-12 15:17:34,847 [ERROR] ServerAccessManage:1212 - Problem, file not found on Server
2025-12-12 15:17:35,036 [INFO] ServerAccessManage:452 - Complete download http(s) 200
2025-12-12 15:17:35,037 [INFO] ServerAccessManage:509 - Download File wolfSSL.I-CUBE-wolfMQTT.pdsc
2025-12-12 15:17:36,077 [ERROR] ServerAccessManage:1212 - Problem, file not found on Server
2025-12-12 15:17:36,269 [INFO] ServerAccessManage:452 - Complete download http(s) 200
2025-12-12 15:17:36,270 [INFO] ServerAccessManage:509 - Download File wolfSSL.I-CUBE-wolfTPM.pdsc
2025-12-12 15:17:37,656 [INFO] ServerAccessManage:452 - Complete download http(s) 200
2025-12-12 15:17:37,657 [INFO] ServerAccessManage:509 - Download File wolfSSL.I-CUBE-wolfSSH.pdsc
2025-12-12 15:17:38,898 [INFO] ServerAccessManage:452 - Complete download http(s) 200
2025-12-12 15:17:38,898 [INFO] ServerAccessManage:509 - Download File RealThread.X-CUBE-RT-Thread_Nano.pdsc
2025-12-12 15:17:40,111 [INFO] ServerAccessManage:452 - Complete download http(s) 200
2025-12-12 15:17:40,111 [INFO] ServerAccessManage:509 - Download File SEGGER.I-CUBE-embOS.pdsc
2025-12-12 15:17:43,699 [INFO] ServerAccessManage:452 - Complete download http(s) 200
2025-12-12 15:17:43,699 [INFO] ServerAccessManage:509 - Download File emotas.I-CUBE-CANOPEN.pdsc
2025-12-12 15:17:45,457 [INFO] ServerAccessManage:452 - Complete download http(s) 200
2025-12-12 15:17:45,457 [INFO] ServerAccessManage:509 - Download File WES.I-CUBE-Cesium.pdsc
2025-12-12 15:17:46,240 [ERROR] ServerAccessManage:1212 - Problem, file not found on Server
2025-12-12 15:17:46,512 [ERROR] ServerAccessManage:1212 - Problem, file not found on Server
2025-12-12 15:17:47,138 [INFO] ServerAccessManage:452 - Complete download http(s) 200
2025-12-12 15:17:47,138 [INFO] ServerAccessManage:509 - Download File ITTIA_DB.I-CUBE-ITTIADB.pdsc
2025-12-12 15:17:49,952 [INFO] ServerAccessManage:452 - Complete download http(s) 200
2025-12-12 15:17:49,952 [INFO] ServerAccessManage:509 - Download File Infineon.AIROC-Wi-Fi-Bluetooth-STM32.pdsc
2025-12-12 15:17:53,807 [INFO] ServerAccessManage:452 - Complete download http(s) 200
2025-12-12 15:17:53,807 [INFO] ServerAccessManage:509 - Download File Cesanta.I-CUBE-Mongoose.pdsc
2025-12-12 15:17:57,891 [INFO] ServerAccessManage:452 - Complete download http(s) 200
2025-12-12 15:17:57,891 [INFO] ServerAccessManage:509 - Download File EmbeddedOffice.I-CUBE-FS-RTOS.pdsc
2025-12-12 15:17:59,348 [INFO] ServerAccessManage:452 - Complete download http(s) 200
2025-12-12 15:17:59,348 [INFO] ServerAccessManage:509 - Download File quantropi.X-CUBE-qispace-sdk-base.pdsc
2025-12-12 15:18:00,097 [INFO] ServerAccessManage:452 - Complete download http(s) 200
2025-12-12 15:18:00,097 [INFO] ServerAccessManage:509 - Download File Avnet-IOTCONNECT.X-CUBE-iotc-st67-sdk.pdsc
2025-12-12 15:18:00,215 [WARN] CheckServerUpdateThread:151 - Open CheckUpdateFile Fail
2025-12-12 15:18:00,314 [WARN] PackLoader:240 - Cannot read IP mode file for STMicroelectronics.FP-ATR-ASTRA1.2.0.2
2025-12-12 15:18:00,339 [WARN] PackLoader:240 - Cannot read IP mode file for STMicroelectronics.FP-ATR-SIGFOX1.3.2.0
2025-12-12 15:18:00,351 [INFO] CheckServerUpdateThread:120 - End of CheckServer Thread
2025-12-12 15:18:00,355 [WARN] PackLoader:240 - Cannot read IP mode file for STMicroelectronics.FP-SNS-STBOX1.2.1.0
2025-12-12 15:18:00,365 [WARN] PackLoader:240 - Cannot read IP mode file for STMicroelectronics.FP-SNS-FLIGHT1.5.1.0
2025-12-12 15:18:00,365 [WARN] PackLoader:240 - Cannot read IP mode file for STMicroelectronics.FP-SNS-MOTENV1.5.1.0
2025-12-12 15:18:00,374 [WARN] PackLoader:240 - Cannot read IP mode file for STMicroelectronics.FP-SNS-MOTENVWB1.1.4.0
2025-12-12 15:18:00,382 [WARN] PackLoader:240 - Cannot read IP mode file for STMicroelectronics.FP-SNS-SMARTAG2.1.2.0
2025-12-12 15:18:00,398 [WARN] PackLoader:240 - Cannot read IP mode file for STMicroelectronics.FP-SNS-STAIOTCFT.1.0.0
2025-12-12 15:18:00,398 [WARN] PackLoader:240 - Cannot read IP mode file for STMicroelectronics.X-CUBE-AI.10.2.0
2025-12-12 15:18:00,415 [WARN] PackLoader:240 - Cannot read IP mode file for STMicroelectronics.X-CUBE-ALS.1.0.2
2025-12-12 15:18:00,415 [WARN] PackLoader:240 - Cannot read IP mode file for STMicroelectronics.X-CUBE-BLE1.7.1.0
2025-12-12 15:18:00,431 [WARN] PackLoader:240 - Cannot read IP mode file for STMicroelectronics.X-CUBE-BLE2.3.3.0
2025-12-12 15:18:00,448 [WARN] PackLoader:240 - Cannot read IP mode file for STMicroelectronics.X-CUBE-BLEMGR.4.1.0
2025-12-12 15:18:00,482 [WARN] PackLoader:240 - Cannot read IP mode file for STMicroelectronics.X-CUBE-DISPLAY.3.0.0
2025-12-12 15:18:00,498 [WARN] PackLoader:240 - Cannot read IP mode file for STMicroelectronics.X-CUBE-DPower.1.3.0
2025-12-12 15:18:00,498 [WARN] PackLoader:240 - Cannot read IP mode file for STMicroelectronics.X-CUBE-EEPRMA1.5.2.0
2025-12-12 15:18:00,515 [WARN] PackLoader:240 - Cannot read IP mode file for STMicroelectronics.X-CUBE-FREERTOS.1.4.0
2025-12-12 15:18:00,532 [WARN] PackLoader:240 - Cannot read IP mode file for STMicroelectronics.X-CUBE-GNSS1.7.1.0
2025-12-12 15:18:00,541 [WARN] PackLoader:240 - Cannot read IP mode file for STMicroelectronics.X-CUBE-ISPU.2.1.0
2025-12-12 15:18:00,551 [WARN] PackLoader:240 - Cannot read IP mode file for STMicroelectronics.X-CUBE-IPS.3.2.0
2025-12-12 15:18:00,612 [WARN] PackLoader:240 - Cannot read IP mode file for STMicroelectronics.X-CUBE-MEMS1.12.0.0
2025-12-12 15:18:00,699 [WARN] PackLoader:240 - Cannot read IP mode file for STMicroelectronics.X-CUBE-NFC4.3.0.0
2025-12-12 15:18:00,709 [WARN] PackLoader:240 - Cannot read IP mode file for STMicroelectronics.X-CUBE-NFC6.3.1.0
2025-12-12 15:18:00,717 [WARN] PackLoader:240 - Cannot read IP mode file for STMicroelectronics.X-CUBE-NFC7.2.0.0
2025-12-12 15:18:00,725 [WARN] PackLoader:240 - Cannot read IP mode file for STMicroelectronics.X-CUBE-NFC9.1.0.0
2025-12-12 15:18:00,734 [WARN] PackLoader:240 - Cannot read IP mode file for STMicroelectronics.X-CUBE-NFC10.1.0.0
2025-12-12 15:18:00,743 [WARN] PackLoader:240 - Cannot read IP mode file for STMicroelectronics.X-CUBE-NFC12.1.0.0
2025-12-12 15:18:00,753 [WARN] PackLoader:240 - Cannot read IP mode file for STMicroelectronics.X-CUBE-SFXS2LP1.4.0.0
2025-12-12 15:18:00,764 [WARN] PackLoader:240 - Cannot read IP mode file for STMicroelectronics.X-CUBE-SUBG2.5.0.0
2025-12-12 15:18:00,774 [WARN] PackLoader:240 - Cannot read IP mode file for STMicroelectronics.X-CUBE-SMBUS.2.1.0
2025-12-12 15:18:00,780 [WARN] PackLoader:240 - Cannot read IP mode file for STMicroelectronics.X-CUBE-ST60.1.1.0
2025-12-12 15:18:00,787 [WARN] PackLoader:240 - Cannot read IP mode file for STMicroelectronics.X-CUBE-ST67W61.1.1.0
2025-12-12 15:18:00,797 [WARN] PackLoader:240 - Cannot read IP mode file for STMicroelectronics.X-CUBE-STSE01.1.0.0
2025-12-12 15:18:00,803 [WARN] PackLoader:240 - Cannot read IP mode file for STMicroelectronics.X-CUBE-PM33A1.1.0.0
2025-12-12 15:18:00,811 [WARN] PackLoader:240 - Cannot read IP mode file for STMicroelectronics.X-CUBE-TCPP.4.2.0
2025-12-12 15:18:00,822 [WARN] PackLoader:240 - Cannot read IP mode file for STMicroelectronics.X-CUBE-TOF1.3.4.3
2025-12-12 15:18:00,833 [WARN] PackLoader:240 - Cannot read IP mode file for STMicroelectronics.X-CUBE-TOUCHGFX.4.26.0
2025-12-12 15:18:00,840 [WARN] PackLoader:240 - Cannot read IP mode file for STMicroelectronics.X-CUBE-ALGOBUILD.1.4.0
2025-12-12 15:18:00,852 [WARN] PackLoader:240 - Cannot read IP mode file for STMicroelectronics.X-CUBE-AZRTOS-H7.3.4.0
2025-12-12 15:18:00,873 [WARN] PackLoader:240 - Cannot read IP mode file for STMicroelectronics.X-CUBE-AZRTOS-H7RS.1.2.0
2025-12-12 15:18:00,887 [WARN] PackLoader:240 - Cannot read IP mode file for STMicroelectronics.X-CUBE-AZRTOS-F4.1.1.0
2025-12-12 15:18:00,901 [WARN] PackLoader:240 - Cannot read IP mode file for STMicroelectronics.X-CUBE-AZRTOS-F7.1.1.0
2025-12-12 15:18:00,911 [WARN] ConditionMgr:438 - getConditionDescription Invalid condition id : LAN8742 Phy interface Condition cause : null
2025-12-12 15:18:00,912 [WARN] PackLoader:240 - Cannot read IP mode file for STMicroelectronics.X-CUBE-AZRTOS-L4.2.0.0
2025-12-12 15:18:00,913 [WARN] ConditionMgr:1044 - genDependencies : Invalid condition id : LAN8742 Phy interface Condition cause : null
2025-12-12 15:18:00,914 [WARN] ConditionMgr:1044 - genDependencies : Invalid condition id : LAN8742 Phy interface Condition cause : null
2025-12-12 15:18:00,915 [WARN] ConditionMgr:1044 - genDependencies : Invalid condition id : LAN8742 Phy interface Condition cause : null
2025-12-12 15:18:00,942 [WARN] PackLoader:240 - Cannot read IP mode file for STMicroelectronics.X-CUBE-AZRTOS-L5.2.0.0
2025-12-12 15:18:00,959 [WARN] PackLoader:240 - Cannot read IP mode file for STMicroelectronics.X-CUBE-AZRTOS-G0.1.1.0
2025-12-12 15:18:00,973 [WARN] PackLoader:240 - Cannot read IP mode file for STMicroelectronics.X-CUBE-AZRTOS-G4.2.0.0
2025-12-12 15:18:00,984 [WARN] ConditionMgr:438 - getConditionDescription Invalid condition id : UX DEVICE CLASS RTOS Condition cause : null
2025-12-12 15:18:00,984 [WARN] ConditionMgr:438 - getConditionDescription Invalid condition id : UX DEVICE CLASS RTOS Condition cause : null
2025-12-12 15:18:00,986 [WARN] PackLoader:240 - Cannot read IP mode file for STMicroelectronics.X-CUBE-AZRTOS-WB.2.0.0
2025-12-12 15:18:00,986 [WARN] ConditionMgr:1044 - genDependencies : Invalid condition id : UX DEVICE CLASS RTOS Condition cause : null
2025-12-12 15:18:00,986 [WARN] ConditionMgr:1044 - genDependencies : Invalid condition id : UX DEVICE CLASS RTOS Condition cause : null
2025-12-12 15:18:00,987 [WARN] ConditionMgr:1044 - genDependencies : Invalid condition id : UX DEVICE CLASS RTOS Condition cause : null
2025-12-12 15:18:00,987 [WARN] ConditionMgr:1044 - genDependencies : Invalid condition id : UX DEVICE CLASS RTOS Condition cause : null
2025-12-12 15:18:00,987 [WARN] ConditionMgr:1044 - genDependencies : Invalid condition id : UX DEVICE CLASS RTOS Condition cause : null
2025-12-12 15:18:00,998 [INFO] LogOutputStream:77 - [STDOUT_REDIRECT] 1 : Invalid condition id : UX_CORESTACK_Condition cause : null
2025-12-12 15:18:00,999 [INFO] LogOutputStream:77 - [STDOUT_REDIRECT] 1 : Invalid condition id : UX_CORESTACK_Condition cause : null
2025-12-12 15:18:01,002 [INFO] LogOutputStream:77 - [STDOUT_REDIRECT] 1 : Invalid condition id : UX_CORESTACK_Condition cause : null
2025-12-12 15:18:01,004 [INFO] LogOutputStream:77 - [STDOUT_REDIRECT] 1 : Invalid condition id : UX_CORESTACK_Condition cause : null
2025-12-12 15:18:01,006 [INFO] LogOutputStream:77 - [STDOUT_REDIRECT] 1 : Invalid condition id : UX_CORESTACK_Condition cause : null
2025-12-12 15:18:01,009 [WARN] PackLoader:240 - Cannot read IP mode file for STMicroelectronics.X-CUBE-AZRTOS-WL.2.0.0
2025-12-12 15:18:01,016 [WARN] PackLoader:240 - Cannot read IP mode file for STMicroelectronics.X-CUBE-WB05N.2.0.0
2025-12-12 15:18:01,024 [WARN] PackLoader:240 - Cannot read IP mode file for wolfSSL.I-CUBE-wolfSSL.5.8.4
2025-12-12 15:18:01,030 [WARN] PackLoader:240 - Cannot read IP mode file for wolfSSL.I-CUBE-wolfMQTT.1.19.2
2025-12-12 15:18:01,035 [WARN] PackLoader:240 - Cannot read IP mode file for wolfSSL.I-CUBE-wolfTPM.3.8.0
2025-12-12 15:18:01,041 [WARN] PackLoader:240 - Cannot read IP mode file for wolfSSL.I-CUBE-wolfSSH.1.4.20
2025-12-12 15:18:01,046 [WARN] PackLoader:240 - Cannot read IP mode file for RealThread.X-CUBE-RT-Thread_Nano.4.1.1
2025-12-12 15:18:01,073 [WARN] PackLoader:240 - Cannot read IP mode file for SEGGER.I-CUBE-embOS.1.3.1
2025-12-12 15:18:01,114 [WARN] PackLoader:240 - Cannot read IP mode file for emotas.I-CUBE-CANOPEN.1.3.0
2025-12-12 15:18:01,124 [WARN] PackLoader:240 - Cannot read IP mode file for WES.I-CUBE-Cesium.1.4.0
2025-12-12 15:18:01,131 [WARN] PackLoader:240 - Cannot read IP mode file for ITTIA_DB.I-CUBE-ITTIADB.8.9.0
2025-12-12 15:18:01,147 [WARN] PackLoader:240 - Cannot read IP mode file for Infineon.AIROC-Wi-Fi-Bluetooth-STM32.1.8.0
2025-12-12 15:18:01,157 [WARN] PackLoader:240 - Cannot read IP mode file for Cesanta.I-CUBE-Mongoose.7.20.0
2025-12-12 15:18:01,165 [WARN] PackLoader:240 - Cannot read IP mode file for EmbeddedOffice.I-CUBE-FS-RTOS.1.0.1
2025-12-12 15:18:01,173 [WARN] ConditionMgr:438 - getConditionDescription Invalid condition id : Cortex-A Device cause : null
2025-12-12 15:18:01,195 [WARN] ConditionMgr:1044 - genDependencies : Invalid condition id : Cortex-A Device cause : null
2025-12-12 15:18:01,195 [WARN] ConditionMgr:1044 - genDependencies : Invalid condition id : Cortex-A Device cause : null
2025-12-12 15:18:01,195 [WARN] ConditionMgr:1044 - genDependencies : Invalid condition id : Cortex-A Device cause : null
2025-12-12 15:18:01,213 [INFO] PopulateThirdPartyThread:66 - Ending populate Thread
2025-12-12 15:18:01,218 [INFO] ThirdParty:1030 - CMSIS Pack Vendor :STMicroelectronics X-CUBE-PM33A1 1.0.0
2025-12-12 15:18:01,218 [INFO] ThirdParty:1030 - CMSIS Pack Vendor :STMicroelectronics X-CUBE-NFC9 1.0.0
2025-12-12 15:18:01,218 [INFO] ThirdParty:1030 - CMSIS Pack Vendor :STMicroelectronics FP-SNS-MOTENVWB1 1.4.0
2025-12-12 15:18:01,218 [INFO] ThirdParty:1030 - CMSIS Pack Vendor :STMicroelectronics X-CUBE-AZRTOS-F4 1.1.0
2025-12-12 15:18:01,218 [INFO] ThirdParty:1030 - CMSIS Pack Vendor :STMicroelectronics FP-ATR-ASTRA1 2.0.2
2025-12-12 15:18:01,219 [INFO] ThirdParty:1030 - CMSIS Pack Vendor :STMicroelectronics X-CUBE-BLE1 7.1.0
2025-12-12 15:18:01,219 [INFO] ThirdParty:1030 - CMSIS Pack Vendor :STMicroelectronics X-CUBE-SMBUS 2.1.0
2025-12-12 15:18:01,219 [INFO] ThirdParty:1030 - CMSIS Pack Vendor :wolfSSL I-CUBE-wolfMQTT 1.19.2
2025-12-12 15:18:01,219 [INFO] ThirdParty:1030 - CMSIS Pack Vendor :STMicroelectronics X-CUBE-ISPU 2.1.0
2025-12-12 15:18:01,219 [INFO] ThirdParty:1030 - CMSIS Pack Vendor :STMicroelectronics X-CUBE-FREERTOS 1.4.0
2025-12-12 15:18:01,219 [INFO] ThirdParty:1030 - CMSIS Pack Vendor :STMicroelectronics X-CUBE-BLEMGR 4.1.0
2025-12-12 15:18:01,219 [INFO] ThirdParty:1030 - CMSIS Pack Vendor :STMicroelectronics X-CUBE-EEPRMA1 5.2.0
2025-12-12 15:18:01,219 [INFO] ThirdParty:1030 - CMSIS Pack Vendor :STMicroelectronics X-CUBE-IPS 3.2.0
2025-12-12 15:18:01,219 [INFO] ThirdParty:1030 - CMSIS Pack Vendor :STMicroelectronics X-CUBE-AZRTOS-WB 2.0.0
2025-12-12 15:18:01,219 [INFO] ThirdParty:1030 - CMSIS Pack Vendor :wolfSSL I-CUBE-wolfSSL 5.8.4
2025-12-12 15:18:01,219 [INFO] ThirdParty:1030 - CMSIS Pack Vendor :Cesanta I-CUBE-Mongoose 7.20.0
2025-12-12 15:18:01,220 [INFO] ThirdParty:1030 - CMSIS Pack Vendor :STMicroelectronics X-CUBE-NFC12 1.0.0
2025-12-12 15:18:01,220 [INFO] ThirdParty:1030 - CMSIS Pack Vendor :STMicroelectronics X-CUBE-AZRTOS-F7 1.1.0
2025-12-12 15:18:01,220 [INFO] ThirdParty:1030 - CMSIS Pack Vendor :STMicroelectronics X-CUBE-AZRTOS-L5 2.0.0
2025-12-12 15:18:01,220 [INFO] ThirdParty:1030 - CMSIS Pack Vendor :STMicroelectronics X-CUBE-NFC6 3.1.0
2025-12-12 15:18:01,220 [INFO] ThirdParty:1030 - CMSIS Pack Vendor :STMicroelectronics X-CUBE-ST67W61 1.1.0
2025-12-12 15:18:01,220 [INFO] ThirdParty:1030 - CMSIS Pack Vendor :quantropi X-CUBE-qispace-sdk-base 2.1.0
2025-12-12 15:18:01,220 [INFO] ThirdParty:1030 - CMSIS Pack Vendor :STMicroelectronics X-CUBE-MEMS1 12.0.0
2025-12-12 15:18:01,220 [INFO] ThirdParty:1030 - CMSIS Pack Vendor :STMicroelectronics FP-SNS-MOTENV1 5.1.0
2025-12-12 15:18:01,220 [INFO] ThirdParty:1030 - CMSIS Pack Vendor :STMicroelectronics X-CUBE-AZRTOS-G0 1.1.0
2025-12-12 15:18:01,220 [INFO] ThirdParty:1030 - CMSIS Pack Vendor :STMicroelectronics X-CUBE-NFC4 3.0.0
2025-12-12 15:18:01,220 [INFO] ThirdParty:1030 - CMSIS Pack Vendor :STMicroelectronics X-CUBE-SUBG2 5.0.0
2025-12-12 15:18:01,220 [INFO] ThirdParty:1030 - CMSIS Pack Vendor :EmbeddedOffice I-CUBE-FS-RTOS 1.0.1
2025-12-12 15:18:01,220 [INFO] ThirdParty:1030 - CMSIS Pack Vendor :WES I-CUBE-Cesium 1.4.0
2025-12-12 15:18:01,221 [INFO] ThirdParty:1030 - CMSIS Pack Vendor :STMicroelectronics X-CUBE-AZRTOS-G4 2.0.0
2025-12-12 15:18:01,221 [INFO] ThirdParty:1030 - CMSIS Pack Vendor :STMicroelectronics X-CUBE-WB05N 2.0.0
2025-12-12 15:18:01,221 [INFO] ThirdParty:1030 - CMSIS Pack Vendor :wolfSSL I-CUBE-wolfTPM 3.8.0
2025-12-12 15:18:01,221 [INFO] ThirdParty:1030 - CMSIS Pack Vendor :STMicroelectronics X-CUBE-AZRTOS-H7 3.4.0
2025-12-12 15:18:01,221 [INFO] ThirdParty:1030 - CMSIS Pack Vendor :STMicroelectronics X-CUBE-DISPLAY 3.0.0
2025-12-12 15:18:01,221 [INFO] ThirdParty:1030 - CMSIS Pack Vendor :wolfSSL I-CUBE-wolfSSH 1.4.20
2025-12-12 15:18:01,221 [INFO] ThirdParty:1030 - CMSIS Pack Vendor :STMicroelectronics X-CUBE-NFC7 2.0.0
2025-12-12 15:18:01,221 [INFO] ThirdParty:1030 - CMSIS Pack Vendor :STMicroelectronics X-CUBE-TCPP 4.2.0
2025-12-12 15:18:01,222 [INFO] ThirdParty:1030 - CMSIS Pack Vendor :RealThread X-CUBE-RT-Thread_Nano 4.1.1
2025-12-12 15:18:01,222 [INFO] ThirdParty:1030 - CMSIS Pack Vendor :STMicroelectronics FP-ATR-SIGFOX1 3.2.0
2025-12-12 15:18:01,222 [INFO] ThirdParty:1030 - CMSIS Pack Vendor :STMicroelectronics X-CUBE-NFC10 1.0.0
2025-12-12 15:18:01,222 [INFO] ThirdParty:1030 - CMSIS Pack Vendor :STMicroelectronics X-CUBE-ALS 1.0.2
2025-12-12 15:18:01,222 [INFO] ThirdParty:1030 - CMSIS Pack Vendor :STMicroelectronics X-CUBE-ST60 1.1.0
2025-12-12 15:18:01,222 [INFO] ThirdParty:1030 - CMSIS Pack Vendor :emotas I-CUBE-CANOPEN 1.3.0
2025-12-12 15:18:01,222 [INFO] ThirdParty:1030 - CMSIS Pack Vendor :STMicroelectronics X-CUBE-GNSS1 7.1.0
2025-12-12 15:18:01,222 [INFO] ThirdParty:1030 - CMSIS Pack Vendor :ITTIA_DB I-CUBE-ITTIADB 8.9.0
2025-12-12 15:18:01,222 [INFO] ThirdParty:1030 - CMSIS Pack Vendor :STMicroelectronics X-CUBE-TOUCHGFX 4.26.0
2025-12-12 15:18:01,222 [INFO] ThirdParty:1030 - CMSIS Pack Vendor :STMicroelectronics X-CUBE-STSE01 1.0.0
2025-12-12 15:18:01,222 [INFO] ThirdParty:1030 - CMSIS Pack Vendor :STMicroelectronics FP-SNS-STBOX1 2.1.0
2025-12-12 15:18:01,222 [INFO] ThirdParty:1030 - CMSIS Pack Vendor :STMicroelectronics FP-SNS-STAIOTCFT 1.0.0
2025-12-12 15:18:01,222 [INFO] ThirdParty:1030 - CMSIS Pack Vendor :STMicroelectronics X-CUBE-AI 10.2.0
2025-12-12 15:18:01,222 [INFO] ThirdParty:1030 - CMSIS Pack Vendor :STMicroelectronics FP-SNS-SMARTAG2 1.2.0
2025-12-12 15:18:01,222 [INFO] ThirdParty:1030 - CMSIS Pack Vendor :STMicroelectronics FP-SNS-FLIGHT1 5.1.0
2025-12-12 15:18:01,222 [INFO] ThirdParty:1030 - CMSIS Pack Vendor :STMicroelectronics X-CUBE-AZRTOS-WL 2.0.0
2025-12-12 15:18:01,222 [INFO] ThirdParty:1030 - CMSIS Pack Vendor :SEGGER I-CUBE-embOS 1.3.1
2025-12-12 15:18:01,222 [INFO] ThirdParty:1030 - CMSIS Pack Vendor :STMicroelectronics X-CUBE-DPower 1.3.0
2025-12-12 15:18:01,222 [INFO] ThirdParty:1030 - CMSIS Pack Vendor :STMicroelectronics X-CUBE-ALGOBUILD 1.4.0
2025-12-12 15:18:01,223 [INFO] ThirdParty:1030 - CMSIS Pack Vendor :STMicroelectronics X-CUBE-AZRTOS-H7RS 1.2.0
2025-12-12 15:18:01,223 [INFO] ThirdParty:1030 - CMSIS Pack Vendor :STMicroelectronics X-CUBE-AZRTOS-L4 2.0.0
2025-12-12 15:18:01,223 [INFO] ThirdParty:1030 - CMSIS Pack Vendor :STMicroelectronics X-CUBE-SFXS2LP1 4.0.0
2025-12-12 15:18:01,223 [INFO] ThirdParty:1030 - CMSIS Pack Vendor :STMicroelectronics X-CUBE-BLE2 3.3.0
2025-12-12 15:18:01,223 [INFO] ThirdParty:1030 - CMSIS Pack Vendor :Avnet-IOTCONNECT X-CUBE-iotc-st67-sdk 1.0.0
2025-12-12 15:18:01,223 [INFO] ThirdParty:1030 - CMSIS Pack Vendor :STMicroelectronics X-CUBE-TOF1 3.4.3
2025-12-12 15:18:01,223 [INFO] ThirdParty:1030 - CMSIS Pack Vendor :Infineon AIROC-Wi-Fi-Bluetooth-STM32 1.8.0
2025-12-12 15:18:01,225 [INFO] LoadServerUpdatesThread:375 - End of LoadServerUpdate Thread
2025-12-12 15:30:00,025 [ERROR] LogOutputStream:75 - [STDERR_REDIRECT] 
2025-12-12 15:30:00,025 [ERROR] LogOutputStream:75 - [STDERR_REDIRECT] 
2025-12-12 15:30:27,321 [INFO] Activator:176 - 


2025-12-12 15:30:27,322 [INFO] Activator:177 - !SESSION log4j initialized
2025-12-12 15:30:29,433 [INFO] LogOutputStream:77 - [STDOUT_REDIRECT] 
2025-12-12 15:30:31,512 [INFO] ApplicationProperties:184 - Using Application install path: C:\ST\STM32CubeIDE_1.19.0\STM32CubeIDE\plugins\com.st.stm32cube.common.mx_6.15.0.202507011659
2025-12-12 15:30:31,528 [INFO] DbMcusXml:78 - Set database path to: C:\ST\STM32CubeIDE_1.19.0\STM32CubeIDE\plugins\com.st.stm32cube.common.mx_6.15.0.202507011659\\db\/mcu/
2025-12-12 15:30:31,529 [INFO] ApiDb:274 - Set plugin database path to: C:\ST\STM32CubeIDE_1.19.0\STM32CubeIDE\plugins\com.st.stm32cube.common.mx_6.15.0.202507011659\\db\/plugins/boardmanager/
2025-12-12 15:30:31,529 [WARN] ApiDb:259 - Overriding images path with different value:  => C:\ST\STM32CubeIDE_1.19.0\STM32CubeIDE\plugins\com.st.stm32cube.common.mx_6.15.0.202507011659\\db\/plugins/mcufinder/images/
2025-12-12 15:30:31,534 [INFO] ApiDb:250 - Set database path to: C:\Users\CAMMSYS\.stmcufinder\plugins\mcufinder//mcu/
2025-12-12 15:30:31,535 [INFO] DbMcusAds:125 - Set database path to: C:\Users\CAMMSYS\.stmcufinder\plugins\mcufinder//mcu/
2025-12-12 15:30:31,537 [INFO] CrossReferenceDbSqlite:203 - Set database path to: C:\Users\CAMMSYS\.stmcufinder\plugins\mcufinder//mcu/cs/
2025-12-12 15:30:31,673 [INFO] RulesReader:64 - Compatibility file has been processed (317 Rules)
2025-12-12 15:30:31,768 [INFO] DbMcusXml:78 - Set database path to: C:\ST\STM32CubeIDE_1.19.0\STM32CubeIDE\plugins\com.st.stm32cube.common.mx_6.15.0.202507011659\\db\/mcu/
2025-12-12 15:30:31,768 [INFO] ApiDb:274 - Set plugin database path to: C:\ST\STM32CubeIDE_1.19.0\STM32CubeIDE\plugins\com.st.stm32cube.common.mx_6.15.0.202507011659\\db\/plugins/boardmanager/
2025-12-12 15:30:31,768 [INFO] ApiDb:261 - Set plugin images path to: C:\ST\STM32CubeIDE_1.19.0\STM32CubeIDE\plugins\com.st.stm32cube.common.mx_6.15.0.202507011659\\db\/plugins/mcufinder/images/
2025-12-12 15:30:31,769 [WARN] DbFile:41 - Overriding database path with different value: C:\Users\CAMMSYS\.stmcufinder\plugins\mcufinder/ => C:\Users\CAMMSYS\.stmcufinder\plugins\mcufinder
2025-12-12 15:30:31,769 [INFO] ApiDb:250 - Set database path to: C:\Users\CAMMSYS\.stmcufinder\plugins\mcufinder//mcu/
2025-12-12 15:30:31,769 [WARN] DbFile:41 - Overriding database path with different value: C:\Users\CAMMSYS\.stmcufinder\plugins\mcufinder/ => C:\Users\CAMMSYS\.stmcufinder\plugins\mcufinder
2025-12-12 15:30:31,769 [INFO] DbMcusAds:125 - Set database path to: C:\Users\CAMMSYS\.stmcufinder\plugins\mcufinder//mcu/
2025-12-12 15:30:31,769 [WARN] DbFile:41 - Overriding database path with different value: C:\Users\CAMMSYS\.stmcufinder\plugins\mcufinder/ => C:\Users\CAMMSYS\.stmcufinder\plugins\mcufinder
2025-12-12 15:30:31,769 [WARN] DbFile:41 - Overriding database path with different value: C:\Users\CAMMSYS\.stmcufinder\plugins\mcufinder/ => C:\Users\CAMMSYS\.stmcufinder\plugins\mcufinder
2025-12-12 15:30:31,769 [INFO] CrossReferenceDbSqlite:203 - Set database path to: C:\Users\CAMMSYS\.stmcufinder\plugins\mcufinder//mcu/cs/
2025-12-12 15:30:31,820 [INFO] MainPanel:274 - HeapMemory: 268435456
2025-12-12 15:30:31,876 [INFO] DbMcusXml:78 - Set database path to: C:\ST\STM32CubeIDE_1.19.0\STM32CubeIDE\plugins\com.st.stm32cube.common.mx_6.15.0.202507011659\\db\/mcu/
2025-12-12 15:30:31,876 [INFO] ApiDb:274 - Set plugin database path to: C:\ST\STM32CubeIDE_1.19.0\STM32CubeIDE\plugins\com.st.stm32cube.common.mx_6.15.0.202507011659\\db\/plugins/boardmanager/
2025-12-12 15:30:31,876 [INFO] ApiDb:261 - Set plugin images path to: C:\ST\STM32CubeIDE_1.19.0\STM32CubeIDE\plugins\com.st.stm32cube.common.mx_6.15.0.202507011659\\db\/plugins/mcufinder/images/
2025-12-12 15:30:31,876 [WARN] DbFile:41 - Overriding database path with different value: C:\Users\CAMMSYS\.stmcufinder\plugins\mcufinder/ => C:\Users\CAMMSYS\.stmcufinder\plugins\mcufinder
2025-12-12 15:30:31,876 [INFO] ApiDb:250 - Set database path to: C:\Users\CAMMSYS\.stmcufinder\plugins\mcufinder//mcu/
2025-12-12 15:30:31,876 [WARN] DbFile:41 - Overriding database path with different value: C:\Users\CAMMSYS\.stmcufinder\plugins\mcufinder/ => C:\Users\CAMMSYS\.stmcufinder\plugins\mcufinder
2025-12-12 15:30:31,876 [INFO] DbMcusAds:125 - Set database path to: C:\Users\CAMMSYS\.stmcufinder\plugins\mcufinder//mcu/
2025-12-12 15:30:31,876 [WARN] DbFile:41 - Overriding database path with different value: C:\Users\CAMMSYS\.stmcufinder\plugins\mcufinder/ => C:\Users\CAMMSYS\.stmcufinder\plugins\mcufinder
2025-12-12 15:30:31,876 [WARN] DbFile:41 - Overriding database path with different value: C:\Users\CAMMSYS\.stmcufinder\plugins\mcufinder/ => C:\Users\CAMMSYS\.stmcufinder\plugins\mcufinder
2025-12-12 15:30:31,876 [INFO] CrossReferenceDbSqlite:203 - Set database path to: C:\Users\CAMMSYS\.stmcufinder\plugins\mcufinder//mcu/cs/
2025-12-12 15:30:31,888 [INFO] ApplicationProperties:184 - Using Application install path: C:\ST\STM32CubeIDE_1.19.0\STM32CubeIDE\plugins\com.st.stm32cube.common.mx_6.15.0.202507011659
2025-12-12 15:30:31,890 [INFO] PluginManage:196 - Search for loadable plugins [exclusion list=, ]
2025-12-12 15:30:31,891 [INFO] PluginManage:310 - Check plugin analytics
2025-12-12 15:30:32,055 [INFO] AnalyticsPlugin:253 - Accepted Software Licenses: 
2025-12-12 15:30:32,055 [INFO] AnalyticsPlugin:255 - Accepted CMSIS Pack Licenses: 
2025-12-12 15:30:32,055 [INFO] AnalyticsPlugin:257 - Accepted Firmware Licenses: 
2025-12-12 15:30:32,058 [INFO] PluginManage:359 - Loaded plugin analytics (category:tool,tabindex:-1)
2025-12-12 15:30:32,058 [INFO] PluginManage:310 - Check plugin cadmodel
2025-12-12 15:30:32,061 [INFO] CADModel:105 - Init CAD model plugin
2025-12-12 15:30:32,062 [INFO] PluginManage:359 - Loaded plugin cadmodel (category:power,tabindex:5)
2025-12-12 15:30:32,062 [INFO] PluginManage:310 - Check plugin clock
2025-12-12 15:30:32,069 [INFO] PluginManage:359 - Loaded plugin clock (category:base,tabindex:2)
2025-12-12 15:30:32,069 [INFO] PluginManage:310 - Check plugin ddr
2025-12-12 15:30:32,072 [INFO] PluginManage:359 - Loaded plugin ddr (category:tool,tabindex:6)
2025-12-12 15:30:32,072 [INFO] PluginManage:310 - Check plugin filemanager
2025-12-12 15:30:32,222 [INFO] PluginManage:359 - Loaded plugin filemanager (category:base,tabindex:10)
2025-12-12 15:30:32,222 [INFO] PluginManage:310 - Check plugin ipmanager
2025-12-12 15:30:32,230 [INFO] PluginManage:359 - Loaded plugin ipmanager (category:base,tabindex:5)
2025-12-12 15:30:32,230 [INFO] PluginManage:310 - Check plugin lpbam
2025-12-12 15:30:32,235 [INFO] PluginManage:359 - Loaded plugin lpbam (category:base,tabindex:0)
2025-12-12 15:30:32,235 [INFO] PluginManage:310 - Check plugin memorymap
2025-12-12 15:30:32,242 [INFO] PluginManage:359 - Loaded plugin memorymap (category:base,tabindex:4)
2025-12-12 15:30:32,242 [INFO] PluginManage:310 - Check plugin pinoutandconfiguration
2025-12-12 15:30:32,246 [INFO] PluginManage:359 - Loaded plugin pinoutandconfiguration (category:base,tabindex:1)
2025-12-12 15:30:32,246 [INFO] PluginManage:310 - Check plugin pinoutconfig
2025-12-12 15:30:32,302 [WARN] SupportedApi:132 - Cannot load RTOS API schema: s4s-elt-must-match.1: The content of 'definitions' must match (annotation?, (simpleType | complexType)?, (unique | key | keyref)*)). A problem was found starting at: attribute.
2025-12-12 15:30:32,379 [INFO] PluginManage:359 - Loaded plugin pinoutconfig (category:base,tabindex:0)
2025-12-12 15:30:32,379 [INFO] PluginManage:310 - Check plugin power
2025-12-12 15:30:32,384 [INFO] PluginManage:359 - Loaded plugin power (category:power,tabindex:4)
2025-12-12 15:30:32,384 [INFO] PluginManage:310 - Check plugin projectmanager
2025-12-12 15:30:32,397 [INFO] PluginManage:359 - Loaded plugin projectmanager (category:projectmanager,tabindex:4)
2025-12-12 15:30:32,397 [INFO] PluginManage:310 - Check plugin rif
2025-12-12 15:30:32,402 [INFO] PluginManage:359 - Loaded plugin rif (category:base,tabindex:3)
2025-12-12 15:30:32,402 [INFO] PluginManage:310 - Check plugin thirdparty
2025-12-12 15:30:32,498 [INFO] PluginManage:359 - Loaded plugin thirdparty (category:base,tabindex:-1)
2025-12-12 15:30:32,498 [WARN] IntegrityCheckThread:84 - waiting for thirdparty lock release [integrity check]
2025-12-12 15:30:32,498 [INFO] PluginManage:310 - Check plugin tools
2025-12-12 15:30:32,498 [INFO] IntegrityCheckThread:86 - entering critical section [integrity check]
2025-12-12 15:30:32,499 [INFO] ThirdPartyUpdaterWithRetryManager:70 - Updater plugin not ready yet. [1/15]
2025-12-12 15:30:32,500 [INFO] PluginManage:359 - Loaded plugin tools (category:base,tabindex:7)
2025-12-12 15:30:32,500 [INFO] PluginManage:310 - Check plugin tutovideos
2025-12-12 15:30:32,619 [INFO] PluginManage:359 - Loaded plugin tutovideos (category:base,tabindex:-1)
2025-12-12 15:30:32,619 [INFO] PluginManage:310 - Check plugin updater
2025-12-12 15:30:32,637 [INFO] PluginManage:359 - Loaded plugin updater (category:base,tabindex:12)
2025-12-12 15:30:32,637 [INFO] PluginManage:310 - Check plugin userauth
2025-12-12 15:30:32,639 [INFO] UserAuth:118 - Init User Auth plugin
2025-12-12 15:30:32,640 [INFO] PluginManage:359 - Loaded plugin userauth (category:base,tabindex:14)
2025-12-12 15:30:32,640 [INFO] PluginManage:283 - PluginManage : Loaded plugins [18]
2025-12-12 15:30:32,791 [INFO] PinOutPanel:1589 - setPackage(No Configuration,No Configuration)
2025-12-12 15:30:32,892 [INFO] CADModel:165 - CPN selected for project level
2025-12-12 15:30:32,892 [INFO] CADModel:114 - Register for checkConnection events
2025-12-12 15:30:32,907 [INFO] IPUIPlugin:80 - create IPUIPlugin
2025-12-12 15:30:32,908 [INFO] PluginManager:220 - loadIPPluginJar : add adc
2025-12-12 15:30:32,910 [INFO] IPUIPlugin:80 - create IPUIPlugin
2025-12-12 15:30:32,910 [INFO] PluginManager:220 - loadIPPluginJar : add aes
2025-12-12 15:30:32,913 [INFO] IPUIPlugin:80 - create IPUIPlugin
2025-12-12 15:30:32,913 [INFO] PluginManager:220 - loadIPPluginJar : add can
2025-12-12 15:30:32,915 [INFO] IPUIPlugin:80 - create IPUIPlugin
2025-12-12 15:30:32,916 [INFO] PluginManager:220 - loadIPPluginJar : add comp
2025-12-12 15:30:32,918 [INFO] IPUIPlugin:80 - create IPUIPlugin
2025-12-12 15:30:32,918 [INFO] PluginManager:220 - loadIPPluginJar : add cryp
2025-12-12 15:30:32,921 [INFO] IPUIPlugin:80 - create IPUIPlugin
2025-12-12 15:30:32,921 [INFO] PluginManager:220 - loadIPPluginJar : add ddr_ctrl_phy
2025-12-12 15:30:32,924 [INFO] IPUIPlugin:80 - create IPUIPlugin
2025-12-12 15:30:32,924 [INFO] PluginManager:220 - loadIPPluginJar : add dfsdm
2025-12-12 15:30:32,929 [INFO] IPUIPlugin:80 - create IPUIPlugin
2025-12-12 15:30:32,930 [INFO] PluginManager:220 - loadIPPluginJar : add dma
2025-12-12 15:30:32,933 [INFO] IPUIPlugin:80 - create IPUIPlugin
2025-12-12 15:30:32,933 [INFO] PluginManager:220 - loadIPPluginJar : add dma3
2025-12-12 15:30:32,936 [INFO] IPUIPlugin:80 - create IPUIPlugin
2025-12-12 15:30:32,937 [INFO] PluginManager:220 - loadIPPluginJar : add extmemmanager
2025-12-12 15:30:32,939 [INFO] IPUIPlugin:80 - create IPUIPlugin
2025-12-12 15:30:32,939 [INFO] PluginManager:220 - loadIPPluginJar : add fatfs
2025-12-12 15:30:32,944 [INFO] IPUIPlugin:80 - create IPUIPlugin
2025-12-12 15:30:32,945 [INFO] PluginManager:220 - loadIPPluginJar : add fmc
2025-12-12 15:30:32,950 [INFO] IPUIPlugin:80 - create IPUIPlugin
2025-12-12 15:30:32,950 [INFO] PluginManager:220 - loadIPPluginJar : add freertos
2025-12-12 15:30:32,953 [INFO] IPUIPlugin:80 - create IPUIPlugin
2025-12-12 15:30:32,953 [INFO] PluginManager:220 - loadIPPluginJar : add genericplugin
2025-12-12 15:30:32,955 [INFO] IPUIPlugin:80 - create IPUIPlugin
2025-12-12 15:30:32,955 [INFO] PluginManager:220 - loadIPPluginJar : add gfxmmu
2025-12-12 15:30:32,960 [INFO] IPUIPlugin:80 - create IPUIPlugin
2025-12-12 15:30:32,960 [INFO] PluginManager:220 - loadIPPluginJar : add gic
2025-12-12 15:30:32,964 [INFO] IPUIPlugin:80 - create IPUIPlugin
2025-12-12 15:30:32,964 [INFO] PluginManager:220 - loadIPPluginJar : add gpio
2025-12-12 15:30:32,967 [INFO] IPUIPlugin:80 - create IPUIPlugin
2025-12-12 15:30:32,967 [INFO] PluginManager:220 - loadIPPluginJar : add gtzc
2025-12-12 15:30:32,971 [INFO] IPUIPlugin:80 - create IPUIPlugin
2025-12-12 15:30:32,971 [INFO] PluginManager:220 - loadIPPluginJar : add hash
2025-12-12 15:30:32,973 [INFO] IPUIPlugin:80 - create IPUIPlugin
2025-12-12 15:30:32,974 [INFO] PluginManager:220 - loadIPPluginJar : add i2c
2025-12-12 15:30:32,976 [INFO] IPUIPlugin:80 - create IPUIPlugin
2025-12-12 15:30:32,977 [INFO] PluginManager:220 - loadIPPluginJar : add i2s
2025-12-12 15:30:32,982 [INFO] IPUIPlugin:80 - create IPUIPlugin
2025-12-12 15:30:32,982 [INFO] PluginManager:220 - loadIPPluginJar : add i3c
2025-12-12 15:30:32,985 [INFO] IPUIPlugin:80 - create IPUIPlugin
2025-12-12 15:30:32,985 [INFO] PluginManager:220 - loadIPPluginJar : add ipddr
2025-12-12 15:30:32,992 [INFO] IPUIPlugin:80 - create IPUIPlugin
2025-12-12 15:30:32,993 [INFO] PluginManager:220 - loadIPPluginJar : add linkedlist
2025-12-12 15:30:32,996 [INFO] IPUIPlugin:80 - create IPUIPlugin
2025-12-12 15:30:32,996 [INFO] PluginManager:220 - loadIPPluginJar : add lorawan
2025-12-12 15:30:32,997 [INFO] IPUIPlugin:80 - create IPUIPlugin
2025-12-12 15:30:32,997 [INFO] PluginManager:220 - loadIPPluginJar : add ltdc
2025-12-12 15:30:33,003 [INFO] IPUIPlugin:80 - create IPUIPlugin
2025-12-12 15:30:33,003 [INFO] PluginManager:220 - loadIPPluginJar : add mdma
2025-12-12 15:30:33,007 [INFO] IPUIPlugin:80 - create IPUIPlugin
2025-12-12 15:30:33,008 [INFO] PluginManager:220 - loadIPPluginJar : add nvic
2025-12-12 15:30:33,011 [INFO] IPUIPlugin:80 - create IPUIPlugin
2025-12-12 15:30:33,011 [INFO] PluginManager:220 - loadIPPluginJar : add opamp
2025-12-12 15:30:33,015 [INFO] IPUIPlugin:80 - create IPUIPlugin
2025-12-12 15:30:33,015 [INFO] PluginManager:220 - loadIPPluginJar : add openamp
2025-12-12 15:30:33,020 [INFO] IPUIPlugin:80 - create IPUIPlugin
2025-12-12 15:30:33,020 [INFO] PluginManager:220 - loadIPPluginJar : add pdm2pcm
2025-12-12 15:30:33,026 [INFO] IPUIPlugin:80 - create IPUIPlugin
2025-12-12 15:30:33,029 [INFO] PluginManager:220 - loadIPPluginJar : add plateformsettings
2025-12-12 15:30:33,031 [INFO] IPUIPlugin:80 - create IPUIPlugin
2025-12-12 15:30:33,031 [INFO] PluginManager:220 - loadIPPluginJar : add quadspi
2025-12-12 15:30:33,034 [INFO] IPUIPlugin:80 - create IPUIPlugin
2025-12-12 15:30:33,035 [INFO] PluginManager:220 - loadIPPluginJar : add radio
2025-12-12 15:30:33,038 [INFO] IPUIPlugin:80 - create IPUIPlugin
2025-12-12 15:30:33,038 [INFO] PluginManager:220 - loadIPPluginJar : add resmgrutility
2025-12-12 15:30:33,040 [INFO] IPUIPlugin:80 - create IPUIPlugin
2025-12-12 15:30:33,040 [INFO] PluginManager:220 - loadIPPluginJar : add sai
2025-12-12 15:30:33,043 [INFO] IPUIPlugin:80 - create IPUIPlugin
2025-12-12 15:30:33,043 [INFO] PluginManager:220 - loadIPPluginJar : add spi
2025-12-12 15:30:33,047 [INFO] IPUIPlugin:80 - create IPUIPlugin
2025-12-12 15:30:33,048 [INFO] PluginManager:220 - loadIPPluginJar : add stm32_wpan
2025-12-12 15:30:33,050 [INFO] IPUIPlugin:80 - create IPUIPlugin
2025-12-12 15:30:33,050 [INFO] PluginManager:220 - loadIPPluginJar : add tim
2025-12-12 15:30:33,053 [INFO] IPUIPlugin:80 - create IPUIPlugin
2025-12-12 15:30:33,054 [INFO] PluginManager:220 - loadIPPluginJar : add touchsensing
2025-12-12 15:30:33,056 [INFO] IPUIPlugin:80 - create IPUIPlugin
2025-12-12 15:30:33,056 [INFO] PluginManager:220 - loadIPPluginJar : add tracer_emb
2025-12-12 15:30:33,057 [INFO] IPUIPlugin:80 - create IPUIPlugin
2025-12-12 15:30:33,057 [INFO] PluginManager:220 - loadIPPluginJar : add ts
2025-12-12 15:30:33,058 [INFO] IPUIPlugin:80 - create IPUIPlugin
2025-12-12 15:30:33,058 [INFO] PluginManager:220 - loadIPPluginJar : add tsc
2025-12-12 15:30:33,061 [INFO] IPUIPlugin:80 - create IPUIPlugin
2025-12-12 15:30:33,061 [INFO] PluginManager:220 - loadIPPluginJar : add ucpd
2025-12-12 15:30:33,064 [INFO] IPUIPlugin:80 - create IPUIPlugin
2025-12-12 15:30:33,064 [INFO] PluginManager:220 - loadIPPluginJar : add usart
2025-12-12 15:30:33,067 [INFO] IPUIPlugin:80 - create IPUIPlugin
2025-12-12 15:30:33,067 [INFO] PluginManager:220 - loadIPPluginJar : add usbx
2025-12-12 15:30:33,193 [FATAL] Updater:351 - Updater called before beeing initialized
2025-12-12 15:30:33,215 [INFO] RulesReader:64 - Compatibility file has been processed (317 Rules)
2025-12-12 15:30:33,232 [INFO] RulesReader:64 - Compatibility file has been processed (317 Rules)
2025-12-12 15:30:33,245 [INFO] CADModel:165 - CPN selected for project level
2025-12-12 15:30:33,245 [INFO] CADModel:114 - Register for checkConnection events
2025-12-12 15:30:33,245 [FATAL] Updater:351 - Updater called before beeing initialized
2025-12-12 15:30:33,245 [ERROR] CADModel:125 - Updater not yet initialized, retry later 
2025-12-12 15:30:33,372 [FATAL] Updater:351 - Updater called before beeing initialized
2025-12-12 15:30:33,374 [INFO] CADModel:165 - CPN selected for project level
2025-12-12 15:30:33,374 [INFO] CADModel:114 - Register for checkConnection events
2025-12-12 15:30:33,374 [FATAL] Updater:351 - Updater called before beeing initialized
2025-12-12 15:30:33,374 [ERROR] CADModel:125 - Updater not yet initialized, retry later 
2025-12-12 15:30:33,376 [FATAL] Updater:351 - Updater called before beeing initialized
2025-12-12 15:30:33,470 [FATAL] Updater:351 - Updater called before beeing initialized
2025-12-12 15:30:33,472 [INFO] DbMcusAds:53 - JSON generation date=Thu Sep 30 15:55:09 KST 2021 (1632984909247)
2025-12-12 15:30:33,472 [FATAL] Updater:351 - Updater called before beeing initialized
2025-12-12 15:30:33,497 [WARN] DetailPanel:346 - Failed to get advertising image, set to default
2025-12-12 15:30:33,574 [FATAL] Updater:351 - Updater called before beeing initialized
2025-12-12 15:30:33,575 [FATAL] Updater:351 - Updater called before beeing initialized
2025-12-12 15:30:33,575 [FATAL] Updater:351 - Updater called before beeing initialized
2025-12-12 15:30:33,576 [WARN] DetailPanel:346 - Failed to get advertising image, set to default
2025-12-12 15:30:33,577 [FATAL] Updater:351 - Updater called before beeing initialized
2025-12-12 15:30:33,619 [ERROR] Updater:1198 - MainUpdater not yet initialized. External WinMGr cannot be set.
2025-12-12 15:30:33,621 [INFO] Updater:1134 - Updater Version found : 6.15.0
2025-12-12 15:30:33,634 [INFO] ApplicationProperties:184 - Using Application install path: C:\ST\STM32CubeIDE_1.19.0\STM32CubeIDE\plugins\com.st.stm32cube.common.mx_6.15.0.202507011659
2025-12-12 15:30:35,202 [ERROR] LogOutputStream:75 - [STDERR_REDIRECT] Dec 12, 2025 3:30:35 PM java.util.prefs.WindowsPreferences <init>
2025-12-12 15:30:35,203 [ERROR] LogOutputStream:75 - [STDERR_REDIRECT] WARNING: Could not open/create prefs root node Software\JavaSoft\Prefs at root 0xffffffff80000002. Windows RegCreateKeyEx(...) returned error code 5.
2025-12-12 15:30:35,203 [ERROR] LogOutputStream:75 - [STDERR_REDIRECT] 
2025-12-12 15:30:35,500 [INFO] ThirdPartyUpdaterWithRetryManager:70 - Updater plugin not ready yet. [2/15]
2025-12-12 15:30:35,798 [INFO] MainUpdater:2872 - connection check result : 10
2025-12-12 15:30:35,798 [INFO] MainUpdater:289 - Updater Check For Update Now.
2025-12-12 15:30:35,798 [INFO] MicroXplorer:498 - Change Database Version : DB.6.0.150
2025-12-12 15:30:35,803 [INFO] McuFinderGlobals:63 - Set McuFinder mode to 2 (CubeIDE integrated)
2025-12-12 15:30:35,803 [INFO] UserAuth:171 - activating auth plugin
2025-12-12 15:30:35,806 [INFO] UserAuth:487 - Internet connection configuration mode: 1
2025-12-12 15:30:35,834 [INFO] JxBrowserEngine:152 - Initiate JxBrowser Engine with user profile folder
2025-12-12 15:30:35,960 [INFO] CheckServerUpdateThread:120 - End of CheckServer Thread
2025-12-12 15:30:36,386 [INFO] WebApp:169 - Instantiating new browser for Auth
2025-12-12 15:30:36,901 [INFO] WebApp:463 - Apply proxy settings
2025-12-12 15:30:36,901 [INFO] WebApp:548 - Chromium requires no authentication
2025-12-12 15:30:36,907 [INFO] WebApp:491 - Direct internet connection detected
2025-12-12 15:30:36,923 [INFO] WebApp:900 - Register for checkConnection events
2025-12-12 15:30:36,923 [INFO] WebApp:463 - Apply proxy settings
2025-12-12 15:30:36,923 [INFO] WebApp:548 - Chromium requires no authentication
2025-12-12 15:30:36,924 [INFO] WebApp:491 - Direct internet connection detected
2025-12-12 15:30:37,020 [INFO] WebApp:225 - Starting web application
2025-12-12 15:30:37,020 [INFO] WebApp:593 - Web application path used C:\ST\STM32CubeIDE_1.19.0\STM32CubeIDE\plugins\com.st.stm32cube.common.mx_6.15.0.202507011659\db\plugins\mcufinder\reactClient1\index.html
2025-12-12 15:30:37,217 [INFO] WebApp:191 - Connection restablished
2025-12-12 15:30:38,760 [WARN] PackLoader:240 - Cannot read IP mode file for STMicroelectronics.FP-SNS-MOTENVWB1.1.4.0
2025-12-12 15:30:38,768 [WARN] PackLoader:240 - Cannot read IP mode file for STMicroelectronics.FP-ATR-ASTRA1.2.0.2
2025-12-12 15:30:38,776 [WARN] PackLoader:240 - Cannot read IP mode file for STMicroelectronics.X-CUBE-SMBUS.2.1.0
2025-12-12 15:30:38,802 [WARN] PackLoader:240 - Cannot read IP mode file for STMicroelectronics.X-CUBE-AZRTOS-F7.1.1.0
2025-12-12 15:30:38,814 [WARN] PackLoader:240 - Cannot read IP mode file for STMicroelectronics.FP-SNS-MOTENV1.5.1.0
2025-12-12 15:30:38,831 [WARN] PackLoader:240 - Cannot read IP mode file for WES.I-CUBE-Cesium.1.4.0
2025-12-12 15:30:38,863 [WARN] PackLoader:240 - Cannot read IP mode file for STMicroelectronics.X-CUBE-AZRTOS-H7.3.4.0
2025-12-12 15:30:38,879 [WARN] PackLoader:240 - Cannot read IP mode file for STMicroelectronics.X-CUBE-DISPLAY.3.0.0
2025-12-12 15:30:38,896 [WARN] PackLoader:240 - Cannot read IP mode file for STMicroelectronics.X-CUBE-NFC10.1.0.0
2025-12-12 15:30:38,903 [WARN] PackLoader:240 - Cannot read IP mode file for STMicroelectronics.X-CUBE-ST60.1.1.0
2025-12-12 15:30:38,911 [WARN] PackLoader:240 - Cannot read IP mode file for emotas.I-CUBE-CANOPEN.1.3.0
2025-12-12 15:30:38,918 [WARN] PackLoader:240 - Cannot read IP mode file for STMicroelectronics.X-CUBE-GNSS1.7.1.0
2025-12-12 15:30:38,930 [WARN] PackLoader:240 - Cannot read IP mode file for STMicroelectronics.FP-SNS-STBOX1.2.1.0
2025-12-12 15:30:38,937 [WARN] PackLoader:240 - Cannot read IP mode file for STMicroelectronics.FP-SNS-SMARTAG2.1.2.0
2025-12-12 15:30:38,943 [WARN] PackLoader:240 - Cannot read IP mode file for STMicroelectronics.FP-SNS-FLIGHT1.5.1.0
2025-12-12 15:30:38,953 [INFO] LogOutputStream:77 - [STDOUT_REDIRECT] 1 : Invalid condition id : UX_CORESTACK_Condition cause : null
2025-12-12 15:30:38,955 [INFO] LogOutputStream:77 - [STDOUT_REDIRECT] 1 : Invalid condition id : UX_CORESTACK_Condition cause : null
2025-12-12 15:30:38,956 [INFO] LogOutputStream:77 - [STDOUT_REDIRECT] 1 : Invalid condition id : UX_CORESTACK_Condition cause : null
2025-12-12 15:30:38,958 [INFO] LogOutputStream:77 - [STDOUT_REDIRECT] 1 : Invalid condition id : UX_CORESTACK_Condition cause : null
2025-12-12 15:30:38,959 [INFO] LogOutputStream:77 - [STDOUT_REDIRECT] 1 : Invalid condition id : UX_CORESTACK_Condition cause : null
2025-12-12 15:30:38,962 [WARN] PackLoader:240 - Cannot read IP mode file for STMicroelectronics.X-CUBE-AZRTOS-WL.2.0.0
2025-12-12 15:30:38,982 [WARN] PackLoader:240 - Cannot read IP mode file for STMicroelectronics.X-CUBE-AZRTOS-H7RS.1.2.0
2025-12-12 15:30:38,992 [WARN] PackLoader:240 - Cannot read IP mode file for STMicroelectronics.X-CUBE-BLE2.3.3.0
2025-12-12 15:30:39,041 [WARN] PackLoader:240 - Cannot read IP mode file for Infineon.AIROC-Wi-Fi-Bluetooth-STM32.1.8.0
2025-12-12 15:30:39,052 [WARN] PackLoader:240 - Cannot read IP mode file for STMicroelectronics.X-CUBE-NFC9.1.0.0
2025-12-12 15:30:39,058 [WARN] PackLoader:240 - Cannot read IP mode file for STMicroelectronics.X-CUBE-BLE1.7.1.0
2025-12-12 15:30:39,063 [WARN] PackLoader:240 - Cannot read IP mode file for wolfSSL.I-CUBE-wolfMQTT.1.19.2
2025-12-12 15:30:39,069 [WARN] PackLoader:240 - Cannot read IP mode file for STMicroelectronics.X-CUBE-FREERTOS.1.4.0
2025-12-12 15:30:39,075 [WARN] PackLoader:240 - Cannot read IP mode file for STMicroelectronics.X-CUBE-EEPRMA1.5.2.0
2025-12-12 15:30:39,081 [WARN] PackLoader:240 - Cannot read IP mode file for wolfSSL.I-CUBE-wolfSSL.5.8.4
2025-12-12 15:30:39,085 [WARN] PackLoader:240 - Cannot read IP mode file for Cesanta.I-CUBE-Mongoose.7.20.0
2025-12-12 15:30:39,090 [WARN] PackLoader:240 - Cannot read IP mode file for STMicroelectronics.X-CUBE-ST67W61.1.1.0
2025-12-12 15:30:39,118 [WARN] PackLoader:240 - Cannot read IP mode file for STMicroelectronics.X-CUBE-MEMS1.12.0.0
2025-12-12 15:30:39,180 [WARN] PackLoader:240 - Cannot read IP mode file for STMicroelectronics.X-CUBE-AZRTOS-G0.1.1.0
2025-12-12 15:30:39,187 [WARN] PackLoader:240 - Cannot read IP mode file for STMicroelectronics.X-CUBE-NFC4.3.0.0
2025-12-12 15:30:39,198 [WARN] PackLoader:240 - Cannot read IP mode file for EmbeddedOffice.I-CUBE-FS-RTOS.1.0.1
2025-12-12 15:30:39,204 [WARN] PackLoader:240 - Cannot read IP mode file for STMicroelectronics.X-CUBE-WB05N.2.0.0
2025-12-12 15:30:39,209 [WARN] PackLoader:240 - Cannot read IP mode file for wolfSSL.I-CUBE-wolfTPM.3.8.0
2025-12-12 15:30:39,214 [WARN] PackLoader:240 - Cannot read IP mode file for STMicroelectronics.X-CUBE-TCPP.4.2.0
2025-12-12 15:30:39,220 [WARN] PackLoader:240 - Cannot read IP mode file for RealThread.X-CUBE-RT-Thread_Nano.4.1.1
2025-12-12 15:30:39,225 [WARN] PackLoader:240 - Cannot read IP mode file for STMicroelectronics.FP-ATR-SIGFOX1.3.2.0
2025-12-12 15:30:39,231 [WARN] PackLoader:240 - Cannot read IP mode file for ITTIA_DB.I-CUBE-ITTIADB.8.9.0
2025-12-12 15:30:39,236 [WARN] PackLoader:240 - Cannot read IP mode file for STMicroelectronics.X-CUBE-AI.10.2.0
2025-12-12 15:30:39,257 [WARN] PackLoader:240 - Cannot read IP mode file for SEGGER.I-CUBE-embOS.1.3.1
2025-12-12 15:30:39,322 [WARN] PackLoader:240 - Cannot read IP mode file for STMicroelectronics.X-CUBE-ALGOBUILD.1.4.0
2025-12-12 15:30:39,330 [WARN] PackLoader:240 - Cannot read IP mode file for STMicroelectronics.X-CUBE-PM33A1.1.0.0
2025-12-12 15:30:39,340 [WARN] PackLoader:240 - Cannot read IP mode file for STMicroelectronics.X-CUBE-AZRTOS-F4.1.1.0
2025-12-12 15:30:39,347 [WARN] PackLoader:240 - Cannot read IP mode file for STMicroelectronics.X-CUBE-ISPU.2.1.0
2025-12-12 15:30:39,356 [WARN] PackLoader:240 - Cannot read IP mode file for STMicroelectronics.X-CUBE-IPS.3.2.0
2025-12-12 15:30:39,365 [WARN] PackLoader:240 - Cannot read IP mode file for STMicroelectronics.X-CUBE-NFC12.1.0.0
2025-12-12 15:30:39,375 [WARN] PackLoader:240 - Cannot read IP mode file for STMicroelectronics.X-CUBE-AZRTOS-L5.2.0.0
2025-12-12 15:30:39,381 [WARN] PackLoader:240 - Cannot read IP mode file for STMicroelectronics.X-CUBE-NFC6.3.1.0
2025-12-12 15:30:39,389 [WARN] PackLoader:240 - Cannot read IP mode file for STMicroelectronics.X-CUBE-TOUCHGFX.4.26.0
2025-12-12 15:30:39,393 [WARN] PackLoader:240 - Cannot read IP mode file for STMicroelectronics.FP-SNS-STAIOTCFT.1.0.0
2025-12-12 15:30:39,398 [WARN] PackLoader:240 - Cannot read IP mode file for STMicroelectronics.X-CUBE-DPower.1.3.0
2025-12-12 15:30:39,408 [WARN] ConditionMgr:438 - getConditionDescription Invalid condition id : LAN8742 Phy interface Condition cause : null
2025-12-12 15:30:39,409 [WARN] PackLoader:240 - Cannot read IP mode file for STMicroelectronics.X-CUBE-AZRTOS-L4.2.0.0
2025-12-12 15:30:39,409 [WARN] ConditionMgr:1044 - genDependencies : Invalid condition id : LAN8742 Phy interface Condition cause : null
2025-12-12 15:30:39,410 [WARN] ConditionMgr:1044 - genDependencies : Invalid condition id : LAN8742 Phy interface Condition cause : null
2025-12-12 15:30:39,410 [WARN] ConditionMgr:1044 - genDependencies : Invalid condition id : LAN8742 Phy interface Condition cause : null
2025-12-12 15:30:39,416 [WARN] PackLoader:240 - Cannot read IP mode file for STMicroelectronics.X-CUBE-SFXS2LP1.4.0.0
2025-12-12 15:30:39,424 [WARN] PackLoader:240 - Cannot read IP mode file for STMicroelectronics.X-CUBE-BLEMGR.4.1.0
2025-12-12 15:30:39,433 [WARN] ConditionMgr:438 - getConditionDescription Invalid condition id : UX DEVICE CLASS RTOS Condition cause : null
2025-12-12 15:30:39,433 [WARN] ConditionMgr:438 - getConditionDescription Invalid condition id : UX DEVICE CLASS RTOS Condition cause : null
2025-12-12 15:30:39,434 [WARN] PackLoader:240 - Cannot read IP mode file for STMicroelectronics.X-CUBE-AZRTOS-WB.2.0.0
2025-12-12 15:30:39,434 [WARN] ConditionMgr:1044 - genDependencies : Invalid condition id : UX DEVICE CLASS RTOS Condition cause : null
2025-12-12 15:30:39,434 [WARN] ConditionMgr:1044 - genDependencies : Invalid condition id : UX DEVICE CLASS RTOS Condition cause : null
2025-12-12 15:30:39,434 [WARN] ConditionMgr:1044 - genDependencies : Invalid condition id : UX DEVICE CLASS RTOS Condition cause : null
2025-12-12 15:30:39,435 [WARN] ConditionMgr:1044 - genDependencies : Invalid condition id : UX DEVICE CLASS RTOS Condition cause : null
2025-12-12 15:30:39,435 [WARN] ConditionMgr:1044 - genDependencies : Invalid condition id : UX DEVICE CLASS RTOS Condition cause : null
2025-12-12 15:30:39,439 [WARN] ConditionMgr:438 - getConditionDescription Invalid condition id : Cortex-A Device cause : null
2025-12-12 15:30:39,447 [WARN] ConditionMgr:1044 - genDependencies : Invalid condition id : Cortex-A Device cause : null
2025-12-12 15:30:39,447 [WARN] ConditionMgr:1044 - genDependencies : Invalid condition id : Cortex-A Device cause : null
2025-12-12 15:30:39,447 [WARN] ConditionMgr:1044 - genDependencies : Invalid condition id : Cortex-A Device cause : null
2025-12-12 15:30:39,454 [WARN] PackLoader:240 - Cannot read IP mode file for STMicroelectronics.X-CUBE-SUBG2.5.0.0
2025-12-12 15:30:39,465 [WARN] PackLoader:240 - Cannot read IP mode file for STMicroelectronics.X-CUBE-AZRTOS-G4.2.0.0
2025-12-12 15:30:39,469 [WARN] PackLoader:240 - Cannot read IP mode file for wolfSSL.I-CUBE-wolfSSH.1.4.20
2025-12-12 15:30:39,479 [WARN] PackLoader:240 - Cannot read IP mode file for STMicroelectronics.X-CUBE-NFC7.2.0.0
2025-12-12 15:30:39,484 [WARN] PackLoader:240 - Cannot read IP mode file for STMicroelectronics.X-CUBE-ALS.1.0.2
2025-12-12 15:30:39,490 [WARN] PackLoader:240 - Cannot read IP mode file for STMicroelectronics.X-CUBE-STSE01.1.0.0
2025-12-12 15:30:39,498 [WARN] PackLoader:240 - Cannot read IP mode file for STMicroelectronics.X-CUBE-TOF1.3.4.3
2025-12-12 15:30:39,505 [INFO] ThirdParty:978 - Integrity check success = true
2025-12-12 15:30:39,505 [INFO] IntegrityCheckThread:100 - exiting critical section [integrity check]
2025-12-12 15:30:39,505 [INFO] IntegrityCheckThread:103 - End integrity checks thread
2025-12-12 15:33:46,096 [INFO] Activator:176 - 


2025-12-12 15:33:46,096 [INFO] Activator:177 - !SESSION log4j initialized
2025-12-12 15:33:48,098 [INFO] LogOutputStream:77 - [STDOUT_REDIRECT] 
2025-12-12 15:33:49,998 [INFO] ApplicationProperties:184 - Using Application install path: C:\ST\STM32CubeIDE_1.19.0\STM32CubeIDE\plugins\com.st.stm32cube.common.mx_6.15.0.202507011659
2025-12-12 15:33:50,010 [INFO] DbMcusXml:78 - Set database path to: C:\ST\STM32CubeIDE_1.19.0\STM32CubeIDE\plugins\com.st.stm32cube.common.mx_6.15.0.202507011659\\db\/mcu/
2025-12-12 15:33:50,010 [INFO] ApiDb:274 - Set plugin database path to: C:\ST\STM32CubeIDE_1.19.0\STM32CubeIDE\plugins\com.st.stm32cube.common.mx_6.15.0.202507011659\\db\/plugins/boardmanager/
2025-12-12 15:33:50,011 [WARN] ApiDb:259 - Overriding images path with different value:  => C:\ST\STM32CubeIDE_1.19.0\STM32CubeIDE\plugins\com.st.stm32cube.common.mx_6.15.0.202507011659\\db\/plugins/mcufinder/images/
2025-12-12 15:33:50,014 [INFO] ApiDb:250 - Set database path to: C:\Users\CAMMSYS\.stmcufinder\plugins\mcufinder//mcu/
2025-12-12 15:33:50,015 [INFO] DbMcusAds:125 - Set database path to: C:\Users\CAMMSYS\.stmcufinder\plugins\mcufinder//mcu/
2025-12-12 15:33:50,016 [INFO] CrossReferenceDbSqlite:203 - Set database path to: C:\Users\CAMMSYS\.stmcufinder\plugins\mcufinder//mcu/cs/
2025-12-12 15:33:50,099 [INFO] RulesReader:64 - Compatibility file has been processed (317 Rules)
2025-12-12 15:33:50,187 [INFO] DbMcusXml:78 - Set database path to: C:\ST\STM32CubeIDE_1.19.0\STM32CubeIDE\plugins\com.st.stm32cube.common.mx_6.15.0.202507011659\\db\/mcu/
2025-12-12 15:33:50,187 [INFO] ApiDb:274 - Set plugin database path to: C:\ST\STM32CubeIDE_1.19.0\STM32CubeIDE\plugins\com.st.stm32cube.common.mx_6.15.0.202507011659\\db\/plugins/boardmanager/
2025-12-12 15:33:50,187 [INFO] ApiDb:261 - Set plugin images path to: C:\ST\STM32CubeIDE_1.19.0\STM32CubeIDE\plugins\com.st.stm32cube.common.mx_6.15.0.202507011659\\db\/plugins/mcufinder/images/
2025-12-12 15:33:50,188 [WARN] DbFile:41 - Overriding database path with different value: C:\Users\CAMMSYS\.stmcufinder\plugins\mcufinder/ => C:\Users\CAMMSYS\.stmcufinder\plugins\mcufinder
2025-12-12 15:33:50,188 [INFO] ApiDb:250 - Set database path to: C:\Users\CAMMSYS\.stmcufinder\plugins\mcufinder//mcu/
2025-12-12 15:33:50,188 [WARN] DbFile:41 - Overriding database path with different value: C:\Users\CAMMSYS\.stmcufinder\plugins\mcufinder/ => C:\Users\CAMMSYS\.stmcufinder\plugins\mcufinder
2025-12-12 15:33:50,188 [INFO] DbMcusAds:125 - Set database path to: C:\Users\CAMMSYS\.stmcufinder\plugins\mcufinder//mcu/
2025-12-12 15:33:50,188 [WARN] DbFile:41 - Overriding database path with different value: C:\Users\CAMMSYS\.stmcufinder\plugins\mcufinder/ => C:\Users\CAMMSYS\.stmcufinder\plugins\mcufinder
2025-12-12 15:33:50,188 [WARN] DbFile:41 - Overriding database path with different value: C:\Users\CAMMSYS\.stmcufinder\plugins\mcufinder/ => C:\Users\CAMMSYS\.stmcufinder\plugins\mcufinder
2025-12-12 15:33:50,188 [INFO] CrossReferenceDbSqlite:203 - Set database path to: C:\Users\CAMMSYS\.stmcufinder\plugins\mcufinder//mcu/cs/
2025-12-12 15:33:50,232 [INFO] MainPanel:274 - HeapMemory: 268435456
2025-12-12 15:33:50,286 [INFO] DbMcusXml:78 - Set database path to: C:\ST\STM32CubeIDE_1.19.0\STM32CubeIDE\plugins\com.st.stm32cube.common.mx_6.15.0.202507011659\\db\/mcu/
2025-12-12 15:33:50,286 [INFO] ApiDb:274 - Set plugin database path to: C:\ST\STM32CubeIDE_1.19.0\STM32CubeIDE\plugins\com.st.stm32cube.common.mx_6.15.0.202507011659\\db\/plugins/boardmanager/
2025-12-12 15:33:50,286 [INFO] ApiDb:261 - Set plugin images path to: C:\ST\STM32CubeIDE_1.19.0\STM32CubeIDE\plugins\com.st.stm32cube.common.mx_6.15.0.202507011659\\db\/plugins/mcufinder/images/
2025-12-12 15:33:50,287 [WARN] DbFile:41 - Overriding database path with different value: C:\Users\CAMMSYS\.stmcufinder\plugins\mcufinder/ => C:\Users\CAMMSYS\.stmcufinder\plugins\mcufinder
2025-12-12 15:33:50,287 [INFO] ApiDb:250 - Set database path to: C:\Users\CAMMSYS\.stmcufinder\plugins\mcufinder//mcu/
2025-12-12 15:33:50,287 [WARN] DbFile:41 - Overriding database path with different value: C:\Users\CAMMSYS\.stmcufinder\plugins\mcufinder/ => C:\Users\CAMMSYS\.stmcufinder\plugins\mcufinder
2025-12-12 15:33:50,287 [INFO] DbMcusAds:125 - Set database path to: C:\Users\CAMMSYS\.stmcufinder\plugins\mcufinder//mcu/
2025-12-12 15:33:50,287 [WARN] DbFile:41 - Overriding database path with different value: C:\Users\CAMMSYS\.stmcufinder\plugins\mcufinder/ => C:\Users\CAMMSYS\.stmcufinder\plugins\mcufinder
2025-12-12 15:33:50,287 [WARN] DbFile:41 - Overriding database path with different value: C:\Users\CAMMSYS\.stmcufinder\plugins\mcufinder/ => C:\Users\CAMMSYS\.stmcufinder\plugins\mcufinder
2025-12-12 15:33:50,287 [INFO] CrossReferenceDbSqlite:203 - Set database path to: C:\Users\CAMMSYS\.stmcufinder\plugins\mcufinder//mcu/cs/
2025-12-12 15:33:50,300 [INFO] ApplicationProperties:184 - Using Application install path: C:\ST\STM32CubeIDE_1.19.0\STM32CubeIDE\plugins\com.st.stm32cube.common.mx_6.15.0.202507011659
2025-12-12 15:33:50,301 [INFO] PluginManage:196 - Search for loadable plugins [exclusion list=, ]
2025-12-12 15:33:50,301 [INFO] PluginManage:310 - Check plugin analytics
2025-12-12 15:33:50,461 [INFO] AnalyticsPlugin:253 - Accepted Software Licenses: 
2025-12-12 15:33:50,461 [INFO] AnalyticsPlugin:255 - Accepted CMSIS Pack Licenses: 
2025-12-12 15:33:50,461 [INFO] AnalyticsPlugin:257 - Accepted Firmware Licenses: 
2025-12-12 15:33:50,466 [INFO] PluginManage:359 - Loaded plugin analytics (category:tool,tabindex:-1)
2025-12-12 15:33:50,466 [INFO] PluginManage:310 - Check plugin cadmodel
2025-12-12 15:33:50,471 [INFO] CADModel:105 - Init CAD model plugin
2025-12-12 15:33:50,471 [INFO] PluginManage:359 - Loaded plugin cadmodel (category:power,tabindex:5)
2025-12-12 15:33:50,471 [INFO] PluginManage:310 - Check plugin clock
2025-12-12 15:33:50,478 [INFO] PluginManage:359 - Loaded plugin clock (category:base,tabindex:2)
2025-12-12 15:33:50,479 [INFO] PluginManage:310 - Check plugin ddr
2025-12-12 15:33:50,480 [INFO] PluginManage:359 - Loaded plugin ddr (category:tool,tabindex:6)
2025-12-12 15:33:50,480 [INFO] PluginManage:310 - Check plugin filemanager
2025-12-12 15:33:50,631 [INFO] PluginManage:359 - Loaded plugin filemanager (category:base,tabindex:10)
2025-12-12 15:33:50,631 [INFO] PluginManage:310 - Check plugin ipmanager
2025-12-12 15:33:50,637 [INFO] PluginManage:359 - Loaded plugin ipmanager (category:base,tabindex:5)
2025-12-12 15:33:50,637 [INFO] PluginManage:310 - Check plugin lpbam
2025-12-12 15:33:50,642 [INFO] PluginManage:359 - Loaded plugin lpbam (category:base,tabindex:0)
2025-12-12 15:33:50,642 [INFO] PluginManage:310 - Check plugin memorymap
2025-12-12 15:33:50,649 [INFO] PluginManage:359 - Loaded plugin memorymap (category:base,tabindex:4)
2025-12-12 15:33:50,649 [INFO] PluginManage:310 - Check plugin pinoutandconfiguration
2025-12-12 15:33:50,655 [INFO] PluginManage:359 - Loaded plugin pinoutandconfiguration (category:base,tabindex:1)
2025-12-12 15:33:50,655 [INFO] PluginManage:310 - Check plugin pinoutconfig
2025-12-12 15:33:50,709 [WARN] SupportedApi:132 - Cannot load RTOS API schema: s4s-elt-must-match.1: The content of 'definitions' must match (annotation?, (simpleType | complexType)?, (unique | key | keyref)*)). A problem was found starting at: attribute.
2025-12-12 15:33:50,788 [INFO] PluginManage:359 - Loaded plugin pinoutconfig (category:base,tabindex:0)
2025-12-12 15:33:50,788 [INFO] PluginManage:310 - Check plugin power
2025-12-12 15:33:50,792 [INFO] PluginManage:359 - Loaded plugin power (category:power,tabindex:4)
2025-12-12 15:33:50,793 [INFO] PluginManage:310 - Check plugin projectmanager
2025-12-12 15:33:50,805 [INFO] PluginManage:359 - Loaded plugin projectmanager (category:projectmanager,tabindex:4)
2025-12-12 15:33:50,805 [INFO] PluginManage:310 - Check plugin rif
2025-12-12 15:33:50,812 [INFO] PluginManage:359 - Loaded plugin rif (category:base,tabindex:3)
2025-12-12 15:33:50,812 [INFO] PluginManage:310 - Check plugin thirdparty
2025-12-12 15:33:50,902 [WARN] IntegrityCheckThread:84 - waiting for thirdparty lock release [integrity check]
2025-12-12 15:33:50,902 [INFO] IntegrityCheckThread:86 - entering critical section [integrity check]
2025-12-12 15:33:50,903 [INFO] ThirdPartyUpdaterWithRetryManager:70 - Updater plugin not ready yet. [1/15]
2025-12-12 15:33:50,903 [INFO] PluginManage:359 - Loaded plugin thirdparty (category:base,tabindex:-1)
2025-12-12 15:33:50,903 [INFO] PluginManage:310 - Check plugin tools
2025-12-12 15:33:50,909 [INFO] PluginManage:359 - Loaded plugin tools (category:base,tabindex:7)
2025-12-12 15:33:50,909 [INFO] PluginManage:310 - Check plugin tutovideos
2025-12-12 15:33:51,067 [INFO] PluginManage:359 - Loaded plugin tutovideos (category:base,tabindex:-1)
2025-12-12 15:33:51,067 [INFO] PluginManage:310 - Check plugin updater
2025-12-12 15:33:51,081 [INFO] PluginManage:359 - Loaded plugin updater (category:base,tabindex:12)
2025-12-12 15:33:51,081 [INFO] PluginManage:310 - Check plugin userauth
2025-12-12 15:33:51,083 [INFO] UserAuth:118 - Init User Auth plugin
2025-12-12 15:33:51,084 [INFO] PluginManage:359 - Loaded plugin userauth (category:base,tabindex:14)
2025-12-12 15:33:51,084 [INFO] PluginManage:283 - PluginManage : Loaded plugins [18]
2025-12-12 15:33:51,219 [INFO] PinOutPanel:1589 - setPackage(No Configuration,No Configuration)
2025-12-12 15:33:51,275 [INFO] CADModel:165 - CPN selected for project level
2025-12-12 15:33:51,275 [INFO] CADModel:114 - Register for checkConnection events
2025-12-12 15:33:51,287 [INFO] IPUIPlugin:80 - create IPUIPlugin
2025-12-12 15:33:51,287 [INFO] PluginManager:220 - loadIPPluginJar : add adc
2025-12-12 15:33:51,289 [INFO] IPUIPlugin:80 - create IPUIPlugin
2025-12-12 15:33:51,289 [INFO] PluginManager:220 - loadIPPluginJar : add aes
2025-12-12 15:33:51,291 [INFO] IPUIPlugin:80 - create IPUIPlugin
2025-12-12 15:33:51,291 [INFO] PluginManager:220 - loadIPPluginJar : add can
2025-12-12 15:33:51,292 [INFO] IPUIPlugin:80 - create IPUIPlugin
2025-12-12 15:33:51,292 [INFO] PluginManager:220 - loadIPPluginJar : add comp
2025-12-12 15:33:51,294 [INFO] IPUIPlugin:80 - create IPUIPlugin
2025-12-12 15:33:51,294 [INFO] PluginManager:220 - loadIPPluginJar : add cryp
2025-12-12 15:33:51,295 [INFO] IPUIPlugin:80 - create IPUIPlugin
2025-12-12 15:33:51,295 [INFO] PluginManager:220 - loadIPPluginJar : add ddr_ctrl_phy
2025-12-12 15:33:51,297 [INFO] IPUIPlugin:80 - create IPUIPlugin
2025-12-12 15:33:51,297 [INFO] PluginManager:220 - loadIPPluginJar : add dfsdm
2025-12-12 15:33:51,300 [INFO] IPUIPlugin:80 - create IPUIPlugin
2025-12-12 15:33:51,300 [INFO] PluginManager:220 - loadIPPluginJar : add dma
2025-12-12 15:33:51,302 [INFO] IPUIPlugin:80 - create IPUIPlugin
2025-12-12 15:33:51,302 [INFO] PluginManager:220 - loadIPPluginJar : add dma3
2025-12-12 15:33:51,303 [INFO] IPUIPlugin:80 - create IPUIPlugin
2025-12-12 15:33:51,303 [INFO] PluginManager:220 - loadIPPluginJar : add extmemmanager
2025-12-12 15:33:51,305 [INFO] IPUIPlugin:80 - create IPUIPlugin
2025-12-12 15:33:51,305 [INFO] PluginManager:220 - loadIPPluginJar : add fatfs
2025-12-12 15:33:51,308 [INFO] IPUIPlugin:80 - create IPUIPlugin
2025-12-12 15:33:51,308 [INFO] PluginManager:220 - loadIPPluginJar : add fmc
2025-12-12 15:33:51,311 [INFO] IPUIPlugin:80 - create IPUIPlugin
2025-12-12 15:33:51,311 [INFO] PluginManager:220 - loadIPPluginJar : add freertos
2025-12-12 15:33:51,311 [INFO] IPUIPlugin:80 - create IPUIPlugin
2025-12-12 15:33:51,311 [INFO] PluginManager:220 - loadIPPluginJar : add genericplugin
2025-12-12 15:33:51,313 [INFO] IPUIPlugin:80 - create IPUIPlugin
2025-12-12 15:33:51,313 [INFO] PluginManager:220 - loadIPPluginJar : add gfxmmu
2025-12-12 15:33:51,316 [INFO] IPUIPlugin:80 - create IPUIPlugin
2025-12-12 15:33:51,316 [INFO] PluginManager:220 - loadIPPluginJar : add gic
2025-12-12 15:33:51,319 [INFO] IPUIPlugin:80 - create IPUIPlugin
2025-12-12 15:33:51,319 [INFO] PluginManager:220 - loadIPPluginJar : add gpio
2025-12-12 15:33:51,321 [INFO] IPUIPlugin:80 - create IPUIPlugin
2025-12-12 15:33:51,321 [INFO] PluginManager:220 - loadIPPluginJar : add gtzc
2025-12-12 15:33:51,323 [INFO] IPUIPlugin:80 - create IPUIPlugin
2025-12-12 15:33:51,323 [INFO] PluginManager:220 - loadIPPluginJar : add hash
2025-12-12 15:33:51,325 [INFO] IPUIPlugin:80 - create IPUIPlugin
2025-12-12 15:33:51,325 [INFO] PluginManager:220 - loadIPPluginJar : add i2c
2025-12-12 15:33:51,327 [INFO] IPUIPlugin:80 - create IPUIPlugin
2025-12-12 15:33:51,327 [INFO] PluginManager:220 - loadIPPluginJar : add i2s
2025-12-12 15:33:51,329 [INFO] IPUIPlugin:80 - create IPUIPlugin
2025-12-12 15:33:51,329 [INFO] PluginManager:220 - loadIPPluginJar : add i3c
2025-12-12 15:33:51,332 [INFO] IPUIPlugin:80 - create IPUIPlugin
2025-12-12 15:33:51,332 [INFO] PluginManager:220 - loadIPPluginJar : add ipddr
2025-12-12 15:33:51,336 [INFO] IPUIPlugin:80 - create IPUIPlugin
2025-12-12 15:33:51,337 [INFO] PluginManager:220 - loadIPPluginJar : add linkedlist
2025-12-12 15:33:51,339 [INFO] IPUIPlugin:80 - create IPUIPlugin
2025-12-12 15:33:51,339 [INFO] PluginManager:220 - loadIPPluginJar : add lorawan
2025-12-12 15:33:51,340 [INFO] IPUIPlugin:80 - create IPUIPlugin
2025-12-12 15:33:51,340 [INFO] PluginManager:220 - loadIPPluginJar : add ltdc
2025-12-12 15:33:51,343 [INFO] IPUIPlugin:80 - create IPUIPlugin
2025-12-12 15:33:51,343 [INFO] PluginManager:220 - loadIPPluginJar : add mdma
2025-12-12 15:33:51,345 [INFO] IPUIPlugin:80 - create IPUIPlugin
2025-12-12 15:33:51,346 [INFO] PluginManager:220 - loadIPPluginJar : add nvic
2025-12-12 15:33:51,349 [INFO] IPUIPlugin:80 - create IPUIPlugin
2025-12-12 15:33:51,349 [INFO] PluginManager:220 - loadIPPluginJar : add opamp
2025-12-12 15:33:51,351 [INFO] IPUIPlugin:80 - create IPUIPlugin
2025-12-12 15:33:51,351 [INFO] PluginManager:220 - loadIPPluginJar : add openamp
2025-12-12 15:33:51,353 [INFO] IPUIPlugin:80 - create IPUIPlugin
2025-12-12 15:33:51,353 [INFO] PluginManager:220 - loadIPPluginJar : add pdm2pcm
2025-12-12 15:33:51,358 [INFO] IPUIPlugin:80 - create IPUIPlugin
2025-12-12 15:33:51,359 [INFO] PluginManager:220 - loadIPPluginJar : add plateformsettings
2025-12-12 15:33:51,360 [INFO] IPUIPlugin:80 - create IPUIPlugin
2025-12-12 15:33:51,361 [INFO] PluginManager:220 - loadIPPluginJar : add quadspi
2025-12-12 15:33:51,361 [INFO] IPUIPlugin:80 - create IPUIPlugin
2025-12-12 15:33:51,362 [INFO] PluginManager:220 - loadIPPluginJar : add radio
2025-12-12 15:33:51,364 [INFO] IPUIPlugin:80 - create IPUIPlugin
2025-12-12 15:33:51,364 [INFO] PluginManager:220 - loadIPPluginJar : add resmgrutility
2025-12-12 15:33:51,366 [INFO] IPUIPlugin:80 - create IPUIPlugin
2025-12-12 15:33:51,366 [INFO] PluginManager:220 - loadIPPluginJar : add sai
2025-12-12 15:33:51,367 [INFO] IPUIPlugin:80 - create IPUIPlugin
2025-12-12 15:33:51,367 [INFO] PluginManager:220 - loadIPPluginJar : add spi
2025-12-12 15:33:51,371 [INFO] IPUIPlugin:80 - create IPUIPlugin
2025-12-12 15:33:51,371 [INFO] PluginManager:220 - loadIPPluginJar : add stm32_wpan
2025-12-12 15:33:51,372 [INFO] IPUIPlugin:80 - create IPUIPlugin
2025-12-12 15:33:51,372 [INFO] PluginManager:220 - loadIPPluginJar : add tim
2025-12-12 15:33:51,373 [INFO] IPUIPlugin:80 - create IPUIPlugin
2025-12-12 15:33:51,373 [INFO] PluginManager:220 - loadIPPluginJar : add touchsensing
2025-12-12 15:33:51,376 [INFO] IPUIPlugin:80 - create IPUIPlugin
2025-12-12 15:33:51,376 [INFO] PluginManager:220 - loadIPPluginJar : add tracer_emb
2025-12-12 15:33:51,377 [INFO] IPUIPlugin:80 - create IPUIPlugin
2025-12-12 15:33:51,377 [INFO] PluginManager:220 - loadIPPluginJar : add ts
2025-12-12 15:33:51,378 [INFO] IPUIPlugin:80 - create IPUIPlugin
2025-12-12 15:33:51,378 [INFO] PluginManager:220 - loadIPPluginJar : add tsc
2025-12-12 15:33:51,380 [INFO] IPUIPlugin:80 - create IPUIPlugin
2025-12-12 15:33:51,380 [INFO] PluginManager:220 - loadIPPluginJar : add ucpd
2025-12-12 15:33:51,381 [INFO] IPUIPlugin:80 - create IPUIPlugin
2025-12-12 15:33:51,382 [INFO] PluginManager:220 - loadIPPluginJar : add usart
2025-12-12 15:33:51,384 [INFO] IPUIPlugin:80 - create IPUIPlugin
2025-12-12 15:33:51,384 [INFO] PluginManager:220 - loadIPPluginJar : add usbx
2025-12-12 15:33:51,490 [FATAL] Updater:351 - Updater called before beeing initialized
2025-12-12 15:33:51,513 [INFO] RulesReader:64 - Compatibility file has been processed (317 Rules)
2025-12-12 15:33:51,522 [INFO] RulesReader:64 - Compatibility file has been processed (317 Rules)
2025-12-12 15:33:51,529 [INFO] CADModel:165 - CPN selected for project level
2025-12-12 15:33:51,529 [INFO] CADModel:114 - Register for checkConnection events
2025-12-12 15:33:51,529 [FATAL] Updater:351 - Updater called before beeing initialized
2025-12-12 15:33:51,530 [ERROR] CADModel:125 - Updater not yet initialized, retry later 
2025-12-12 15:33:51,641 [FATAL] Updater:351 - Updater called before beeing initialized
2025-12-12 15:33:51,642 [INFO] CADModel:165 - CPN selected for project level
2025-12-12 15:33:51,642 [INFO] CADModel:114 - Register for checkConnection events
2025-12-12 15:33:51,642 [FATAL] Updater:351 - Updater called before beeing initialized
2025-12-12 15:33:51,642 [ERROR] CADModel:125 - Updater not yet initialized, retry later 
2025-12-12 15:33:51,644 [FATAL] Updater:351 - Updater called before beeing initialized
2025-12-12 15:33:51,712 [FATAL] Updater:351 - Updater called before beeing initialized
2025-12-12 15:33:51,717 [INFO] DbMcusAds:53 - JSON generation date=Thu Sep 30 15:55:09 KST 2021 (1632984909247)
2025-12-12 15:33:51,717 [FATAL] Updater:351 - Updater called before beeing initialized
2025-12-12 15:33:51,740 [WARN] DetailPanel:346 - Failed to get advertising image, set to default
2025-12-12 15:33:51,805 [FATAL] Updater:351 - Updater called before beeing initialized
2025-12-12 15:33:51,807 [FATAL] Updater:351 - Updater called before beeing initialized
2025-12-12 15:33:51,807 [FATAL] Updater:351 - Updater called before beeing initialized
2025-12-12 15:33:51,807 [WARN] DetailPanel:346 - Failed to get advertising image, set to default
2025-12-12 15:33:51,807 [FATAL] Updater:351 - Updater called before beeing initialized
2025-12-12 15:33:51,837 [ERROR] Updater:1198 - MainUpdater not yet initialized. External WinMGr cannot be set.
2025-12-12 15:33:51,838 [INFO] Updater:1134 - Updater Version found : 6.15.0
2025-12-12 15:33:51,848 [INFO] ApplicationProperties:184 - Using Application install path: C:\ST\STM32CubeIDE_1.19.0\STM32CubeIDE\plugins\com.st.stm32cube.common.mx_6.15.0.202507011659
2025-12-12 15:33:53,419 [ERROR] LogOutputStream:75 - [STDERR_REDIRECT] Dec 12, 2025 3:33:53 PM java.util.prefs.WindowsPreferences <init>
2025-12-12 15:33:53,420 [ERROR] LogOutputStream:75 - [STDERR_REDIRECT] WARNING: Could not open/create prefs root node Software\JavaSoft\Prefs at root 0xffffffff80000002. Windows RegCreateKeyEx(...) returned error code 5.
2025-12-12 15:33:53,420 [ERROR] LogOutputStream:75 - [STDERR_REDIRECT] 
2025-12-12 15:33:53,904 [INFO] ThirdPartyUpdaterWithRetryManager:70 - Updater plugin not ready yet. [2/15]
2025-12-12 15:33:53,992 [INFO] MainUpdater:2872 - connection check result : 10
2025-12-12 15:33:53,993 [INFO] MainUpdater:289 - Updater Check For Update Now.
2025-12-12 15:33:53,993 [INFO] MicroXplorer:498 - Change Database Version : DB.6.0.150
2025-12-12 15:33:53,996 [INFO] McuFinderGlobals:63 - Set McuFinder mode to 2 (CubeIDE integrated)
2025-12-12 15:33:53,997 [INFO] UserAuth:171 - activating auth plugin
2025-12-12 15:33:53,999 [INFO] UserAuth:487 - Internet connection configuration mode: 1
2025-12-12 15:33:54,026 [INFO] JxBrowserEngine:152 - Initiate JxBrowser Engine with user profile folder
2025-12-12 15:33:54,151 [INFO] CheckServerUpdateThread:120 - End of CheckServer Thread
2025-12-12 15:33:54,496 [INFO] WebApp:169 - Instantiating new browser for Auth
2025-12-12 15:33:55,030 [INFO] WebApp:463 - Apply proxy settings
2025-12-12 15:33:55,030 [INFO] WebApp:548 - Chromium requires no authentication
2025-12-12 15:33:55,035 [INFO] WebApp:491 - Direct internet connection detected
2025-12-12 15:33:55,048 [INFO] WebApp:900 - Register for checkConnection events
2025-12-12 15:33:55,048 [INFO] WebApp:463 - Apply proxy settings
2025-12-12 15:33:55,048 [INFO] WebApp:548 - Chromium requires no authentication
2025-12-12 15:33:55,049 [INFO] WebApp:491 - Direct internet connection detected
2025-12-12 15:33:55,142 [INFO] WebApp:225 - Starting web application
2025-12-12 15:33:55,143 [INFO] WebApp:593 - Web application path used C:\ST\STM32CubeIDE_1.19.0\STM32CubeIDE\plugins\com.st.stm32cube.common.mx_6.15.0.202507011659\db\plugins\mcufinder\reactClient1\index.html
2025-12-12 15:33:55,329 [INFO] WebApp:191 - Connection restablished
2025-12-12 15:33:57,182 [WARN] PackLoader:240 - Cannot read IP mode file for STMicroelectronics.FP-SNS-MOTENVWB1.1.4.0
2025-12-12 15:33:57,190 [WARN] PackLoader:240 - Cannot read IP mode file for STMicroelectronics.FP-ATR-ASTRA1.2.0.2
2025-12-12 15:33:57,195 [WARN] PackLoader:240 - Cannot read IP mode file for STMicroelectronics.X-CUBE-SMBUS.2.1.0
2025-12-12 15:33:57,221 [WARN] PackLoader:240 - Cannot read IP mode file for STMicroelectronics.X-CUBE-AZRTOS-F7.1.1.0
2025-12-12 15:33:57,229 [WARN] PackLoader:240 - Cannot read IP mode file for STMicroelectronics.FP-SNS-MOTENV1.5.1.0
2025-12-12 15:33:57,246 [WARN] PackLoader:240 - Cannot read IP mode file for WES.I-CUBE-Cesium.1.4.0
2025-12-12 15:33:57,273 [WARN] PackLoader:240 - Cannot read IP mode file for STMicroelectronics.X-CUBE-AZRTOS-H7.3.4.0
2025-12-12 15:33:57,285 [WARN] PackLoader:240 - Cannot read IP mode file for STMicroelectronics.X-CUBE-DISPLAY.3.0.0
2025-12-12 15:33:57,300 [WARN] PackLoader:240 - Cannot read IP mode file for STMicroelectronics.X-CUBE-NFC10.1.0.0
2025-12-12 15:33:57,307 [WARN] PackLoader:240 - Cannot read IP mode file for STMicroelectronics.X-CUBE-ST60.1.1.0
2025-12-12 15:33:57,314 [WARN] PackLoader:240 - Cannot read IP mode file for emotas.I-CUBE-CANOPEN.1.3.0
2025-12-12 15:33:57,321 [WARN] PackLoader:240 - Cannot read IP mode file for STMicroelectronics.X-CUBE-GNSS1.7.1.0
2025-12-12 15:33:57,329 [WARN] PackLoader:240 - Cannot read IP mode file for STMicroelectronics.FP-SNS-STBOX1.2.1.0
2025-12-12 15:33:57,337 [WARN] PackLoader:240 - Cannot read IP mode file for STMicroelectronics.FP-SNS-SMARTAG2.1.2.0
2025-12-12 15:33:57,342 [WARN] PackLoader:240 - Cannot read IP mode file for STMicroelectronics.FP-SNS-FLIGHT1.5.1.0
2025-12-12 15:33:57,351 [INFO] LogOutputStream:77 - [STDOUT_REDIRECT] 1 : Invalid condition id : UX_CORESTACK_Condition cause : null
2025-12-12 15:33:57,353 [INFO] LogOutputStream:77 - [STDOUT_REDIRECT] 1 : Invalid condition id : UX_CORESTACK_Condition cause : null
2025-12-12 15:33:57,354 [INFO] LogOutputStream:77 - [STDOUT_REDIRECT] 1 : Invalid condition id : UX_CORESTACK_Condition cause : null
2025-12-12 15:33:57,355 [INFO] LogOutputStream:77 - [STDOUT_REDIRECT] 1 : Invalid condition id : UX_CORESTACK_Condition cause : null
2025-12-12 15:33:57,356 [INFO] LogOutputStream:77 - [STDOUT_REDIRECT] 1 : Invalid condition id : UX_CORESTACK_Condition cause : null
2025-12-12 15:33:57,359 [WARN] PackLoader:240 - Cannot read IP mode file for STMicroelectronics.X-CUBE-AZRTOS-WL.2.0.0
2025-12-12 15:33:57,383 [WARN] PackLoader:240 - Cannot read IP mode file for STMicroelectronics.X-CUBE-AZRTOS-H7RS.1.2.0
2025-12-12 15:33:57,392 [WARN] PackLoader:240 - Cannot read IP mode file for STMicroelectronics.X-CUBE-BLE2.3.3.0
2025-12-12 15:33:57,428 [WARN] PackLoader:240 - Cannot read IP mode file for Infineon.AIROC-Wi-Fi-Bluetooth-STM32.1.8.0
2025-12-12 15:33:57,438 [WARN] PackLoader:240 - Cannot read IP mode file for STMicroelectronics.X-CUBE-NFC9.1.0.0
2025-12-12 15:33:57,443 [WARN] PackLoader:240 - Cannot read IP mode file for STMicroelectronics.X-CUBE-BLE1.7.1.0
2025-12-12 15:33:57,447 [WARN] PackLoader:240 - Cannot read IP mode file for wolfSSL.I-CUBE-wolfMQTT.1.19.2
2025-12-12 15:33:57,452 [WARN] PackLoader:240 - Cannot read IP mode file for STMicroelectronics.X-CUBE-FREERTOS.1.4.0
2025-12-12 15:33:57,457 [WARN] PackLoader:240 - Cannot read IP mode file for STMicroelectronics.X-CUBE-EEPRMA1.5.2.0
2025-12-12 15:33:57,462 [WARN] PackLoader:240 - Cannot read IP mode file for wolfSSL.I-CUBE-wolfSSL.5.8.4
2025-12-12 15:33:57,466 [WARN] PackLoader:240 - Cannot read IP mode file for Cesanta.I-CUBE-Mongoose.7.20.0
2025-12-12 15:33:57,470 [WARN] PackLoader:240 - Cannot read IP mode file for STMicroelectronics.X-CUBE-ST67W61.1.1.0
2025-12-12 15:33:57,492 [WARN] PackLoader:240 - Cannot read IP mode file for STMicroelectronics.X-CUBE-MEMS1.12.0.0
2025-12-12 15:33:57,547 [WARN] PackLoader:240 - Cannot read IP mode file for STMicroelectronics.X-CUBE-AZRTOS-G0.1.1.0
2025-12-12 15:33:57,553 [WARN] PackLoader:240 - Cannot read IP mode file for STMicroelectronics.X-CUBE-NFC4.3.0.0
2025-12-12 15:33:57,565 [WARN] PackLoader:240 - Cannot read IP mode file for EmbeddedOffice.I-CUBE-FS-RTOS.1.0.1
2025-12-12 15:33:57,575 [WARN] PackLoader:240 - Cannot read IP mode file for STMicroelectronics.X-CUBE-WB05N.2.0.0
2025-12-12 15:33:57,580 [WARN] PackLoader:240 - Cannot read IP mode file for wolfSSL.I-CUBE-wolfTPM.3.8.0
2025-12-12 15:33:57,586 [WARN] PackLoader:240 - Cannot read IP mode file for STMicroelectronics.X-CUBE-TCPP.4.2.0
2025-12-12 15:33:57,616 [WARN] PackLoader:240 - Cannot read IP mode file for RealThread.X-CUBE-RT-Thread_Nano.4.1.1
2025-12-12 15:33:57,621 [WARN] PackLoader:240 - Cannot read IP mode file for STMicroelectronics.FP-ATR-SIGFOX1.3.2.0
2025-12-12 15:33:57,626 [WARN] PackLoader:240 - Cannot read IP mode file for ITTIA_DB.I-CUBE-ITTIADB.8.9.0
2025-12-12 15:33:57,630 [WARN] PackLoader:240 - Cannot read IP mode file for STMicroelectronics.X-CUBE-AI.10.2.0
2025-12-12 15:33:57,645 [WARN] PackLoader:240 - Cannot read IP mode file for SEGGER.I-CUBE-embOS.1.3.1
2025-12-12 15:33:57,669 [WARN] PackLoader:240 - Cannot read IP mode file for STMicroelectronics.X-CUBE-ALGOBUILD.1.4.0
2025-12-12 15:33:57,673 [WARN] PackLoader:240 - Cannot read IP mode file for STMicroelectronics.X-CUBE-PM33A1.1.0.0
2025-12-12 15:33:57,683 [WARN] PackLoader:240 - Cannot read IP mode file for STMicroelectronics.X-CUBE-AZRTOS-F4.1.1.0
2025-12-12 15:33:57,688 [WARN] PackLoader:240 - Cannot read IP mode file for STMicroelectronics.X-CUBE-ISPU.2.1.0
2025-12-12 15:33:57,697 [WARN] PackLoader:240 - Cannot read IP mode file for STMicroelectronics.X-CUBE-IPS.3.2.0
2025-12-12 15:33:57,706 [WARN] PackLoader:240 - Cannot read IP mode file for STMicroelectronics.X-CUBE-NFC12.1.0.0
2025-12-12 15:33:57,715 [WARN] PackLoader:240 - Cannot read IP mode file for STMicroelectronics.X-CUBE-AZRTOS-L5.2.0.0
2025-12-12 15:33:57,722 [WARN] PackLoader:240 - Cannot read IP mode file for STMicroelectronics.X-CUBE-NFC6.3.1.0
2025-12-12 15:33:57,730 [WARN] PackLoader:240 - Cannot read IP mode file for STMicroelectronics.X-CUBE-TOUCHGFX.4.26.0
2025-12-12 15:33:57,734 [WARN] PackLoader:240 - Cannot read IP mode file for STMicroelectronics.FP-SNS-STAIOTCFT.1.0.0
2025-12-12 15:33:57,738 [WARN] PackLoader:240 - Cannot read IP mode file for STMicroelectronics.X-CUBE-DPower.1.3.0
2025-12-12 15:33:57,748 [WARN] ConditionMgr:438 - getConditionDescription Invalid condition id : LAN8742 Phy interface Condition cause : null
2025-12-12 15:33:57,748 [WARN] PackLoader:240 - Cannot read IP mode file for STMicroelectronics.X-CUBE-AZRTOS-L4.2.0.0
2025-12-12 15:33:57,749 [WARN] ConditionMgr:1044 - genDependencies : Invalid condition id : LAN8742 Phy interface Condition cause : null
2025-12-12 15:33:57,749 [WARN] ConditionMgr:1044 - genDependencies : Invalid condition id : LAN8742 Phy interface Condition cause : null
2025-12-12 15:33:57,749 [WARN] ConditionMgr:1044 - genDependencies : Invalid condition id : LAN8742 Phy interface Condition cause : null
2025-12-12 15:33:57,754 [WARN] PackLoader:240 - Cannot read IP mode file for STMicroelectronics.X-CUBE-SFXS2LP1.4.0.0
2025-12-12 15:33:57,760 [WARN] PackLoader:240 - Cannot read IP mode file for STMicroelectronics.X-CUBE-BLEMGR.4.1.0
2025-12-12 15:33:57,775 [WARN] ConditionMgr:438 - getConditionDescription Invalid condition id : UX DEVICE CLASS RTOS Condition cause : null
2025-12-12 15:33:57,775 [WARN] ConditionMgr:438 - getConditionDescription Invalid condition id : UX DEVICE CLASS RTOS Condition cause : null
2025-12-12 15:33:57,777 [WARN] PackLoader:240 - Cannot read IP mode file for STMicroelectronics.X-CUBE-AZRTOS-WB.2.0.0
2025-12-12 15:33:57,777 [WARN] ConditionMgr:1044 - genDependencies : Invalid condition id : UX DEVICE CLASS RTOS Condition cause : null
2025-12-12 15:33:57,778 [WARN] ConditionMgr:1044 - genDependencies : Invalid condition id : UX DEVICE CLASS RTOS Condition cause : null
2025-12-12 15:33:57,778 [WARN] ConditionMgr:1044 - genDependencies : Invalid condition id : UX DEVICE CLASS RTOS Condition cause : null
2025-12-12 15:33:57,778 [WARN] ConditionMgr:1044 - genDependencies : Invalid condition id : UX DEVICE CLASS RTOS Condition cause : null
2025-12-12 15:33:57,778 [WARN] ConditionMgr:1044 - genDependencies : Invalid condition id : UX DEVICE CLASS RTOS Condition cause : null
2025-12-12 15:33:57,782 [WARN] ConditionMgr:438 - getConditionDescription Invalid condition id : Cortex-A Device cause : null
2025-12-12 15:33:57,790 [WARN] ConditionMgr:1044 - genDependencies : Invalid condition id : Cortex-A Device cause : null
2025-12-12 15:33:57,790 [WARN] ConditionMgr:1044 - genDependencies : Invalid condition id : Cortex-A Device cause : null
2025-12-12 15:33:57,790 [WARN] ConditionMgr:1044 - genDependencies : Invalid condition id : Cortex-A Device cause : null
2025-12-12 15:33:57,796 [WARN] PackLoader:240 - Cannot read IP mode file for STMicroelectronics.X-CUBE-SUBG2.5.0.0
2025-12-12 15:33:57,807 [WARN] PackLoader:240 - Cannot read IP mode file for STMicroelectronics.X-CUBE-AZRTOS-G4.2.0.0
2025-12-12 15:33:57,811 [WARN] PackLoader:240 - Cannot read IP mode file for wolfSSL.I-CUBE-wolfSSH.1.4.20
2025-12-12 15:33:57,815 [WARN] PackLoader:240 - Cannot read IP mode file for STMicroelectronics.X-CUBE-NFC7.2.0.0
2025-12-12 15:33:57,820 [WARN] PackLoader:240 - Cannot read IP mode file for STMicroelectronics.X-CUBE-ALS.1.0.2
2025-12-12 15:33:57,824 [WARN] PackLoader:240 - Cannot read IP mode file for STMicroelectronics.X-CUBE-STSE01.1.0.0
2025-12-12 15:33:57,832 [WARN] PackLoader:240 - Cannot read IP mode file for STMicroelectronics.X-CUBE-TOF1.3.4.3
2025-12-12 15:33:57,837 [INFO] ThirdParty:978 - Integrity check success = true
2025-12-12 15:33:57,837 [INFO] IntegrityCheckThread:100 - exiting critical section [integrity check]
2025-12-12 15:33:57,837 [INFO] IntegrityCheckThread:103 - End integrity checks thread
2025-12-12 15:34:46,910 [ERROR] LogOutputStream:75 - [STDERR_REDIRECT] 
2025-12-12 15:34:52,127 [INFO] Activator:176 - 


2025-12-12 15:34:52,129 [INFO] Activator:177 - !SESSION log4j initialized
2025-12-12 15:34:54,155 [INFO] LogOutputStream:77 - [STDOUT_REDIRECT] 
2025-12-12 15:34:56,030 [INFO] ApplicationProperties:184 - Using Application install path: C:\ST\STM32CubeIDE_1.19.0\STM32CubeIDE\plugins\com.st.stm32cube.common.mx_6.15.0.202507011659
2025-12-12 15:34:56,042 [INFO] DbMcusXml:78 - Set database path to: C:\ST\STM32CubeIDE_1.19.0\STM32CubeIDE\plugins\com.st.stm32cube.common.mx_6.15.0.202507011659\\db\/mcu/
2025-12-12 15:34:56,043 [INFO] ApiDb:274 - Set plugin database path to: C:\ST\STM32CubeIDE_1.19.0\STM32CubeIDE\plugins\com.st.stm32cube.common.mx_6.15.0.202507011659\\db\/plugins/boardmanager/
2025-12-12 15:34:56,043 [WARN] ApiDb:259 - Overriding images path with different value:  => C:\ST\STM32CubeIDE_1.19.0\STM32CubeIDE\plugins\com.st.stm32cube.common.mx_6.15.0.202507011659\\db\/plugins/mcufinder/images/
2025-12-12 15:34:56,047 [INFO] ApiDb:250 - Set database path to: C:\Users\CAMMSYS\.stmcufinder\plugins\mcufinder//mcu/
2025-12-12 15:34:56,048 [INFO] DbMcusAds:125 - Set database path to: C:\Users\CAMMSYS\.stmcufinder\plugins\mcufinder//mcu/
2025-12-12 15:34:56,049 [INFO] CrossReferenceDbSqlite:203 - Set database path to: C:\Users\CAMMSYS\.stmcufinder\plugins\mcufinder//mcu/cs/
2025-12-12 15:34:56,126 [INFO] RulesReader:64 - Compatibility file has been processed (317 Rules)
2025-12-12 15:34:56,199 [INFO] DbMcusXml:78 - Set database path to: C:\ST\STM32CubeIDE_1.19.0\STM32CubeIDE\plugins\com.st.stm32cube.common.mx_6.15.0.202507011659\\db\/mcu/
2025-12-12 15:34:56,199 [INFO] ApiDb:274 - Set plugin database path to: C:\ST\STM32CubeIDE_1.19.0\STM32CubeIDE\plugins\com.st.stm32cube.common.mx_6.15.0.202507011659\\db\/plugins/boardmanager/
2025-12-12 15:34:56,199 [INFO] ApiDb:261 - Set plugin images path to: C:\ST\STM32CubeIDE_1.19.0\STM32CubeIDE\plugins\com.st.stm32cube.common.mx_6.15.0.202507011659\\db\/plugins/mcufinder/images/
2025-12-12 15:34:56,199 [WARN] DbFile:41 - Overriding database path with different value: C:\Users\CAMMSYS\.stmcufinder\plugins\mcufinder/ => C:\Users\CAMMSYS\.stmcufinder\plugins\mcufinder
2025-12-12 15:34:56,199 [INFO] ApiDb:250 - Set database path to: C:\Users\CAMMSYS\.stmcufinder\plugins\mcufinder//mcu/
2025-12-12 15:34:56,199 [WARN] DbFile:41 - Overriding database path with different value: C:\Users\CAMMSYS\.stmcufinder\plugins\mcufinder/ => C:\Users\CAMMSYS\.stmcufinder\plugins\mcufinder
2025-12-12 15:34:56,199 [INFO] DbMcusAds:125 - Set database path to: C:\Users\CAMMSYS\.stmcufinder\plugins\mcufinder//mcu/
2025-12-12 15:34:56,199 [WARN] DbFile:41 - Overriding database path with different value: C:\Users\CAMMSYS\.stmcufinder\plugins\mcufinder/ => C:\Users\CAMMSYS\.stmcufinder\plugins\mcufinder
2025-12-12 15:34:56,199 [WARN] DbFile:41 - Overriding database path with different value: C:\Users\CAMMSYS\.stmcufinder\plugins\mcufinder/ => C:\Users\CAMMSYS\.stmcufinder\plugins\mcufinder
2025-12-12 15:34:56,199 [INFO] CrossReferenceDbSqlite:203 - Set database path to: C:\Users\CAMMSYS\.stmcufinder\plugins\mcufinder//mcu/cs/
2025-12-12 15:34:56,245 [INFO] MainPanel:274 - HeapMemory: 268435456
2025-12-12 15:34:56,300 [INFO] DbMcusXml:78 - Set database path to: C:\ST\STM32CubeIDE_1.19.0\STM32CubeIDE\plugins\com.st.stm32cube.common.mx_6.15.0.202507011659\\db\/mcu/
2025-12-12 15:34:56,301 [INFO] ApiDb:274 - Set plugin database path to: C:\ST\STM32CubeIDE_1.19.0\STM32CubeIDE\plugins\com.st.stm32cube.common.mx_6.15.0.202507011659\\db\/plugins/boardmanager/
2025-12-12 15:34:56,301 [INFO] ApiDb:261 - Set plugin images path to: C:\ST\STM32CubeIDE_1.19.0\STM32CubeIDE\plugins\com.st.stm32cube.common.mx_6.15.0.202507011659\\db\/plugins/mcufinder/images/
2025-12-12 15:34:56,301 [WARN] DbFile:41 - Overriding database path with different value: C:\Users\CAMMSYS\.stmcufinder\plugins\mcufinder/ => C:\Users\CAMMSYS\.stmcufinder\plugins\mcufinder
2025-12-12 15:34:56,301 [INFO] ApiDb:250 - Set database path to: C:\Users\CAMMSYS\.stmcufinder\plugins\mcufinder//mcu/
2025-12-12 15:34:56,301 [WARN] DbFile:41 - Overriding database path with different value: C:\Users\CAMMSYS\.stmcufinder\plugins\mcufinder/ => C:\Users\CAMMSYS\.stmcufinder\plugins\mcufinder
2025-12-12 15:34:56,301 [INFO] DbMcusAds:125 - Set database path to: C:\Users\CAMMSYS\.stmcufinder\plugins\mcufinder//mcu/
2025-12-12 15:34:56,301 [WARN] DbFile:41 - Overriding database path with different value: C:\Users\CAMMSYS\.stmcufinder\plugins\mcufinder/ => C:\Users\CAMMSYS\.stmcufinder\plugins\mcufinder
2025-12-12 15:34:56,301 [WARN] DbFile:41 - Overriding database path with different value: C:\Users\CAMMSYS\.stmcufinder\plugins\mcufinder/ => C:\Users\CAMMSYS\.stmcufinder\plugins\mcufinder
2025-12-12 15:34:56,301 [INFO] CrossReferenceDbSqlite:203 - Set database path to: C:\Users\CAMMSYS\.stmcufinder\plugins\mcufinder//mcu/cs/
2025-12-12 15:34:56,313 [INFO] ApplicationProperties:184 - Using Application install path: C:\ST\STM32CubeIDE_1.19.0\STM32CubeIDE\plugins\com.st.stm32cube.common.mx_6.15.0.202507011659
2025-12-12 15:34:56,314 [INFO] PluginManage:196 - Search for loadable plugins [exclusion list=, ]
2025-12-12 15:34:56,315 [INFO] PluginManage:310 - Check plugin analytics
2025-12-12 15:34:56,478 [INFO] AnalyticsPlugin:253 - Accepted Software Licenses: 
2025-12-12 15:34:56,479 [INFO] AnalyticsPlugin:255 - Accepted CMSIS Pack Licenses: 
2025-12-12 15:34:56,479 [INFO] AnalyticsPlugin:257 - Accepted Firmware Licenses: 
2025-12-12 15:34:56,483 [INFO] PluginManage:359 - Loaded plugin analytics (category:tool,tabindex:-1)
2025-12-12 15:34:56,484 [INFO] PluginManage:310 - Check plugin cadmodel
2025-12-12 15:34:56,489 [INFO] CADModel:105 - Init CAD model plugin
2025-12-12 15:34:56,489 [INFO] PluginManage:359 - Loaded plugin cadmodel (category:power,tabindex:5)
2025-12-12 15:34:56,489 [INFO] PluginManage:310 - Check plugin clock
2025-12-12 15:34:56,501 [INFO] PluginManage:359 - Loaded plugin clock (category:base,tabindex:2)
2025-12-12 15:34:56,501 [INFO] PluginManage:310 - Check plugin ddr
2025-12-12 15:34:56,503 [INFO] PluginManage:359 - Loaded plugin ddr (category:tool,tabindex:6)
2025-12-12 15:34:56,504 [INFO] PluginManage:310 - Check plugin filemanager
2025-12-12 15:34:56,626 [INFO] PluginManage:359 - Loaded plugin filemanager (category:base,tabindex:10)
2025-12-12 15:34:56,626 [INFO] PluginManage:310 - Check plugin ipmanager
2025-12-12 15:34:56,633 [INFO] PluginManage:359 - Loaded plugin ipmanager (category:base,tabindex:5)
2025-12-12 15:34:56,634 [INFO] PluginManage:310 - Check plugin lpbam
2025-12-12 15:34:56,641 [INFO] PluginManage:359 - Loaded plugin lpbam (category:base,tabindex:0)
2025-12-12 15:34:56,641 [INFO] PluginManage:310 - Check plugin memorymap
2025-12-12 15:34:56,651 [INFO] PluginManage:359 - Loaded plugin memorymap (category:base,tabindex:4)
2025-12-12 15:34:56,651 [INFO] PluginManage:310 - Check plugin pinoutandconfiguration
2025-12-12 15:34:56,657 [INFO] PluginManage:359 - Loaded plugin pinoutandconfiguration (category:base,tabindex:1)
2025-12-12 15:34:56,657 [INFO] PluginManage:310 - Check plugin pinoutconfig
2025-12-12 15:34:56,743 [WARN] SupportedApi:132 - Cannot load RTOS API schema: s4s-elt-must-match.1: The content of 'definitions' must match (annotation?, (simpleType | complexType)?, (unique | key | keyref)*)). A problem was found starting at: attribute.
2025-12-12 15:34:56,840 [INFO] PluginManage:359 - Loaded plugin pinoutconfig (category:base,tabindex:0)
2025-12-12 15:34:56,840 [INFO] PluginManage:310 - Check plugin power
2025-12-12 15:34:56,845 [INFO] PluginManage:359 - Loaded plugin power (category:power,tabindex:4)
2025-12-12 15:34:56,846 [INFO] PluginManage:310 - Check plugin projectmanager
2025-12-12 15:34:56,857 [INFO] PluginManage:359 - Loaded plugin projectmanager (category:projectmanager,tabindex:4)
2025-12-12 15:34:56,858 [INFO] PluginManage:310 - Check plugin rif
2025-12-12 15:34:56,863 [INFO] PluginManage:359 - Loaded plugin rif (category:base,tabindex:3)
2025-12-12 15:34:56,863 [INFO] PluginManage:310 - Check plugin thirdparty
2025-12-12 15:34:56,934 [INFO] PluginManage:359 - Loaded plugin thirdparty (category:base,tabindex:-1)
2025-12-12 15:34:56,934 [WARN] IntegrityCheckThread:84 - waiting for thirdparty lock release [integrity check]
2025-12-12 15:34:56,934 [INFO] IntegrityCheckThread:86 - entering critical section [integrity check]
2025-12-12 15:34:56,934 [INFO] PluginManage:310 - Check plugin tools
2025-12-12 15:34:56,934 [INFO] ThirdPartyUpdaterWithRetryManager:70 - Updater plugin not ready yet. [1/15]
2025-12-12 15:34:56,936 [INFO] PluginManage:359 - Loaded plugin tools (category:base,tabindex:7)
2025-12-12 15:34:56,936 [INFO] PluginManage:310 - Check plugin tutovideos
2025-12-12 15:34:57,053 [INFO] PluginManage:359 - Loaded plugin tutovideos (category:base,tabindex:-1)
2025-12-12 15:34:57,053 [INFO] PluginManage:310 - Check plugin updater
2025-12-12 15:34:57,070 [INFO] PluginManage:359 - Loaded plugin updater (category:base,tabindex:12)
2025-12-12 15:34:57,070 [INFO] PluginManage:310 - Check plugin userauth
2025-12-12 15:34:57,072 [INFO] UserAuth:118 - Init User Auth plugin
2025-12-12 15:34:57,073 [INFO] PluginManage:359 - Loaded plugin userauth (category:base,tabindex:14)
2025-12-12 15:34:57,073 [INFO] PluginManage:283 - PluginManage : Loaded plugins [18]
2025-12-12 15:34:57,235 [INFO] PinOutPanel:1589 - setPackage(No Configuration,No Configuration)
2025-12-12 15:34:57,295 [INFO] CADModel:165 - CPN selected for project level
2025-12-12 15:34:57,295 [INFO] CADModel:114 - Register for checkConnection events
2025-12-12 15:34:57,306 [INFO] IPUIPlugin:80 - create IPUIPlugin
2025-12-12 15:34:57,306 [INFO] PluginManager:220 - loadIPPluginJar : add adc
2025-12-12 15:34:57,308 [INFO] IPUIPlugin:80 - create IPUIPlugin
2025-12-12 15:34:57,308 [INFO] PluginManager:220 - loadIPPluginJar : add aes
2025-12-12 15:34:57,310 [INFO] IPUIPlugin:80 - create IPUIPlugin
2025-12-12 15:34:57,310 [INFO] PluginManager:220 - loadIPPluginJar : add can
2025-12-12 15:34:57,311 [INFO] IPUIPlugin:80 - create IPUIPlugin
2025-12-12 15:34:57,311 [INFO] PluginManager:220 - loadIPPluginJar : add comp
2025-12-12 15:34:57,313 [INFO] IPUIPlugin:80 - create IPUIPlugin
2025-12-12 15:34:57,313 [INFO] PluginManager:220 - loadIPPluginJar : add cryp
2025-12-12 15:34:57,314 [INFO] IPUIPlugin:80 - create IPUIPlugin
2025-12-12 15:34:57,315 [INFO] PluginManager:220 - loadIPPluginJar : add ddr_ctrl_phy
2025-12-12 15:34:57,316 [INFO] IPUIPlugin:80 - create IPUIPlugin
2025-12-12 15:34:57,316 [INFO] PluginManager:220 - loadIPPluginJar : add dfsdm
2025-12-12 15:34:57,322 [INFO] IPUIPlugin:80 - create IPUIPlugin
2025-12-12 15:34:57,323 [INFO] PluginManager:220 - loadIPPluginJar : add dma
2025-12-12 15:34:57,324 [INFO] IPUIPlugin:80 - create IPUIPlugin
2025-12-12 15:34:57,324 [INFO] PluginManager:220 - loadIPPluginJar : add dma3
2025-12-12 15:34:57,327 [INFO] IPUIPlugin:80 - create IPUIPlugin
2025-12-12 15:34:57,327 [INFO] PluginManager:220 - loadIPPluginJar : add extmemmanager
2025-12-12 15:34:57,327 [INFO] IPUIPlugin:80 - create IPUIPlugin
2025-12-12 15:34:57,327 [INFO] PluginManager:220 - loadIPPluginJar : add fatfs
2025-12-12 15:34:57,331 [INFO] IPUIPlugin:80 - create IPUIPlugin
2025-12-12 15:34:57,331 [INFO] PluginManager:220 - loadIPPluginJar : add fmc
2025-12-12 15:34:57,333 [INFO] IPUIPlugin:80 - create IPUIPlugin
2025-12-12 15:34:57,333 [INFO] PluginManager:220 - loadIPPluginJar : add freertos
2025-12-12 15:34:57,334 [INFO] IPUIPlugin:80 - create IPUIPlugin
2025-12-12 15:34:57,334 [INFO] PluginManager:220 - loadIPPluginJar : add genericplugin
2025-12-12 15:34:57,335 [INFO] IPUIPlugin:80 - create IPUIPlugin
2025-12-12 15:34:57,335 [INFO] PluginManager:220 - loadIPPluginJar : add gfxmmu
2025-12-12 15:34:57,339 [INFO] IPUIPlugin:80 - create IPUIPlugin
2025-12-12 15:34:57,339 [INFO] PluginManager:220 - loadIPPluginJar : add gic
2025-12-12 15:34:57,341 [INFO] IPUIPlugin:80 - create IPUIPlugin
2025-12-12 15:34:57,341 [INFO] PluginManager:220 - loadIPPluginJar : add gpio
2025-12-12 15:34:57,343 [INFO] IPUIPlugin:80 - create IPUIPlugin
2025-12-12 15:34:57,343 [INFO] PluginManager:220 - loadIPPluginJar : add gtzc
2025-12-12 15:34:57,345 [INFO] IPUIPlugin:80 - create IPUIPlugin
2025-12-12 15:34:57,346 [INFO] PluginManager:220 - loadIPPluginJar : add hash
2025-12-12 15:34:57,347 [INFO] IPUIPlugin:80 - create IPUIPlugin
2025-12-12 15:34:57,347 [INFO] PluginManager:220 - loadIPPluginJar : add i2c
2025-12-12 15:34:57,349 [INFO] IPUIPlugin:80 - create IPUIPlugin
2025-12-12 15:34:57,351 [INFO] PluginManager:220 - loadIPPluginJar : add i2s
2025-12-12 15:34:57,352 [INFO] IPUIPlugin:80 - create IPUIPlugin
2025-12-12 15:34:57,352 [INFO] PluginManager:220 - loadIPPluginJar : add i3c
2025-12-12 15:34:57,354 [INFO] IPUIPlugin:80 - create IPUIPlugin
2025-12-12 15:34:57,354 [INFO] PluginManager:220 - loadIPPluginJar : add ipddr
2025-12-12 15:34:57,358 [INFO] IPUIPlugin:80 - create IPUIPlugin
2025-12-12 15:34:57,358 [INFO] PluginManager:220 - loadIPPluginJar : add linkedlist
2025-12-12 15:34:57,360 [INFO] IPUIPlugin:80 - create IPUIPlugin
2025-12-12 15:34:57,362 [INFO] PluginManager:220 - loadIPPluginJar : add lorawan
2025-12-12 15:34:57,363 [INFO] IPUIPlugin:80 - create IPUIPlugin
2025-12-12 15:34:57,363 [INFO] PluginManager:220 - loadIPPluginJar : add ltdc
2025-12-12 15:34:57,366 [INFO] IPUIPlugin:80 - create IPUIPlugin
2025-12-12 15:34:57,366 [INFO] PluginManager:220 - loadIPPluginJar : add mdma
2025-12-12 15:34:57,369 [INFO] IPUIPlugin:80 - create IPUIPlugin
2025-12-12 15:34:57,369 [INFO] PluginManager:220 - loadIPPluginJar : add nvic
2025-12-12 15:34:57,371 [INFO] IPUIPlugin:80 - create IPUIPlugin
2025-12-12 15:34:57,371 [INFO] PluginManager:220 - loadIPPluginJar : add opamp
2025-12-12 15:34:57,373 [INFO] IPUIPlugin:80 - create IPUIPlugin
2025-12-12 15:34:57,373 [INFO] PluginManager:220 - loadIPPluginJar : add openamp
2025-12-12 15:34:57,374 [INFO] IPUIPlugin:80 - create IPUIPlugin
2025-12-12 15:34:57,375 [INFO] PluginManager:220 - loadIPPluginJar : add pdm2pcm
2025-12-12 15:34:57,378 [INFO] IPUIPlugin:80 - create IPUIPlugin
2025-12-12 15:34:57,379 [INFO] PluginManager:220 - loadIPPluginJar : add plateformsettings
2025-12-12 15:34:57,380 [INFO] IPUIPlugin:80 - create IPUIPlugin
2025-12-12 15:34:57,381 [INFO] PluginManager:220 - loadIPPluginJar : add quadspi
2025-12-12 15:34:57,382 [INFO] IPUIPlugin:80 - create IPUIPlugin
2025-12-12 15:34:57,382 [INFO] PluginManager:220 - loadIPPluginJar : add radio
2025-12-12 15:34:57,383 [INFO] IPUIPlugin:80 - create IPUIPlugin
2025-12-12 15:34:57,383 [INFO] PluginManager:220 - loadIPPluginJar : add resmgrutility
2025-12-12 15:34:57,385 [INFO] IPUIPlugin:80 - create IPUIPlugin
2025-12-12 15:34:57,385 [INFO] PluginManager:220 - loadIPPluginJar : add sai
2025-12-12 15:34:57,386 [INFO] IPUIPlugin:80 - create IPUIPlugin
2025-12-12 15:34:57,387 [INFO] PluginManager:220 - loadIPPluginJar : add spi
2025-12-12 15:34:57,390 [INFO] IPUIPlugin:80 - create IPUIPlugin
2025-12-12 15:34:57,390 [INFO] PluginManager:220 - loadIPPluginJar : add stm32_wpan
2025-12-12 15:34:57,391 [INFO] IPUIPlugin:80 - create IPUIPlugin
2025-12-12 15:34:57,391 [INFO] PluginManager:220 - loadIPPluginJar : add tim
2025-12-12 15:34:57,393 [INFO] IPUIPlugin:80 - create IPUIPlugin
2025-12-12 15:34:57,393 [INFO] PluginManager:220 - loadIPPluginJar : add touchsensing
2025-12-12 15:34:57,395 [INFO] IPUIPlugin:80 - create IPUIPlugin
2025-12-12 15:34:57,395 [INFO] PluginManager:220 - loadIPPluginJar : add tracer_emb
2025-12-12 15:34:57,396 [INFO] IPUIPlugin:80 - create IPUIPlugin
2025-12-12 15:34:57,397 [INFO] PluginManager:220 - loadIPPluginJar : add ts
2025-12-12 15:34:57,398 [INFO] IPUIPlugin:80 - create IPUIPlugin
2025-12-12 15:34:57,398 [INFO] PluginManager:220 - loadIPPluginJar : add tsc
2025-12-12 15:34:57,399 [INFO] IPUIPlugin:80 - create IPUIPlugin
2025-12-12 15:34:57,400 [INFO] PluginManager:220 - loadIPPluginJar : add ucpd
2025-12-12 15:34:57,401 [INFO] IPUIPlugin:80 - create IPUIPlugin
2025-12-12 15:34:57,402 [INFO] PluginManager:220 - loadIPPluginJar : add usart
2025-12-12 15:34:57,404 [INFO] IPUIPlugin:80 - create IPUIPlugin
2025-12-12 15:34:57,404 [INFO] PluginManager:220 - loadIPPluginJar : add usbx
2025-12-12 15:34:57,512 [FATAL] Updater:351 - Updater called before beeing initialized
2025-12-12 15:34:57,538 [INFO] RulesReader:64 - Compatibility file has been processed (317 Rules)
2025-12-12 15:34:57,546 [INFO] RulesReader:64 - Compatibility file has been processed (317 Rules)
2025-12-12 15:34:57,558 [INFO] CADModel:165 - CPN selected for project level
2025-12-12 15:34:57,558 [INFO] CADModel:114 - Register for checkConnection events
2025-12-12 15:34:57,558 [FATAL] Updater:351 - Updater called before beeing initialized
2025-12-12 15:34:57,559 [ERROR] CADModel:125 - Updater not yet initialized, retry later 
2025-12-12 15:34:57,679 [FATAL] Updater:351 - Updater called before beeing initialized
2025-12-12 15:34:57,680 [INFO] CADModel:165 - CPN selected for project level
2025-12-12 15:34:57,680 [INFO] CADModel:114 - Register for checkConnection events
2025-12-12 15:34:57,680 [FATAL] Updater:351 - Updater called before beeing initialized
2025-12-12 15:34:57,680 [ERROR] CADModel:125 - Updater not yet initialized, retry later 
2025-12-12 15:34:57,682 [FATAL] Updater:351 - Updater called before beeing initialized
2025-12-12 15:34:57,759 [FATAL] Updater:351 - Updater called before beeing initialized
2025-12-12 15:34:57,762 [INFO] DbMcusAds:53 - JSON generation date=Thu Sep 30 15:55:09 KST 2021 (1632984909247)
2025-12-12 15:34:57,762 [FATAL] Updater:351 - Updater called before beeing initialized
2025-12-12 15:34:57,784 [WARN] DetailPanel:346 - Failed to get advertising image, set to default
2025-12-12 15:34:57,853 [FATAL] Updater:351 - Updater called before beeing initialized
2025-12-12 15:34:57,854 [FATAL] Updater:351 - Updater called before beeing initialized
2025-12-12 15:34:57,855 [FATAL] Updater:351 - Updater called before beeing initialized
2025-12-12 15:34:57,855 [WARN] DetailPanel:346 - Failed to get advertising image, set to default
2025-12-12 15:34:57,856 [FATAL] Updater:351 - Updater called before beeing initialized
2025-12-12 15:34:57,888 [ERROR] Updater:1198 - MainUpdater not yet initialized. External WinMGr cannot be set.
2025-12-12 15:34:57,889 [INFO] Updater:1134 - Updater Version found : 6.15.0
2025-12-12 15:34:57,899 [INFO] ApplicationProperties:184 - Using Application install path: C:\ST\STM32CubeIDE_1.19.0\STM32CubeIDE\plugins\com.st.stm32cube.common.mx_6.15.0.202507011659
2025-12-12 15:34:59,477 [ERROR] LogOutputStream:75 - [STDERR_REDIRECT] Dec 12, 2025 3:34:59 PM java.util.prefs.WindowsPreferences <init>
2025-12-12 15:34:59,477 [ERROR] LogOutputStream:75 - [STDERR_REDIRECT] WARNING: Could not open/create prefs root node Software\JavaSoft\Prefs at root 0xffffffff80000002. Windows RegCreateKeyEx(...) returned error code 5.
2025-12-12 15:34:59,477 [ERROR] LogOutputStream:75 - [STDERR_REDIRECT] 
2025-12-12 15:34:59,946 [INFO] ThirdPartyUpdaterWithRetryManager:70 - Updater plugin not ready yet. [2/15]
2025-12-12 15:35:00,062 [INFO] MainUpdater:2872 - connection check result : 10
2025-12-12 15:35:00,062 [INFO] MainUpdater:289 - Updater Check For Update Now.
2025-12-12 15:35:00,066 [INFO] MicroXplorer:498 - Change Database Version : DB.6.0.150
2025-12-12 15:35:00,069 [INFO] McuFinderGlobals:63 - Set McuFinder mode to 2 (CubeIDE integrated)
2025-12-12 15:35:00,069 [INFO] UserAuth:171 - activating auth plugin
2025-12-12 15:35:00,071 [INFO] UserAuth:487 - Internet connection configuration mode: 1
2025-12-12 15:35:00,089 [INFO] JxBrowserEngine:152 - Initiate JxBrowser Engine with user profile folder
2025-12-12 15:35:00,213 [INFO] CheckServerUpdateThread:120 - End of CheckServer Thread
2025-12-12 15:35:00,596 [INFO] WebApp:169 - Instantiating new browser for Auth
2025-12-12 15:35:01,160 [INFO] WebApp:463 - Apply proxy settings
2025-12-12 15:35:01,160 [INFO] WebApp:548 - Chromium requires no authentication
2025-12-12 15:35:01,168 [INFO] WebApp:491 - Direct internet connection detected
2025-12-12 15:35:01,180 [INFO] WebApp:900 - Register for checkConnection events
2025-12-12 15:35:01,181 [INFO] WebApp:463 - Apply proxy settings
2025-12-12 15:35:01,181 [INFO] WebApp:548 - Chromium requires no authentication
2025-12-12 15:35:01,181 [INFO] WebApp:491 - Direct internet connection detected
2025-12-12 15:35:01,264 [INFO] WebApp:225 - Starting web application
2025-12-12 15:35:01,270 [INFO] WebApp:593 - Web application path used C:\ST\STM32CubeIDE_1.19.0\STM32CubeIDE\plugins\com.st.stm32cube.common.mx_6.15.0.202507011659\db\plugins\mcufinder\reactClient1\index.html
2025-12-12 15:35:01,480 [INFO] WebApp:191 - Connection restablished
2025-12-12 15:35:03,209 [WARN] PackLoader:240 - Cannot read IP mode file for STMicroelectronics.FP-SNS-MOTENVWB1.1.4.0
2025-12-12 15:35:03,218 [WARN] PackLoader:240 - Cannot read IP mode file for STMicroelectronics.FP-ATR-ASTRA1.2.0.2
2025-12-12 15:35:03,226 [WARN] PackLoader:240 - Cannot read IP mode file for STMicroelectronics.X-CUBE-SMBUS.2.1.0
2025-12-12 15:35:03,258 [WARN] PackLoader:240 - Cannot read IP mode file for STMicroelectronics.X-CUBE-AZRTOS-F7.1.1.0
2025-12-12 15:35:03,266 [WARN] PackLoader:240 - Cannot read IP mode file for STMicroelectronics.FP-SNS-MOTENV1.5.1.0
2025-12-12 15:35:03,285 [WARN] PackLoader:240 - Cannot read IP mode file for WES.I-CUBE-Cesium.1.4.0
2025-12-12 15:35:03,323 [WARN] PackLoader:240 - Cannot read IP mode file for STMicroelectronics.X-CUBE-AZRTOS-H7.3.4.0
2025-12-12 15:35:03,337 [WARN] PackLoader:240 - Cannot read IP mode file for STMicroelectronics.X-CUBE-DISPLAY.3.0.0
2025-12-12 15:35:03,353 [WARN] PackLoader:240 - Cannot read IP mode file for STMicroelectronics.X-CUBE-NFC10.1.0.0
2025-12-12 15:35:03,360 [WARN] PackLoader:240 - Cannot read IP mode file for STMicroelectronics.X-CUBE-ST60.1.1.0
2025-12-12 15:35:03,367 [WARN] PackLoader:240 - Cannot read IP mode file for emotas.I-CUBE-CANOPEN.1.3.0
2025-12-12 15:35:03,373 [WARN] PackLoader:240 - Cannot read IP mode file for STMicroelectronics.X-CUBE-GNSS1.7.1.0
2025-12-12 15:35:03,382 [WARN] PackLoader:240 - Cannot read IP mode file for STMicroelectronics.FP-SNS-STBOX1.2.1.0
2025-12-12 15:35:03,389 [WARN] PackLoader:240 - Cannot read IP mode file for STMicroelectronics.FP-SNS-SMARTAG2.1.2.0
2025-12-12 15:35:03,395 [WARN] PackLoader:240 - Cannot read IP mode file for STMicroelectronics.FP-SNS-FLIGHT1.5.1.0
2025-12-12 15:35:03,405 [INFO] LogOutputStream:77 - [STDOUT_REDIRECT] 1 : Invalid condition id : UX_CORESTACK_Condition cause : null
2025-12-12 15:35:03,407 [INFO] LogOutputStream:77 - [STDOUT_REDIRECT] 1 : Invalid condition id : UX_CORESTACK_Condition cause : null
2025-12-12 15:35:03,409 [INFO] LogOutputStream:77 - [STDOUT_REDIRECT] 1 : Invalid condition id : UX_CORESTACK_Condition cause : null
2025-12-12 15:35:03,411 [INFO] LogOutputStream:77 - [STDOUT_REDIRECT] 1 : Invalid condition id : UX_CORESTACK_Condition cause : null
2025-12-12 15:35:03,412 [INFO] LogOutputStream:77 - [STDOUT_REDIRECT] 1 : Invalid condition id : UX_CORESTACK_Condition cause : null
2025-12-12 15:35:03,416 [WARN] PackLoader:240 - Cannot read IP mode file for STMicroelectronics.X-CUBE-AZRTOS-WL.2.0.0
2025-12-12 15:35:03,436 [WARN] PackLoader:240 - Cannot read IP mode file for STMicroelectronics.X-CUBE-AZRTOS-H7RS.1.2.0
2025-12-12 15:35:03,444 [WARN] PackLoader:240 - Cannot read IP mode file for STMicroelectronics.X-CUBE-BLE2.3.3.0
2025-12-12 15:35:03,479 [WARN] PackLoader:240 - Cannot read IP mode file for Infineon.AIROC-Wi-Fi-Bluetooth-STM32.1.8.0
2025-12-12 15:35:03,488 [WARN] PackLoader:240 - Cannot read IP mode file for STMicroelectronics.X-CUBE-NFC9.1.0.0
2025-12-12 15:35:03,493 [WARN] PackLoader:240 - Cannot read IP mode file for STMicroelectronics.X-CUBE-BLE1.7.1.0
2025-12-12 15:35:03,497 [WARN] PackLoader:240 - Cannot read IP mode file for wolfSSL.I-CUBE-wolfMQTT.1.19.2
2025-12-12 15:35:03,503 [WARN] PackLoader:240 - Cannot read IP mode file for STMicroelectronics.X-CUBE-FREERTOS.1.4.0
2025-12-12 15:35:03,508 [WARN] PackLoader:240 - Cannot read IP mode file for STMicroelectronics.X-CUBE-EEPRMA1.5.2.0
2025-12-12 15:35:03,513 [WARN] PackLoader:240 - Cannot read IP mode file for wolfSSL.I-CUBE-wolfSSL.5.8.4
2025-12-12 15:35:03,521 [WARN] PackLoader:240 - Cannot read IP mode file for Cesanta.I-CUBE-Mongoose.7.20.0
2025-12-12 15:35:03,526 [WARN] PackLoader:240 - Cannot read IP mode file for STMicroelectronics.X-CUBE-ST67W61.1.1.0
2025-12-12 15:35:03,560 [WARN] PackLoader:240 - Cannot read IP mode file for STMicroelectronics.X-CUBE-MEMS1.12.0.0
2025-12-12 15:35:03,651 [WARN] PackLoader:240 - Cannot read IP mode file for STMicroelectronics.X-CUBE-AZRTOS-G0.1.1.0
2025-12-12 15:35:03,656 [WARN] PackLoader:240 - Cannot read IP mode file for STMicroelectronics.X-CUBE-NFC4.3.0.0
2025-12-12 15:35:03,662 [WARN] PackLoader:240 - Cannot read IP mode file for EmbeddedOffice.I-CUBE-FS-RTOS.1.0.1
2025-12-12 15:35:03,667 [WARN] PackLoader:240 - Cannot read IP mode file for STMicroelectronics.X-CUBE-WB05N.2.0.0
2025-12-12 15:35:03,671 [WARN] PackLoader:240 - Cannot read IP mode file for wolfSSL.I-CUBE-wolfTPM.3.8.0
2025-12-12 15:35:03,675 [WARN] PackLoader:240 - Cannot read IP mode file for STMicroelectronics.X-CUBE-TCPP.4.2.0
2025-12-12 15:35:03,681 [WARN] PackLoader:240 - Cannot read IP mode file for RealThread.X-CUBE-RT-Thread_Nano.4.1.1
2025-12-12 15:35:03,684 [WARN] PackLoader:240 - Cannot read IP mode file for STMicroelectronics.FP-ATR-SIGFOX1.3.2.0
2025-12-12 15:35:03,689 [WARN] PackLoader:240 - Cannot read IP mode file for ITTIA_DB.I-CUBE-ITTIADB.8.9.0
2025-12-12 15:35:03,694 [WARN] PackLoader:240 - Cannot read IP mode file for STMicroelectronics.X-CUBE-AI.10.2.0
2025-12-12 15:35:03,708 [WARN] PackLoader:240 - Cannot read IP mode file for SEGGER.I-CUBE-embOS.1.3.1
2025-12-12 15:35:03,733 [WARN] PackLoader:240 - Cannot read IP mode file for STMicroelectronics.X-CUBE-ALGOBUILD.1.4.0
2025-12-12 15:35:03,737 [WARN] PackLoader:240 - Cannot read IP mode file for STMicroelectronics.X-CUBE-PM33A1.1.0.0
2025-12-12 15:35:03,746 [WARN] PackLoader:240 - Cannot read IP mode file for STMicroelectronics.X-CUBE-AZRTOS-F4.1.1.0
2025-12-12 15:35:03,751 [WARN] PackLoader:240 - Cannot read IP mode file for STMicroelectronics.X-CUBE-ISPU.2.1.0
2025-12-12 15:35:03,759 [WARN] PackLoader:240 - Cannot read IP mode file for STMicroelectronics.X-CUBE-IPS.3.2.0
2025-12-12 15:35:03,767 [WARN] PackLoader:240 - Cannot read IP mode file for STMicroelectronics.X-CUBE-NFC12.1.0.0
2025-12-12 15:35:03,777 [WARN] PackLoader:240 - Cannot read IP mode file for STMicroelectronics.X-CUBE-AZRTOS-L5.2.0.0
2025-12-12 15:35:03,782 [WARN] PackLoader:240 - Cannot read IP mode file for STMicroelectronics.X-CUBE-NFC6.3.1.0
2025-12-12 15:35:03,790 [WARN] PackLoader:240 - Cannot read IP mode file for STMicroelectronics.X-CUBE-TOUCHGFX.4.26.0
2025-12-12 15:35:03,793 [WARN] PackLoader:240 - Cannot read IP mode file for STMicroelectronics.FP-SNS-STAIOTCFT.1.0.0
2025-12-12 15:35:03,798 [WARN] PackLoader:240 - Cannot read IP mode file for STMicroelectronics.X-CUBE-DPower.1.3.0
2025-12-12 15:35:03,807 [WARN] ConditionMgr:438 - getConditionDescription Invalid condition id : LAN8742 Phy interface Condition cause : null
2025-12-12 15:35:03,807 [WARN] PackLoader:240 - Cannot read IP mode file for STMicroelectronics.X-CUBE-AZRTOS-L4.2.0.0
2025-12-12 15:35:03,808 [WARN] ConditionMgr:1044 - genDependencies : Invalid condition id : LAN8742 Phy interface Condition cause : null
2025-12-12 15:35:03,809 [WARN] ConditionMgr:1044 - genDependencies : Invalid condition id : LAN8742 Phy interface Condition cause : null
2025-12-12 15:35:03,809 [WARN] ConditionMgr:1044 - genDependencies : Invalid condition id : LAN8742 Phy interface Condition cause : null
2025-12-12 15:35:03,817 [WARN] PackLoader:240 - Cannot read IP mode file for STMicroelectronics.X-CUBE-SFXS2LP1.4.0.0
2025-12-12 15:35:03,825 [WARN] PackLoader:240 - Cannot read IP mode file for STMicroelectronics.X-CUBE-BLEMGR.4.1.0
2025-12-12 15:35:03,836 [WARN] ConditionMgr:438 - getConditionDescription Invalid condition id : UX DEVICE CLASS RTOS Condition cause : null
2025-12-12 15:35:03,836 [WARN] ConditionMgr:438 - getConditionDescription Invalid condition id : UX DEVICE CLASS RTOS Condition cause : null
2025-12-12 15:35:03,838 [WARN] PackLoader:240 - Cannot read IP mode file for STMicroelectronics.X-CUBE-AZRTOS-WB.2.0.0
2025-12-12 15:35:03,838 [WARN] ConditionMgr:1044 - genDependencies : Invalid condition id : UX DEVICE CLASS RTOS Condition cause : null
2025-12-12 15:35:03,838 [WARN] ConditionMgr:1044 - genDependencies : Invalid condition id : UX DEVICE CLASS RTOS Condition cause : null
2025-12-12 15:35:03,839 [WARN] ConditionMgr:1044 - genDependencies : Invalid condition id : UX DEVICE CLASS RTOS Condition cause : null
2025-12-12 15:35:03,839 [WARN] ConditionMgr:1044 - genDependencies : Invalid condition id : UX DEVICE CLASS RTOS Condition cause : null
2025-12-12 15:35:03,839 [WARN] ConditionMgr:1044 - genDependencies : Invalid condition id : UX DEVICE CLASS RTOS Condition cause : null
2025-12-12 15:35:03,844 [WARN] ConditionMgr:438 - getConditionDescription Invalid condition id : Cortex-A Device cause : null
2025-12-12 15:35:03,852 [WARN] ConditionMgr:1044 - genDependencies : Invalid condition id : Cortex-A Device cause : null
2025-12-12 15:35:03,852 [WARN] ConditionMgr:1044 - genDependencies : Invalid condition id : Cortex-A Device cause : null
2025-12-12 15:35:03,852 [WARN] ConditionMgr:1044 - genDependencies : Invalid condition id : Cortex-A Device cause : null
2025-12-12 15:35:03,860 [WARN] PackLoader:240 - Cannot read IP mode file for STMicroelectronics.X-CUBE-SUBG2.5.0.0
2025-12-12 15:35:03,884 [WARN] PackLoader:240 - Cannot read IP mode file for STMicroelectronics.X-CUBE-AZRTOS-G4.2.0.0
2025-12-12 15:35:03,890 [WARN] PackLoader:240 - Cannot read IP mode file for wolfSSL.I-CUBE-wolfSSH.1.4.20
2025-12-12 15:35:03,896 [WARN] PackLoader:240 - Cannot read IP mode file for STMicroelectronics.X-CUBE-NFC7.2.0.0
2025-12-12 15:35:03,900 [WARN] PackLoader:240 - Cannot read IP mode file for STMicroelectronics.X-CUBE-ALS.1.0.2
2025-12-12 15:35:03,905 [WARN] PackLoader:240 - Cannot read IP mode file for STMicroelectronics.X-CUBE-STSE01.1.0.0
2025-12-12 15:35:03,913 [WARN] PackLoader:240 - Cannot read IP mode file for STMicroelectronics.X-CUBE-TOF1.3.4.3
2025-12-12 15:35:03,918 [INFO] ThirdParty:978 - Integrity check success = true
2025-12-12 15:35:03,918 [INFO] IntegrityCheckThread:100 - exiting critical section [integrity check]
2025-12-12 15:35:03,918 [INFO] IntegrityCheckThread:103 - End integrity checks thread
2025-12-12 15:36:30,755 [INFO] McuFinderGlobals:63 - Set McuFinder mode to 2 (CubeIDE integrated)
2025-12-12 15:36:30,760 [INFO] MainUpdater:2872 - connection check result : 10
2025-12-12 15:36:30,761 [INFO] MainUpdater:2872 - connection check result : 10
2025-12-12 15:36:30,955 [INFO] MicroXplorer:468 - Change Database Path : 
2025-12-12 15:36:30,955 [INFO] MicroXplorer:498 - Change Database Version : DB.6.0.150
2025-12-12 15:36:30,969 [WARN] ThirdParty:871 - waiting for thirdparty lock release [close project]
2025-12-12 15:36:30,969 [INFO] ThirdParty:873 - entering critical section [close project]
2025-12-12 15:36:30,970 [INFO] ThirdParty:883 - exiting critical section [close project]
2025-12-12 15:36:30,974 [INFO] PinOutPanel:1589 - setPackage(No Configuration,No Configuration)
2025-12-12 15:36:30,975 [INFO] UtilMem:75 - Begin LoadConfig() Used Memory: 728060816 Bytes (739246080)
2025-12-12 15:36:30,977 [INFO] MicroXplorer:468 - Change Database Path : 
2025-12-12 15:36:30,977 [INFO] MicroXplorer:498 - Change Database Version : DB.6.0.150
2025-12-12 15:36:30,977 [INFO] OpenFileManager:355 - Change cursor
2025-12-12 15:36:31,020 [INFO] Mcu:2029 - Initializing MCU STM32L412RBTxP STM32L412RBTxP STM32L412RBT6P
2025-12-12 15:36:32,317 [INFO] Context:786 - Trying to add GPIOservice into a context  which must be forbidden
2025-12-12 15:36:32,732 [INFO] ImportTextPane:234 - (OptionalMessage_ERROR) Pin18 (VP_RIF_VS_RIF1) cannot be retrieved for this MCU
2025-12-12 15:36:32,934 [INFO] RtosManager:558 - Registered RTOS mode: class=CMSIS, group=RTOS, mode=CMSIS_V1, owner=FREERTOS
2025-12-12 15:36:32,934 [INFO] RtosManager:558 - Registered RTOS mode: class=CMSIS, group=RTOS2, mode=CMSIS_V2, owner=FREERTOS
2025-12-12 15:36:32,935 [INFO] RtosManager:558 - Registered RTOS mode: class=RTOS, group=Core, mode=CMSIS_V1, owner=FREERTOS
2025-12-12 15:36:32,935 [INFO] RtosManager:558 - Registered RTOS mode: class=RTOS, group=Core, mode=CMSIS_V2, owner=FREERTOS
2025-12-12 15:36:32,935 [WARN] ModelIntegratedComponent:184 - Missing modes for component STMicroelectronics:FreeRTOS:0.0.1:STMicroelectronics:RTOS:FreeRTOS:Core:::10.2.0:
2025-12-12 15:36:32,963 [WARN] ModelIntegratedComponent:63 - No mode defined for component null
2025-12-12 15:36:32,963 [WARN] ModelIntegratedComponent:63 - No mode defined for component null
2025-12-12 15:36:32,963 [WARN] ModelIntegratedComponent:63 - No mode defined for component null
2025-12-12 15:36:32,963 [WARN] ModelIntegratedComponent:63 - No mode defined for component null
2025-12-12 15:36:32,963 [WARN] ModelIntegratedComponent:63 - No mode defined for component null
2025-12-12 15:36:32,963 [WARN] ModelIntegratedComponent:63 - No mode defined for component null
2025-12-12 15:36:32,964 [WARN] ModelIntegratedComponent:63 - No mode defined for component null
2025-12-12 15:36:32,964 [WARN] ModelIntegratedComponent:63 - No mode defined for component null
2025-12-12 15:36:32,964 [WARN] ModelIntegratedComponent:63 - No mode defined for component null
2025-12-12 15:36:32,964 [WARN] ModelIntegratedComponent:63 - No mode defined for component null
2025-12-12 15:36:32,964 [WARN] ModelIntegratedComponent:63 - No mode defined for component null
2025-12-12 15:36:32,964 [WARN] ModelIntegratedComponent:63 - No mode defined for component null
2025-12-12 15:36:32,964 [WARN] ModelIntegratedComponent:63 - No mode defined for component null
2025-12-12 15:36:32,964 [WARN] ModelIntegratedComponent:63 - No mode defined for component null
2025-12-12 15:36:32,964 [WARN] ModelIntegratedComponent:63 - No mode defined for component null
2025-12-12 15:36:32,964 [WARN] ModelIntegratedComponent:63 - No mode defined for component null
2025-12-12 15:36:32,964 [WARN] ModelIntegratedComponent:63 - No mode defined for component null
2025-12-12 15:36:32,964 [WARN] ModelIntegratedComponent:63 - No mode defined for component null
2025-12-12 15:36:32,964 [WARN] ModelIntegratedComponent:63 - No mode defined for component null
2025-12-12 15:36:32,964 [WARN] ModelIntegratedComponent:63 - No mode defined for component null
2025-12-12 15:36:32,964 [WARN] ModelIntegratedComponent:63 - No mode defined for component null
2025-12-12 15:36:32,965 [WARN] ModelIntegratedComponent:63 - No mode defined for component null
2025-12-12 15:36:32,965 [WARN] ModelIntegratedComponent:63 - No mode defined for component null
2025-12-12 15:36:32,965 [WARN] ModelIntegratedComponent:63 - No mode defined for component null
2025-12-12 15:36:32,965 [WARN] ModelIntegratedComponent:63 - No mode defined for component null
2025-12-12 15:36:32,965 [WARN] ModelIntegratedComponent:63 - No mode defined for component null
2025-12-12 15:36:32,965 [WARN] ModelIntegratedComponent:63 - No mode defined for component null
2025-12-12 15:36:32,965 [WARN] ModelIntegratedComponent:63 - No mode defined for component null
2025-12-12 15:36:32,965 [WARN] ModelIntegratedComponent:63 - No mode defined for component null
2025-12-12 15:36:32,965 [WARN] ModelIntegratedComponent:63 - No mode defined for component null
2025-12-12 15:36:32,965 [WARN] ModelIntegratedComponent:63 - No mode defined for component null
2025-12-12 15:36:32,965 [WARN] ModelIntegratedComponent:63 - No mode defined for component null
2025-12-12 15:36:32,965 [WARN] ModelIntegratedComponent:63 - No mode defined for component null
2025-12-12 15:36:32,965 [WARN] ModelIntegratedComponent:63 - No mode defined for component null
2025-12-12 15:36:32,965 [WARN] ModelIntegratedComponent:63 - No mode defined for component null
2025-12-12 15:36:32,965 [WARN] ModelPack:524 - Component already loaded: STMicroelectronics:HAL Drivers:0.0.0:STMicroelectronics:Device:STMicro_Driver:XSPI:HAL::0.0.1:HAL_XSPI
2025-12-12 15:36:32,992 [INFO] ThirdPartyModel:298 - Start build external matchings
2025-12-12 15:36:33,208 [INFO] ThirdPartyModel:316 - End build external matchings
2025-12-12 15:36:33,219 [INFO] ImportTextPane:234 - (OptionalMessage_ERROR) IP (RCC) : Invalid parameter (FamilyName)
2025-12-12 15:36:33,219 [INFO] ImportTextPane:234 - (OptionalMessage_ERROR) IP (RCC) : Parameter (USBFreq_Value) has invalid value (4000000)
2025-12-12 15:36:33,854 [INFO] ApiDb:581 - Connected to CubeFinder SQLite database (C:\Users\CAMMSYS\.stmcufinder\plugins\mcufinder\mcu\cube-finder-db.db)
2025-12-12 15:36:33,904 [INFO] ApiDb:668 - CubeFinder database Data Model version=2.1
2025-12-12 15:36:33,904 [INFO] ApiDb:669 - CubeFinder database Configuration version=3.0.39
2025-12-12 15:36:33,904 [INFO] ApiDb:670 - CubeFinder database generation date=2025-06-24 (1750757100)
2025-12-12 15:36:33,904 [INFO] ApiDb:671 - CubeFinder database FW Pack versions=[FP-ATR-ASTRA1_V2.0.0, FP-SNS-FLIGHT1_V5.1.0, FP-SNS-MOTENV1_V5.0.0, FP-SNS-MOTENVWB1_V1.4.0, FP-SNS-SMARTAG2_V1.2.0, FP-SNS-STBOX1_V2.0.0, STM32Cube_FW_C0_V1.4.0, STM32Cube_FW_F4_V1.28.2, STM32Cube_FW_F7_V1.17.3, STM32Cube_FW_G0_V1.6.2, STM32Cube_FW_G4_V1.6.1, STM32Cube_FW_H5_V1.5.0, STM32Cube_FW_H7RS_V1.2.0, STM32Cube_FW_H7_V1.12.1, STM32Cube_FW_L0_V1.12.2, STM32Cube_FW_L4_V1.18.1, STM32Cube_FW_L5_V1.5.1, STM32Cube_FW_N6_V1.2.0, STM32Cube_FW_U0_V1.3.0, STM32Cube_FW_U3_V1.2.0, STM32Cube_FW_U5_V1.8.0, STM32Cube_FW_WB0_V1.3.0, STM32Cube_FW_WBA_V1.7.0, STM32Cube_FW_WB_V1.23.0, STM32Cube_FW_WL3_V1.2.0, STM32Cube_FW_WL_V1.3.1, X-CUBE-ALGOBUILD_V1.4.0, X-CUBE-ALS_V1.0.2, X-CUBE-AZRTOS-F4_V1.1.0, X-CUBE-AZRTOS-F7_V1.1.0, X-CUBE-AZRTOS-G0_V1.1.0, X-CUBE-AZRTOS-G4_V2.0.0, X-CUBE-AZRTOS-H7RS_V1.1.0, X-CUBE-AZRTOS-H7_V3.3.0, X-CUBE-AZRTOS-L4_V2.0.0, X-CUBE-AZRTOS-L5_V2.0.0, X-CUBE-AZRTOS-WB_V2.0.0, X-CUBE-AZRTOS-WL_V2.0.0, X-CUBE-BLE1_V7.1.0, X-CUBE-BLE2_V3.3.0, X-CUBE-BLEMGR_V4.0.0, X-CUBE-EEPRMA1_V5.1.0, X-CUBE-FREERTOS_V1.3.1, X-CUBE-GNSS1_V6.0.0, X-CUBE-MEMS1_V11.3.0, X-CUBE-NFC4_V3.0.0, X-CUBE-NFC7_V2.0.0, X-CUBE-SFXS2LP1_V4.0.0, X-CUBE-SUBG2_V5.0.0, X-CUBE-TOF1_V3.4.3]
2025-12-12 15:36:33,949 [INFO] DbBoardsSqlite:226 - include board P-NUCLEO-WB55-NUCLEO as a kit item of type 'Nucleo-64'
2025-12-12 15:36:33,949 [INFO] DbBoardsSqlite:226 - include board P-NUCLEO-WB55-USBDONGLE as a kit item of type 'Nucleo USB Dongle'
2025-12-12 15:36:33,949 [INFO] DbBoardsSqlite:226 - include board STEVAL-IDP005V1 as a kit item of type 'Evaluation Board'
2025-12-12 15:36:33,949 [INFO] DbBoardsSqlite:226 - include board STEVAL-IDP005V2 as a kit item of type 'Evaluation Board'
2025-12-12 15:36:33,997 [INFO] ApiDb:240 - Found 880 in-development CPN: [B-G473E-ZEST1S, B-WB1M-WPAN1, B-WBA5M-WPAN, B-WL5M-SUBG1, NUCLEO-C031C6, NUCLEO-C051C8, NUCLEO-C071RB, NUCLEO-C092RC, NUCLEO-H503RB, NUCLEO-H533RE, NUCLEO-H563ZI, NUCLEO-H7S3L8, NUCLEO-N657X0-Q, NUCLEO-U031R8, NUCLEO-U083RC, NUCLEO-U385RG-Q, NUCLEO-U545RE-Q, NUCLEO-U5A5ZJ-Q, NUCLEO-WB05KZ, NUCLEO-WB07CC, NUCLEO-WB09KE, NUCLEO-WBA52CG, NUCLEO-WBA55CG, NUCLEO-WL33CC1, NUCLEO-WL33CC2, STEVAL-PROTEUS1, STEVAL-SMARTAG2, STEVAL-STWINBX1, STM320518-EVAL, STM32C0116-DK, STM32C011D6Y3TR, STM32C011D6Y6TR, STM32C011F4P3, STM32C011F4P6, STM32C011F4U3, STM32C011F4U6TR, STM32C011F6P3, STM32C011F6P6, STM32C011F6U3, STM32C011F6U6TR, STM32C011J4M3, STM32C011J4M6, STM32C011J6M3, STM32C011J6M6, STM32C0316-DK, STM32C031C4T3, STM32C031C4T6, STM32C031C4U3, STM32C031C4U6, STM32C031C6T3, STM32C031C6T6, STM32C031C6U3, STM32C031C6U6, STM32C031F4P3, STM32C031F4P6, STM32C031F6P3, STM32C031F6P6, STM32C031G4U3, STM32C031G4U6, STM32C031G6U3, STM32C031G6U6, STM32C031K4T3, STM32C031K4T6, STM32C031K4U3, STM32C031K4U6, STM32C031K6T3, STM32C031K6T6, STM32C031K6U3, STM32C031K6U6, STM32C051C6T6, STM32C051C6U6, STM32C051C8T6, STM32C051C8U6, STM32C051D8Y6TR, STM32C051F6P6, STM32C051F8P6, STM32C051G6U6, STM32C051G8U6, STM32C051K6T6, STM32C051K6U6, STM32C051K8T6, STM32C071C8T6, STM32C071C8T6N, STM32C071C8U6, STM32C071C8U6N, STM32C071CBT6, STM32C071CBT6N, STM32C071CBU6, STM32C071CBU6N, STM32C071F8P6, STM32C071F8P6N, STM32C071FBP6, STM32C071FBP6N, STM32C071FBY6TR, STM32C071G8U6, STM32C071G8U6N, STM32C071GBU6, STM32C071GBU6N, STM32C071K8T6, STM32C071K8T6N, STM32C071K8U6, STM32C071K8U6N, STM32C071KBT6, STM32C071KBT6N, STM32C071KBU6, STM32C071KBU6N, STM32C071R8T6, STM32C071R8T6N, STM32C071RBI6N, STM32C071RBT6, STM32C071RBT6N, STM32C091CBT6, STM32C091CBU6, STM32C091CCT6, STM32C091CCU6, STM32C091ECY6TR, STM32C091FBP6, STM32C091FCP6, STM32C091GBU6, STM32C091GCU6, STM32C091KBT6, STM32C091KBU6, STM32C091KCT6, STM32C091KCU6, STM32C091RBT6, STM32C091RCI6, STM32C091RCT6, STM32C092CBT6, STM32C092CBU6, STM32C092CCT6, STM32C092CCU6, STM32C092ECY6TR, STM32C092FBP6, STM32C092FCP6, STM32C092GBU6, STM32C092GCU6, STM32C092KBT6, STM32C092KBU6, STM32C092KCT6, STM32C092KCU6, STM32C092RBT6, STM32C092RCI6, STM32C092RCT6, STM32G071K8TXN, STM32G071K8UXN, STM32G081GBU6N, STM32G081KBT6N, STM32G081KBUXN, STM32G0B1CCT6N, STM32G0B1KCT6, STM32G0B1NEY6TR, STM32G0B1RCT6N, STM32G0C1CCT6, STM32G0C1CCT6N, STM32G0C1CCU6N, STM32G0C1CET6N, STM32G0C1CEU6N, STM32G0C1KCT6, STM32G0C1NEY6TR, STM32G0C1RCI6N, STM32G0C1RCT6N, STM32G0C1REI6N, STM32G0C1RET6N, STM32G0C1VCI6, STM32G0C1VEI6, STM32G411C6T3, STM32G411C6T6, STM32G411C6U3, STM32G411C6U6, STM32G411C8T3, STM32G411C8T6, STM32G411C8U3, STM32G411C8U6, STM32G411CBT3, STM32G411CBT6, STM32G411CBU3, STM32G411CBU6, STM32G411K6T3, STM32G411K6T6, STM32G411K6U3, STM32G411K6U6, STM32G411K8T3, STM32G411K8T6, STM32G411K8U3, STM32G411K8U6, STM32G411KBT3, STM32G411KBT6, STM32G411KBU3, STM32G411KBU6, STM32G411M6T3, STM32G411M6T6, STM32G411M8T3, STM32G411M8T6, STM32G411MBT3, STM32G411MBT6, STM32G411R6T3, STM32G411R6T6, STM32G411R8T3, STM32G411R8T6, STM32G411RBT3, STM32G411RBT6, STM32G414CBT3, STM32G414CBT6, STM32G414CBU3, STM32G414CBU6, STM32G414CCT3, STM32G414CCT6, STM32G414CCU3, STM32G414CCU6, STM32G414MBT3, STM32G414MBT6, STM32G414MCT3, STM32G414MCT6, STM32G414RBT3, STM32G414RBT6, STM32G414RCT3, STM32G414RCT6, STM32G414VBT3, STM32G414VBT6, STM32G414VCT3, STM32G414VCT6, STM32G431CBT3Z, STM32G431RBT3Z, STM32G471CCT6, STM32G471CCU6, STM32G471CET3, STM32G471CET6, STM32G471CEU3, STM32G471CEU6, STM32G471MCT6, STM32G471MET3, STM32G471MET6, STM32G471MEY6TR, STM32G471QCT6, STM32G471QET3, STM32G471RCT6, STM32G471RET3, STM32G471RET6, STM32G471VCH6, STM32G471VCI6, STM32G471VCT6, STM32G471VEH3, STM32G471VEH6, STM32G471VEI3, STM32G471VEI6, STM32G471VET3, STM32G471VET6, STM32G473QET3Z, STM32G473RET3Z, STM32G474CCT6, STM32G491RET3Z, STM32H503CBT6, STM32H503CBU6, STM32H503EBY6TR, STM32H503KBU6, STM32H503RBT6, STM32H523CCT6, STM32H523CCU6, STM32H523CET6, STM32H523CEU6, STM32H523HEY6TR, STM32H523RCT6, STM32H523RET6, STM32H523VCI6, STM32H523VCT6, STM32H523VEI6, STM32H523VET6, STM32H523ZCJ6, STM32H523ZCT6, STM32H523ZEJ6, STM32H523ZET6, STM32H533CET6, STM32H533CEU6, STM32H533HEY6TR, STM32H533RET6, STM32H533VEI6, STM32H533VET6, STM32H533ZEJ6, STM32H533ZET6, STM32H562AGI6, STM32H562AII6, STM32H562IGK6, STM32H562IGT6, STM32H562IIK6, STM32H562IIT6, STM32H562RGT6, STM32H562RGV6, STM32H562RIT6, STM32H562RIV6, STM32H562VGT6, STM32H562VIT6, STM32H562ZGT6, STM32H562ZIT6, STM32H563AGI6, STM32H563AII3Q, STM32H563AII6, STM32H563IGK6, STM32H563IGT6, STM32H563IIK3Q, STM32H563IIK6, STM32H563IIT3Q, STM32H563IIT6, STM32H563MIY3QTR, STM32H563RGT6, STM32H563RGV6, STM32H563RIT6, STM32H563RIV6, STM32H563VGT6, STM32H563VIT3Q, STM32H563VIT6, STM32H563ZGT6, STM32H563ZIT3Q, STM32H563ZIT6, STM32H573AII3Q, STM32H573AII6, STM32H573I-DK, STM32H573IIK3Q, STM32H573IIK6, STM32H573IIT3Q, STM32H573IIT6, STM32H573MIY3QTR, STM32H573RIT6, STM32H573RIV6, STM32H573VIT3Q, STM32H573VIT6, STM32H573ZIT3Q, STM32H573ZIT6, STM32H7R3A8I6, STM32H7R3I8K6, STM32H7R3I8T6, STM32H7R3L8H6, STM32H7R3L8H6H, STM32H7R3R8V6, STM32H7R3V8H6, STM32H7R3V8T6, STM32H7R3V8Y6TR, STM32H7R3Z8J6, STM32H7R3Z8T6, STM32H7R7A8I6, STM32H7R7I8K6, STM32H7R7I8T6, STM32H7R7L8H6, STM32H7R7L8H6H, STM32H7R7Z8J6, STM32H7S3A8I6, STM32H7S3I8K6, STM32H7S3I8T6, STM32H7S3L8H6, STM32H7S3L8H6H, STM32H7S3R8V6, STM32H7S3V8H6, STM32H7S3V8T6, STM32H7S3V8Y6TR, STM32H7S3Z8J6, STM32H7S3Z8T6, STM32H7S78-DK, STM32H7S7A8I6, STM32H7S7I8K6, STM32H7S7I8T6, STM32H7S7L8H6, STM32H7S7L8H6H, STM32H7S7Z8J6, STM32L4R5QGI6STR, STM32MP131AAE3, STM32MP131AAF3, STM32MP131AAG3, STM32MP131CAE3, STM32MP131CAF3, STM32MP131CAG3, STM32MP131DAE7, STM32MP131DAF7, STM32MP131DAG7, STM32MP131FAE7, STM32MP131FAF7, STM32MP131FAG7, STM32MP133AAE3, STM32MP133AAF3, STM32MP133AAG3, STM32MP133CAE3, STM32MP133CAF3, STM32MP133CAG3, STM32MP133DAE7, STM32MP133DAF7, STM32MP133DAG7, STM32MP133FAE7, STM32MP133FAF7, STM32MP133FAG7, STM32MP135AAE3, STM32MP135AAF3, STM32MP135AAG3, STM32MP135CAE3, STM32MP135CAF3, STM32MP135CAG3, STM32MP135DAE7, STM32MP135DAF7, STM32MP135DAG7, STM32MP135F-DK, STM32MP135FAE7, STM32MP135FAF7, STM32MP135FAF7T, STM32MP135FAF7U, STM32MP135FAG7, STM32MP211AAL3, STM32MP211AAM3, STM32MP211AAN3, STM32MP211AAO3, STM32MP211CAL3, STM32MP211CAM3, STM32MP211CAN3, STM32MP211CAO3, STM32MP211DAL3, STM32MP211DAM3, STM32MP211DAN3, STM32MP211DAO3, STM32MP211FAL3, STM32MP211FAM3, STM32MP211FAN3, STM32MP211FAO3, STM32MP213AAL3, STM32MP213AAM3, STM32MP213AAN3, STM32MP213AAO3, STM32MP213CAL3, STM32MP213CAM3, STM32MP213CAN3, STM32MP213CAO3, STM32MP213DAL3, STM32MP213DAM3, STM32MP213DAN3, STM32MP213DAO3, STM32MP213FAL3, STM32MP213FAM3, STM32MP213FAN3, STM32MP213FAO3, STM32MP215AAL3, STM32MP215AAM3, STM32MP215AAN3, STM32MP215AAO3, STM32MP215CAL3, STM32MP215CAM3, STM32MP215CAN3, STM32MP215CAO3, STM32MP215DAL3, STM32MP215DAM3, STM32MP215DAN3, STM32MP215DAO3, STM32MP215F-DK, STM32MP215FAL3, STM32MP215FAM3, STM32MP215FAN3, STM32MP215FAO3, STM32MP231AAJ3, STM32MP231AAK3, STM32MP231AAL3, STM32MP231CAJ3, STM32MP231CAK3, STM32MP231CAL3, STM32MP231DAJ3, STM32MP231DAK3, STM32MP231DAL3, STM32MP231FAJ3, STM32MP231FAK3, STM32MP231FAL3, STM32MP233AAJ3, STM32MP233AAK3, STM32MP233AAL3, STM32MP233CAJ3, STM32MP233CAK3, STM32MP233CAL3, STM32MP233DAJ3, STM32MP233DAK3, STM32MP233DAL3, STM32MP233FAJ3, STM32MP233FAK3, STM32MP233FAL3, STM32MP235AAJ3, STM32MP235AAK3, STM32MP235AAL3, STM32MP235CAJ3, STM32MP235CAK3, STM32MP235CAL3, STM32MP235DAJ3, STM32MP235DAK3, STM32MP235DAL3, STM32MP235FAJ3, STM32MP235FAK3, STM32MP235FAL3, STM32MP251AAI3, STM32MP251AAK3, STM32MP251AAL3, STM32MP251CAI3, STM32MP251CAK3, STM32MP251CAL3, STM32MP251DAI3, STM32MP251DAK3, STM32MP251DAL3, STM32MP251FAI3, STM32MP251FAK3, STM32MP251FAL3, STM32MP253AAI3, STM32MP253AAK3, STM32MP253AAL3, STM32MP253CAI3, STM32MP253CAK3, STM32MP253CAL3, STM32MP253DAI3, STM32MP253DAK3, STM32MP253DAL3, STM32MP253FAI3, STM32MP253FAK3, STM32MP253FAL3, STM32MP255AAI3, STM32MP255AAK3, STM32MP255AAL3, STM32MP255CAI3, STM32MP255CAK3, STM32MP255CAL3, STM32MP255DAI3, STM32MP255DAK3, STM32MP255DAL3, STM32MP255FAI3, STM32MP255FAK3, STM32MP255FAL3, STM32MP257AAI3, STM32MP257AAK3, STM32MP257AAL3, STM32MP257CAI3, STM32MP257CAK3, STM32MP257CAL3, STM32MP257DAI3, STM32MP257DAK3, STM32MP257DAL3, STM32MP257F-DK, STM32MP257F-EV1, STM32MP257FAI3, STM32MP257FAK3, STM32MP257FAL3, STM32N645A0H3Q, STM32N645B0H3Q, STM32N645I0H3Q, STM32N645L0H3Q, STM32N645X0H3Q, STM32N645Z0H3Q, STM32N647A0H3Q, STM32N647B0H3Q, STM32N647I0H3Q, STM32N647L0H3Q, STM32N647X0H3Q, STM32N647Z0H3Q, STM32N655A0H3Q, STM32N655B0H3Q, STM32N655I0H3Q, STM32N655L0H3Q, STM32N655X0H3Q, STM32N655Z0H3Q, STM32N6570-DK, STM32N657A0H3Q, STM32N657B0H3Q, STM32N657I0H3Q, STM32N657L0H3Q, STM32N657X0H3Q, STM32N657Z0H3Q, STM32U031C6T6, STM32U031C6U6, STM32U031C8T6, STM32U031C8U6, STM32U031F4P6, STM32U031F6P6, STM32U031F8P6, STM32U031G6Y6TR, STM32U031G8Y6TR, STM32U031K4U6, STM32U031K6U6, STM32U031K8U6, STM32U031R6I6, STM32U031R6T6, STM32U031R8I6, STM32U031R8T6, STM32U073C8T6, STM32U073C8U6, STM32U073CBT6, STM32U073CBU6, STM32U073CCT6, STM32U073CCU6, STM32U073H8Y6TR, STM32U073HBY6TR, STM32U073HCY6TR, STM32U073K8U6, STM32U073KBU6, STM32U073KCU6, STM32U073M8I6, STM32U073M8T6, STM32U073MBI6, STM32U073MBT6, STM32U073MCI6, STM32U073MCT6, STM32U073R8I6, STM32U073R8T6, STM32U073RBI6, STM32U073RBT6, STM32U073RCI6, STM32U073RCT6, STM32U083C-DK, STM32U083CCT6, STM32U083CCU6, STM32U083HCY6TR, STM32U083KCU6, STM32U083MCI6, STM32U083MCT6, STM32U083RCI6, STM32U083RCT6, STM32U375CET6, STM32U375CET6Q, STM32U375CEU6, STM32U375CEU6Q, STM32U375CEY6QTR, STM32U375CGT6, STM32U375CGT6Q, STM32U375CGU6, STM32U375CGU6Q, STM32U375CGY6QTR, STM32U375KEU6, STM32U375KGU6, STM32U375REI6, STM32U375REI6Q, STM32U375RET6, STM32U375RET6Q, STM32U375REY6GTR, STM32U375REY6QTR, STM32U375RGI6, STM32U375RGI6Q, STM32U375RGT6, STM32U375RGT6Q, STM32U375RGY6GTR, STM32U375RGY6QTR, STM32U375VEI6, STM32U375VEI6Q, STM32U375VET6, STM32U375VET6Q, STM32U375VGI6, STM32U375VGI6Q, STM32U375VGT6, STM32U375VGT6Q, STM32U385CGT6, STM32U385CGT6Q, STM32U385CGU6, STM32U385CGU6Q, STM32U385CGY6QTR, STM32U385KGU6, STM32U385RGI6, STM32U385RGI6Q, STM32U385RGT6, STM32U385RGT6Q, STM32U385RGY6GTR, STM32U385RGY6QTR, STM32U385VGI6, STM32U385VGI6Q, STM32U385VGT6, STM32U385VGT6Q, STM32U535CBT6, STM32U535CBT6Q, STM32U535CBU6, STM32U535CBU6Q, STM32U535CCT6, STM32U535CCT6Q, STM32U535CCU6, STM32U535CCU6Q, STM32U535CET6, STM32U535CET6Q, STM32U535CEU6, STM32U535CEU6Q, STM32U535JEY6QTR, STM32U535NCY6QTR, STM32U535NEY6QTR, STM32U535RBI6, STM32U535RBI6Q, STM32U535RBT6, STM32U535RBT6Q, STM32U535RCI6, STM32U535RCI6Q, STM32U535RCT6, STM32U535RCT6Q, STM32U535REI6, STM32U535REI6Q, STM32U535RET6, STM32U535RET6Q, STM32U535VCI6, STM32U535VCI6Q, STM32U535VCT6, STM32U535VCT6Q, STM32U535VEI6, STM32U535VEI6Q, STM32U535VET6, STM32U535VET6Q, STM32U545CET6, STM32U545CET6Q, STM32U545CEU6, STM32U545CEU6Q, STM32U545JEY6QTR, STM32U545NEY6QTR, STM32U545REI6, STM32U545REI6Q, STM32U545RET6, STM32U545RET6Q, STM32U545VEI6, STM32U545VEI6Q, STM32U545VET6, STM32U545VET6Q, STM32U595AIH6, STM32U595AIH6Q, STM32U595AJH6, STM32U595AJH6Q, STM32U595QII6, STM32U595QII6Q, STM32U595QJI6, STM32U595QJI6Q, STM32U595RIT6, STM32U595RIT6Q, STM32U595RJT6, STM32U595RJT6Q, STM32U595VIT6, STM32U595VIT6Q, STM32U595VJT6, STM32U595VJT6Q, STM32U595ZIT6, STM32U595ZIT6Q, STM32U595ZIY6QTR, STM32U595ZJT6, STM32U595ZJT6Q, STM32U595ZJY6QTR, STM32U599BJY6QTR, STM32U599NIH6Q, STM32U599NJH6Q, STM32U599VIT6Q, STM32U599VJT6, STM32U599VJT6Q, STM32U599ZIT6Q, STM32U599ZIY6QTR, STM32U599ZJT6Q, STM32U599ZJY6QTR, STM32U5A5AJH6, STM32U5A5AJH6Q, STM32U5A5QII3Q , STM32U5A5QJI6, STM32U5A5QJI6Q, STM32U5A5RJT6, STM32U5A5RJT6Q, STM32U5A5VJT6, STM32U5A5VJT6Q, STM32U5A5ZJT6, STM32U5A5ZJT6Q, STM32U5A5ZJY6QTR, STM32U5A9BJY6QTR, STM32U5A9J-DK, STM32U5A9NJH6Q, STM32U5A9VJT6Q, STM32U5A9ZJT6Q, STM32U5A9ZJY6QTR, STM32U5F7VIT6, STM32U5F7VIT6Q, STM32U5F7VJT6, STM32U5F7VJT6Q, STM32U5F9BJY6QTR, STM32U5F9NJH6Q, STM32U5F9VIT6Q, STM32U5F9VJT6Q, STM32U5F9ZIJ6QTR, STM32U5F9ZIT6Q, STM32U5F9ZJJ6QTR, STM32U5F9ZJT6Q, STM32U5G7VJT6, STM32U5G7VJT6Q, STM32U5G9BJY6QTR, STM32U5G9J-DK1, STM32U5G9J-DK2, STM32U5G9NJH6Q, STM32U5G9VJT6Q, STM32U5G9ZJJ6QTR, STM32U5G9ZJT6Q, STM32WB05KZV6TR, STM32WB05KZV7TR, STM32WB05TZF6TR, STM32WB05TZF7TR, STM32WB06CCF6TR, STM32WB06CCF7TR, STM32WB06CCV6TR, STM32WB06CCV7TR, STM32WB06KCV6TR, STM32WB06KCV7TR, STM32WB07CCF6TR, STM32WB07CCF7TR, STM32WB07CCV6TR, STM32WB07CCV7TR, STM32WB07KCV6TR, STM32WB07KCV7TR, STM32WB09KEV6TR, STM32WB09KEV7TR, STM32WB09TEF6TR, STM32WB09TEF7TR, STM32WB1MMCH6, STM32WBA50KGU6, STM32WBA50KGU6TR, STM32WBA52CEU6, STM32WBA52CEU6TR, STM32WBA52CEU7, STM32WBA52CEU7TR, STM32WBA52CGU6, STM32WBA52CGU6TR, STM32WBA52CGU6U, STM32WBA52CGU7, STM32WBA52CGU7TR, STM32WBA52KEU6, STM32WBA52KEU6TR, STM32WBA52KGU6, STM32WBA52KGU6TR, STM32WBA54CEU6, STM32WBA54CEU6TR, STM32WBA54CEU7, STM32WBA54CEU7TR, STM32WBA54CGU6, STM32WBA54CGU6TR, STM32WBA54CGU7, STM32WBA54CGU7TR, STM32WBA54KEU6, STM32WBA54KEU6TR, STM32WBA54KEU7, STM32WBA54KEU7TR, STM32WBA54KGU6, STM32WBA54KGU6TR, STM32WBA54KGU7, STM32WBA54KGU7TR, STM32WBA55CEU6, STM32WBA55CEU6TR, STM32WBA55CEU7, STM32WBA55CEU7TR, STM32WBA55CGU6, STM32WBA55CGU6TR, STM32WBA55CGU6U, STM32WBA55CGU7, STM32WBA55CGU7TR, STM32WBA55G-DK1, STM32WBA55HEF6, STM32WBA55HEF7, STM32WBA55HGF6, STM32WBA55HGF7, STM32WBA55UEI6, STM32WBA55UEI6TR, STM32WBA55UEI7, STM32WBA55UEI7TR, STM32WBA55UGI6, STM32WBA55UGI6TR, STM32WBA55UGI7, STM32WBA55UGI7TR, STM32WBA5MMGH6TR, STM32WBA62MGF6, STM32WBA62MIF6, STM32WBA65MGF7, STM32WBA65MIF6, STM32WBA65MIF7, STM32WL30K8V6, STM32WL30KBV6, STM32WL31C8V6, STM32WL31CBV6, STM32WL31K8V6, STM32WL31KBV6, STM32WL33C8V6, STM32WL33C8V6X, STM32WL33CBV6, STM32WL33CBV6X, STM32WL33CCV6, STM32WL33CCV6A, STM32WL33CCV6X, STM32WL33K8V7, STM32WL33K8V7X, STM32WL33KBV7 , STM32WL33KBV7X, STM32WL33KCV7, STM32WL33KCV7X, STM32WL5MOCH6, STM32WL5MOCH6TR]
2025-12-12 15:36:34,155 [INFO] BoardInfo:889 - No configuration file found for board P-NUCLEO-WB55
2025-12-12 15:36:34,156 [INFO] DbBoards:161 - Kit is not supported: P-NUCLEO-WB55
2025-12-12 15:36:34,160 [INFO] BoardInfo:889 - No configuration file found for board STEVAL-BFA001V1B
2025-12-12 15:36:34,162 [INFO] DbBoards:161 - Kit is not supported: STEVAL-BFA001V1B
2025-12-12 15:36:34,163 [INFO] BoardInfo:889 - No configuration file found for board STEVAL-BFA001V2B
2025-12-12 15:36:34,170 [INFO] DbBoards:161 - Kit is not supported: STEVAL-BFA001V2B
2025-12-12 15:36:34,379 [INFO] DbBoards:168 - Found 212 boards, 209 are supported
2025-12-12 15:36:34,379 [INFO] DbBoards:169 - Found 212 boards, 43 of them is supported for  Bsp
2025-12-12 15:36:34,382 [INFO] ApiDb:668 - CubeFinder database Data Model version=2.1
2025-12-12 15:36:34,382 [INFO] ApiDb:669 - CubeFinder database Configuration version=3.0.39
2025-12-12 15:36:34,382 [INFO] ApiDb:670 - CubeFinder database generation date=2025-06-24 (1750757100)
2025-12-12 15:36:34,382 [INFO] ApiDb:671 - CubeFinder database FW Pack versions=[FP-ATR-ASTRA1_V2.0.0, FP-SNS-FLIGHT1_V5.1.0, FP-SNS-MOTENV1_V5.0.0, FP-SNS-MOTENVWB1_V1.4.0, FP-SNS-SMARTAG2_V1.2.0, FP-SNS-STBOX1_V2.0.0, STM32Cube_FW_C0_V1.4.0, STM32Cube_FW_F4_V1.28.2, STM32Cube_FW_F7_V1.17.3, STM32Cube_FW_G0_V1.6.2, STM32Cube_FW_G4_V1.6.1, STM32Cube_FW_H5_V1.5.0, STM32Cube_FW_H7RS_V1.2.0, STM32Cube_FW_H7_V1.12.1, STM32Cube_FW_L0_V1.12.2, STM32Cube_FW_L4_V1.18.1, STM32Cube_FW_L5_V1.5.1, STM32Cube_FW_N6_V1.2.0, STM32Cube_FW_U0_V1.3.0, STM32Cube_FW_U3_V1.2.0, STM32Cube_FW_U5_V1.8.0, STM32Cube_FW_WB0_V1.3.0, STM32Cube_FW_WBA_V1.7.0, STM32Cube_FW_WB_V1.23.0, STM32Cube_FW_WL3_V1.2.0, STM32Cube_FW_WL_V1.3.1, X-CUBE-ALGOBUILD_V1.4.0, X-CUBE-ALS_V1.0.2, X-CUBE-AZRTOS-F4_V1.1.0, X-CUBE-AZRTOS-F7_V1.1.0, X-CUBE-AZRTOS-G0_V1.1.0, X-CUBE-AZRTOS-G4_V2.0.0, X-CUBE-AZRTOS-H7RS_V1.1.0, X-CUBE-AZRTOS-H7_V3.3.0, X-CUBE-AZRTOS-L4_V2.0.0, X-CUBE-AZRTOS-L5_V2.0.0, X-CUBE-AZRTOS-WB_V2.0.0, X-CUBE-AZRTOS-WL_V2.0.0, X-CUBE-BLE1_V7.1.0, X-CUBE-BLE2_V3.3.0, X-CUBE-BLEMGR_V4.0.0, X-CUBE-EEPRMA1_V5.1.0, X-CUBE-FREERTOS_V1.3.1, X-CUBE-GNSS1_V6.0.0, X-CUBE-MEMS1_V11.3.0, X-CUBE-NFC4_V3.0.0, X-CUBE-NFC7_V2.0.0, X-CUBE-SFXS2LP1_V4.0.0, X-CUBE-SUBG2_V5.0.0, X-CUBE-TOF1_V3.4.3]
2025-12-12 15:36:35,621 [INFO] ApiDb:240 - Found 880 in-development CPN: [B-G473E-ZEST1S, B-WB1M-WPAN1, B-WBA5M-WPAN, B-WL5M-SUBG1, NUCLEO-C031C6, NUCLEO-C051C8, NUCLEO-C071RB, NUCLEO-C092RC, NUCLEO-H503RB, NUCLEO-H533RE, NUCLEO-H563ZI, NUCLEO-H7S3L8, NUCLEO-N657X0-Q, NUCLEO-U031R8, NUCLEO-U083RC, NUCLEO-U385RG-Q, NUCLEO-U545RE-Q, NUCLEO-U5A5ZJ-Q, NUCLEO-WB05KZ, NUCLEO-WB07CC, NUCLEO-WB09KE, NUCLEO-WBA52CG, NUCLEO-WBA55CG, NUCLEO-WL33CC1, NUCLEO-WL33CC2, STEVAL-PROTEUS1, STEVAL-SMARTAG2, STEVAL-STWINBX1, STM320518-EVAL, STM32C0116-DK, STM32C011D6Y3TR, STM32C011D6Y6TR, STM32C011F4P3, STM32C011F4P6, STM32C011F4U3, STM32C011F4U6TR, STM32C011F6P3, STM32C011F6P6, STM32C011F6U3, STM32C011F6U6TR, STM32C011J4M3, STM32C011J4M6, STM32C011J6M3, STM32C011J6M6, STM32C0316-DK, STM32C031C4T3, STM32C031C4T6, STM32C031C4U3, STM32C031C4U6, STM32C031C6T3, STM32C031C6T6, STM32C031C6U3, STM32C031C6U6, STM32C031F4P3, STM32C031F4P6, STM32C031F6P3, STM32C031F6P6, STM32C031G4U3, STM32C031G4U6, STM32C031G6U3, STM32C031G6U6, STM32C031K4T3, STM32C031K4T6, STM32C031K4U3, STM32C031K4U6, STM32C031K6T3, STM32C031K6T6, STM32C031K6U3, STM32C031K6U6, STM32C051C6T6, STM32C051C6U6, STM32C051C8T6, STM32C051C8U6, STM32C051D8Y6TR, STM32C051F6P6, STM32C051F8P6, STM32C051G6U6, STM32C051G8U6, STM32C051K6T6, STM32C051K6U6, STM32C051K8T6, STM32C071C8T6, STM32C071C8T6N, STM32C071C8U6, STM32C071C8U6N, STM32C071CBT6, STM32C071CBT6N, STM32C071CBU6, STM32C071CBU6N, STM32C071F8P6, STM32C071F8P6N, STM32C071FBP6, STM32C071FBP6N, STM32C071FBY6TR, STM32C071G8U6, STM32C071G8U6N, STM32C071GBU6, STM32C071GBU6N, STM32C071K8T6, STM32C071K8T6N, STM32C071K8U6, STM32C071K8U6N, STM32C071KBT6, STM32C071KBT6N, STM32C071KBU6, STM32C071KBU6N, STM32C071R8T6, STM32C071R8T6N, STM32C071RBI6N, STM32C071RBT6, STM32C071RBT6N, STM32C091CBT6, STM32C091CBU6, STM32C091CCT6, STM32C091CCU6, STM32C091ECY6TR, STM32C091FBP6, STM32C091FCP6, STM32C091GBU6, STM32C091GCU6, STM32C091KBT6, STM32C091KBU6, STM32C091KCT6, STM32C091KCU6, STM32C091RBT6, STM32C091RCI6, STM32C091RCT6, STM32C092CBT6, STM32C092CBU6, STM32C092CCT6, STM32C092CCU6, STM32C092ECY6TR, STM32C092FBP6, STM32C092FCP6, STM32C092GBU6, STM32C092GCU6, STM32C092KBT6, STM32C092KBU6, STM32C092KCT6, STM32C092KCU6, STM32C092RBT6, STM32C092RCI6, STM32C092RCT6, STM32G071K8TXN, STM32G071K8UXN, STM32G081GBU6N, STM32G081KBT6N, STM32G081KBUXN, STM32G0B1CCT6N, STM32G0B1KCT6, STM32G0B1NEY6TR, STM32G0B1RCT6N, STM32G0C1CCT6, STM32G0C1CCT6N, STM32G0C1CCU6N, STM32G0C1CET6N, STM32G0C1CEU6N, STM32G0C1KCT6, STM32G0C1NEY6TR, STM32G0C1RCI6N, STM32G0C1RCT6N, STM32G0C1REI6N, STM32G0C1RET6N, STM32G0C1VCI6, STM32G0C1VEI6, STM32G411C6T3, STM32G411C6T6, STM32G411C6U3, STM32G411C6U6, STM32G411C8T3, STM32G411C8T6, STM32G411C8U3, STM32G411C8U6, STM32G411CBT3, STM32G411CBT6, STM32G411CBU3, STM32G411CBU6, STM32G411K6T3, STM32G411K6T6, STM32G411K6U3, STM32G411K6U6, STM32G411K8T3, STM32G411K8T6, STM32G411K8U3, STM32G411K8U6, STM32G411KBT3, STM32G411KBT6, STM32G411KBU3, STM32G411KBU6, STM32G411M6T3, STM32G411M6T6, STM32G411M8T3, STM32G411M8T6, STM32G411MBT3, STM32G411MBT6, STM32G411R6T3, STM32G411R6T6, STM32G411R8T3, STM32G411R8T6, STM32G411RBT3, STM32G411RBT6, STM32G414CBT3, STM32G414CBT6, STM32G414CBU3, STM32G414CBU6, STM32G414CCT3, STM32G414CCT6, STM32G414CCU3, STM32G414CCU6, STM32G414MBT3, STM32G414MBT6, STM32G414MCT3, STM32G414MCT6, STM32G414RBT3, STM32G414RBT6, STM32G414RCT3, STM32G414RCT6, STM32G414VBT3, STM32G414VBT6, STM32G414VCT3, STM32G414VCT6, STM32G431CBT3Z, STM32G431RBT3Z, STM32G471CCT6, STM32G471CCU6, STM32G471CET3, STM32G471CET6, STM32G471CEU3, STM32G471CEU6, STM32G471MCT6, STM32G471MET3, STM32G471MET6, STM32G471MEY6TR, STM32G471QCT6, STM32G471QET3, STM32G471RCT6, STM32G471RET3, STM32G471RET6, STM32G471VCH6, STM32G471VCI6, STM32G471VCT6, STM32G471VEH3, STM32G471VEH6, STM32G471VEI3, STM32G471VEI6, STM32G471VET3, STM32G471VET6, STM32G473QET3Z, STM32G473RET3Z, STM32G474CCT6, STM32G491RET3Z, STM32H503CBT6, STM32H503CBU6, STM32H503EBY6TR, STM32H503KBU6, STM32H503RBT6, STM32H523CCT6, STM32H523CCU6, STM32H523CET6, STM32H523CEU6, STM32H523HEY6TR, STM32H523RCT6, STM32H523RET6, STM32H523VCI6, STM32H523VCT6, STM32H523VEI6, STM32H523VET6, STM32H523ZCJ6, STM32H523ZCT6, STM32H523ZEJ6, STM32H523ZET6, STM32H533CET6, STM32H533CEU6, STM32H533HEY6TR, STM32H533RET6, STM32H533VEI6, STM32H533VET6, STM32H533ZEJ6, STM32H533ZET6, STM32H562AGI6, STM32H562AII6, STM32H562IGK6, STM32H562IGT6, STM32H562IIK6, STM32H562IIT6, STM32H562RGT6, STM32H562RGV6, STM32H562RIT6, STM32H562RIV6, STM32H562VGT6, STM32H562VIT6, STM32H562ZGT6, STM32H562ZIT6, STM32H563AGI6, STM32H563AII3Q, STM32H563AII6, STM32H563IGK6, STM32H563IGT6, STM32H563IIK3Q, STM32H563IIK6, STM32H563IIT3Q, STM32H563IIT6, STM32H563MIY3QTR, STM32H563RGT6, STM32H563RGV6, STM32H563RIT6, STM32H563RIV6, STM32H563VGT6, STM32H563VIT3Q, STM32H563VIT6, STM32H563ZGT6, STM32H563ZIT3Q, STM32H563ZIT6, STM32H573AII3Q, STM32H573AII6, STM32H573I-DK, STM32H573IIK3Q, STM32H573IIK6, STM32H573IIT3Q, STM32H573IIT6, STM32H573MIY3QTR, STM32H573RIT6, STM32H573RIV6, STM32H573VIT3Q, STM32H573VIT6, STM32H573ZIT3Q, STM32H573ZIT6, STM32H7R3A8I6, STM32H7R3I8K6, STM32H7R3I8T6, STM32H7R3L8H6, STM32H7R3L8H6H, STM32H7R3R8V6, STM32H7R3V8H6, STM32H7R3V8T6, STM32H7R3V8Y6TR, STM32H7R3Z8J6, STM32H7R3Z8T6, STM32H7R7A8I6, STM32H7R7I8K6, STM32H7R7I8T6, STM32H7R7L8H6, STM32H7R7L8H6H, STM32H7R7Z8J6, STM32H7S3A8I6, STM32H7S3I8K6, STM32H7S3I8T6, STM32H7S3L8H6, STM32H7S3L8H6H, STM32H7S3R8V6, STM32H7S3V8H6, STM32H7S3V8T6, STM32H7S3V8Y6TR, STM32H7S3Z8J6, STM32H7S3Z8T6, STM32H7S78-DK, STM32H7S7A8I6, STM32H7S7I8K6, STM32H7S7I8T6, STM32H7S7L8H6, STM32H7S7L8H6H, STM32H7S7Z8J6, STM32L4R5QGI6STR, STM32MP131AAE3, STM32MP131AAF3, STM32MP131AAG3, STM32MP131CAE3, STM32MP131CAF3, STM32MP131CAG3, STM32MP131DAE7, STM32MP131DAF7, STM32MP131DAG7, STM32MP131FAE7, STM32MP131FAF7, STM32MP131FAG7, STM32MP133AAE3, STM32MP133AAF3, STM32MP133AAG3, STM32MP133CAE3, STM32MP133CAF3, STM32MP133CAG3, STM32MP133DAE7, STM32MP133DAF7, STM32MP133DAG7, STM32MP133FAE7, STM32MP133FAF7, STM32MP133FAG7, STM32MP135AAE3, STM32MP135AAF3, STM32MP135AAG3, STM32MP135CAE3, STM32MP135CAF3, STM32MP135CAG3, STM32MP135DAE7, STM32MP135DAF7, STM32MP135DAG7, STM32MP135F-DK, STM32MP135FAE7, STM32MP135FAF7, STM32MP135FAF7T, STM32MP135FAF7U, STM32MP135FAG7, STM32MP211AAL3, STM32MP211AAM3, STM32MP211AAN3, STM32MP211AAO3, STM32MP211CAL3, STM32MP211CAM3, STM32MP211CAN3, STM32MP211CAO3, STM32MP211DAL3, STM32MP211DAM3, STM32MP211DAN3, STM32MP211DAO3, STM32MP211FAL3, STM32MP211FAM3, STM32MP211FAN3, STM32MP211FAO3, STM32MP213AAL3, STM32MP213AAM3, STM32MP213AAN3, STM32MP213AAO3, STM32MP213CAL3, STM32MP213CAM3, STM32MP213CAN3, STM32MP213CAO3, STM32MP213DAL3, STM32MP213DAM3, STM32MP213DAN3, STM32MP213DAO3, STM32MP213FAL3, STM32MP213FAM3, STM32MP213FAN3, STM32MP213FAO3, STM32MP215AAL3, STM32MP215AAM3, STM32MP215AAN3, STM32MP215AAO3, STM32MP215CAL3, STM32MP215CAM3, STM32MP215CAN3, STM32MP215CAO3, STM32MP215DAL3, STM32MP215DAM3, STM32MP215DAN3, STM32MP215DAO3, STM32MP215F-DK, STM32MP215FAL3, STM32MP215FAM3, STM32MP215FAN3, STM32MP215FAO3, STM32MP231AAJ3, STM32MP231AAK3, STM32MP231AAL3, STM32MP231CAJ3, STM32MP231CAK3, STM32MP231CAL3, STM32MP231DAJ3, STM32MP231DAK3, STM32MP231DAL3, STM32MP231FAJ3, STM32MP231FAK3, STM32MP231FAL3, STM32MP233AAJ3, STM32MP233AAK3, STM32MP233AAL3, STM32MP233CAJ3, STM32MP233CAK3, STM32MP233CAL3, STM32MP233DAJ3, STM32MP233DAK3, STM32MP233DAL3, STM32MP233FAJ3, STM32MP233FAK3, STM32MP233FAL3, STM32MP235AAJ3, STM32MP235AAK3, STM32MP235AAL3, STM32MP235CAJ3, STM32MP235CAK3, STM32MP235CAL3, STM32MP235DAJ3, STM32MP235DAK3, STM32MP235DAL3, STM32MP235FAJ3, STM32MP235FAK3, STM32MP235FAL3, STM32MP251AAI3, STM32MP251AAK3, STM32MP251AAL3, STM32MP251CAI3, STM32MP251CAK3, STM32MP251CAL3, STM32MP251DAI3, STM32MP251DAK3, STM32MP251DAL3, STM32MP251FAI3, STM32MP251FAK3, STM32MP251FAL3, STM32MP253AAI3, STM32MP253AAK3, STM32MP253AAL3, STM32MP253CAI3, STM32MP253CAK3, STM32MP253CAL3, STM32MP253DAI3, STM32MP253DAK3, STM32MP253DAL3, STM32MP253FAI3, STM32MP253FAK3, STM32MP253FAL3, STM32MP255AAI3, STM32MP255AAK3, STM32MP255AAL3, STM32MP255CAI3, STM32MP255CAK3, STM32MP255CAL3, STM32MP255DAI3, STM32MP255DAK3, STM32MP255DAL3, STM32MP255FAI3, STM32MP255FAK3, STM32MP255FAL3, STM32MP257AAI3, STM32MP257AAK3, STM32MP257AAL3, STM32MP257CAI3, STM32MP257CAK3, STM32MP257CAL3, STM32MP257DAI3, STM32MP257DAK3, STM32MP257DAL3, STM32MP257F-DK, STM32MP257F-EV1, STM32MP257FAI3, STM32MP257FAK3, STM32MP257FAL3, STM32N645A0H3Q, STM32N645B0H3Q, STM32N645I0H3Q, STM32N645L0H3Q, STM32N645X0H3Q, STM32N645Z0H3Q, STM32N647A0H3Q, STM32N647B0H3Q, STM32N647I0H3Q, STM32N647L0H3Q, STM32N647X0H3Q, STM32N647Z0H3Q, STM32N655A0H3Q, STM32N655B0H3Q, STM32N655I0H3Q, STM32N655L0H3Q, STM32N655X0H3Q, STM32N655Z0H3Q, STM32N6570-DK, STM32N657A0H3Q, STM32N657B0H3Q, STM32N657I0H3Q, STM32N657L0H3Q, STM32N657X0H3Q, STM32N657Z0H3Q, STM32U031C6T6, STM32U031C6U6, STM32U031C8T6, STM32U031C8U6, STM32U031F4P6, STM32U031F6P6, STM32U031F8P6, STM32U031G6Y6TR, STM32U031G8Y6TR, STM32U031K4U6, STM32U031K6U6, STM32U031K8U6, STM32U031R6I6, STM32U031R6T6, STM32U031R8I6, STM32U031R8T6, STM32U073C8T6, STM32U073C8U6, STM32U073CBT6, STM32U073CBU6, STM32U073CCT6, STM32U073CCU6, STM32U073H8Y6TR, STM32U073HBY6TR, STM32U073HCY6TR, STM32U073K8U6, STM32U073KBU6, STM32U073KCU6, STM32U073M8I6, STM32U073M8T6, STM32U073MBI6, STM32U073MBT6, STM32U073MCI6, STM32U073MCT6, STM32U073R8I6, STM32U073R8T6, STM32U073RBI6, STM32U073RBT6, STM32U073RCI6, STM32U073RCT6, STM32U083C-DK, STM32U083CCT6, STM32U083CCU6, STM32U083HCY6TR, STM32U083KCU6, STM32U083MCI6, STM32U083MCT6, STM32U083RCI6, STM32U083RCT6, STM32U375CET6, STM32U375CET6Q, STM32U375CEU6, STM32U375CEU6Q, STM32U375CEY6QTR, STM32U375CGT6, STM32U375CGT6Q, STM32U375CGU6, STM32U375CGU6Q, STM32U375CGY6QTR, STM32U375KEU6, STM32U375KGU6, STM32U375REI6, STM32U375REI6Q, STM32U375RET6, STM32U375RET6Q, STM32U375REY6GTR, STM32U375REY6QTR, STM32U375RGI6, STM32U375RGI6Q, STM32U375RGT6, STM32U375RGT6Q, STM32U375RGY6GTR, STM32U375RGY6QTR, STM32U375VEI6, STM32U375VEI6Q, STM32U375VET6, STM32U375VET6Q, STM32U375VGI6, STM32U375VGI6Q, STM32U375VGT6, STM32U375VGT6Q, STM32U385CGT6, STM32U385CGT6Q, STM32U385CGU6, STM32U385CGU6Q, STM32U385CGY6QTR, STM32U385KGU6, STM32U385RGI6, STM32U385RGI6Q, STM32U385RGT6, STM32U385RGT6Q, STM32U385RGY6GTR, STM32U385RGY6QTR, STM32U385VGI6, STM32U385VGI6Q, STM32U385VGT6, STM32U385VGT6Q, STM32U535CBT6, STM32U535CBT6Q, STM32U535CBU6, STM32U535CBU6Q, STM32U535CCT6, STM32U535CCT6Q, STM32U535CCU6, STM32U535CCU6Q, STM32U535CET6, STM32U535CET6Q, STM32U535CEU6, STM32U535CEU6Q, STM32U535JEY6QTR, STM32U535NCY6QTR, STM32U535NEY6QTR, STM32U535RBI6, STM32U535RBI6Q, STM32U535RBT6, STM32U535RBT6Q, STM32U535RCI6, STM32U535RCI6Q, STM32U535RCT6, STM32U535RCT6Q, STM32U535REI6, STM32U535REI6Q, STM32U535RET6, STM32U535RET6Q, STM32U535VCI6, STM32U535VCI6Q, STM32U535VCT6, STM32U535VCT6Q, STM32U535VEI6, STM32U535VEI6Q, STM32U535VET6, STM32U535VET6Q, STM32U545CET6, STM32U545CET6Q, STM32U545CEU6, STM32U545CEU6Q, STM32U545JEY6QTR, STM32U545NEY6QTR, STM32U545REI6, STM32U545REI6Q, STM32U545RET6, STM32U545RET6Q, STM32U545VEI6, STM32U545VEI6Q, STM32U545VET6, STM32U545VET6Q, STM32U595AIH6, STM32U595AIH6Q, STM32U595AJH6, STM32U595AJH6Q, STM32U595QII6, STM32U595QII6Q, STM32U595QJI6, STM32U595QJI6Q, STM32U595RIT6, STM32U595RIT6Q, STM32U595RJT6, STM32U595RJT6Q, STM32U595VIT6, STM32U595VIT6Q, STM32U595VJT6, STM32U595VJT6Q, STM32U595ZIT6, STM32U595ZIT6Q, STM32U595ZIY6QTR, STM32U595ZJT6, STM32U595ZJT6Q, STM32U595ZJY6QTR, STM32U599BJY6QTR, STM32U599NIH6Q, STM32U599NJH6Q, STM32U599VIT6Q, STM32U599VJT6, STM32U599VJT6Q, STM32U599ZIT6Q, STM32U599ZIY6QTR, STM32U599ZJT6Q, STM32U599ZJY6QTR, STM32U5A5AJH6, STM32U5A5AJH6Q, STM32U5A5QII3Q , STM32U5A5QJI6, STM32U5A5QJI6Q, STM32U5A5RJT6, STM32U5A5RJT6Q, STM32U5A5VJT6, STM32U5A5VJT6Q, STM32U5A5ZJT6, STM32U5A5ZJT6Q, STM32U5A5ZJY6QTR, STM32U5A9BJY6QTR, STM32U5A9J-DK, STM32U5A9NJH6Q, STM32U5A9VJT6Q, STM32U5A9ZJT6Q, STM32U5A9ZJY6QTR, STM32U5F7VIT6, STM32U5F7VIT6Q, STM32U5F7VJT6, STM32U5F7VJT6Q, STM32U5F9BJY6QTR, STM32U5F9NJH6Q, STM32U5F9VIT6Q, STM32U5F9VJT6Q, STM32U5F9ZIJ6QTR, STM32U5F9ZIT6Q, STM32U5F9ZJJ6QTR, STM32U5F9ZJT6Q, STM32U5G7VJT6, STM32U5G7VJT6Q, STM32U5G9BJY6QTR, STM32U5G9J-DK1, STM32U5G9J-DK2, STM32U5G9NJH6Q, STM32U5G9VJT6Q, STM32U5G9ZJJ6QTR, STM32U5G9ZJT6Q, STM32WB05KZV6TR, STM32WB05KZV7TR, STM32WB05TZF6TR, STM32WB05TZF7TR, STM32WB06CCF6TR, STM32WB06CCF7TR, STM32WB06CCV6TR, STM32WB06CCV7TR, STM32WB06KCV6TR, STM32WB06KCV7TR, STM32WB07CCF6TR, STM32WB07CCF7TR, STM32WB07CCV6TR, STM32WB07CCV7TR, STM32WB07KCV6TR, STM32WB07KCV7TR, STM32WB09KEV6TR, STM32WB09KEV7TR, STM32WB09TEF6TR, STM32WB09TEF7TR, STM32WB1MMCH6, STM32WBA50KGU6, STM32WBA50KGU6TR, STM32WBA52CEU6, STM32WBA52CEU6TR, STM32WBA52CEU7, STM32WBA52CEU7TR, STM32WBA52CGU6, STM32WBA52CGU6TR, STM32WBA52CGU6U, STM32WBA52CGU7, STM32WBA52CGU7TR, STM32WBA52KEU6, STM32WBA52KEU6TR, STM32WBA52KGU6, STM32WBA52KGU6TR, STM32WBA54CEU6, STM32WBA54CEU6TR, STM32WBA54CEU7, STM32WBA54CEU7TR, STM32WBA54CGU6, STM32WBA54CGU6TR, STM32WBA54CGU7, STM32WBA54CGU7TR, STM32WBA54KEU6, STM32WBA54KEU6TR, STM32WBA54KEU7, STM32WBA54KEU7TR, STM32WBA54KGU6, STM32WBA54KGU6TR, STM32WBA54KGU7, STM32WBA54KGU7TR, STM32WBA55CEU6, STM32WBA55CEU6TR, STM32WBA55CEU7, STM32WBA55CEU7TR, STM32WBA55CGU6, STM32WBA55CGU6TR, STM32WBA55CGU6U, STM32WBA55CGU7, STM32WBA55CGU7TR, STM32WBA55G-DK1, STM32WBA55HEF6, STM32WBA55HEF7, STM32WBA55HGF6, STM32WBA55HGF7, STM32WBA55UEI6, STM32WBA55UEI6TR, STM32WBA55UEI7, STM32WBA55UEI7TR, STM32WBA55UGI6, STM32WBA55UGI6TR, STM32WBA55UGI7, STM32WBA55UGI7TR, STM32WBA5MMGH6TR, STM32WBA62MGF6, STM32WBA62MIF6, STM32WBA65MGF7, STM32WBA65MIF6, STM32WBA65MIF7, STM32WL30K8V6, STM32WL30KBV6, STM32WL31C8V6, STM32WL31CBV6, STM32WL31K8V6, STM32WL31KBV6, STM32WL33C8V6, STM32WL33C8V6X, STM32WL33CBV6, STM32WL33CBV6X, STM32WL33CCV6, STM32WL33CCV6A, STM32WL33CCV6X, STM32WL33K8V7, STM32WL33K8V7X, STM32WL33KBV7 , STM32WL33KBV7X, STM32WL33KCV7, STM32WL33KCV7X, STM32WL5MOCH6, STM32WL5MOCH6TR]
2025-12-12 15:36:35,625 [INFO] DbMcus:218 - Found 4801 MCUs, 4801 are supported
2025-12-12 15:36:35,626 [INFO] ApiDb:414 - User favorites file not found: C:\Users\CAMMSYS/.stm32cubeide/favorites.mcus.txt
2025-12-12 15:36:35,626 [INFO] DbMcus:224 - Set 0 / 0 favorites MCUs
2025-12-12 15:36:35,900 [INFO] ApiDb:414 - User favorites file not found: C:\Users\CAMMSYS/.stm32cubeide/favorites.boards.txt
2025-12-12 15:36:35,900 [INFO] DbBoards:198 - Set 0 / 0 favorites Boards
2025-12-12 15:36:35,952 [INFO] UtilMem:75 - End LoadConfig() Used Memory: 791687072 Bytes (880803840)
2025-12-12 15:36:36,040 [WARN] ThirdParty:833 - waiting for thirdparty lock release [change project]
2025-12-12 15:36:36,040 [INFO] ThirdParty:835 - entering critical section [change project]
2025-12-12 15:36:36,040 [INFO] ThirdParty:1030 - CMSIS Pack Vendor :STMicroelectronics X-CUBE-PM33A1 1.0.0
2025-12-12 15:36:36,040 [INFO] ThirdParty:1030 - CMSIS Pack Vendor :STMicroelectronics USBPD 4.1
2025-12-12 15:36:36,040 [INFO] ThirdParty:1030 - CMSIS Pack Vendor :STMicroelectronics X-CUBE-NFC9 1.0.0
2025-12-12 15:36:36,040 [INFO] ThirdParty:1030 - CMSIS Pack Vendor :STMicroelectronics USB_HOST 2.0.0
2025-12-12 15:36:36,040 [INFO] ThirdParty:1030 - CMSIS Pack Vendor :STMicroelectronics FP-SNS-MOTENVWB1 1.4.0
2025-12-12 15:36:36,040 [INFO] ThirdParty:1030 - CMSIS Pack Vendor :STMicroelectronics X-CUBE-AZRTOS-F4 1.1.0
2025-12-12 15:36:36,040 [INFO] ThirdParty:1030 - CMSIS Pack Vendor :STMicroelectronics LIBJPEG 8.0.0
2025-12-12 15:36:36,040 [INFO] ThirdParty:1030 - CMSIS Pack Vendor :STMicroelectronics FP-ATR-ASTRA1 2.0.2
2025-12-12 15:36:36,040 [INFO] ThirdParty:1030 - CMSIS Pack Vendor :STMicroelectronics X-CUBE-BLE1 7.1.0
2025-12-12 15:36:36,040 [INFO] ThirdParty:1030 - CMSIS Pack Vendor :STMicroelectronics X-CUBE-SMBUS 2.1.0
2025-12-12 15:36:36,040 [INFO] ThirdParty:1030 - CMSIS Pack Vendor :wolfSSL I-CUBE-wolfMQTT 1.19.2
2025-12-12 15:36:36,040 [INFO] ThirdParty:1030 - CMSIS Pack Vendor :STMicroelectronics USB_DEVICE 3.0.0
2025-12-12 15:36:36,040 [INFO] ThirdParty:1030 - CMSIS Pack Vendor :STMicroelectronics X-CUBE-ISPU 2.1.0
2025-12-12 15:36:36,040 [INFO] ThirdParty:1030 - CMSIS Pack Vendor :STMicroelectronics X-CUBE-FREERTOS 1.4.0
2025-12-12 15:36:36,040 [INFO] ThirdParty:1030 - CMSIS Pack Vendor :STMicroelectronics X-CUBE-EEPRMA1 5.2.0
2025-12-12 15:36:36,040 [INFO] ThirdParty:1030 - CMSIS Pack Vendor :STMicroelectronics X-CUBE-IPS 3.2.0
2025-12-12 15:36:36,040 [INFO] ThirdParty:1030 - CMSIS Pack Vendor :STMicroelectronics X-CUBE-BLEMGR 4.1.0
2025-12-12 15:36:36,040 [INFO] ThirdParty:1030 - CMSIS Pack Vendor :STMicroelectronics X-CUBE-AZRTOS-WB 2.0.0
2025-12-12 15:36:36,040 [INFO] ThirdParty:1030 - CMSIS Pack Vendor :wolfSSL I-CUBE-wolfSSL 5.8.4
2025-12-12 15:36:36,041 [INFO] ThirdParty:1030 - CMSIS Pack Vendor :Cesanta I-CUBE-Mongoose 7.20.0
2025-12-12 15:36:36,041 [INFO] ThirdParty:1030 - CMSIS Pack Vendor :STMicroelectronics X-CUBE-NFC12 1.0.0
2025-12-12 15:36:36,041 [INFO] ThirdParty:1030 - CMSIS Pack Vendor :STMicroelectronics X-CUBE-AZRTOS-F7 1.1.0
2025-12-12 15:36:36,041 [INFO] ThirdParty:1030 - CMSIS Pack Vendor :STMicroelectronics X-CUBE-AZRTOS-L5 2.0.0
2025-12-12 15:36:36,041 [INFO] ThirdParty:1030 - CMSIS Pack Vendor :STMicroelectronics USB_DEVICE 2.0.0
2025-12-12 15:36:36,041 [INFO] ThirdParty:1030 - CMSIS Pack Vendor :STMicroelectronics X-CUBE-NFC6 3.1.0
2025-12-12 15:36:36,041 [INFO] ThirdParty:1030 - CMSIS Pack Vendor :STMicroelectronics X-CUBE-ST67W61 1.1.0
2025-12-12 15:36:36,041 [INFO] ThirdParty:1030 - CMSIS Pack Vendor :quantropi X-CUBE-qispace-sdk-base 2.1.0
2025-12-12 15:36:36,041 [INFO] ThirdParty:1030 - CMSIS Pack Vendor :STMicroelectronics X-CUBE-MEMS1 12.0.0
2025-12-12 15:36:36,041 [INFO] ThirdParty:1030 - CMSIS Pack Vendor :STMicroelectronics FP-SNS-MOTENV1 5.1.0
2025-12-12 15:36:36,041 [INFO] ThirdParty:1030 - CMSIS Pack Vendor :STMicroelectronics FreeRTOS 0.0.1
2025-12-12 15:36:36,041 [INFO] ThirdParty:1030 - CMSIS Pack Vendor :STMicroelectronics X-CUBE-AZRTOS-G0 1.1.0
2025-12-12 15:36:36,041 [INFO] ThirdParty:1030 - CMSIS Pack Vendor :STMicroelectronics X-CUBE-NFC4 3.0.0
2025-12-12 15:36:36,041 [INFO] ThirdParty:1030 - CMSIS Pack Vendor :STMicroelectronics X-CUBE-SUBG2 5.0.0
2025-12-12 15:36:36,041 [INFO] ThirdParty:1030 - CMSIS Pack Vendor :STMicroelectronics STM32_WPAN 1.0.0
2025-12-12 15:36:36,041 [INFO] ThirdParty:1030 - CMSIS Pack Vendor :EmbeddedOffice I-CUBE-FS-RTOS 1.0.1
2025-12-12 15:36:36,042 [INFO] ThirdParty:1030 - CMSIS Pack Vendor :STMicroelectronics lwIP 2.0.3
2025-12-12 15:36:36,042 [INFO] ThirdParty:1030 - CMSIS Pack Vendor :WES I-CUBE-Cesium 1.4.0
2025-12-12 15:36:36,042 [INFO] ThirdParty:1030 - CMSIS Pack Vendor :STMicroelectronics USB_HOST 1.0.0
2025-12-12 15:36:36,042 [INFO] ThirdParty:1030 - CMSIS Pack Vendor :STMicroelectronics X-CUBE-AZRTOS-G4 2.0.0
2025-12-12 15:36:36,042 [INFO] ThirdParty:1030 - CMSIS Pack Vendor :STMicroelectronics X-CUBE-WB05N 2.0.0
2025-12-12 15:36:36,042 [INFO] ThirdParty:1030 - CMSIS Pack Vendor :STMicroelectronics PDM2PCM 3.1.0
2025-12-12 15:36:36,042 [INFO] ThirdParty:1030 - CMSIS Pack Vendor :STMicroelectronics PDM2PCM 3.3.0
2025-12-12 15:36:36,042 [INFO] ThirdParty:1030 - CMSIS Pack Vendor :wolfSSL I-CUBE-wolfTPM 3.8.0
2025-12-12 15:36:36,042 [INFO] ThirdParty:1030 - CMSIS Pack Vendor :STMicroelectronics X-CUBE-AZRTOS-H7 3.4.0
2025-12-12 15:36:36,042 [INFO] ThirdParty:1030 - CMSIS Pack Vendor :STMicroelectronics X-CUBE-DISPLAY 3.0.0
2025-12-12 15:36:36,042 [INFO] ThirdParty:1030 - CMSIS Pack Vendor :wolfSSL I-CUBE-wolfSSH 1.4.20
2025-12-12 15:36:36,042 [INFO] ThirdParty:1030 - CMSIS Pack Vendor :STMicroelectronics X-CUBE-NFC7 2.0.0
2025-12-12 15:36:36,042 [INFO] ThirdParty:1030 - CMSIS Pack Vendor :STMicroelectronics X-CUBE-TCPP 4.2.0
2025-12-12 15:36:36,042 [INFO] ThirdParty:1030 - CMSIS Pack Vendor :RealThread X-CUBE-RT-Thread_Nano 4.1.1
2025-12-12 15:36:36,042 [INFO] ThirdParty:1030 - CMSIS Pack Vendor :STMicroelectronics FP-ATR-SIGFOX1 3.2.0
2025-12-12 15:36:36,042 [INFO] ThirdParty:1030 - CMSIS Pack Vendor :STMicroelectronics X-CUBE-NFC10 1.0.0
2025-12-12 15:36:36,042 [INFO] ThirdParty:1030 - CMSIS Pack Vendor :STMicroelectronics HAL Drivers 0.0.0
2025-12-12 15:36:36,042 [INFO] ThirdParty:1030 - CMSIS Pack Vendor :STMicroelectronics MBEDTLS 2.16.2
2025-12-12 15:36:36,042 [INFO] ThirdParty:1030 - CMSIS Pack Vendor :STMicroelectronics X-CUBE-ST60 1.1.0
2025-12-12 15:36:36,042 [INFO] ThirdParty:1030 - CMSIS Pack Vendor :STMicroelectronics X-CUBE-ALS 1.0.2
2025-12-12 15:36:36,042 [INFO] ThirdParty:1030 - CMSIS Pack Vendor :emotas I-CUBE-CANOPEN 1.3.0
2025-12-12 15:36:36,042 [INFO] ThirdParty:1030 - CMSIS Pack Vendor :STMicroelectronics MBEDTLS 2.14.1
2025-12-12 15:36:36,042 [INFO] ThirdParty:1030 - CMSIS Pack Vendor :STMicroelectronics X-CUBE-GNSS1 7.1.0
2025-12-12 15:36:36,042 [INFO] ThirdParty:1030 - CMSIS Pack Vendor :ITTIA_DB I-CUBE-ITTIADB 8.9.0
2025-12-12 15:36:36,042 [INFO] ThirdParty:1030 - CMSIS Pack Vendor :STMicroelectronics X-CUBE-TOUCHGFX 4.26.0
2025-12-12 15:36:36,042 [INFO] ThirdParty:1030 - CMSIS Pack Vendor :STMicroelectronics X-CUBE-STSE01 1.0.0
2025-12-12 15:36:36,042 [INFO] ThirdParty:1030 - CMSIS Pack Vendor :STMicroelectronics FP-SNS-STBOX1 2.1.0
2025-12-12 15:36:36,042 [INFO] ThirdParty:1030 - CMSIS Pack Vendor :STMicroelectronics X-CUBE-AI 10.2.0
2025-12-12 15:36:36,042 [INFO] ThirdParty:1030 - CMSIS Pack Vendor :STMicroelectronics FP-SNS-STAIOTCFT 1.0.0
2025-12-12 15:36:36,042 [INFO] ThirdParty:1030 - CMSIS Pack Vendor :STMicroelectronics ThreadX 1.0.0
2025-12-12 15:36:36,042 [INFO] ThirdParty:1030 - CMSIS Pack Vendor :STMicroelectronics FP-SNS-SMARTAG2 1.2.0
2025-12-12 15:36:36,042 [INFO] ThirdParty:1030 - CMSIS Pack Vendor :STMicroelectronics FP-SNS-FLIGHT1 5.1.0
2025-12-12 15:36:36,042 [INFO] ThirdParty:1030 - CMSIS Pack Vendor :STMicroelectronics X-CUBE-AZRTOS-WL 2.0.0
2025-12-12 15:36:36,042 [INFO] ThirdParty:1030 - CMSIS Pack Vendor :SEGGER I-CUBE-embOS 1.3.1
2025-12-12 15:36:36,042 [INFO] ThirdParty:1030 - CMSIS Pack Vendor :STMicroelectronics X-CUBE-ALGOBUILD 1.4.0
2025-12-12 15:36:36,042 [INFO] ThirdParty:1030 - CMSIS Pack Vendor :STMicroelectronics X-CUBE-DPower 1.3.0
2025-12-12 15:36:36,043 [INFO] ThirdParty:1030 - CMSIS Pack Vendor :STMicroelectronics USB_DEVICE 1.0.0
2025-12-12 15:36:36,043 [INFO] ThirdParty:1030 - CMSIS Pack Vendor :STMicroelectronics X-CUBE-AZRTOS-H7RS 1.2.0
2025-12-12 15:36:36,043 [INFO] ThirdParty:1030 - CMSIS Pack Vendor :STMicroelectronics X-CUBE-AZRTOS-L4 2.0.0
2025-12-12 15:36:36,043 [INFO] ThirdParty:1030 - CMSIS Pack Vendor :STMicroelectronics ThreadX 0.0.2
2025-12-12 15:36:36,043 [INFO] ThirdParty:1030 - CMSIS Pack Vendor :STMicroelectronics lwIP 2.1.2
2025-12-12 15:36:36,043 [INFO] ThirdParty:1030 - CMSIS Pack Vendor :STMicroelectronics X-CUBE-SFXS2LP1 4.0.0
2025-12-12 15:36:36,043 [INFO] ThirdParty:1030 - CMSIS Pack Vendor :STMicroelectronics X-CUBE-BLE2 3.3.0
2025-12-12 15:36:36,043 [INFO] ThirdParty:1030 - CMSIS Pack Vendor :Avnet-IOTCONNECT X-CUBE-iotc-st67-sdk 1.0.0
2025-12-12 15:36:36,043 [INFO] ThirdParty:1030 - CMSIS Pack Vendor :STMicroelectronics X-CUBE-TOF1 3.4.3
2025-12-12 15:36:36,043 [INFO] ThirdParty:1030 - CMSIS Pack Vendor :Infineon AIROC-Wi-Fi-Bluetooth-STM32 1.8.0
2025-12-12 15:36:36,043 [INFO] ThirdParty:1030 - CMSIS Pack Vendor :STMicroelectronics PDM2PCM 3.2.0
2025-12-12 15:36:36,043 [INFO] ThirdParty:841 - exiting critical section [change project]
2025-12-12 15:36:36,383 [INFO] PinOutPanel:1589 - setPackage(No Configuration,No Configuration)
2025-12-12 15:36:36,383 [INFO] PinOutPanel:1589 - setPackage(STM32L412RBTxP,LQFP64)
2025-12-12 15:36:36,915 [INFO] UtilMem:75 - Before build in PCC Used Memory: 662522672 Bytes (898629632)
2025-12-12 15:36:37,897 [INFO] UtilMem:75 - After build in PCC Used Memory: 855460664 Bytes (898629632)
2025-12-12 15:36:37,929 [INFO] IPUIPlugin:80 - create IPUIPlugin
2025-12-12 15:36:37,929 [INFO] IPUIPlugin:80 - create IPUIPlugin
2025-12-12 15:36:37,929 [INFO] IPUIPlugin:80 - create IPUIPlugin
2025-12-12 15:36:37,929 [INFO] IPUIPlugin:80 - create IPUIPlugin
2025-12-12 15:36:37,929 [INFO] IPUIPlugin:80 - create IPUIPlugin
2025-12-12 15:36:37,930 [INFO] IPUIPlugin:80 - create IPUIPlugin
2025-12-12 15:36:37,930 [INFO] IPUIPlugin:80 - create IPUIPlugin
2025-12-12 15:36:37,930 [INFO] IPUIPlugin:80 - create IPUIPlugin
2025-12-12 15:36:37,930 [INFO] IPUIPlugin:80 - create IPUIPlugin
2025-12-12 15:36:37,930 [INFO] IPUIPlugin:80 - create IPUIPlugin
2025-12-12 15:36:37,930 [INFO] IPUIPlugin:80 - create IPUIPlugin
2025-12-12 15:36:37,930 [INFO] IPUIPlugin:80 - create IPUIPlugin
2025-12-12 15:36:37,930 [INFO] IPUIPlugin:80 - create IPUIPlugin
2025-12-12 15:36:37,930 [INFO] IPUIPlugin:80 - create IPUIPlugin
2025-12-12 15:36:37,930 [INFO] IPUIPlugin:80 - create IPUIPlugin
2025-12-12 15:36:37,931 [INFO] IPUIPlugin:80 - create IPUIPlugin
2025-12-12 15:36:37,931 [INFO] IPUIPlugin:80 - create IPUIPlugin
2025-12-12 15:36:37,931 [INFO] IPUIPlugin:80 - create IPUIPlugin
2025-12-12 15:36:37,931 [INFO] IPUIPlugin:80 - create IPUIPlugin
2025-12-12 15:36:37,931 [INFO] IPUIPlugin:80 - create IPUIPlugin
2025-12-12 15:36:37,931 [INFO] IPUIPlugin:80 - create IPUIPlugin
2025-12-12 15:36:37,931 [INFO] IPUIPlugin:80 - create IPUIPlugin
2025-12-12 15:36:37,932 [INFO] IPUIPlugin:80 - create IPUIPlugin
2025-12-12 15:36:37,932 [INFO] IPUIPlugin:80 - create IPUIPlugin
2025-12-12 15:36:37,932 [INFO] IPUIPlugin:80 - create IPUIPlugin
2025-12-12 15:36:37,932 [INFO] IPUIPlugin:80 - create IPUIPlugin
2025-12-12 15:36:37,932 [INFO] IPUIPlugin:80 - create IPUIPlugin
2025-12-12 15:36:37,933 [INFO] IPUIPlugin:80 - create IPUIPlugin
2025-12-12 15:36:37,933 [INFO] IPUIPlugin:80 - create IPUIPlugin
2025-12-12 15:36:37,933 [INFO] IPUIPlugin:80 - create IPUIPlugin
2025-12-12 15:36:37,933 [INFO] IPUIPlugin:80 - create IPUIPlugin
2025-12-12 15:36:37,933 [INFO] IPUIPlugin:80 - create IPUIPlugin
2025-12-12 15:36:37,933 [INFO] IPUIPlugin:80 - create IPUIPlugin
2025-12-12 15:36:37,934 [INFO] IPUIPlugin:80 - create IPUIPlugin
2025-12-12 15:36:37,934 [INFO] IPUIPlugin:80 - create IPUIPlugin
2025-12-12 15:36:37,934 [INFO] IPUIPlugin:80 - create IPUIPlugin
2025-12-12 15:36:37,934 [INFO] IPUIPlugin:80 - create IPUIPlugin
2025-12-12 15:36:37,934 [INFO] IPUIPlugin:80 - create IPUIPlugin
2025-12-12 15:36:38,189 [INFO] CADModel:165 - CPN selected for project levelSTM32L412RBT6P
2025-12-12 15:36:38,189 [INFO] CADModel:114 - Register for checkConnection events
2025-12-12 15:36:38,261 [INFO] OpenFileManager:386 - Restore cursor
2025-12-12 15:38:14,568 [INFO] NvicIntPanel:101 - NVIC parent = com.st.microxplorer.plugins.ip.nvic.MultiNvicIntPanel[,0,0,0x0,invalid,layout=javax.swing.BoxLayout,alignmentX=0.0,alignmentY=0.0,border=,flags=9,maximumSize=,minimumSize=,preferredSize=]
2025-12-12 15:38:22,530 [INFO] UtilMem:75 - End SaveConfig() Used Memory: 755816096 Bytes (1073741824)
2025-12-12 15:38:27,344 [INFO] LogOutputStream:77 - [STDOUT_REDIRECT] This download action requires prior login. To proceed, please use the 'login' command with your my.st.com account email and password.
2025-12-12 15:38:27,345 [INFO] LogOutputStream:77 - [STDOUT_REDIRECT] Run 'login <email> <password> <remember_me>' for example 'login john.smith@st.com mypassword y'.
2025-12-12 15:38:27,346 [INFO] LogOutputStream:77 - [STDOUT_REDIRECT] If you do not have a my.st.com account, please visit https://st.com website to create one.
2025-12-12 15:46:21,113 [INFO] LogOutputStream:77 - [STDOUT_REDIRECT] This download action requires prior login. To proceed, please use the 'login' command with your my.st.com account email and password.
2025-12-12 15:46:21,113 [INFO] LogOutputStream:77 - [STDOUT_REDIRECT] Run 'login <email> <password> <remember_me>' for example 'login john.smith@st.com mypassword y'.
2025-12-12 15:46:21,114 [INFO] LogOutputStream:77 - [STDOUT_REDIRECT] If you do not have a my.st.com account, please visit https://st.com website to create one.
2025-12-12 16:29:29,761 [ERROR] LogOutputStream:75 - [STDERR_REDIRECT] Exception in thread "AWT-EventQueue-0" java.awt.IllegalComponentStateException: Native resources unavailable
2025-12-12 16:29:29,764 [ERROR] LogOutputStream:75 - [STDERR_REDIRECT] 	at java.desktop/sun.awt.windows.WWindowPeer.getScreenImOn(Native Method)
2025-12-12 16:29:29,765 [ERROR] LogOutputStream:75 - [STDERR_REDIRECT] 	at java.desktop/sun.awt.windows.WWindowPeer.updateGC(WWindowPeer.java:566)
2025-12-12 16:29:29,767 [ERROR] LogOutputStream:75 - [STDERR_REDIRECT] 	at java.desktop/java.awt.event.InvocationEvent.dispatch(InvocationEvent.java:318)
2025-12-12 16:29:29,768 [ERROR] LogOutputStream:75 - [STDERR_REDIRECT] 	at java.desktop/java.awt.EventQueue.dispatchEventImpl(EventQueue.java:773)
2025-12-12 16:29:29,770 [ERROR] LogOutputStream:75 - [STDERR_REDIRECT] 	at java.desktop/java.awt.EventQueue$4.run(EventQueue.java:720)
2025-12-12 16:29:29,771 [ERROR] LogOutputStream:75 - [STDERR_REDIRECT] 	at java.desktop/java.awt.EventQueue$4.run(EventQueue.java:714)
2025-12-12 16:29:29,773 [ERROR] LogOutputStream:75 - [STDERR_REDIRECT] 	at java.base/java.security.AccessController.doPrivileged(AccessController.java:400)
2025-12-12 16:29:29,774 [ERROR] LogOutputStream:75 - [STDERR_REDIRECT] 	at java.base/java.security.ProtectionDomain$JavaSecurityAccessImpl.doIntersectionPrivilege(ProtectionDomain.java:87)
2025-12-12 16:29:29,776 [ERROR] LogOutputStream:75 - [STDERR_REDIRECT] 	at java.base/java.security.ProtectionDomain$JavaSecurityAccessImpl.doIntersectionPrivilege(ProtectionDomain.java:98)
2025-12-12 16:29:29,777 [ERROR] LogOutputStream:75 - [STDERR_REDIRECT] 	at java.desktop/java.awt.EventQueue$5.run(EventQueue.java:747)
2025-12-12 16:29:29,778 [ERROR] LogOutputStream:75 - [STDERR_REDIRECT] 	at java.desktop/java.awt.EventQueue$5.run(EventQueue.java:745)
2025-12-12 16:29:29,780 [ERROR] LogOutputStream:75 - [STDERR_REDIRECT] 	at java.base/java.security.AccessController.doPrivileged(AccessController.java:400)
2025-12-12 16:29:29,781 [ERROR] LogOutputStream:75 - [STDERR_REDIRECT] 	at java.base/java.security.ProtectionDomain$JavaSecurityAccessImpl.doIntersectionPrivilege(ProtectionDomain.java:87)
2025-12-12 16:29:29,782 [ERROR] LogOutputStream:75 - [STDERR_REDIRECT] 	at java.desktop/java.awt.EventQueue.dispatchEvent(EventQueue.java:744)
2025-12-12 16:29:29,784 [ERROR] LogOutputStream:75 - [STDERR_REDIRECT] 	at java.desktop/java.awt.EventDispatchThread.pumpOneEventForFilters(EventDispatchThread.java:203)
2025-12-12 16:29:29,786 [ERROR] LogOutputStream:75 - [STDERR_REDIRECT] 	at java.desktop/java.awt.EventDispatchThread.pumpEventsForFilter(EventDispatchThread.java:124)
2025-12-12 16:29:29,788 [ERROR] LogOutputStream:75 - [STDERR_REDIRECT] 	at java.desktop/java.awt.EventDispatchThread.pumpEventsForHierarchy(EventDispatchThread.java:113)
2025-12-12 16:29:29,789 [ERROR] LogOutputStream:75 - [STDERR_REDIRECT] 	at java.desktop/java.awt.EventDispatchThread.pumpEvents(EventDispatchThread.java:109)
2025-12-12 16:29:29,791 [ERROR] LogOutputStream:75 - [STDERR_REDIRECT] 	at java.desktop/java.awt.EventDispatchThread.pumpEvents(EventDispatchThread.java:101)
2025-12-12 16:29:29,793 [ERROR] LogOutputStream:75 - [STDERR_REDIRECT] 	at java.desktop/java.awt.EventDispatchThread.run(EventDispatchThread.java:90)
2025-12-12 16:30:17,816 [INFO] MainUpdater:2872 - connection check result : 10
2025-12-12 16:30:17,816 [INFO] MainUpdater:2872 - connection check result : 10
2025-12-12 16:30:17,969 [INFO] MicroXplorer:468 - Change Database Path : 
2025-12-12 16:30:17,969 [INFO] MicroXplorer:498 - Change Database Version : DB.6.0.150
2025-12-12 16:30:18,019 [ERROR] ProjectManagerView:395 - 
java.lang.NullPointerException: Cannot invoke "javax.swing.JTextField.getText()" because the return value of "java.util.List.get(int)" is null
	at com.st.microxplorer.plugins.projectmanager.gui.ProjectChoiceTab$9.caretUpdate(ProjectChoiceTab.java:2706) ~[filemanager.jar:?]
	at javax.swing.text.JTextComponent.fireCaretUpdate(JTextComponent.java:408) ~[?:?]
	at javax.swing.text.JTextComponent$MutableCaretEvent.fire(JTextComponent.java:4484) ~[?:?]
	at javax.swing.text.JTextComponent$MutableCaretEvent.stateChanged(JTextComponent.java:4506) ~[?:?]
	at javax.swing.text.DefaultCaret.fireStateChanged(DefaultCaret.java:857) ~[?:?]
	at javax.swing.text.DefaultCaret.changeCaretPosition(DefaultCaret.java:1343) ~[?:?]
	at javax.swing.text.DefaultCaret.handleSetDot(DefaultCaret.java:1242) ~[?:?]
	at javax.swing.text.DefaultCaret.setDot(DefaultCaret.java:1223) ~[?:?]
	at javax.swing.text.DefaultCaret$Handler.insertUpdate(DefaultCaret.java:1819) ~[?:?]
	at javax.swing.text.AbstractDocument.fireInsertUpdate(AbstractDocument.java:227) ~[?:?]
	at javax.swing.text.AbstractDocument.handleInsertString(AbstractDocument.java:781) ~[?:?]
	at javax.swing.text.AbstractDocument.insertString(AbstractDocument.java:740) ~[?:?]
	at javax.swing.text.PlainDocument.insertString(PlainDocument.java:131) ~[?:?]
	at javax.swing.text.AbstractDocument.replace(AbstractDocument.java:699) ~[?:?]
	at javax.swing.text.JTextComponent.setText(JTextComponent.java:1725) ~[?:?]
	at com.st.microxplorer.plugins.projectmanager.gui.ProjectChoiceTab.createHeapStackFields(ProjectChoiceTab.java:993) ~[filemanager.jar:?]
	at com.st.microxplorer.plugins.projectmanager.gui.ProjectChoiceTab.buildLinkSettingsPanel(ProjectChoiceTab.java:3813) ~[filemanager.jar:?]
	at com.st.microxplorer.plugins.projectmanager.gui.ProjectChoiceTab.defineWindowsFields(ProjectChoiceTab.java:1987) ~[filemanager.jar:?]
	at com.st.microxplorer.plugins.projectmanager.gui.ProjectChoiceTab.updateSettings(ProjectChoiceTab.java:558) ~[filemanager.jar:?]
	at com.st.microxplorer.plugins.projectmanager.gui.ProjectSettingsPanel.UpdateDialog(ProjectSettingsPanel.java:247) ~[filemanager.jar:?]
	at com.st.microxplorer.plugins.projectmanager.ProjectManagerView.propertyChange(ProjectManagerView.java:392) ~[filemanager.jar:?]
	at java.beans.PropertyChangeSupport.fire(PropertyChangeSupport.java:343) ~[?:?]
	at java.beans.PropertyChangeSupport.firePropertyChange(PropertyChangeSupport.java:335) ~[?:?]
	at java.beans.PropertyChangeSupport.firePropertyChange(PropertyChangeSupport.java:268) ~[?:?]
	at com.st.microxplorer.util.MXPropertyChangeSupport.firePropertyChange(MXPropertyChangeSupport.java:54) ~[STM32CubeMX.jar:?]
	at com.st.microxplorer.mxsystem.MxSystem.closeConfig(MxSystem.java:899) ~[STM32CubeMX.jar:?]
	at com.st.microxplorer.maingui.MainPanel.closeConfig(MainPanel.java:792) ~[STM32CubeMX.jar:?]
	at com.st.microxplorer.plugins.filemanager.engine.OpenFileManager.loadConfigurationFile(OpenFileManager.java:288) ~[filemanager.jar:?]
	at com.st.microxplorer.plugins.filemanager.engine.MainFileManager.userLoadConfig(MainFileManager.java:364) ~[filemanager.jar:?]
	at com.st.microxplorer.plugins.filemanager.engine.MainFileManager.userLoadConfig(MainFileManager.java:342) ~[filemanager.jar:?]
	at com.st.microxplorer.plugins.filemanager.FileManagerView.getSpecificTask(FileManagerView.java:264) ~[filemanager.jar:?]
	at com.st.stm32cube.common.mx.editor.CubeMxEditor.getMxTabbedPaneInstance(CubeMxEditor.java:1198) ~[com.st.stm32cube.common.mx_6.15.0.202507011659/:?]
	at com.st.stm32cube.common.mx.editor.CubeMxEditor$12$1.createSwingComponent(CubeMxEditor.java:1068) ~[com.st.stm32cube.common.mx_6.15.0.202507011659/:?]
	at com.st.stm32cube.common.mx.oss.core.awtswtbridge.EmbeddedSwingComposite.doComponentCreation(EmbeddedSwingComposite.java:492) ~[com.st.stm32cube.common.mx.oss_6.15.0.202507011659/:?]
	at com.st.stm32cube.common.mx.oss.core.awtswtbridge.EmbeddedSwingComposite$4.run(EmbeddedSwingComposite.java:291) ~[com.st.stm32cube.common.mx.oss_6.15.0.202507011659/:?]
	at com.st.stm32cube.common.mx.oss.core.awtswtbridge.AwtEnvironment$2.run(AwtEnvironment.java:166) ~[com.st.stm32cube.common.mx.oss_6.15.0.202507011659/:?]
	at java.awt.event.InvocationEvent.dispatch(InvocationEvent.java:318) ~[?:?]
	at java.awt.EventQueue.dispatchEventImpl(EventQueue.java:773) ~[?:?]
	at java.awt.EventQueue$4.run(EventQueue.java:720) ~[?:?]
	at java.awt.EventQueue$4.run(EventQueue.java:714) ~[?:?]
	at java.security.AccessController.doPrivileged(AccessController.java:400) ~[?:?]
	at java.security.ProtectionDomain$JavaSecurityAccessImpl.doIntersectionPrivilege(ProtectionDomain.java:87) ~[?:?]
	at java.awt.EventQueue.dispatchEvent(EventQueue.java:742) ~[?:?]
	at java.awt.EventDispatchThread.pumpOneEventForFilters(EventDispatchThread.java:203) ~[?:?]
	at java.awt.EventDispatchThread.pumpEventsForFilter(EventDispatchThread.java:124) ~[?:?]
	at java.awt.EventDispatchThread.pumpEventsForHierarchy(EventDispatchThread.java:113) ~[?:?]
	at java.awt.EventDispatchThread.pumpEvents(EventDispatchThread.java:109) ~[?:?]
	at java.awt.EventDispatchThread.pumpEvents(EventDispatchThread.java:101) ~[?:?]
	at java.awt.EventDispatchThread.run(EventDispatchThread.java:90) ~[?:?]
2025-12-12 16:30:18,036 [WARN] ThirdParty:871 - waiting for thirdparty lock release [close project]
2025-12-12 16:30:18,036 [INFO] ThirdParty:873 - entering critical section [close project]
2025-12-12 16:30:18,036 [INFO] ThirdParty:883 - exiting critical section [close project]
2025-12-12 16:30:18,036 [INFO] PinOutPanel:1589 - setPackage(No Configuration,No Configuration)
2025-12-12 16:30:18,053 [INFO] UtilMem:75 - Begin LoadConfig() Used Memory: 665900328 Bytes (1073741824)
2025-12-12 16:30:18,053 [INFO] MicroXplorer:468 - Change Database Path : 
2025-12-12 16:30:18,053 [INFO] MicroXplorer:498 - Change Database Version : DB.6.0.150
2025-12-12 16:30:18,053 [INFO] OpenFileManager:355 - Change cursor
2025-12-12 16:30:18,086 [INFO] RulesReader:64 - Compatibility file has been processed (317 Rules)
2025-12-12 16:30:18,097 [INFO] Mcu:2029 - Initializing MCU STM32L412RBTxP STM32L412RBTxP STM32L412RBT6P
2025-12-12 16:30:19,100 [INFO] Context:786 - Trying to add GPIOservice into a context  which must be forbidden
2025-12-12 16:30:19,450 [INFO] ImportTextPane:234 - (OptionalMessage_ERROR) Pin18 (VP_RIF_VS_RIF1) cannot be retrieved for this MCU
2025-12-12 16:30:19,631 [INFO] RtosManager:558 - Registered RTOS mode: class=CMSIS, group=RTOS, mode=CMSIS_V1, owner=FREERTOS
2025-12-12 16:30:19,632 [INFO] RtosManager:558 - Registered RTOS mode: class=CMSIS, group=RTOS2, mode=CMSIS_V2, owner=FREERTOS
2025-12-12 16:30:19,632 [INFO] RtosManager:558 - Registered RTOS mode: class=RTOS, group=Core, mode=CMSIS_V1, owner=FREERTOS
2025-12-12 16:30:19,632 [INFO] RtosManager:558 - Registered RTOS mode: class=RTOS, group=Core, mode=CMSIS_V2, owner=FREERTOS
2025-12-12 16:30:19,632 [WARN] ModelIntegratedComponent:184 - Missing modes for component STMicroelectronics:FreeRTOS:0.0.1:STMicroelectronics:RTOS:FreeRTOS:Core:::10.2.0:
2025-12-12 16:30:19,637 [WARN] ModelIntegratedComponent:63 - No mode defined for component null
2025-12-12 16:30:19,637 [WARN] ModelIntegratedComponent:63 - No mode defined for component null
2025-12-12 16:30:19,638 [WARN] ModelIntegratedComponent:63 - No mode defined for component null
2025-12-12 16:30:19,638 [WARN] ModelIntegratedComponent:63 - No mode defined for component null
2025-12-12 16:30:19,638 [WARN] ModelIntegratedComponent:63 - No mode defined for component null
2025-12-12 16:30:19,638 [WARN] ModelIntegratedComponent:63 - No mode defined for component null
2025-12-12 16:30:19,638 [WARN] ModelIntegratedComponent:63 - No mode defined for component null
2025-12-12 16:30:19,638 [WARN] ModelIntegratedComponent:63 - No mode defined for component null
2025-12-12 16:30:19,638 [WARN] ModelIntegratedComponent:63 - No mode defined for component null
2025-12-12 16:30:19,638 [WARN] ModelIntegratedComponent:63 - No mode defined for component null
2025-12-12 16:30:19,638 [WARN] ModelIntegratedComponent:63 - No mode defined for component null
2025-12-12 16:30:19,638 [WARN] ModelIntegratedComponent:63 - No mode defined for component null
2025-12-12 16:30:19,638 [WARN] ModelIntegratedComponent:63 - No mode defined for component null
2025-12-12 16:30:19,638 [WARN] ModelIntegratedComponent:63 - No mode defined for component null
2025-12-12 16:30:19,638 [WARN] ModelIntegratedComponent:63 - No mode defined for component null
2025-12-12 16:30:19,638 [WARN] ModelIntegratedComponent:63 - No mode defined for component null
2025-12-12 16:30:19,638 [WARN] ModelIntegratedComponent:63 - No mode defined for component null
2025-12-12 16:30:19,638 [WARN] ModelIntegratedComponent:63 - No mode defined for component null
2025-12-12 16:30:19,638 [WARN] ModelIntegratedComponent:63 - No mode defined for component null
2025-12-12 16:30:19,638 [WARN] ModelIntegratedComponent:63 - No mode defined for component null
2025-12-12 16:30:19,639 [WARN] ModelIntegratedComponent:63 - No mode defined for component null
2025-12-12 16:30:19,639 [WARN] ModelIntegratedComponent:63 - No mode defined for component null
2025-12-12 16:30:19,639 [WARN] ModelIntegratedComponent:63 - No mode defined for component null
2025-12-12 16:30:19,639 [WARN] ModelIntegratedComponent:63 - No mode defined for component null
2025-12-12 16:30:19,639 [WARN] ModelIntegratedComponent:63 - No mode defined for component null
2025-12-12 16:30:19,639 [WARN] ModelIntegratedComponent:63 - No mode defined for component null
2025-12-12 16:30:19,639 [WARN] ModelIntegratedComponent:63 - No mode defined for component null
2025-12-12 16:30:19,639 [WARN] ModelIntegratedComponent:63 - No mode defined for component null
2025-12-12 16:30:19,639 [WARN] ModelIntegratedComponent:63 - No mode defined for component null
2025-12-12 16:30:19,639 [WARN] ModelIntegratedComponent:63 - No mode defined for component null
2025-12-12 16:30:19,639 [WARN] ModelIntegratedComponent:63 - No mode defined for component null
2025-12-12 16:30:19,639 [WARN] ModelIntegratedComponent:63 - No mode defined for component null
2025-12-12 16:30:19,639 [WARN] ModelIntegratedComponent:63 - No mode defined for component null
2025-12-12 16:30:19,639 [WARN] ModelIntegratedComponent:63 - No mode defined for component null
2025-12-12 16:30:19,639 [WARN] ModelIntegratedComponent:63 - No mode defined for component null
2025-12-12 16:30:19,640 [WARN] ModelPack:524 - Component already loaded: STMicroelectronics:HAL Drivers:0.0.0:STMicroelectronics:Device:STMicro_Driver:XSPI:HAL::0.0.1:HAL_XSPI
2025-12-12 16:30:19,660 [INFO] ThirdPartyModel:298 - Start build external matchings
2025-12-12 16:30:19,829 [INFO] ThirdPartyModel:316 - End build external matchings
2025-12-12 16:30:19,838 [INFO] ImportTextPane:234 - (OptionalMessage_ERROR) IP (RCC) : Invalid parameter (FamilyName)
2025-12-12 16:30:19,839 [INFO] ImportTextPane:234 - (OptionalMessage_ERROR) IP (RCC) : Parameter (USBFreq_Value) has invalid value (4000000)
2025-12-12 16:30:20,093 [INFO] UtilMem:75 - End LoadConfig() Used Memory: 917067040 Bytes (1073741824)
2025-12-12 16:30:20,190 [WARN] ThirdParty:833 - waiting for thirdparty lock release [change project]
2025-12-12 16:30:20,190 [INFO] ThirdParty:835 - entering critical section [change project]
2025-12-12 16:30:20,190 [INFO] ThirdParty:1030 - CMSIS Pack Vendor :STMicroelectronics X-CUBE-PM33A1 1.0.0
2025-12-12 16:30:20,190 [INFO] ThirdParty:1030 - CMSIS Pack Vendor :STMicroelectronics USBPD 4.1
2025-12-12 16:30:20,192 [INFO] ThirdParty:1030 - CMSIS Pack Vendor :STMicroelectronics X-CUBE-NFC9 1.0.0
2025-12-12 16:30:20,192 [INFO] ThirdParty:1030 - CMSIS Pack Vendor :STMicroelectronics USB_HOST 2.0.0
2025-12-12 16:30:20,192 [INFO] ThirdParty:1030 - CMSIS Pack Vendor :STMicroelectronics FP-SNS-MOTENVWB1 1.4.0
2025-12-12 16:30:20,192 [INFO] ThirdParty:1030 - CMSIS Pack Vendor :STMicroelectronics X-CUBE-AZRTOS-F4 1.1.0
2025-12-12 16:30:20,192 [INFO] ThirdParty:1030 - CMSIS Pack Vendor :STMicroelectronics LIBJPEG 8.0.0
2025-12-12 16:30:20,192 [INFO] ThirdParty:1030 - CMSIS Pack Vendor :STMicroelectronics FP-ATR-ASTRA1 2.0.2
2025-12-12 16:30:20,192 [INFO] ThirdParty:1030 - CMSIS Pack Vendor :STMicroelectronics X-CUBE-BLE1 7.1.0
2025-12-12 16:30:20,192 [INFO] ThirdParty:1030 - CMSIS Pack Vendor :STMicroelectronics X-CUBE-SMBUS 2.1.0
2025-12-12 16:30:20,192 [INFO] ThirdParty:1030 - CMSIS Pack Vendor :wolfSSL I-CUBE-wolfMQTT 1.19.2
2025-12-12 16:30:20,192 [INFO] ThirdParty:1030 - CMSIS Pack Vendor :STMicroelectronics USB_DEVICE 3.0.0
2025-12-12 16:30:20,192 [INFO] ThirdParty:1030 - CMSIS Pack Vendor :STMicroelectronics X-CUBE-ISPU 2.1.0
2025-12-12 16:30:20,192 [INFO] ThirdParty:1030 - CMSIS Pack Vendor :STMicroelectronics X-CUBE-FREERTOS 1.4.0
2025-12-12 16:30:20,192 [INFO] ThirdParty:1030 - CMSIS Pack Vendor :STMicroelectronics X-CUBE-EEPRMA1 5.2.0
2025-12-12 16:30:20,192 [INFO] ThirdParty:1030 - CMSIS Pack Vendor :STMicroelectronics X-CUBE-IPS 3.2.0
2025-12-12 16:30:20,192 [INFO] ThirdParty:1030 - CMSIS Pack Vendor :STMicroelectronics X-CUBE-BLEMGR 4.1.0
2025-12-12 16:30:20,192 [INFO] ThirdParty:1030 - CMSIS Pack Vendor :STMicroelectronics X-CUBE-AZRTOS-WB 2.0.0
2025-12-12 16:30:20,193 [INFO] ThirdParty:1030 - CMSIS Pack Vendor :wolfSSL I-CUBE-wolfSSL 5.8.4
2025-12-12 16:30:20,193 [INFO] ThirdParty:1030 - CMSIS Pack Vendor :Cesanta I-CUBE-Mongoose 7.20.0
2025-12-12 16:30:20,193 [INFO] ThirdParty:1030 - CMSIS Pack Vendor :STMicroelectronics X-CUBE-NFC12 1.0.0
2025-12-12 16:30:20,193 [INFO] ThirdParty:1030 - CMSIS Pack Vendor :STMicroelectronics X-CUBE-AZRTOS-F7 1.1.0
2025-12-12 16:30:20,193 [INFO] ThirdParty:1030 - CMSIS Pack Vendor :STMicroelectronics X-CUBE-AZRTOS-L5 2.0.0
2025-12-12 16:30:20,193 [INFO] ThirdParty:1030 - CMSIS Pack Vendor :STMicroelectronics USB_DEVICE 2.0.0
2025-12-12 16:30:20,193 [INFO] ThirdParty:1030 - CMSIS Pack Vendor :STMicroelectronics X-CUBE-NFC6 3.1.0
2025-12-12 16:30:20,193 [INFO] ThirdParty:1030 - CMSIS Pack Vendor :STMicroelectronics X-CUBE-ST67W61 1.1.0
2025-12-12 16:30:20,193 [INFO] ThirdParty:1030 - CMSIS Pack Vendor :quantropi X-CUBE-qispace-sdk-base 2.1.0
2025-12-12 16:30:20,193 [INFO] ThirdParty:1030 - CMSIS Pack Vendor :STMicroelectronics X-CUBE-MEMS1 12.0.0
2025-12-12 16:30:20,193 [INFO] ThirdParty:1030 - CMSIS Pack Vendor :STMicroelectronics FP-SNS-MOTENV1 5.1.0
2025-12-12 16:30:20,193 [INFO] ThirdParty:1030 - CMSIS Pack Vendor :STMicroelectronics FreeRTOS 0.0.1
2025-12-12 16:30:20,193 [INFO] ThirdParty:1030 - CMSIS Pack Vendor :STMicroelectronics X-CUBE-AZRTOS-G0 1.1.0
2025-12-12 16:30:20,193 [INFO] ThirdParty:1030 - CMSIS Pack Vendor :STMicroelectronics X-CUBE-NFC4 3.0.0
2025-12-12 16:30:20,193 [INFO] ThirdParty:1030 - CMSIS Pack Vendor :STMicroelectronics X-CUBE-SUBG2 5.0.0
2025-12-12 16:30:20,193 [INFO] ThirdParty:1030 - CMSIS Pack Vendor :STMicroelectronics STM32_WPAN 1.0.0
2025-12-12 16:30:20,193 [INFO] ThirdParty:1030 - CMSIS Pack Vendor :EmbeddedOffice I-CUBE-FS-RTOS 1.0.1
2025-12-12 16:30:20,193 [INFO] ThirdParty:1030 - CMSIS Pack Vendor :STMicroelectronics lwIP 2.0.3
2025-12-12 16:30:20,193 [INFO] ThirdParty:1030 - CMSIS Pack Vendor :WES I-CUBE-Cesium 1.4.0
2025-12-12 16:30:20,193 [INFO] ThirdParty:1030 - CMSIS Pack Vendor :STMicroelectronics USB_HOST 1.0.0
2025-12-12 16:30:20,193 [INFO] ThirdParty:1030 - CMSIS Pack Vendor :STMicroelectronics X-CUBE-AZRTOS-G4 2.0.0
2025-12-12 16:30:20,193 [INFO] ThirdParty:1030 - CMSIS Pack Vendor :STMicroelectronics X-CUBE-WB05N 2.0.0
2025-12-12 16:30:20,193 [INFO] ThirdParty:1030 - CMSIS Pack Vendor :STMicroelectronics PDM2PCM 3.1.0
2025-12-12 16:30:20,193 [INFO] ThirdParty:1030 - CMSIS Pack Vendor :STMicroelectronics PDM2PCM 3.3.0
2025-12-12 16:30:20,193 [INFO] ThirdParty:1030 - CMSIS Pack Vendor :wolfSSL I-CUBE-wolfTPM 3.8.0
2025-12-12 16:30:20,193 [INFO] ThirdParty:1030 - CMSIS Pack Vendor :STMicroelectronics X-CUBE-AZRTOS-H7 3.4.0
2025-12-12 16:30:20,193 [INFO] ThirdParty:1030 - CMSIS Pack Vendor :STMicroelectronics X-CUBE-DISPLAY 3.0.0
2025-12-12 16:30:20,193 [INFO] ThirdParty:1030 - CMSIS Pack Vendor :wolfSSL I-CUBE-wolfSSH 1.4.20
2025-12-12 16:30:20,193 [INFO] ThirdParty:1030 - CMSIS Pack Vendor :STMicroelectronics X-CUBE-NFC7 2.0.0
2025-12-12 16:30:20,193 [INFO] ThirdParty:1030 - CMSIS Pack Vendor :STMicroelectronics X-CUBE-TCPP 4.2.0
2025-12-12 16:30:20,193 [INFO] ThirdParty:1030 - CMSIS Pack Vendor :RealThread X-CUBE-RT-Thread_Nano 4.1.1
2025-12-12 16:30:20,193 [INFO] ThirdParty:1030 - CMSIS Pack Vendor :STMicroelectronics FP-ATR-SIGFOX1 3.2.0
2025-12-12 16:30:20,193 [INFO] ThirdParty:1030 - CMSIS Pack Vendor :STMicroelectronics X-CUBE-NFC10 1.0.0
2025-12-12 16:30:20,193 [INFO] ThirdParty:1030 - CMSIS Pack Vendor :STMicroelectronics HAL Drivers 0.0.0
2025-12-12 16:30:20,193 [INFO] ThirdParty:1030 - CMSIS Pack Vendor :STMicroelectronics MBEDTLS 2.16.2
2025-12-12 16:30:20,193 [INFO] ThirdParty:1030 - CMSIS Pack Vendor :STMicroelectronics X-CUBE-ST60 1.1.0
2025-12-12 16:30:20,194 [INFO] ThirdParty:1030 - CMSIS Pack Vendor :STMicroelectronics X-CUBE-ALS 1.0.2
2025-12-12 16:30:20,194 [INFO] ThirdParty:1030 - CMSIS Pack Vendor :emotas I-CUBE-CANOPEN 1.3.0
2025-12-12 16:30:20,194 [INFO] ThirdParty:1030 - CMSIS Pack Vendor :STMicroelectronics MBEDTLS 2.14.1
2025-12-12 16:30:20,194 [INFO] ThirdParty:1030 - CMSIS Pack Vendor :STMicroelectronics X-CUBE-GNSS1 7.1.0
2025-12-12 16:30:20,194 [INFO] ThirdParty:1030 - CMSIS Pack Vendor :ITTIA_DB I-CUBE-ITTIADB 8.9.0
2025-12-12 16:30:20,194 [INFO] ThirdParty:1030 - CMSIS Pack Vendor :STMicroelectronics X-CUBE-TOUCHGFX 4.26.0
2025-12-12 16:30:20,195 [INFO] ThirdParty:1030 - CMSIS Pack Vendor :STMicroelectronics X-CUBE-STSE01 1.0.0
2025-12-12 16:30:20,195 [INFO] ThirdParty:1030 - CMSIS Pack Vendor :STMicroelectronics FP-SNS-STBOX1 2.1.0
2025-12-12 16:30:20,195 [INFO] ThirdParty:1030 - CMSIS Pack Vendor :STMicroelectronics X-CUBE-AI 10.2.0
2025-12-12 16:30:20,195 [INFO] ThirdParty:1030 - CMSIS Pack Vendor :STMicroelectronics FP-SNS-STAIOTCFT 1.0.0
2025-12-12 16:30:20,195 [INFO] ThirdParty:1030 - CMSIS Pack Vendor :STMicroelectronics ThreadX 1.0.0
2025-12-12 16:30:20,195 [INFO] ThirdParty:1030 - CMSIS Pack Vendor :STMicroelectronics FP-SNS-SMARTAG2 1.2.0
2025-12-12 16:30:20,195 [INFO] ThirdParty:1030 - CMSIS Pack Vendor :STMicroelectronics FP-SNS-FLIGHT1 5.1.0
2025-12-12 16:30:20,196 [INFO] ThirdParty:1030 - CMSIS Pack Vendor :STMicroelectronics X-CUBE-AZRTOS-WL 2.0.0
2025-12-12 16:30:20,196 [INFO] ThirdParty:1030 - CMSIS Pack Vendor :SEGGER I-CUBE-embOS 1.3.1
2025-12-12 16:30:20,196 [INFO] ThirdParty:1030 - CMSIS Pack Vendor :STMicroelectronics X-CUBE-ALGOBUILD 1.4.0
2025-12-12 16:30:20,196 [INFO] ThirdParty:1030 - CMSIS Pack Vendor :STMicroelectronics X-CUBE-DPower 1.3.0
2025-12-12 16:30:20,196 [INFO] ThirdParty:1030 - CMSIS Pack Vendor :STMicroelectronics USB_DEVICE 1.0.0
2025-12-12 16:30:20,196 [INFO] ThirdParty:1030 - CMSIS Pack Vendor :STMicroelectronics X-CUBE-AZRTOS-H7RS 1.2.0
2025-12-12 16:30:20,196 [INFO] ThirdParty:1030 - CMSIS Pack Vendor :STMicroelectronics X-CUBE-AZRTOS-L4 2.0.0
2025-12-12 16:30:20,196 [INFO] ThirdParty:1030 - CMSIS Pack Vendor :STMicroelectronics ThreadX 0.0.2
2025-12-12 16:30:20,196 [INFO] ThirdParty:1030 - CMSIS Pack Vendor :STMicroelectronics lwIP 2.1.2
2025-12-12 16:30:20,196 [INFO] ThirdParty:1030 - CMSIS Pack Vendor :STMicroelectronics X-CUBE-SFXS2LP1 4.0.0
2025-12-12 16:30:20,196 [INFO] ThirdParty:1030 - CMSIS Pack Vendor :STMicroelectronics X-CUBE-BLE2 3.3.0
2025-12-12 16:30:20,196 [INFO] ThirdParty:1030 - CMSIS Pack Vendor :Avnet-IOTCONNECT X-CUBE-iotc-st67-sdk 1.0.0
2025-12-12 16:30:20,196 [INFO] ThirdParty:1030 - CMSIS Pack Vendor :STMicroelectronics X-CUBE-TOF1 3.4.3
2025-12-12 16:30:20,196 [INFO] ThirdParty:1030 - CMSIS Pack Vendor :Infineon AIROC-Wi-Fi-Bluetooth-STM32 1.8.0
2025-12-12 16:30:20,197 [INFO] ThirdParty:1030 - CMSIS Pack Vendor :STMicroelectronics PDM2PCM 3.2.0
2025-12-12 16:30:20,197 [INFO] ThirdParty:841 - exiting critical section [change project]
2025-12-12 16:30:20,358 [INFO] PinOutPanel:1589 - setPackage(No Configuration,No Configuration)
2025-12-12 16:30:20,359 [INFO] PinOutPanel:1589 - setPackage(STM32L412RBTxP,LQFP64)
2025-12-12 16:30:20,734 [INFO] UtilMem:75 - Before build in PCC Used Memory: 674678880 Bytes (1073741824)
2025-12-12 16:30:21,069 [INFO] UtilMem:75 - After build in PCC Used Memory: 771154032 Bytes (1073741824)
2025-12-12 16:30:21,103 [INFO] IPUIPlugin:80 - create IPUIPlugin
2025-12-12 16:30:21,103 [INFO] IPUIPlugin:80 - create IPUIPlugin
2025-12-12 16:30:21,103 [INFO] IPUIPlugin:80 - create IPUIPlugin
2025-12-12 16:30:21,103 [INFO] IPUIPlugin:80 - create IPUIPlugin
2025-12-12 16:30:21,103 [INFO] IPUIPlugin:80 - create IPUIPlugin
2025-12-12 16:30:21,103 [INFO] IPUIPlugin:80 - create IPUIPlugin
2025-12-12 16:30:21,103 [INFO] IPUIPlugin:80 - create IPUIPlugin
2025-12-12 16:30:21,103 [INFO] IPUIPlugin:80 - create IPUIPlugin
2025-12-12 16:30:21,103 [INFO] IPUIPlugin:80 - create IPUIPlugin
2025-12-12 16:30:21,103 [INFO] IPUIPlugin:80 - create IPUIPlugin
2025-12-12 16:30:21,103 [INFO] IPUIPlugin:80 - create IPUIPlugin
2025-12-12 16:30:21,103 [INFO] IPUIPlugin:80 - create IPUIPlugin
2025-12-12 16:30:21,103 [INFO] IPUIPlugin:80 - create IPUIPlugin
2025-12-12 16:30:21,103 [INFO] IPUIPlugin:80 - create IPUIPlugin
2025-12-12 16:30:21,103 [INFO] IPUIPlugin:80 - create IPUIPlugin
2025-12-12 16:30:21,103 [INFO] IPUIPlugin:80 - create IPUIPlugin
2025-12-12 16:30:21,103 [INFO] IPUIPlugin:80 - create IPUIPlugin
2025-12-12 16:30:21,103 [INFO] IPUIPlugin:80 - create IPUIPlugin
2025-12-12 16:30:21,103 [INFO] IPUIPlugin:80 - create IPUIPlugin
2025-12-12 16:30:21,103 [INFO] IPUIPlugin:80 - create IPUIPlugin
2025-12-12 16:30:21,103 [INFO] IPUIPlugin:80 - create IPUIPlugin
2025-12-12 16:30:21,103 [INFO] IPUIPlugin:80 - create IPUIPlugin
2025-12-12 16:30:21,103 [INFO] IPUIPlugin:80 - create IPUIPlugin
2025-12-12 16:30:21,103 [INFO] IPUIPlugin:80 - create IPUIPlugin
2025-12-12 16:30:21,103 [INFO] IPUIPlugin:80 - create IPUIPlugin
2025-12-12 16:30:21,103 [INFO] IPUIPlugin:80 - create IPUIPlugin
2025-12-12 16:30:21,103 [INFO] IPUIPlugin:80 - create IPUIPlugin
2025-12-12 16:30:21,103 [INFO] IPUIPlugin:80 - create IPUIPlugin
2025-12-12 16:30:21,103 [INFO] IPUIPlugin:80 - create IPUIPlugin
2025-12-12 16:30:21,103 [INFO] IPUIPlugin:80 - create IPUIPlugin
2025-12-12 16:30:21,103 [INFO] IPUIPlugin:80 - create IPUIPlugin
2025-12-12 16:30:21,103 [INFO] IPUIPlugin:80 - create IPUIPlugin
2025-12-12 16:30:21,103 [INFO] IPUIPlugin:80 - create IPUIPlugin
2025-12-12 16:30:21,103 [INFO] IPUIPlugin:80 - create IPUIPlugin
2025-12-12 16:30:21,103 [INFO] IPUIPlugin:80 - create IPUIPlugin
2025-12-12 16:30:21,103 [INFO] IPUIPlugin:80 - create IPUIPlugin
2025-12-12 16:30:21,103 [INFO] IPUIPlugin:80 - create IPUIPlugin
2025-12-12 16:30:21,103 [INFO] IPUIPlugin:80 - create IPUIPlugin
2025-12-12 16:30:21,136 [INFO] CADModel:165 - CPN selected for project levelSTM32L412RBT6P
2025-12-12 16:30:21,136 [INFO] CADModel:114 - Register for checkConnection events
2025-12-12 16:30:21,203 [INFO] OpenFileManager:386 - Restore cursor
2025-12-12 16:33:54,609 [ERROR] LogOutputStream:75 - [STDERR_REDIRECT] Exception in thread "AWT-EventQueue-0" java.awt.IllegalComponentStateException: Native resources unavailable
2025-12-12 16:33:54,610 [ERROR] LogOutputStream:75 - [STDERR_REDIRECT] 	at java.desktop/sun.awt.windows.WWindowPeer.getScreenImOn(Native Method)
2025-12-12 16:33:54,610 [ERROR] LogOutputStream:75 - [STDERR_REDIRECT] 	at java.desktop/sun.awt.windows.WWindowPeer.updateGC(WWindowPeer.java:566)
2025-12-12 16:33:54,611 [ERROR] LogOutputStream:75 - [STDERR_REDIRECT] 	at java.desktop/java.awt.event.InvocationEvent.dispatch(InvocationEvent.java:318)
2025-12-12 16:33:54,611 [ERROR] LogOutputStream:75 - [STDERR_REDIRECT] 	at java.desktop/java.awt.EventQueue.dispatchEventImpl(EventQueue.java:773)
2025-12-12 16:33:54,612 [ERROR] LogOutputStream:75 - [STDERR_REDIRECT] 	at java.desktop/java.awt.EventQueue$4.run(EventQueue.java:720)
2025-12-12 16:33:54,612 [ERROR] LogOutputStream:75 - [STDERR_REDIRECT] 	at java.desktop/java.awt.EventQueue$4.run(EventQueue.java:714)
2025-12-12 16:33:54,613 [ERROR] LogOutputStream:75 - [STDERR_REDIRECT] 	at java.base/java.security.AccessController.doPrivileged(AccessController.java:400)
2025-12-12 16:33:54,613 [ERROR] LogOutputStream:75 - [STDERR_REDIRECT] 	at java.base/java.security.ProtectionDomain$JavaSecurityAccessImpl.doIntersectionPrivilege(ProtectionDomain.java:87)
2025-12-12 16:33:54,614 [ERROR] LogOutputStream:75 - [STDERR_REDIRECT] 	at java.base/java.security.ProtectionDomain$JavaSecurityAccessImpl.doIntersectionPrivilege(ProtectionDomain.java:98)
2025-12-12 16:33:54,614 [ERROR] LogOutputStream:75 - [STDERR_REDIRECT] 	at java.desktop/java.awt.EventQueue$5.run(EventQueue.java:747)
2025-12-12 16:33:54,615 [ERROR] LogOutputStream:75 - [STDERR_REDIRECT] 	at java.desktop/java.awt.EventQueue$5.run(EventQueue.java:745)
2025-12-12 16:33:54,615 [ERROR] LogOutputStream:75 - [STDERR_REDIRECT] 	at java.base/java.security.AccessController.doPrivileged(AccessController.java:400)
2025-12-12 16:33:54,616 [ERROR] LogOutputStream:75 - [STDERR_REDIRECT] 	at java.base/java.security.ProtectionDomain$JavaSecurityAccessImpl.doIntersectionPrivilege(ProtectionDomain.java:87)
2025-12-12 16:33:54,616 [ERROR] LogOutputStream:75 - [STDERR_REDIRECT] 	at java.desktop/java.awt.EventQueue.dispatchEvent(EventQueue.java:744)
2025-12-12 16:33:54,617 [ERROR] LogOutputStream:75 - [STDERR_REDIRECT] 	at java.desktop/java.awt.EventDispatchThread.pumpOneEventForFilters(EventDispatchThread.java:203)
2025-12-12 16:33:54,619 [ERROR] LogOutputStream:75 - [STDERR_REDIRECT] 	at java.desktop/java.awt.EventDispatchThread.pumpEventsForFilter(EventDispatchThread.java:124)
2025-12-12 16:33:54,619 [ERROR] LogOutputStream:75 - [STDERR_REDIRECT] 	at java.desktop/java.awt.EventDispatchThread.pumpEventsForHierarchy(EventDispatchThread.java:113)
2025-12-12 16:33:54,620 [ERROR] LogOutputStream:75 - [STDERR_REDIRECT] 	at java.desktop/java.awt.EventDispatchThread.pumpEvents(EventDispatchThread.java:109)
2025-12-12 16:33:54,621 [ERROR] LogOutputStream:75 - [STDERR_REDIRECT] 	at java.desktop/java.awt.EventDispatchThread.pumpEvents(EventDispatchThread.java:101)
2025-12-12 16:33:54,621 [ERROR] LogOutputStream:75 - [STDERR_REDIRECT] 	at java.desktop/java.awt.EventDispatchThread.run(EventDispatchThread.java:90)
2025-12-12 16:48:57,124 [INFO] MainUpdater:2872 - connection check result : 10
2025-12-12 16:48:57,125 [INFO] McuFinderGlobals:76 - Set McuFinderConnectedMode to true
2025-12-12 16:48:57,330 [INFO] ServerAccessManage:452 - Complete download http(s) 200
2025-12-12 16:48:57,334 [INFO] ServerAccessManage:509 - Download File mcusAds.json._tmp_
2025-12-12 16:48:57,452 [INFO] LoadUrlFilesThread:156 - End of LoadUrlFiles Thread
2025-12-12 16:48:58,167 [INFO] ServerAccessManage:452 - Complete download http(s) 200
2025-12-12 16:48:58,168 [INFO] ServerAccessManage:509 - Download File cube-finder-db.zip
2025-12-12 16:49:04,163 [INFO] FileExtend:248 - Unzip File : cube-finder-db.zip
2025-12-12 16:49:04,163 [INFO] FileExtend:263 - Standard Zip Deflate
2025-12-12 16:49:04,832 [INFO] LoadUrlFilesThread:156 - End of LoadUrlFiles Thread
2025-12-12 16:49:06,063 [INFO] ServerAccessManage:452 - Complete download http(s) 200
2025-12-12 16:49:06,063 [INFO] ServerAccessManage:509 - Download File crdb.zip
2025-12-12 16:49:07,619 [INFO] FileExtend:248 - Unzip File : crdb.zip
2025-12-12 16:49:07,620 [INFO] FileExtend:263 - Standard Zip Deflate
2025-12-12 16:49:07,748 [INFO] LoadUrlFilesThread:156 - End of LoadUrlFiles Thread
2025-12-12 16:49:08,006 [INFO] ServerAccessManage:452 - Complete download http(s) 200
2025-12-12 16:49:08,007 [INFO] ServerAccessManage:509 - Download File tutoVideoDB.zip
2025-12-12 16:49:08,042 [INFO] FileExtend:248 - Unzip File : tutoVideoDB.zip
2025-12-12 16:49:08,043 [INFO] FileExtend:263 - Standard Zip Deflate
2025-12-12 16:49:08,163 [INFO] LoadUrlFilesThread:156 - End of LoadUrlFiles Thread
2025-12-12 16:49:08,166 [WARN] DbFile:41 - Overriding database path with different value: C:\Users\CAMMSYS\.stmcufinder\plugins\mcufinder/ => C:\Users\CAMMSYS\.stmcufinder\plugins\mcufinder
2025-12-12 16:49:08,421 [INFO] ServerAccessManage:452 - Complete download http(s) 200
2025-12-12 16:49:08,421 [INFO] ServerAccessManage:509 - Download File api_config.json
2025-12-12 16:49:08,538 [INFO] LoadUrlFilesThread:156 - End of LoadUrlFiles Thread
2025-12-12 16:49:08,539 [INFO] DbMcusAds:53 - JSON generation date=Mon Dec 08 23:28:10 KST 2025 (1765204090002)
2025-12-12 16:49:08,545 [INFO] ApiDb:448 - Save user favorites file C:\Users\CAMMSYS/.stm32cubeide/favorites.mcus.txt: 0 item(s)
2025-12-12 16:49:08,545 [INFO] ApiDb:452 - User favorites MCUs=[]
2025-12-12 16:49:08,548 [INFO] ApiDb:581 - Connected to CubeFinder SQLite database (C:\Users\CAMMSYS\.stmcufinder\plugins\mcufinder\mcu\cube-finder-db.db)
2025-12-12 16:49:08,597 [INFO] ApiDb:668 - CubeFinder database Data Model version=2.1
2025-12-12 16:49:08,597 [INFO] ApiDb:669 - CubeFinder database Configuration version=3.0.39
2025-12-12 16:49:08,597 [INFO] ApiDb:670 - CubeFinder database generation date=2025-11-05 (1762334721)
2025-12-12 16:49:08,597 [INFO] ApiDb:671 - CubeFinder database FW Pack versions=[FP-ATR-ASTRA1_V2.0.0, FP-SNS-FLIGHT1_V5.1.0, FP-SNS-MOTENV1_V5.1.0, FP-SNS-MOTENVWB1_V1.4.0, FP-SNS-SMARTAG2_V1.2.0, FP-SNS-STBOX1_V2.1.0, STM32Cube_FW_C0_V1.4.0, STM32Cube_FW_F4_V1.28.3, STM32Cube_FW_F7_V1.17.4, STM32Cube_FW_G0_V1.6.2, STM32Cube_FW_G4_V1.6.1, STM32Cube_FW_H5_V1.5.1, STM32Cube_FW_H7RS_V1.3.0, STM32Cube_FW_H7_V1.12.1, STM32Cube_FW_L0_V1.12.2, STM32Cube_FW_L4_V1.18.1, STM32Cube_FW_L5_V1.6.0, STM32Cube_FW_N6_V1.3.0, STM32Cube_FW_U0_V1.3.0, STM32Cube_FW_U3_V1.2.1, STM32Cube_FW_U5_V1.8.0, STM32Cube_FW_WB0_V1.4.0, STM32Cube_FW_WBA_V1.8.0, STM32Cube_FW_WB_V1.24.0, STM32Cube_FW_WL3_V1.3.0, STM32Cube_FW_WL_V1.4.0, X-CUBE-ALGOBUILD_V1.4.0, X-CUBE-ALS_V1.0.2, X-CUBE-AZRTOS-F4_V1.1.0, X-CUBE-AZRTOS-F7_V1.1.0, X-CUBE-AZRTOS-G0_V1.1.0, X-CUBE-AZRTOS-G4_V2.0.0, X-CUBE-AZRTOS-H7RS_V1.1.0, X-CUBE-AZRTOS-H7_V3.4.0, X-CUBE-AZRTOS-L4_V2.0.0, X-CUBE-AZRTOS-L5_V2.0.0, X-CUBE-AZRTOS-WB_V2.0.0, X-CUBE-AZRTOS-WL_V2.0.0, X-CUBE-BLE1_V7.1.0, X-CUBE-BLE2_V3.3.0, X-CUBE-BLEMGR_V4.1.0, X-CUBE-EEPRMA1_V5.2.0, X-CUBE-FREERTOS_V1.3.1, X-CUBE-GNSS1_V6.0.0, X-CUBE-MEMS1_V11.3.0, X-CUBE-NFC4_V3.0.0, X-CUBE-NFC7_V2.0.0, X-CUBE-SFXS2LP1_V4.0.0, X-CUBE-ST67W61_V1.1.0, X-CUBE-SUBG2_V5.0.0, X-CUBE-TOF1_V3.4.3]
2025-12-12 16:49:09,830 [INFO] ApiDb:240 - Found 880 in-development CPN: [B-G473E-ZEST1S, B-WB1M-WPAN1, B-WBA5M-WPAN, B-WL5M-SUBG1, NUCLEO-C031C6, NUCLEO-C051C8, NUCLEO-C071RB, NUCLEO-C092RC, NUCLEO-H503RB, NUCLEO-H533RE, NUCLEO-H563ZI, NUCLEO-H7S3L8, NUCLEO-N657X0-Q, NUCLEO-U031R8, NUCLEO-U083RC, NUCLEO-U385RG-Q, NUCLEO-U545RE-Q, NUCLEO-U5A5ZJ-Q, NUCLEO-WB05KZ, NUCLEO-WB07CC, NUCLEO-WB09KE, NUCLEO-WBA52CG, NUCLEO-WBA55CG, NUCLEO-WL33CC1, NUCLEO-WL33CC2, STEVAL-PROTEUS1, STEVAL-SMARTAG2, STEVAL-STWINBX1, STM320518-EVAL, STM32C0116-DK, STM32C011D6Y3TR, STM32C011D6Y6TR, STM32C011F4P3, STM32C011F4P6, STM32C011F4U3, STM32C011F4U6TR, STM32C011F6P3, STM32C011F6P6, STM32C011F6U3, STM32C011F6U6TR, STM32C011J4M3, STM32C011J4M6, STM32C011J6M3, STM32C011J6M6, STM32C0316-DK, STM32C031C4T3, STM32C031C4T6, STM32C031C4U3, STM32C031C4U6, STM32C031C6T3, STM32C031C6T6, STM32C031C6U3, STM32C031C6U6, STM32C031F4P3, STM32C031F4P6, STM32C031F6P3, STM32C031F6P6, STM32C031G4U3, STM32C031G4U6, STM32C031G6U3, STM32C031G6U6, STM32C031K4T3, STM32C031K4T6, STM32C031K4U3, STM32C031K4U6, STM32C031K6T3, STM32C031K6T6, STM32C031K6U3, STM32C031K6U6, STM32C051C6T6, STM32C051C6U6, STM32C051C8T6, STM32C051C8U6, STM32C051D8Y6TR, STM32C051F6P6, STM32C051F8P6, STM32C051G6U6, STM32C051G8U6, STM32C051K6T6, STM32C051K6U6, STM32C051K8T6, STM32C071C8T6, STM32C071C8T6N, STM32C071C8U6, STM32C071C8U6N, STM32C071CBT6, STM32C071CBT6N, STM32C071CBU6, STM32C071CBU6N, STM32C071F8P6, STM32C071F8P6N, STM32C071FBP6, STM32C071FBP6N, STM32C071FBY6TR, STM32C071G8U6, STM32C071G8U6N, STM32C071GBU6, STM32C071GBU6N, STM32C071K8T6, STM32C071K8T6N, STM32C071K8U6, STM32C071K8U6N, STM32C071KBT6, STM32C071KBT6N, STM32C071KBU6, STM32C071KBU6N, STM32C071R8T6, STM32C071R8T6N, STM32C071RBI6N, STM32C071RBT6, STM32C071RBT6N, STM32C091CBT6, STM32C091CBU6, STM32C091CCT6, STM32C091CCU6, STM32C091ECY6TR, STM32C091FBP6, STM32C091FCP6, STM32C091GBU6, STM32C091GCU6, STM32C091KBT6, STM32C091KBU6, STM32C091KCT6, STM32C091KCU6, STM32C091RBT6, STM32C091RCI6, STM32C091RCT6, STM32C092CBT6, STM32C092CBU6, STM32C092CCT6, STM32C092CCU6, STM32C092ECY6TR, STM32C092FBP6, STM32C092FCP6, STM32C092GBU6, STM32C092GCU6, STM32C092KBT6, STM32C092KBU6, STM32C092KCT6, STM32C092KCU6, STM32C092RBT6, STM32C092RCI6, STM32C092RCT6, STM32G071K8TXN, STM32G071K8UXN, STM32G081GBU6N, STM32G081KBT6N, STM32G081KBUXN, STM32G0B1CCT6N, STM32G0B1KCT6, STM32G0B1NEY6TR, STM32G0B1RCT6N, STM32G0C1CCT6, STM32G0C1CCT6N, STM32G0C1CCU6N, STM32G0C1CET6N, STM32G0C1CEU6N, STM32G0C1KCT6, STM32G0C1NEY6TR, STM32G0C1RCI6N, STM32G0C1RCT6N, STM32G0C1REI6N, STM32G0C1RET6N, STM32G0C1VCI6, STM32G0C1VEI6, STM32G411C6T3, STM32G411C6T6, STM32G411C6U3, STM32G411C6U6, STM32G411C8T3, STM32G411C8T6, STM32G411C8U3, STM32G411C8U6, STM32G411CBT3, STM32G411CBT6, STM32G411CBU3, STM32G411CBU6, STM32G411K6T3, STM32G411K6T6, STM32G411K6U3, STM32G411K6U6, STM32G411K8T3, STM32G411K8T6, STM32G411K8U3, STM32G411K8U6, STM32G411KBT3, STM32G411KBT6, STM32G411KBU3, STM32G411KBU6, STM32G411M6T3, STM32G411M6T6, STM32G411M8T3, STM32G411M8T6, STM32G411MBT3, STM32G411MBT6, STM32G411R6T3, STM32G411R6T6, STM32G411R8T3, STM32G411R8T6, STM32G411RBT3, STM32G411RBT6, STM32G414CBT3, STM32G414CBT6, STM32G414CBU3, STM32G414CBU6, STM32G414CCT3, STM32G414CCT6, STM32G414CCU3, STM32G414CCU6, STM32G414MBT3, STM32G414MBT6, STM32G414MCT3, STM32G414MCT6, STM32G414RBT3, STM32G414RBT6, STM32G414RCT3, STM32G414RCT6, STM32G414VBT3, STM32G414VBT6, STM32G414VCT3, STM32G414VCT6, STM32G431CBT3Z, STM32G431RBT3Z, STM32G471CCT6, STM32G471CCU6, STM32G471CET3, STM32G471CET6, STM32G471CEU3, STM32G471CEU6, STM32G471MCT6, STM32G471MET3, STM32G471MET6, STM32G471MEY6TR, STM32G471QCT6, STM32G471QET3, STM32G471RCT6, STM32G471RET3, STM32G471RET6, STM32G471VCH6, STM32G471VCI6, STM32G471VCT6, STM32G471VEH3, STM32G471VEH6, STM32G471VEI3, STM32G471VEI6, STM32G471VET3, STM32G471VET6, STM32G473QET3Z, STM32G473RET3Z, STM32G474CCT6, STM32G491RET3Z, STM32H503CBT6, STM32H503CBU6, STM32H503EBY6TR, STM32H503KBU6, STM32H503RBT6, STM32H523CCT6, STM32H523CCU6, STM32H523CET6, STM32H523CEU6, STM32H523HEY6TR, STM32H523RCT6, STM32H523RET6, STM32H523VCI6, STM32H523VCT6, STM32H523VEI6, STM32H523VET6, STM32H523ZCJ6, STM32H523ZCT6, STM32H523ZEJ6, STM32H523ZET6, STM32H533CET6, STM32H533CEU6, STM32H533HEY6TR, STM32H533RET6, STM32H533VEI6, STM32H533VET6, STM32H533ZEJ6, STM32H533ZET6, STM32H562AGI6, STM32H562AII6, STM32H562IGK6, STM32H562IGT6, STM32H562IIK6, STM32H562IIT6, STM32H562RGT6, STM32H562RGV6, STM32H562RIT6, STM32H562RIV6, STM32H562VGT6, STM32H562VIT6, STM32H562ZGT6, STM32H562ZIT6, STM32H563AGI6, STM32H563AII3Q, STM32H563AII6, STM32H563IGK6, STM32H563IGT6, STM32H563IIK3Q, STM32H563IIK6, STM32H563IIT3Q, STM32H563IIT6, STM32H563MIY3QTR, STM32H563RGT6, STM32H563RGV6, STM32H563RIT6, STM32H563RIV6, STM32H563VGT6, STM32H563VIT3Q, STM32H563VIT6, STM32H563ZGT6, STM32H563ZIT3Q, STM32H563ZIT6, STM32H573AII3Q, STM32H573AII6, STM32H573I-DK, STM32H573IIK3Q, STM32H573IIK6, STM32H573IIT3Q, STM32H573IIT6, STM32H573MIY3QTR, STM32H573RIT6, STM32H573RIV6, STM32H573VIT3Q, STM32H573VIT6, STM32H573ZIT3Q, STM32H573ZIT6, STM32H7R3A8I6, STM32H7R3I8K6, STM32H7R3I8T6, STM32H7R3L8H6, STM32H7R3L8H6H, STM32H7R3R8V6, STM32H7R3V8H6, STM32H7R3V8T6, STM32H7R3V8Y6TR, STM32H7R3Z8J6, STM32H7R3Z8T6, STM32H7R7A8I6, STM32H7R7I8K6, STM32H7R7I8T6, STM32H7R7L8H6, STM32H7R7L8H6H, STM32H7R7Z8J6, STM32H7S3A8I6, STM32H7S3I8K6, STM32H7S3I8T6, STM32H7S3L8H6, STM32H7S3L8H6H, STM32H7S3R8V6, STM32H7S3V8H6, STM32H7S3V8T6, STM32H7S3V8Y6TR, STM32H7S3Z8J6, STM32H7S3Z8T6, STM32H7S78-DK, STM32H7S7A8I6, STM32H7S7I8K6, STM32H7S7I8T6, STM32H7S7L8H6, STM32H7S7L8H6H, STM32H7S7Z8J6, STM32L4R5QGI6STR, STM32MP131AAE3, STM32MP131AAF3, STM32MP131AAG3, STM32MP131CAE3, STM32MP131CAF3, STM32MP131CAG3, STM32MP131DAE7, STM32MP131DAF7, STM32MP131DAG7, STM32MP131FAE7, STM32MP131FAF7, STM32MP131FAG7, STM32MP133AAE3, STM32MP133AAF3, STM32MP133AAG3, STM32MP133CAE3, STM32MP133CAF3, STM32MP133CAG3, STM32MP133DAE7, STM32MP133DAF7, STM32MP133DAG7, STM32MP133FAE7, STM32MP133FAF7, STM32MP133FAG7, STM32MP135AAE3, STM32MP135AAF3, STM32MP135AAG3, STM32MP135CAE3, STM32MP135CAF3, STM32MP135CAG3, STM32MP135DAE7, STM32MP135DAF7, STM32MP135DAG7, STM32MP135F-DK, STM32MP135FAE7, STM32MP135FAF7, STM32MP135FAF7T, STM32MP135FAF7U, STM32MP135FAG7, STM32MP211AAL3, STM32MP211AAM3, STM32MP211AAN3, STM32MP211AAO3, STM32MP211CAL3, STM32MP211CAM3, STM32MP211CAN3, STM32MP211CAO3, STM32MP211DAL3, STM32MP211DAM3, STM32MP211DAN3, STM32MP211DAO3, STM32MP211FAL3, STM32MP211FAM3, STM32MP211FAN3, STM32MP211FAO3, STM32MP213AAL3, STM32MP213AAM3, STM32MP213AAN3, STM32MP213AAO3, STM32MP213CAL3, STM32MP213CAM3, STM32MP213CAN3, STM32MP213CAO3, STM32MP213DAL3, STM32MP213DAM3, STM32MP213DAN3, STM32MP213DAO3, STM32MP213FAL3, STM32MP213FAM3, STM32MP213FAN3, STM32MP213FAO3, STM32MP215AAL3, STM32MP215AAM3, STM32MP215AAN3, STM32MP215AAO3, STM32MP215CAL3, STM32MP215CAM3, STM32MP215CAN3, STM32MP215CAO3, STM32MP215DAL3, STM32MP215DAM3, STM32MP215DAN3, STM32MP215DAO3, STM32MP215F-DK, STM32MP215FAL3, STM32MP215FAM3, STM32MP215FAN3, STM32MP215FAO3, STM32MP231AAJ3, STM32MP231AAK3, STM32MP231AAL3, STM32MP231CAJ3, STM32MP231CAK3, STM32MP231CAL3, STM32MP231DAJ3, STM32MP231DAK3, STM32MP231DAL3, STM32MP231FAJ3, STM32MP231FAK3, STM32MP231FAL3, STM32MP233AAJ3, STM32MP233AAK3, STM32MP233AAL3, STM32MP233CAJ3, STM32MP233CAK3, STM32MP233CAL3, STM32MP233DAJ3, STM32MP233DAK3, STM32MP233DAL3, STM32MP233FAJ3, STM32MP233FAK3, STM32MP233FAL3, STM32MP235AAJ3, STM32MP235AAK3, STM32MP235AAL3, STM32MP235CAJ3, STM32MP235CAK3, STM32MP235CAL3, STM32MP235DAJ3, STM32MP235DAK3, STM32MP235DAL3, STM32MP235FAJ3, STM32MP235FAK3, STM32MP235FAL3, STM32MP251AAI3, STM32MP251AAK3, STM32MP251AAL3, STM32MP251CAI3, STM32MP251CAK3, STM32MP251CAL3, STM32MP251DAI3, STM32MP251DAK3, STM32MP251DAL3, STM32MP251FAI3, STM32MP251FAK3, STM32MP251FAL3, STM32MP253AAI3, STM32MP253AAK3, STM32MP253AAL3, STM32MP253CAI3, STM32MP253CAK3, STM32MP253CAL3, STM32MP253DAI3, STM32MP253DAK3, STM32MP253DAL3, STM32MP253FAI3, STM32MP253FAK3, STM32MP253FAL3, STM32MP255AAI3, STM32MP255AAK3, STM32MP255AAL3, STM32MP255CAI3, STM32MP255CAK3, STM32MP255CAL3, STM32MP255DAI3, STM32MP255DAK3, STM32MP255DAL3, STM32MP255FAI3, STM32MP255FAK3, STM32MP255FAL3, STM32MP257AAI3, STM32MP257AAK3, STM32MP257AAL3, STM32MP257CAI3, STM32MP257CAK3, STM32MP257CAL3, STM32MP257DAI3, STM32MP257DAK3, STM32MP257DAL3, STM32MP257F-DK, STM32MP257F-EV1, STM32MP257FAI3, STM32MP257FAK3, STM32MP257FAL3, STM32N645A0H3Q, STM32N645B0H3Q, STM32N645I0H3Q, STM32N645L0H3Q, STM32N645X0H3Q, STM32N645Z0H3Q, STM32N647A0H3Q, STM32N647B0H3Q, STM32N647I0H3Q, STM32N647L0H3Q, STM32N647X0H3Q, STM32N647Z0H3Q, STM32N655A0H3Q, STM32N655B0H3Q, STM32N655I0H3Q, STM32N655L0H3Q, STM32N655X0H3Q, STM32N655Z0H3Q, STM32N6570-DK, STM32N657A0H3Q, STM32N657B0H3Q, STM32N657I0H3Q, STM32N657L0H3Q, STM32N657X0H3Q, STM32N657Z0H3Q, STM32U031C6T6, STM32U031C6U6, STM32U031C8T6, STM32U031C8U6, STM32U031F4P6, STM32U031F6P6, STM32U031F8P6, STM32U031G6Y6TR, STM32U031G8Y6TR, STM32U031K4U6, STM32U031K6U6, STM32U031K8U6, STM32U031R6I6, STM32U031R6T6, STM32U031R8I6, STM32U031R8T6, STM32U073C8T6, STM32U073C8U6, STM32U073CBT6, STM32U073CBU6, STM32U073CCT6, STM32U073CCU6, STM32U073H8Y6TR, STM32U073HBY6TR, STM32U073HCY6TR, STM32U073K8U6, STM32U073KBU6, STM32U073KCU6, STM32U073M8I6, STM32U073M8T6, STM32U073MBI6, STM32U073MBT6, STM32U073MCI6, STM32U073MCT6, STM32U073R8I6, STM32U073R8T6, STM32U073RBI6, STM32U073RBT6, STM32U073RCI6, STM32U073RCT6, STM32U083C-DK, STM32U083CCT6, STM32U083CCU6, STM32U083HCY6TR, STM32U083KCU6, STM32U083MCI6, STM32U083MCT6, STM32U083RCI6, STM32U083RCT6, STM32U375CET6, STM32U375CET6Q, STM32U375CEU6, STM32U375CEU6Q, STM32U375CEY6QTR, STM32U375CGT6, STM32U375CGT6Q, STM32U375CGU6, STM32U375CGU6Q, STM32U375CGY6QTR, STM32U375KEU6, STM32U375KGU6, STM32U375REI6, STM32U375REI6Q, STM32U375RET6, STM32U375RET6Q, STM32U375REY6GTR, STM32U375REY6QTR, STM32U375RGI6, STM32U375RGI6Q, STM32U375RGT6, STM32U375RGT6Q, STM32U375RGY6GTR, STM32U375RGY6QTR, STM32U375VEI6, STM32U375VEI6Q, STM32U375VET6, STM32U375VET6Q, STM32U375VGI6, STM32U375VGI6Q, STM32U375VGT6, STM32U375VGT6Q, STM32U385CGT6, STM32U385CGT6Q, STM32U385CGU6, STM32U385CGU6Q, STM32U385CGY6QTR, STM32U385KGU6, STM32U385RGI6, STM32U385RGI6Q, STM32U385RGT6, STM32U385RGT6Q, STM32U385RGY6GTR, STM32U385RGY6QTR, STM32U385VGI6, STM32U385VGI6Q, STM32U385VGT6, STM32U385VGT6Q, STM32U535CBT6, STM32U535CBT6Q, STM32U535CBU6, STM32U535CBU6Q, STM32U535CCT6, STM32U535CCT6Q, STM32U535CCU6, STM32U535CCU6Q, STM32U535CET6, STM32U535CET6Q, STM32U535CEU6, STM32U535CEU6Q, STM32U535JEY6QTR, STM32U535NCY6QTR, STM32U535NEY6QTR, STM32U535RBI6, STM32U535RBI6Q, STM32U535RBT6, STM32U535RBT6Q, STM32U535RCI6, STM32U535RCI6Q, STM32U535RCT6, STM32U535RCT6Q, STM32U535REI6, STM32U535REI6Q, STM32U535RET6, STM32U535RET6Q, STM32U535VCI6, STM32U535VCI6Q, STM32U535VCT6, STM32U535VCT6Q, STM32U535VEI6, STM32U535VEI6Q, STM32U535VET6, STM32U535VET6Q, STM32U545CET6, STM32U545CET6Q, STM32U545CEU6, STM32U545CEU6Q, STM32U545JEY6QTR, STM32U545NEY6QTR, STM32U545REI6, STM32U545REI6Q, STM32U545RET6, STM32U545RET6Q, STM32U545VEI6, STM32U545VEI6Q, STM32U545VET6, STM32U545VET6Q, STM32U595AIH6, STM32U595AIH6Q, STM32U595AJH6, STM32U595AJH6Q, STM32U595QII6, STM32U595QII6Q, STM32U595QJI6, STM32U595QJI6Q, STM32U595RIT6, STM32U595RIT6Q, STM32U595RJT6, STM32U595RJT6Q, STM32U595VIT6, STM32U595VIT6Q, STM32U595VJT6, STM32U595VJT6Q, STM32U595ZIT6, STM32U595ZIT6Q, STM32U595ZIY6QTR, STM32U595ZJT6, STM32U595ZJT6Q, STM32U595ZJY6QTR, STM32U599BJY6QTR, STM32U599NIH6Q, STM32U599NJH6Q, STM32U599VIT6Q, STM32U599VJT6, STM32U599VJT6Q, STM32U599ZIT6Q, STM32U599ZIY6QTR, STM32U599ZJT6Q, STM32U599ZJY6QTR, STM32U5A5AJH6, STM32U5A5AJH6Q, STM32U5A5QII3Q , STM32U5A5QJI6, STM32U5A5QJI6Q, STM32U5A5RJT6, STM32U5A5RJT6Q, STM32U5A5VJT6, STM32U5A5VJT6Q, STM32U5A5ZJT6, STM32U5A5ZJT6Q, STM32U5A5ZJY6QTR, STM32U5A9BJY6QTR, STM32U5A9J-DK, STM32U5A9NJH6Q, STM32U5A9VJT6Q, STM32U5A9ZJT6Q, STM32U5A9ZJY6QTR, STM32U5F7VIT6, STM32U5F7VIT6Q, STM32U5F7VJT6, STM32U5F7VJT6Q, STM32U5F9BJY6QTR, STM32U5F9NJH6Q, STM32U5F9VIT6Q, STM32U5F9VJT6Q, STM32U5F9ZIJ6QTR, STM32U5F9ZIT6Q, STM32U5F9ZJJ6QTR, STM32U5F9ZJT6Q, STM32U5G7VJT6, STM32U5G7VJT6Q, STM32U5G9BJY6QTR, STM32U5G9J-DK1, STM32U5G9J-DK2, STM32U5G9NJH6Q, STM32U5G9VJT6Q, STM32U5G9ZJJ6QTR, STM32U5G9ZJT6Q, STM32WB05KZV6TR, STM32WB05KZV7TR, STM32WB05TZF6TR, STM32WB05TZF7TR, STM32WB06CCF6TR, STM32WB06CCF7TR, STM32WB06CCV6TR, STM32WB06CCV7TR, STM32WB06KCV6TR, STM32WB06KCV7TR, STM32WB07CCF6TR, STM32WB07CCF7TR, STM32WB07CCV6TR, STM32WB07CCV7TR, STM32WB07KCV6TR, STM32WB07KCV7TR, STM32WB09KEV6TR, STM32WB09KEV7TR, STM32WB09TEF6TR, STM32WB09TEF7TR, STM32WB1MMCH6, STM32WBA50KGU6, STM32WBA50KGU6TR, STM32WBA52CEU6, STM32WBA52CEU6TR, STM32WBA52CEU7, STM32WBA52CEU7TR, STM32WBA52CGU6, STM32WBA52CGU6TR, STM32WBA52CGU6U, STM32WBA52CGU7, STM32WBA52CGU7TR, STM32WBA52KEU6, STM32WBA52KEU6TR, STM32WBA52KGU6, STM32WBA52KGU6TR, STM32WBA54CEU6, STM32WBA54CEU6TR, STM32WBA54CEU7, STM32WBA54CEU7TR, STM32WBA54CGU6, STM32WBA54CGU6TR, STM32WBA54CGU7, STM32WBA54CGU7TR, STM32WBA54KEU6, STM32WBA54KEU6TR, STM32WBA54KEU7, STM32WBA54KEU7TR, STM32WBA54KGU6, STM32WBA54KGU6TR, STM32WBA54KGU7, STM32WBA54KGU7TR, STM32WBA55CEU6, STM32WBA55CEU6TR, STM32WBA55CEU7, STM32WBA55CEU7TR, STM32WBA55CGU6, STM32WBA55CGU6TR, STM32WBA55CGU6U, STM32WBA55CGU7, STM32WBA55CGU7TR, STM32WBA55G-DK1, STM32WBA55HEF6, STM32WBA55HEF7, STM32WBA55HGF6, STM32WBA55HGF7, STM32WBA55UEI6, STM32WBA55UEI6TR, STM32WBA55UEI7, STM32WBA55UEI7TR, STM32WBA55UGI6, STM32WBA55UGI6TR, STM32WBA55UGI7, STM32WBA55UGI7TR, STM32WBA5MMGH6TR, STM32WBA62MGF6, STM32WBA62MIF6, STM32WBA65MGF7, STM32WBA65MIF6, STM32WBA65MIF7, STM32WL30K8V6, STM32WL30KBV6, STM32WL31C8V6, STM32WL31CBV6, STM32WL31K8V6, STM32WL31KBV6, STM32WL33C8V6, STM32WL33C8V6X, STM32WL33CBV6, STM32WL33CBV6X, STM32WL33CCV6, STM32WL33CCV6A, STM32WL33CCV6X, STM32WL33K8V7, STM32WL33K8V7X, STM32WL33KBV7 , STM32WL33KBV7X, STM32WL33KCV7, STM32WL33KCV7X, STM32WL5MOCH6, STM32WL5MOCH6TR]
2025-12-12 16:49:09,832 [INFO] DbMcus:218 - Found 4876 MCUs, 4876 are supported
2025-12-12 16:49:09,833 [INFO] ApiDb:423 - Load user favorites file C:\Users\CAMMSYS/.stm32cubeide/favorites.mcus.txt: 0 item(s)
2025-12-12 16:49:09,833 [INFO] ApiDb:427 - User favorites MCUs=[]
2025-12-12 16:49:09,833 [INFO] DbMcus:224 - Set 0 / 0 favorites MCUs
2025-12-12 16:49:10,145 [INFO] ApiDb:448 - Save user favorites file C:\Users\CAMMSYS/.stm32cubeide/favorites.boards.txt: 0 item(s)
2025-12-12 16:49:10,145 [INFO] ApiDb:452 - User favorites Boards=[]
2025-12-12 16:49:10,146 [INFO] ApiDb:581 - Connected to CubeFinder SQLite database (C:\Users\CAMMSYS\.stmcufinder\plugins\mcufinder\mcu\cube-finder-db.db)
2025-12-12 16:49:10,194 [INFO] ApiDb:668 - CubeFinder database Data Model version=2.1
2025-12-12 16:49:10,195 [INFO] ApiDb:669 - CubeFinder database Configuration version=3.0.39
2025-12-12 16:49:10,195 [INFO] ApiDb:670 - CubeFinder database generation date=2025-11-05 (1762334721)
2025-12-12 16:49:10,195 [INFO] ApiDb:671 - CubeFinder database FW Pack versions=[FP-ATR-ASTRA1_V2.0.0, FP-SNS-FLIGHT1_V5.1.0, FP-SNS-MOTENV1_V5.1.0, FP-SNS-MOTENVWB1_V1.4.0, FP-SNS-SMARTAG2_V1.2.0, FP-SNS-STBOX1_V2.1.0, STM32Cube_FW_C0_V1.4.0, STM32Cube_FW_F4_V1.28.3, STM32Cube_FW_F7_V1.17.4, STM32Cube_FW_G0_V1.6.2, STM32Cube_FW_G4_V1.6.1, STM32Cube_FW_H5_V1.5.1, STM32Cube_FW_H7RS_V1.3.0, STM32Cube_FW_H7_V1.12.1, STM32Cube_FW_L0_V1.12.2, STM32Cube_FW_L4_V1.18.1, STM32Cube_FW_L5_V1.6.0, STM32Cube_FW_N6_V1.3.0, STM32Cube_FW_U0_V1.3.0, STM32Cube_FW_U3_V1.2.1, STM32Cube_FW_U5_V1.8.0, STM32Cube_FW_WB0_V1.4.0, STM32Cube_FW_WBA_V1.8.0, STM32Cube_FW_WB_V1.24.0, STM32Cube_FW_WL3_V1.3.0, STM32Cube_FW_WL_V1.4.0, X-CUBE-ALGOBUILD_V1.4.0, X-CUBE-ALS_V1.0.2, X-CUBE-AZRTOS-F4_V1.1.0, X-CUBE-AZRTOS-F7_V1.1.0, X-CUBE-AZRTOS-G0_V1.1.0, X-CUBE-AZRTOS-G4_V2.0.0, X-CUBE-AZRTOS-H7RS_V1.1.0, X-CUBE-AZRTOS-H7_V3.4.0, X-CUBE-AZRTOS-L4_V2.0.0, X-CUBE-AZRTOS-L5_V2.0.0, X-CUBE-AZRTOS-WB_V2.0.0, X-CUBE-AZRTOS-WL_V2.0.0, X-CUBE-BLE1_V7.1.0, X-CUBE-BLE2_V3.3.0, X-CUBE-BLEMGR_V4.1.0, X-CUBE-EEPRMA1_V5.2.0, X-CUBE-FREERTOS_V1.3.1, X-CUBE-GNSS1_V6.0.0, X-CUBE-MEMS1_V11.3.0, X-CUBE-NFC4_V3.0.0, X-CUBE-NFC7_V2.0.0, X-CUBE-SFXS2LP1_V4.0.0, X-CUBE-ST67W61_V1.1.0, X-CUBE-SUBG2_V5.0.0, X-CUBE-TOF1_V3.4.3]
2025-12-12 16:49:10,227 [INFO] DbBoardsSqlite:226 - include board P-NUCLEO-WB55-NUCLEO as a kit item of type 'Nucleo-64'
2025-12-12 16:49:10,227 [INFO] DbBoardsSqlite:226 - include board P-NUCLEO-WB55-USBDONGLE as a kit item of type 'Nucleo USB Dongle'
2025-12-12 16:49:10,227 [INFO] DbBoardsSqlite:226 - include board STEVAL-IDP005V1 as a kit item of type 'Evaluation Board'
2025-12-12 16:49:10,227 [INFO] DbBoardsSqlite:226 - include board STEVAL-IDP005V2 as a kit item of type 'Evaluation Board'
2025-12-12 16:49:10,274 [INFO] ApiDb:240 - Found 880 in-development CPN: [B-G473E-ZEST1S, B-WB1M-WPAN1, B-WBA5M-WPAN, B-WL5M-SUBG1, NUCLEO-C031C6, NUCLEO-C051C8, NUCLEO-C071RB, NUCLEO-C092RC, NUCLEO-H503RB, NUCLEO-H533RE, NUCLEO-H563ZI, NUCLEO-H7S3L8, NUCLEO-N657X0-Q, NUCLEO-U031R8, NUCLEO-U083RC, NUCLEO-U385RG-Q, NUCLEO-U545RE-Q, NUCLEO-U5A5ZJ-Q, NUCLEO-WB05KZ, NUCLEO-WB07CC, NUCLEO-WB09KE, NUCLEO-WBA52CG, NUCLEO-WBA55CG, NUCLEO-WL33CC1, NUCLEO-WL33CC2, STEVAL-PROTEUS1, STEVAL-SMARTAG2, STEVAL-STWINBX1, STM320518-EVAL, STM32C0116-DK, STM32C011D6Y3TR, STM32C011D6Y6TR, STM32C011F4P3, STM32C011F4P6, STM32C011F4U3, STM32C011F4U6TR, STM32C011F6P3, STM32C011F6P6, STM32C011F6U3, STM32C011F6U6TR, STM32C011J4M3, STM32C011J4M6, STM32C011J6M3, STM32C011J6M6, STM32C0316-DK, STM32C031C4T3, STM32C031C4T6, STM32C031C4U3, STM32C031C4U6, STM32C031C6T3, STM32C031C6T6, STM32C031C6U3, STM32C031C6U6, STM32C031F4P3, STM32C031F4P6, STM32C031F6P3, STM32C031F6P6, STM32C031G4U3, STM32C031G4U6, STM32C031G6U3, STM32C031G6U6, STM32C031K4T3, STM32C031K4T6, STM32C031K4U3, STM32C031K4U6, STM32C031K6T3, STM32C031K6T6, STM32C031K6U3, STM32C031K6U6, STM32C051C6T6, STM32C051C6U6, STM32C051C8T6, STM32C051C8U6, STM32C051D8Y6TR, STM32C051F6P6, STM32C051F8P6, STM32C051G6U6, STM32C051G8U6, STM32C051K6T6, STM32C051K6U6, STM32C051K8T6, STM32C071C8T6, STM32C071C8T6N, STM32C071C8U6, STM32C071C8U6N, STM32C071CBT6, STM32C071CBT6N, STM32C071CBU6, STM32C071CBU6N, STM32C071F8P6, STM32C071F8P6N, STM32C071FBP6, STM32C071FBP6N, STM32C071FBY6TR, STM32C071G8U6, STM32C071G8U6N, STM32C071GBU6, STM32C071GBU6N, STM32C071K8T6, STM32C071K8T6N, STM32C071K8U6, STM32C071K8U6N, STM32C071KBT6, STM32C071KBT6N, STM32C071KBU6, STM32C071KBU6N, STM32C071R8T6, STM32C071R8T6N, STM32C071RBI6N, STM32C071RBT6, STM32C071RBT6N, STM32C091CBT6, STM32C091CBU6, STM32C091CCT6, STM32C091CCU6, STM32C091ECY6TR, STM32C091FBP6, STM32C091FCP6, STM32C091GBU6, STM32C091GCU6, STM32C091KBT6, STM32C091KBU6, STM32C091KCT6, STM32C091KCU6, STM32C091RBT6, STM32C091RCI6, STM32C091RCT6, STM32C092CBT6, STM32C092CBU6, STM32C092CCT6, STM32C092CCU6, STM32C092ECY6TR, STM32C092FBP6, STM32C092FCP6, STM32C092GBU6, STM32C092GCU6, STM32C092KBT6, STM32C092KBU6, STM32C092KCT6, STM32C092KCU6, STM32C092RBT6, STM32C092RCI6, STM32C092RCT6, STM32G071K8TXN, STM32G071K8UXN, STM32G081GBU6N, STM32G081KBT6N, STM32G081KBUXN, STM32G0B1CCT6N, STM32G0B1KCT6, STM32G0B1NEY6TR, STM32G0B1RCT6N, STM32G0C1CCT6, STM32G0C1CCT6N, STM32G0C1CCU6N, STM32G0C1CET6N, STM32G0C1CEU6N, STM32G0C1KCT6, STM32G0C1NEY6TR, STM32G0C1RCI6N, STM32G0C1RCT6N, STM32G0C1REI6N, STM32G0C1RET6N, STM32G0C1VCI6, STM32G0C1VEI6, STM32G411C6T3, STM32G411C6T6, STM32G411C6U3, STM32G411C6U6, STM32G411C8T3, STM32G411C8T6, STM32G411C8U3, STM32G411C8U6, STM32G411CBT3, STM32G411CBT6, STM32G411CBU3, STM32G411CBU6, STM32G411K6T3, STM32G411K6T6, STM32G411K6U3, STM32G411K6U6, STM32G411K8T3, STM32G411K8T6, STM32G411K8U3, STM32G411K8U6, STM32G411KBT3, STM32G411KBT6, STM32G411KBU3, STM32G411KBU6, STM32G411M6T3, STM32G411M6T6, STM32G411M8T3, STM32G411M8T6, STM32G411MBT3, STM32G411MBT6, STM32G411R6T3, STM32G411R6T6, STM32G411R8T3, STM32G411R8T6, STM32G411RBT3, STM32G411RBT6, STM32G414CBT3, STM32G414CBT6, STM32G414CBU3, STM32G414CBU6, STM32G414CCT3, STM32G414CCT6, STM32G414CCU3, STM32G414CCU6, STM32G414MBT3, STM32G414MBT6, STM32G414MCT3, STM32G414MCT6, STM32G414RBT3, STM32G414RBT6, STM32G414RCT3, STM32G414RCT6, STM32G414VBT3, STM32G414VBT6, STM32G414VCT3, STM32G414VCT6, STM32G431CBT3Z, STM32G431RBT3Z, STM32G471CCT6, STM32G471CCU6, STM32G471CET3, STM32G471CET6, STM32G471CEU3, STM32G471CEU6, STM32G471MCT6, STM32G471MET3, STM32G471MET6, STM32G471MEY6TR, STM32G471QCT6, STM32G471QET3, STM32G471RCT6, STM32G471RET3, STM32G471RET6, STM32G471VCH6, STM32G471VCI6, STM32G471VCT6, STM32G471VEH3, STM32G471VEH6, STM32G471VEI3, STM32G471VEI6, STM32G471VET3, STM32G471VET6, STM32G473QET3Z, STM32G473RET3Z, STM32G474CCT6, STM32G491RET3Z, STM32H503CBT6, STM32H503CBU6, STM32H503EBY6TR, STM32H503KBU6, STM32H503RBT6, STM32H523CCT6, STM32H523CCU6, STM32H523CET6, STM32H523CEU6, STM32H523HEY6TR, STM32H523RCT6, STM32H523RET6, STM32H523VCI6, STM32H523VCT6, STM32H523VEI6, STM32H523VET6, STM32H523ZCJ6, STM32H523ZCT6, STM32H523ZEJ6, STM32H523ZET6, STM32H533CET6, STM32H533CEU6, STM32H533HEY6TR, STM32H533RET6, STM32H533VEI6, STM32H533VET6, STM32H533ZEJ6, STM32H533ZET6, STM32H562AGI6, STM32H562AII6, STM32H562IGK6, STM32H562IGT6, STM32H562IIK6, STM32H562IIT6, STM32H562RGT6, STM32H562RGV6, STM32H562RIT6, STM32H562RIV6, STM32H562VGT6, STM32H562VIT6, STM32H562ZGT6, STM32H562ZIT6, STM32H563AGI6, STM32H563AII3Q, STM32H563AII6, STM32H563IGK6, STM32H563IGT6, STM32H563IIK3Q, STM32H563IIK6, STM32H563IIT3Q, STM32H563IIT6, STM32H563MIY3QTR, STM32H563RGT6, STM32H563RGV6, STM32H563RIT6, STM32H563RIV6, STM32H563VGT6, STM32H563VIT3Q, STM32H563VIT6, STM32H563ZGT6, STM32H563ZIT3Q, STM32H563ZIT6, STM32H573AII3Q, STM32H573AII6, STM32H573I-DK, STM32H573IIK3Q, STM32H573IIK6, STM32H573IIT3Q, STM32H573IIT6, STM32H573MIY3QTR, STM32H573RIT6, STM32H573RIV6, STM32H573VIT3Q, STM32H573VIT6, STM32H573ZIT3Q, STM32H573ZIT6, STM32H7R3A8I6, STM32H7R3I8K6, STM32H7R3I8T6, STM32H7R3L8H6, STM32H7R3L8H6H, STM32H7R3R8V6, STM32H7R3V8H6, STM32H7R3V8T6, STM32H7R3V8Y6TR, STM32H7R3Z8J6, STM32H7R3Z8T6, STM32H7R7A8I6, STM32H7R7I8K6, STM32H7R7I8T6, STM32H7R7L8H6, STM32H7R7L8H6H, STM32H7R7Z8J6, STM32H7S3A8I6, STM32H7S3I8K6, STM32H7S3I8T6, STM32H7S3L8H6, STM32H7S3L8H6H, STM32H7S3R8V6, STM32H7S3V8H6, STM32H7S3V8T6, STM32H7S3V8Y6TR, STM32H7S3Z8J6, STM32H7S3Z8T6, STM32H7S78-DK, STM32H7S7A8I6, STM32H7S7I8K6, STM32H7S7I8T6, STM32H7S7L8H6, STM32H7S7L8H6H, STM32H7S7Z8J6, STM32L4R5QGI6STR, STM32MP131AAE3, STM32MP131AAF3, STM32MP131AAG3, STM32MP131CAE3, STM32MP131CAF3, STM32MP131CAG3, STM32MP131DAE7, STM32MP131DAF7, STM32MP131DAG7, STM32MP131FAE7, STM32MP131FAF7, STM32MP131FAG7, STM32MP133AAE3, STM32MP133AAF3, STM32MP133AAG3, STM32MP133CAE3, STM32MP133CAF3, STM32MP133CAG3, STM32MP133DAE7, STM32MP133DAF7, STM32MP133DAG7, STM32MP133FAE7, STM32MP133FAF7, STM32MP133FAG7, STM32MP135AAE3, STM32MP135AAF3, STM32MP135AAG3, STM32MP135CAE3, STM32MP135CAF3, STM32MP135CAG3, STM32MP135DAE7, STM32MP135DAF7, STM32MP135DAG7, STM32MP135F-DK, STM32MP135FAE7, STM32MP135FAF7, STM32MP135FAF7T, STM32MP135FAF7U, STM32MP135FAG7, STM32MP211AAL3, STM32MP211AAM3, STM32MP211AAN3, STM32MP211AAO3, STM32MP211CAL3, STM32MP211CAM3, STM32MP211CAN3, STM32MP211CAO3, STM32MP211DAL3, STM32MP211DAM3, STM32MP211DAN3, STM32MP211DAO3, STM32MP211FAL3, STM32MP211FAM3, STM32MP211FAN3, STM32MP211FAO3, STM32MP213AAL3, STM32MP213AAM3, STM32MP213AAN3, STM32MP213AAO3, STM32MP213CAL3, STM32MP213CAM3, STM32MP213CAN3, STM32MP213CAO3, STM32MP213DAL3, STM32MP213DAM3, STM32MP213DAN3, STM32MP213DAO3, STM32MP213FAL3, STM32MP213FAM3, STM32MP213FAN3, STM32MP213FAO3, STM32MP215AAL3, STM32MP215AAM3, STM32MP215AAN3, STM32MP215AAO3, STM32MP215CAL3, STM32MP215CAM3, STM32MP215CAN3, STM32MP215CAO3, STM32MP215DAL3, STM32MP215DAM3, STM32MP215DAN3, STM32MP215DAO3, STM32MP215F-DK, STM32MP215FAL3, STM32MP215FAM3, STM32MP215FAN3, STM32MP215FAO3, STM32MP231AAJ3, STM32MP231AAK3, STM32MP231AAL3, STM32MP231CAJ3, STM32MP231CAK3, STM32MP231CAL3, STM32MP231DAJ3, STM32MP231DAK3, STM32MP231DAL3, STM32MP231FAJ3, STM32MP231FAK3, STM32MP231FAL3, STM32MP233AAJ3, STM32MP233AAK3, STM32MP233AAL3, STM32MP233CAJ3, STM32MP233CAK3, STM32MP233CAL3, STM32MP233DAJ3, STM32MP233DAK3, STM32MP233DAL3, STM32MP233FAJ3, STM32MP233FAK3, STM32MP233FAL3, STM32MP235AAJ3, STM32MP235AAK3, STM32MP235AAL3, STM32MP235CAJ3, STM32MP235CAK3, STM32MP235CAL3, STM32MP235DAJ3, STM32MP235DAK3, STM32MP235DAL3, STM32MP235FAJ3, STM32MP235FAK3, STM32MP235FAL3, STM32MP251AAI3, STM32MP251AAK3, STM32MP251AAL3, STM32MP251CAI3, STM32MP251CAK3, STM32MP251CAL3, STM32MP251DAI3, STM32MP251DAK3, STM32MP251DAL3, STM32MP251FAI3, STM32MP251FAK3, STM32MP251FAL3, STM32MP253AAI3, STM32MP253AAK3, STM32MP253AAL3, STM32MP253CAI3, STM32MP253CAK3, STM32MP253CAL3, STM32MP253DAI3, STM32MP253DAK3, STM32MP253DAL3, STM32MP253FAI3, STM32MP253FAK3, STM32MP253FAL3, STM32MP255AAI3, STM32MP255AAK3, STM32MP255AAL3, STM32MP255CAI3, STM32MP255CAK3, STM32MP255CAL3, STM32MP255DAI3, STM32MP255DAK3, STM32MP255DAL3, STM32MP255FAI3, STM32MP255FAK3, STM32MP255FAL3, STM32MP257AAI3, STM32MP257AAK3, STM32MP257AAL3, STM32MP257CAI3, STM32MP257CAK3, STM32MP257CAL3, STM32MP257DAI3, STM32MP257DAK3, STM32MP257DAL3, STM32MP257F-DK, STM32MP257F-EV1, STM32MP257FAI3, STM32MP257FAK3, STM32MP257FAL3, STM32N645A0H3Q, STM32N645B0H3Q, STM32N645I0H3Q, STM32N645L0H3Q, STM32N645X0H3Q, STM32N645Z0H3Q, STM32N647A0H3Q, STM32N647B0H3Q, STM32N647I0H3Q, STM32N647L0H3Q, STM32N647X0H3Q, STM32N647Z0H3Q, STM32N655A0H3Q, STM32N655B0H3Q, STM32N655I0H3Q, STM32N655L0H3Q, STM32N655X0H3Q, STM32N655Z0H3Q, STM32N6570-DK, STM32N657A0H3Q, STM32N657B0H3Q, STM32N657I0H3Q, STM32N657L0H3Q, STM32N657X0H3Q, STM32N657Z0H3Q, STM32U031C6T6, STM32U031C6U6, STM32U031C8T6, STM32U031C8U6, STM32U031F4P6, STM32U031F6P6, STM32U031F8P6, STM32U031G6Y6TR, STM32U031G8Y6TR, STM32U031K4U6, STM32U031K6U6, STM32U031K8U6, STM32U031R6I6, STM32U031R6T6, STM32U031R8I6, STM32U031R8T6, STM32U073C8T6, STM32U073C8U6, STM32U073CBT6, STM32U073CBU6, STM32U073CCT6, STM32U073CCU6, STM32U073H8Y6TR, STM32U073HBY6TR, STM32U073HCY6TR, STM32U073K8U6, STM32U073KBU6, STM32U073KCU6, STM32U073M8I6, STM32U073M8T6, STM32U073MBI6, STM32U073MBT6, STM32U073MCI6, STM32U073MCT6, STM32U073R8I6, STM32U073R8T6, STM32U073RBI6, STM32U073RBT6, STM32U073RCI6, STM32U073RCT6, STM32U083C-DK, STM32U083CCT6, STM32U083CCU6, STM32U083HCY6TR, STM32U083KCU6, STM32U083MCI6, STM32U083MCT6, STM32U083RCI6, STM32U083RCT6, STM32U375CET6, STM32U375CET6Q, STM32U375CEU6, STM32U375CEU6Q, STM32U375CEY6QTR, STM32U375CGT6, STM32U375CGT6Q, STM32U375CGU6, STM32U375CGU6Q, STM32U375CGY6QTR, STM32U375KEU6, STM32U375KGU6, STM32U375REI6, STM32U375REI6Q, STM32U375RET6, STM32U375RET6Q, STM32U375REY6GTR, STM32U375REY6QTR, STM32U375RGI6, STM32U375RGI6Q, STM32U375RGT6, STM32U375RGT6Q, STM32U375RGY6GTR, STM32U375RGY6QTR, STM32U375VEI6, STM32U375VEI6Q, STM32U375VET6, STM32U375VET6Q, STM32U375VGI6, STM32U375VGI6Q, STM32U375VGT6, STM32U375VGT6Q, STM32U385CGT6, STM32U385CGT6Q, STM32U385CGU6, STM32U385CGU6Q, STM32U385CGY6QTR, STM32U385KGU6, STM32U385RGI6, STM32U385RGI6Q, STM32U385RGT6, STM32U385RGT6Q, STM32U385RGY6GTR, STM32U385RGY6QTR, STM32U385VGI6, STM32U385VGI6Q, STM32U385VGT6, STM32U385VGT6Q, STM32U535CBT6, STM32U535CBT6Q, STM32U535CBU6, STM32U535CBU6Q, STM32U535CCT6, STM32U535CCT6Q, STM32U535CCU6, STM32U535CCU6Q, STM32U535CET6, STM32U535CET6Q, STM32U535CEU6, STM32U535CEU6Q, STM32U535JEY6QTR, STM32U535NCY6QTR, STM32U535NEY6QTR, STM32U535RBI6, STM32U535RBI6Q, STM32U535RBT6, STM32U535RBT6Q, STM32U535RCI6, STM32U535RCI6Q, STM32U535RCT6, STM32U535RCT6Q, STM32U535REI6, STM32U535REI6Q, STM32U535RET6, STM32U535RET6Q, STM32U535VCI6, STM32U535VCI6Q, STM32U535VCT6, STM32U535VCT6Q, STM32U535VEI6, STM32U535VEI6Q, STM32U535VET6, STM32U535VET6Q, STM32U545CET6, STM32U545CET6Q, STM32U545CEU6, STM32U545CEU6Q, STM32U545JEY6QTR, STM32U545NEY6QTR, STM32U545REI6, STM32U545REI6Q, STM32U545RET6, STM32U545RET6Q, STM32U545VEI6, STM32U545VEI6Q, STM32U545VET6, STM32U545VET6Q, STM32U595AIH6, STM32U595AIH6Q, STM32U595AJH6, STM32U595AJH6Q, STM32U595QII6, STM32U595QII6Q, STM32U595QJI6, STM32U595QJI6Q, STM32U595RIT6, STM32U595RIT6Q, STM32U595RJT6, STM32U595RJT6Q, STM32U595VIT6, STM32U595VIT6Q, STM32U595VJT6, STM32U595VJT6Q, STM32U595ZIT6, STM32U595ZIT6Q, STM32U595ZIY6QTR, STM32U595ZJT6, STM32U595ZJT6Q, STM32U595ZJY6QTR, STM32U599BJY6QTR, STM32U599NIH6Q, STM32U599NJH6Q, STM32U599VIT6Q, STM32U599VJT6, STM32U599VJT6Q, STM32U599ZIT6Q, STM32U599ZIY6QTR, STM32U599ZJT6Q, STM32U599ZJY6QTR, STM32U5A5AJH6, STM32U5A5AJH6Q, STM32U5A5QII3Q , STM32U5A5QJI6, STM32U5A5QJI6Q, STM32U5A5RJT6, STM32U5A5RJT6Q, STM32U5A5VJT6, STM32U5A5VJT6Q, STM32U5A5ZJT6, STM32U5A5ZJT6Q, STM32U5A5ZJY6QTR, STM32U5A9BJY6QTR, STM32U5A9J-DK, STM32U5A9NJH6Q, STM32U5A9VJT6Q, STM32U5A9ZJT6Q, STM32U5A9ZJY6QTR, STM32U5F7VIT6, STM32U5F7VIT6Q, STM32U5F7VJT6, STM32U5F7VJT6Q, STM32U5F9BJY6QTR, STM32U5F9NJH6Q, STM32U5F9VIT6Q, STM32U5F9VJT6Q, STM32U5F9ZIJ6QTR, STM32U5F9ZIT6Q, STM32U5F9ZJJ6QTR, STM32U5F9ZJT6Q, STM32U5G7VJT6, STM32U5G7VJT6Q, STM32U5G9BJY6QTR, STM32U5G9J-DK1, STM32U5G9J-DK2, STM32U5G9NJH6Q, STM32U5G9VJT6Q, STM32U5G9ZJJ6QTR, STM32U5G9ZJT6Q, STM32WB05KZV6TR, STM32WB05KZV7TR, STM32WB05TZF6TR, STM32WB05TZF7TR, STM32WB06CCF6TR, STM32WB06CCF7TR, STM32WB06CCV6TR, STM32WB06CCV7TR, STM32WB06KCV6TR, STM32WB06KCV7TR, STM32WB07CCF6TR, STM32WB07CCF7TR, STM32WB07CCV6TR, STM32WB07CCV7TR, STM32WB07KCV6TR, STM32WB07KCV7TR, STM32WB09KEV6TR, STM32WB09KEV7TR, STM32WB09TEF6TR, STM32WB09TEF7TR, STM32WB1MMCH6, STM32WBA50KGU6, STM32WBA50KGU6TR, STM32WBA52CEU6, STM32WBA52CEU6TR, STM32WBA52CEU7, STM32WBA52CEU7TR, STM32WBA52CGU6, STM32WBA52CGU6TR, STM32WBA52CGU6U, STM32WBA52CGU7, STM32WBA52CGU7TR, STM32WBA52KEU6, STM32WBA52KEU6TR, STM32WBA52KGU6, STM32WBA52KGU6TR, STM32WBA54CEU6, STM32WBA54CEU6TR, STM32WBA54CEU7, STM32WBA54CEU7TR, STM32WBA54CGU6, STM32WBA54CGU6TR, STM32WBA54CGU7, STM32WBA54CGU7TR, STM32WBA54KEU6, STM32WBA54KEU6TR, STM32WBA54KEU7, STM32WBA54KEU7TR, STM32WBA54KGU6, STM32WBA54KGU6TR, STM32WBA54KGU7, STM32WBA54KGU7TR, STM32WBA55CEU6, STM32WBA55CEU6TR, STM32WBA55CEU7, STM32WBA55CEU7TR, STM32WBA55CGU6, STM32WBA55CGU6TR, STM32WBA55CGU6U, STM32WBA55CGU7, STM32WBA55CGU7TR, STM32WBA55G-DK1, STM32WBA55HEF6, STM32WBA55HEF7, STM32WBA55HGF6, STM32WBA55HGF7, STM32WBA55UEI6, STM32WBA55UEI6TR, STM32WBA55UEI7, STM32WBA55UEI7TR, STM32WBA55UGI6, STM32WBA55UGI6TR, STM32WBA55UGI7, STM32WBA55UGI7TR, STM32WBA5MMGH6TR, STM32WBA62MGF6, STM32WBA62MIF6, STM32WBA65MGF7, STM32WBA65MIF6, STM32WBA65MIF7, STM32WL30K8V6, STM32WL30KBV6, STM32WL31C8V6, STM32WL31CBV6, STM32WL31K8V6, STM32WL31KBV6, STM32WL33C8V6, STM32WL33C8V6X, STM32WL33CBV6, STM32WL33CBV6X, STM32WL33CCV6, STM32WL33CCV6A, STM32WL33CCV6X, STM32WL33K8V7, STM32WL33K8V7X, STM32WL33KBV7 , STM32WL33KBV7X, STM32WL33KCV7, STM32WL33KCV7X, STM32WL5MOCH6, STM32WL5MOCH6TR]
2025-12-12 16:49:10,423 [INFO] BoardInfo:889 - No configuration file found for board P-NUCLEO-WB55
2025-12-12 16:49:10,424 [INFO] DbBoards:161 - Kit is not supported: P-NUCLEO-WB55
2025-12-12 16:49:10,429 [INFO] BoardInfo:889 - No configuration file found for board STEVAL-BFA001V1B
2025-12-12 16:49:10,430 [INFO] DbBoards:161 - Kit is not supported: STEVAL-BFA001V1B
2025-12-12 16:49:10,431 [INFO] BoardInfo:889 - No configuration file found for board STEVAL-BFA001V2B
2025-12-12 16:49:10,431 [INFO] DbBoards:161 - Kit is not supported: STEVAL-BFA001V2B
2025-12-12 16:49:10,590 [INFO] DbBoards:168 - Found 212 boards, 209 are supported
2025-12-12 16:49:10,590 [INFO] DbBoards:169 - Found 212 boards, 43 of them is supported for  Bsp
2025-12-12 16:49:10,592 [INFO] ApiDb:423 - Load user favorites file C:\Users\CAMMSYS/.stm32cubeide/favorites.boards.txt: 0 item(s)
2025-12-12 16:49:10,593 [INFO] ApiDb:427 - User favorites Boards=[]
2025-12-12 16:49:10,593 [INFO] DbBoards:198 - Set 0 / 0 favorites Boards
2025-12-12 16:49:10,651 [INFO] ServerAccessManage:452 - Complete download http(s) 200
2025-12-12 16:49:10,652 [INFO] ServerAccessManage:509 - Download File 
2025-12-12 16:49:10,660 [INFO] LoadUrlFilesThread:185 - End of LoadServerUrlFiles without Thread
2025-12-12 16:49:10,661 [INFO] TargetSelectorAdapter:259 - Refresh data is successful
2025-12-12 16:49:10,662 [INFO] ApiDb:668 - CubeFinder database Data Model version=2.1
2025-12-12 16:49:10,662 [INFO] ApiDb:669 - CubeFinder database Configuration version=3.0.39
2025-12-12 16:49:10,662 [INFO] ApiDb:670 - CubeFinder database generation date=2025-11-05 (1762334721)
2025-12-12 16:49:10,662 [INFO] ApiDb:671 - CubeFinder database FW Pack versions=[FP-ATR-ASTRA1_V2.0.0, FP-SNS-FLIGHT1_V5.1.0, FP-SNS-MOTENV1_V5.1.0, FP-SNS-MOTENVWB1_V1.4.0, FP-SNS-SMARTAG2_V1.2.0, FP-SNS-STBOX1_V2.1.0, STM32Cube_FW_C0_V1.4.0, STM32Cube_FW_F4_V1.28.3, STM32Cube_FW_F7_V1.17.4, STM32Cube_FW_G0_V1.6.2, STM32Cube_FW_G4_V1.6.1, STM32Cube_FW_H5_V1.5.1, STM32Cube_FW_H7RS_V1.3.0, STM32Cube_FW_H7_V1.12.1, STM32Cube_FW_L0_V1.12.2, STM32Cube_FW_L4_V1.18.1, STM32Cube_FW_L5_V1.6.0, STM32Cube_FW_N6_V1.3.0, STM32Cube_FW_U0_V1.3.0, STM32Cube_FW_U3_V1.2.1, STM32Cube_FW_U5_V1.8.0, STM32Cube_FW_WB0_V1.4.0, STM32Cube_FW_WBA_V1.8.0, STM32Cube_FW_WB_V1.24.0, STM32Cube_FW_WL3_V1.3.0, STM32Cube_FW_WL_V1.4.0, X-CUBE-ALGOBUILD_V1.4.0, X-CUBE-ALS_V1.0.2, X-CUBE-AZRTOS-F4_V1.1.0, X-CUBE-AZRTOS-F7_V1.1.0, X-CUBE-AZRTOS-G0_V1.1.0, X-CUBE-AZRTOS-G4_V2.0.0, X-CUBE-AZRTOS-H7RS_V1.1.0, X-CUBE-AZRTOS-H7_V3.4.0, X-CUBE-AZRTOS-L4_V2.0.0, X-CUBE-AZRTOS-L5_V2.0.0, X-CUBE-AZRTOS-WB_V2.0.0, X-CUBE-AZRTOS-WL_V2.0.0, X-CUBE-BLE1_V7.1.0, X-CUBE-BLE2_V3.3.0, X-CUBE-BLEMGR_V4.1.0, X-CUBE-EEPRMA1_V5.2.0, X-CUBE-FREERTOS_V1.3.1, X-CUBE-GNSS1_V6.0.0, X-CUBE-MEMS1_V11.3.0, X-CUBE-NFC4_V3.0.0, X-CUBE-NFC7_V2.0.0, X-CUBE-SFXS2LP1_V4.0.0, X-CUBE-ST67W61_V1.1.0, X-CUBE-SUBG2_V5.0.0, X-CUBE-TOF1_V3.4.3]
2025-12-12 16:49:11,070 [ERROR] DbExamplesSqlite:437 - Missing JSON key: board_cpn
2025-12-12 16:49:11,071 [ERROR] DbExamplesSqlite:437 - Missing JSON key: board_cpn
2025-12-12 16:49:11,071 [ERROR] DbExamplesSqlite:437 - Missing JSON key: board_cpn
2025-12-12 16:49:11,071 [ERROR] DbExamplesSqlite:437 - Missing JSON key: board_cpn
2025-12-12 16:49:11,252 [ERROR] DbExamplesSqlite:437 - Missing JSON key: board_cpn
2025-12-12 16:49:11,253 [ERROR] DbExamplesSqlite:437 - Missing JSON key: board_cpn
2025-12-12 16:49:11,258 [INFO] DbExamplesSqlite:395 - Ignored 42 examples not supported by CubeIDE
2025-12-12 16:49:11,259 [INFO] DbExamplesSqlite:396 - Found 10883 examples active
2025-12-12 16:49:11,259 [INFO] DbExamplesSqlite:397 - Found 0 examples obsolete
2025-12-12 16:49:11,259 [INFO] DbExamplesSqlite:398 - Found 0 examples under development
2025-12-12 16:49:11,259 [INFO] DbExamplesSqlite:399 - Found 85 examples not building
2025-12-12 16:49:11,261 [INFO] DbExamples:125 - Found 10926 examples
2025-12-12 16:49:11,283 [ERROR] DbExamples:208 - Found 73 examples with invalid data (board or MCU)
2025-12-12 16:49:11,283 [INFO] DbExamples:222 - Found 134 boards with related examples
2025-12-12 16:49:11,284 [INFO] DbExamples:235 - Found 111 MCUs with related examples
2025-12-12 16:49:11,296 [INFO] ApiDb:414 - User favorites file not found: C:\Users\CAMMSYS/.stm32cubeide/favorites.examples.txt
2025-12-12 16:49:11,297 [INFO] DbExamples:250 - Set 0 / 0 favorites Examples
2025-12-12 16:49:11,506 [INFO] McuFinderGlobals:76 - Set McuFinderConnectedMode to true
2025-12-12 16:49:11,517 [INFO] MultiScanPanel:200 - Auto-refresh data requested => check proxy status ongoing
2025-12-12 16:49:11,521 [INFO] FinderPluginLoader:96 - Searching for filters in installed packs
2025-12-12 16:49:12,384 [INFO] LoadUrlFilesThread:185 - End of LoadServerUrlFiles without Thread
2025-12-12 16:49:12,401 [INFO] DetailPanel:341 - Set advertising image to C:/Users/CAMMSYS/STM32Cube/Repository/\en.prom-st67w-expansion-board.png
2025-12-12 16:49:25,084 [INFO] MainUpdater:2872 - connection check result : 10
2025-12-12 16:49:25,084 [INFO] MainUpdater:2872 - connection check result : 10
2025-12-12 16:49:25,134 [INFO] MicroXplorer:468 - Change Database Path : 
2025-12-12 16:49:25,135 [INFO] MicroXplorer:498 - Change Database Version : DB.6.0.150
2025-12-12 16:49:25,146 [ERROR] ProjectManagerView:395 - 
java.lang.NullPointerException: Cannot invoke "javax.swing.JTextField.getText()" because the return value of "java.util.List.get(int)" is null
	at com.st.microxplorer.plugins.projectmanager.gui.ProjectChoiceTab$9.caretUpdate(ProjectChoiceTab.java:2706) ~[filemanager.jar:?]
	at javax.swing.text.JTextComponent.fireCaretUpdate(JTextComponent.java:408) ~[?:?]
	at javax.swing.text.JTextComponent$MutableCaretEvent.fire(JTextComponent.java:4484) ~[?:?]
	at javax.swing.text.JTextComponent$MutableCaretEvent.stateChanged(JTextComponent.java:4506) ~[?:?]
	at javax.swing.text.DefaultCaret.fireStateChanged(DefaultCaret.java:857) ~[?:?]
	at javax.swing.text.DefaultCaret.changeCaretPosition(DefaultCaret.java:1343) ~[?:?]
	at javax.swing.text.DefaultCaret.handleSetDot(DefaultCaret.java:1242) ~[?:?]
	at javax.swing.text.DefaultCaret.setDot(DefaultCaret.java:1223) ~[?:?]
	at javax.swing.text.DefaultCaret$Handler.insertUpdate(DefaultCaret.java:1819) ~[?:?]
	at javax.swing.text.AbstractDocument.fireInsertUpdate(AbstractDocument.java:227) ~[?:?]
	at javax.swing.text.AbstractDocument.handleInsertString(AbstractDocument.java:781) ~[?:?]
	at javax.swing.text.AbstractDocument.insertString(AbstractDocument.java:740) ~[?:?]
	at javax.swing.text.PlainDocument.insertString(PlainDocument.java:131) ~[?:?]
	at javax.swing.text.AbstractDocument.replace(AbstractDocument.java:699) ~[?:?]
	at javax.swing.text.JTextComponent.setText(JTextComponent.java:1725) ~[?:?]
	at com.st.microxplorer.plugins.projectmanager.gui.ProjectChoiceTab.createHeapStackFields(ProjectChoiceTab.java:993) ~[filemanager.jar:?]
	at com.st.microxplorer.plugins.projectmanager.gui.ProjectChoiceTab.buildLinkSettingsPanel(ProjectChoiceTab.java:3813) ~[filemanager.jar:?]
	at com.st.microxplorer.plugins.projectmanager.gui.ProjectChoiceTab.defineWindowsFields(ProjectChoiceTab.java:1987) ~[filemanager.jar:?]
	at com.st.microxplorer.plugins.projectmanager.gui.ProjectChoiceTab.updateSettings(ProjectChoiceTab.java:558) ~[filemanager.jar:?]
	at com.st.microxplorer.plugins.projectmanager.gui.ProjectSettingsPanel.UpdateDialog(ProjectSettingsPanel.java:247) ~[filemanager.jar:?]
	at com.st.microxplorer.plugins.projectmanager.ProjectManagerView.propertyChange(ProjectManagerView.java:392) ~[filemanager.jar:?]
	at java.beans.PropertyChangeSupport.fire(PropertyChangeSupport.java:343) ~[?:?]
	at java.beans.PropertyChangeSupport.firePropertyChange(PropertyChangeSupport.java:335) ~[?:?]
	at java.beans.PropertyChangeSupport.firePropertyChange(PropertyChangeSupport.java:268) ~[?:?]
	at com.st.microxplorer.util.MXPropertyChangeSupport.firePropertyChange(MXPropertyChangeSupport.java:54) ~[STM32CubeMX.jar:?]
	at com.st.microxplorer.mxsystem.MxSystem.closeConfig(MxSystem.java:899) ~[STM32CubeMX.jar:?]
	at com.st.microxplorer.maingui.MainPanel.closeConfig(MainPanel.java:792) ~[STM32CubeMX.jar:?]
	at com.st.microxplorer.plugins.filemanager.engine.OpenFileManager.loadConfigurationFile(OpenFileManager.java:288) ~[filemanager.jar:?]
	at com.st.microxplorer.plugins.filemanager.engine.MainFileManager.userLoadConfig(MainFileManager.java:364) ~[filemanager.jar:?]
	at com.st.microxplorer.plugins.filemanager.engine.MainFileManager.userLoadConfig(MainFileManager.java:342) ~[filemanager.jar:?]
	at com.st.microxplorer.plugins.filemanager.FileManagerView.getSpecificTask(FileManagerView.java:264) ~[filemanager.jar:?]
	at com.st.stm32cube.common.mx.editor.CubeMxEditor.getMxTabbedPaneInstance(CubeMxEditor.java:1198) ~[com.st.stm32cube.common.mx_6.15.0.202507011659/:?]
	at com.st.stm32cube.common.mx.editor.CubeMxEditor$12$1.createSwingComponent(CubeMxEditor.java:1068) ~[com.st.stm32cube.common.mx_6.15.0.202507011659/:?]
	at com.st.stm32cube.common.mx.oss.core.awtswtbridge.EmbeddedSwingComposite.doComponentCreation(EmbeddedSwingComposite.java:492) ~[com.st.stm32cube.common.mx.oss_6.15.0.202507011659/:?]
	at com.st.stm32cube.common.mx.oss.core.awtswtbridge.EmbeddedSwingComposite$4.run(EmbeddedSwingComposite.java:291) ~[com.st.stm32cube.common.mx.oss_6.15.0.202507011659/:?]
	at com.st.stm32cube.common.mx.oss.core.awtswtbridge.AwtEnvironment$2.run(AwtEnvironment.java:166) ~[com.st.stm32cube.common.mx.oss_6.15.0.202507011659/:?]
	at java.awt.event.InvocationEvent.dispatch(InvocationEvent.java:318) ~[?:?]
	at java.awt.EventQueue.dispatchEventImpl(EventQueue.java:773) ~[?:?]
	at java.awt.EventQueue$4.run(EventQueue.java:720) ~[?:?]
	at java.awt.EventQueue$4.run(EventQueue.java:714) ~[?:?]
	at java.security.AccessController.doPrivileged(AccessController.java:400) ~[?:?]
	at java.security.ProtectionDomain$JavaSecurityAccessImpl.doIntersectionPrivilege(ProtectionDomain.java:87) ~[?:?]
	at java.awt.EventQueue.dispatchEvent(EventQueue.java:742) ~[?:?]
	at java.awt.EventDispatchThread.pumpOneEventForFilters(EventDispatchThread.java:203) ~[?:?]
	at java.awt.EventDispatchThread.pumpEventsForFilter(EventDispatchThread.java:124) ~[?:?]
	at java.awt.EventDispatchThread.pumpEventsForHierarchy(EventDispatchThread.java:113) ~[?:?]
	at java.awt.EventDispatchThread.pumpEvents(EventDispatchThread.java:109) ~[?:?]
	at java.awt.EventDispatchThread.pumpEvents(EventDispatchThread.java:101) ~[?:?]
	at java.awt.EventDispatchThread.run(EventDispatchThread.java:90) ~[?:?]
2025-12-12 16:49:25,147 [WARN] ThirdParty:871 - waiting for thirdparty lock release [close project]
2025-12-12 16:49:25,147 [INFO] ThirdParty:873 - entering critical section [close project]
2025-12-12 16:49:25,147 [INFO] ThirdParty:883 - exiting critical section [close project]
2025-12-12 16:49:25,148 [INFO] PinOutPanel:1589 - setPackage(No Configuration,No Configuration)
2025-12-12 16:49:25,149 [INFO] UtilMem:75 - Begin LoadConfig() Used Memory: 771624024 Bytes (1073741824)
2025-12-12 16:49:25,150 [INFO] MicroXplorer:468 - Change Database Path : 
2025-12-12 16:49:25,150 [INFO] MicroXplorer:498 - Change Database Version : DB.6.0.150
2025-12-12 16:49:25,150 [INFO] OpenFileManager:355 - Change cursor
2025-12-12 16:49:25,157 [INFO] Mcu:2029 - Initializing MCU STM32L412RBTxP STM32L412RBTxP STM32L412RBT6P
2025-12-12 16:49:25,880 [INFO] Context:786 - Trying to add GPIOservice into a context  which must be forbidden
2025-12-12 16:49:26,165 [INFO] ImportTextPane:234 - (OptionalMessage_ERROR) Pin18 (VP_RIF_VS_RIF1) cannot be retrieved for this MCU
2025-12-12 16:49:26,373 [INFO] RtosManager:558 - Registered RTOS mode: class=CMSIS, group=RTOS, mode=CMSIS_V1, owner=FREERTOS
2025-12-12 16:49:26,373 [INFO] RtosManager:558 - Registered RTOS mode: class=CMSIS, group=RTOS2, mode=CMSIS_V2, owner=FREERTOS
2025-12-12 16:49:26,373 [INFO] RtosManager:558 - Registered RTOS mode: class=RTOS, group=Core, mode=CMSIS_V1, owner=FREERTOS
2025-12-12 16:49:26,373 [INFO] RtosManager:558 - Registered RTOS mode: class=RTOS, group=Core, mode=CMSIS_V2, owner=FREERTOS
2025-12-12 16:49:26,373 [WARN] ModelIntegratedComponent:184 - Missing modes for component STMicroelectronics:FreeRTOS:0.0.1:STMicroelectronics:RTOS:FreeRTOS:Core:::10.2.0:
2025-12-12 16:49:26,379 [WARN] ModelIntegratedComponent:63 - No mode defined for component null
2025-12-12 16:49:26,379 [WARN] ModelIntegratedComponent:63 - No mode defined for component null
2025-12-12 16:49:26,379 [WARN] ModelIntegratedComponent:63 - No mode defined for component null
2025-12-12 16:49:26,379 [WARN] ModelIntegratedComponent:63 - No mode defined for component null
2025-12-12 16:49:26,379 [WARN] ModelIntegratedComponent:63 - No mode defined for component null
2025-12-12 16:49:26,379 [WARN] ModelIntegratedComponent:63 - No mode defined for component null
2025-12-12 16:49:26,379 [WARN] ModelIntegratedComponent:63 - No mode defined for component null
2025-12-12 16:49:26,379 [WARN] ModelIntegratedComponent:63 - No mode defined for component null
2025-12-12 16:49:26,379 [WARN] ModelIntegratedComponent:63 - No mode defined for component null
2025-12-12 16:49:26,379 [WARN] ModelIntegratedComponent:63 - No mode defined for component null
2025-12-12 16:49:26,379 [WARN] ModelIntegratedComponent:63 - No mode defined for component null
2025-12-12 16:49:26,379 [WARN] ModelIntegratedComponent:63 - No mode defined for component null
2025-12-12 16:49:26,379 [WARN] ModelIntegratedComponent:63 - No mode defined for component null
2025-12-12 16:49:26,379 [WARN] ModelIntegratedComponent:63 - No mode defined for component null
2025-12-12 16:49:26,379 [WARN] ModelIntegratedComponent:63 - No mode defined for component null
2025-12-12 16:49:26,379 [WARN] ModelIntegratedComponent:63 - No mode defined for component null
2025-12-12 16:49:26,379 [WARN] ModelIntegratedComponent:63 - No mode defined for component null
2025-12-12 16:49:26,379 [WARN] ModelIntegratedComponent:63 - No mode defined for component null
2025-12-12 16:49:26,379 [WARN] ModelIntegratedComponent:63 - No mode defined for component null
2025-12-12 16:49:26,379 [WARN] ModelIntegratedComponent:63 - No mode defined for component null
2025-12-12 16:49:26,379 [WARN] ModelIntegratedComponent:63 - No mode defined for component null
2025-12-12 16:49:26,379 [WARN] ModelIntegratedComponent:63 - No mode defined for component null
2025-12-12 16:49:26,379 [WARN] ModelIntegratedComponent:63 - No mode defined for component null
2025-12-12 16:49:26,379 [WARN] ModelIntegratedComponent:63 - No mode defined for component null
2025-12-12 16:49:26,379 [WARN] ModelIntegratedComponent:63 - No mode defined for component null
2025-12-12 16:49:26,379 [WARN] ModelIntegratedComponent:63 - No mode defined for component null
2025-12-12 16:49:26,379 [WARN] ModelIntegratedComponent:63 - No mode defined for component null
2025-12-12 16:49:26,379 [WARN] ModelIntegratedComponent:63 - No mode defined for component null
2025-12-12 16:49:26,379 [WARN] ModelIntegratedComponent:63 - No mode defined for component null
2025-12-12 16:49:26,379 [WARN] ModelIntegratedComponent:63 - No mode defined for component null
2025-12-12 16:49:26,379 [WARN] ModelIntegratedComponent:63 - No mode defined for component null
2025-12-12 16:49:26,379 [WARN] ModelIntegratedComponent:63 - No mode defined for component null
2025-12-12 16:49:26,380 [WARN] ModelIntegratedComponent:63 - No mode defined for component null
2025-12-12 16:49:26,380 [WARN] ModelIntegratedComponent:63 - No mode defined for component null
2025-12-12 16:49:26,380 [WARN] ModelIntegratedComponent:63 - No mode defined for component null
2025-12-12 16:49:26,380 [WARN] ModelPack:524 - Component already loaded: STMicroelectronics:HAL Drivers:0.0.0:STMicroelectronics:Device:STMicro_Driver:XSPI:HAL::0.0.1:HAL_XSPI
2025-12-12 16:49:26,394 [INFO] ThirdPartyModel:298 - Start build external matchings
2025-12-12 16:49:26,612 [INFO] ThirdPartyModel:316 - End build external matchings
2025-12-12 16:49:26,621 [INFO] ImportTextPane:234 - (OptionalMessage_ERROR) IP (RCC) : Invalid parameter (FamilyName)
2025-12-12 16:49:26,621 [INFO] ImportTextPane:234 - (OptionalMessage_ERROR) IP (RCC) : Parameter (USBFreq_Value) has invalid value (4000000)
2025-12-12 16:49:26,790 [INFO] UtilMem:75 - End LoadConfig() Used Memory: 968293824 Bytes (1073741824)
2025-12-12 16:49:26,872 [WARN] ThirdParty:833 - waiting for thirdparty lock release [change project]
2025-12-12 16:49:26,873 [INFO] ThirdParty:835 - entering critical section [change project]
2025-12-12 16:49:26,873 [INFO] ThirdParty:1030 - CMSIS Pack Vendor :STMicroelectronics X-CUBE-PM33A1 1.0.0
2025-12-12 16:49:26,873 [INFO] ThirdParty:1030 - CMSIS Pack Vendor :STMicroelectronics USBPD 4.1
2025-12-12 16:49:26,873 [INFO] ThirdParty:1030 - CMSIS Pack Vendor :STMicroelectronics X-CUBE-NFC9 1.0.0
2025-12-12 16:49:26,873 [INFO] ThirdParty:1030 - CMSIS Pack Vendor :STMicroelectronics USB_HOST 2.0.0
2025-12-12 16:49:26,873 [INFO] ThirdParty:1030 - CMSIS Pack Vendor :STMicroelectronics FP-SNS-MOTENVWB1 1.4.0
2025-12-12 16:49:26,873 [INFO] ThirdParty:1030 - CMSIS Pack Vendor :STMicroelectronics X-CUBE-AZRTOS-F4 1.1.0
2025-12-12 16:49:26,873 [INFO] ThirdParty:1030 - CMSIS Pack Vendor :STMicroelectronics LIBJPEG 8.0.0
2025-12-12 16:49:26,873 [INFO] ThirdParty:1030 - CMSIS Pack Vendor :STMicroelectronics FP-ATR-ASTRA1 2.0.2
2025-12-12 16:49:26,873 [INFO] ThirdParty:1030 - CMSIS Pack Vendor :STMicroelectronics X-CUBE-BLE1 7.1.0
2025-12-12 16:49:26,873 [INFO] ThirdParty:1030 - CMSIS Pack Vendor :STMicroelectronics X-CUBE-SMBUS 2.1.0
2025-12-12 16:49:26,873 [INFO] ThirdParty:1030 - CMSIS Pack Vendor :wolfSSL I-CUBE-wolfMQTT 1.19.2
2025-12-12 16:49:26,873 [INFO] ThirdParty:1030 - CMSIS Pack Vendor :STMicroelectronics USB_DEVICE 3.0.0
2025-12-12 16:49:26,873 [INFO] ThirdParty:1030 - CMSIS Pack Vendor :STMicroelectronics X-CUBE-ISPU 2.1.0
2025-12-12 16:49:26,873 [INFO] ThirdParty:1030 - CMSIS Pack Vendor :STMicroelectronics X-CUBE-FREERTOS 1.4.0
2025-12-12 16:49:26,873 [INFO] ThirdParty:1030 - CMSIS Pack Vendor :STMicroelectronics X-CUBE-EEPRMA1 5.2.0
2025-12-12 16:49:26,873 [INFO] ThirdParty:1030 - CMSIS Pack Vendor :STMicroelectronics X-CUBE-IPS 3.2.0
2025-12-12 16:49:26,873 [INFO] ThirdParty:1030 - CMSIS Pack Vendor :STMicroelectronics X-CUBE-BLEMGR 4.1.0
2025-12-12 16:49:26,873 [INFO] ThirdParty:1030 - CMSIS Pack Vendor :STMicroelectronics X-CUBE-AZRTOS-WB 2.0.0
2025-12-12 16:49:26,873 [INFO] ThirdParty:1030 - CMSIS Pack Vendor :wolfSSL I-CUBE-wolfSSL 5.8.4
2025-12-12 16:49:26,873 [INFO] ThirdParty:1030 - CMSIS Pack Vendor :Cesanta I-CUBE-Mongoose 7.20.0
2025-12-12 16:49:26,873 [INFO] ThirdParty:1030 - CMSIS Pack Vendor :STMicroelectronics X-CUBE-NFC12 1.0.0
2025-12-12 16:49:26,873 [INFO] ThirdParty:1030 - CMSIS Pack Vendor :STMicroelectronics X-CUBE-AZRTOS-F7 1.1.0
2025-12-12 16:49:26,873 [INFO] ThirdParty:1030 - CMSIS Pack Vendor :STMicroelectronics X-CUBE-AZRTOS-L5 2.0.0
2025-12-12 16:49:26,873 [INFO] ThirdParty:1030 - CMSIS Pack Vendor :STMicroelectronics USB_DEVICE 2.0.0
2025-12-12 16:49:26,873 [INFO] ThirdParty:1030 - CMSIS Pack Vendor :STMicroelectronics X-CUBE-NFC6 3.1.0
2025-12-12 16:49:26,873 [INFO] ThirdParty:1030 - CMSIS Pack Vendor :STMicroelectronics X-CUBE-ST67W61 1.1.0
2025-12-12 16:49:26,873 [INFO] ThirdParty:1030 - CMSIS Pack Vendor :quantropi X-CUBE-qispace-sdk-base 2.1.0
2025-12-12 16:49:26,873 [INFO] ThirdParty:1030 - CMSIS Pack Vendor :STMicroelectronics X-CUBE-MEMS1 12.0.0
2025-12-12 16:49:26,873 [INFO] ThirdParty:1030 - CMSIS Pack Vendor :STMicroelectronics FP-SNS-MOTENV1 5.1.0
2025-12-12 16:49:26,873 [INFO] ThirdParty:1030 - CMSIS Pack Vendor :STMicroelectronics FreeRTOS 0.0.1
2025-12-12 16:49:26,873 [INFO] ThirdParty:1030 - CMSIS Pack Vendor :STMicroelectronics X-CUBE-AZRTOS-G0 1.1.0
2025-12-12 16:49:26,873 [INFO] ThirdParty:1030 - CMSIS Pack Vendor :STMicroelectronics X-CUBE-NFC4 3.0.0
2025-12-12 16:49:26,873 [INFO] ThirdParty:1030 - CMSIS Pack Vendor :STMicroelectronics X-CUBE-SUBG2 5.0.0
2025-12-12 16:49:26,873 [INFO] ThirdParty:1030 - CMSIS Pack Vendor :STMicroelectronics STM32_WPAN 1.0.0
2025-12-12 16:49:26,873 [INFO] ThirdParty:1030 - CMSIS Pack Vendor :EmbeddedOffice I-CUBE-FS-RTOS 1.0.1
2025-12-12 16:49:26,873 [INFO] ThirdParty:1030 - CMSIS Pack Vendor :STMicroelectronics lwIP 2.0.3
2025-12-12 16:49:26,873 [INFO] ThirdParty:1030 - CMSIS Pack Vendor :WES I-CUBE-Cesium 1.4.0
2025-12-12 16:49:26,873 [INFO] ThirdParty:1030 - CMSIS Pack Vendor :STMicroelectronics USB_HOST 1.0.0
2025-12-12 16:49:26,873 [INFO] ThirdParty:1030 - CMSIS Pack Vendor :STMicroelectronics X-CUBE-AZRTOS-G4 2.0.0
2025-12-12 16:49:26,873 [INFO] ThirdParty:1030 - CMSIS Pack Vendor :STMicroelectronics X-CUBE-WB05N 2.0.0
2025-12-12 16:49:26,873 [INFO] ThirdParty:1030 - CMSIS Pack Vendor :STMicroelectronics PDM2PCM 3.1.0
2025-12-12 16:49:26,873 [INFO] ThirdParty:1030 - CMSIS Pack Vendor :STMicroelectronics PDM2PCM 3.3.0
2025-12-12 16:49:26,873 [INFO] ThirdParty:1030 - CMSIS Pack Vendor :wolfSSL I-CUBE-wolfTPM 3.8.0
2025-12-12 16:49:26,873 [INFO] ThirdParty:1030 - CMSIS Pack Vendor :STMicroelectronics X-CUBE-AZRTOS-H7 3.4.0
2025-12-12 16:49:26,873 [INFO] ThirdParty:1030 - CMSIS Pack Vendor :STMicroelectronics X-CUBE-DISPLAY 3.0.0
2025-12-12 16:49:26,873 [INFO] ThirdParty:1030 - CMSIS Pack Vendor :wolfSSL I-CUBE-wolfSSH 1.4.20
2025-12-12 16:49:26,873 [INFO] ThirdParty:1030 - CMSIS Pack Vendor :STMicroelectronics X-CUBE-NFC7 2.0.0
2025-12-12 16:49:26,873 [INFO] ThirdParty:1030 - CMSIS Pack Vendor :STMicroelectronics X-CUBE-TCPP 4.2.0
2025-12-12 16:49:26,873 [INFO] ThirdParty:1030 - CMSIS Pack Vendor :RealThread X-CUBE-RT-Thread_Nano 4.1.1
2025-12-12 16:49:26,873 [INFO] ThirdParty:1030 - CMSIS Pack Vendor :STMicroelectronics FP-ATR-SIGFOX1 3.2.0
2025-12-12 16:49:26,873 [INFO] ThirdParty:1030 - CMSIS Pack Vendor :STMicroelectronics X-CUBE-NFC10 1.0.0
2025-12-12 16:49:26,873 [INFO] ThirdParty:1030 - CMSIS Pack Vendor :STMicroelectronics HAL Drivers 0.0.0
2025-12-12 16:49:26,873 [INFO] ThirdParty:1030 - CMSIS Pack Vendor :STMicroelectronics MBEDTLS 2.16.2
2025-12-12 16:49:26,873 [INFO] ThirdParty:1030 - CMSIS Pack Vendor :STMicroelectronics X-CUBE-ST60 1.1.0
2025-12-12 16:49:26,873 [INFO] ThirdParty:1030 - CMSIS Pack Vendor :STMicroelectronics X-CUBE-ALS 1.0.2
2025-12-12 16:49:26,873 [INFO] ThirdParty:1030 - CMSIS Pack Vendor :emotas I-CUBE-CANOPEN 1.3.0
2025-12-12 16:49:26,873 [INFO] ThirdParty:1030 - CMSIS Pack Vendor :STMicroelectronics MBEDTLS 2.14.1
2025-12-12 16:49:26,873 [INFO] ThirdParty:1030 - CMSIS Pack Vendor :STMicroelectronics X-CUBE-GNSS1 7.1.0
2025-12-12 16:49:26,873 [INFO] ThirdParty:1030 - CMSIS Pack Vendor :ITTIA_DB I-CUBE-ITTIADB 8.9.0
2025-12-12 16:49:26,873 [INFO] ThirdParty:1030 - CMSIS Pack Vendor :STMicroelectronics X-CUBE-TOUCHGFX 4.26.0
2025-12-12 16:49:26,873 [INFO] ThirdParty:1030 - CMSIS Pack Vendor :STMicroelectronics X-CUBE-STSE01 1.0.0
2025-12-12 16:49:26,873 [INFO] ThirdParty:1030 - CMSIS Pack Vendor :STMicroelectronics FP-SNS-STBOX1 2.1.0
2025-12-12 16:49:26,873 [INFO] ThirdParty:1030 - CMSIS Pack Vendor :STMicroelectronics X-CUBE-AI 10.2.0
2025-12-12 16:49:26,874 [INFO] ThirdParty:1030 - CMSIS Pack Vendor :STMicroelectronics FP-SNS-STAIOTCFT 1.0.0
2025-12-12 16:49:26,874 [INFO] ThirdParty:1030 - CMSIS Pack Vendor :STMicroelectronics ThreadX 1.0.0
2025-12-12 16:49:26,874 [INFO] ThirdParty:1030 - CMSIS Pack Vendor :STMicroelectronics FP-SNS-SMARTAG2 1.2.0
2025-12-12 16:49:26,874 [INFO] ThirdParty:1030 - CMSIS Pack Vendor :STMicroelectronics FP-SNS-FLIGHT1 5.1.0
2025-12-12 16:49:26,874 [INFO] ThirdParty:1030 - CMSIS Pack Vendor :STMicroelectronics X-CUBE-AZRTOS-WL 2.0.0
2025-12-12 16:49:26,874 [INFO] ThirdParty:1030 - CMSIS Pack Vendor :SEGGER I-CUBE-embOS 1.3.1
2025-12-12 16:49:26,874 [INFO] ThirdParty:1030 - CMSIS Pack Vendor :STMicroelectronics X-CUBE-ALGOBUILD 1.4.0
2025-12-12 16:49:26,874 [INFO] ThirdParty:1030 - CMSIS Pack Vendor :STMicroelectronics X-CUBE-DPower 1.3.0
2025-12-12 16:49:26,874 [INFO] ThirdParty:1030 - CMSIS Pack Vendor :STMicroelectronics USB_DEVICE 1.0.0
2025-12-12 16:49:26,874 [INFO] ThirdParty:1030 - CMSIS Pack Vendor :STMicroelectronics X-CUBE-AZRTOS-H7RS 1.2.0
2025-12-12 16:49:26,874 [INFO] ThirdParty:1030 - CMSIS Pack Vendor :STMicroelectronics X-CUBE-AZRTOS-L4 2.0.0
2025-12-12 16:49:26,874 [INFO] ThirdParty:1030 - CMSIS Pack Vendor :STMicroelectronics ThreadX 0.0.2
2025-12-12 16:49:26,874 [INFO] ThirdParty:1030 - CMSIS Pack Vendor :STMicroelectronics lwIP 2.1.2
2025-12-12 16:49:26,874 [INFO] ThirdParty:1030 - CMSIS Pack Vendor :STMicroelectronics X-CUBE-SFXS2LP1 4.0.0
2025-12-12 16:49:26,874 [INFO] ThirdParty:1030 - CMSIS Pack Vendor :STMicroelectronics X-CUBE-BLE2 3.3.0
2025-12-12 16:49:26,874 [INFO] ThirdParty:1030 - CMSIS Pack Vendor :Avnet-IOTCONNECT X-CUBE-iotc-st67-sdk 1.0.0
2025-12-12 16:49:26,874 [INFO] ThirdParty:1030 - CMSIS Pack Vendor :STMicroelectronics X-CUBE-TOF1 3.4.3
2025-12-12 16:49:26,874 [INFO] ThirdParty:1030 - CMSIS Pack Vendor :Infineon AIROC-Wi-Fi-Bluetooth-STM32 1.8.0
2025-12-12 16:49:26,874 [INFO] ThirdParty:1030 - CMSIS Pack Vendor :STMicroelectronics PDM2PCM 3.2.0
2025-12-12 16:49:26,874 [INFO] ThirdParty:841 - exiting critical section [change project]
2025-12-12 16:49:27,031 [INFO] PinOutPanel:1589 - setPackage(No Configuration,No Configuration)
2025-12-12 16:49:27,032 [INFO] PinOutPanel:1589 - setPackage(STM32L412RBTxP,LQFP64)
2025-12-12 16:49:27,379 [INFO] UtilMem:75 - Before build in PCC Used Memory: 840738640 Bytes (1073741824)
2025-12-12 16:49:27,653 [INFO] UtilMem:75 - After build in PCC Used Memory: 933539664 Bytes (1073741824)
2025-12-12 16:49:27,670 [INFO] IPUIPlugin:80 - create IPUIPlugin
2025-12-12 16:49:27,670 [INFO] IPUIPlugin:80 - create IPUIPlugin
2025-12-12 16:49:27,670 [INFO] IPUIPlugin:80 - create IPUIPlugin
2025-12-12 16:49:27,670 [INFO] IPUIPlugin:80 - create IPUIPlugin
2025-12-12 16:49:27,670 [INFO] IPUIPlugin:80 - create IPUIPlugin
2025-12-12 16:49:27,670 [INFO] IPUIPlugin:80 - create IPUIPlugin
2025-12-12 16:49:27,670 [INFO] IPUIPlugin:80 - create IPUIPlugin
2025-12-12 16:49:27,670 [INFO] IPUIPlugin:80 - create IPUIPlugin
2025-12-12 16:49:27,671 [INFO] IPUIPlugin:80 - create IPUIPlugin
2025-12-12 16:49:27,671 [INFO] IPUIPlugin:80 - create IPUIPlugin
2025-12-12 16:49:27,671 [INFO] IPUIPlugin:80 - create IPUIPlugin
2025-12-12 16:49:27,671 [INFO] IPUIPlugin:80 - create IPUIPlugin
2025-12-12 16:49:27,671 [INFO] IPUIPlugin:80 - create IPUIPlugin
2025-12-12 16:49:27,671 [INFO] IPUIPlugin:80 - create IPUIPlugin
2025-12-12 16:49:27,671 [INFO] IPUIPlugin:80 - create IPUIPlugin
2025-12-12 16:49:27,671 [INFO] IPUIPlugin:80 - create IPUIPlugin
2025-12-12 16:49:27,671 [INFO] IPUIPlugin:80 - create IPUIPlugin
2025-12-12 16:49:27,671 [INFO] IPUIPlugin:80 - create IPUIPlugin
2025-12-12 16:49:27,672 [INFO] IPUIPlugin:80 - create IPUIPlugin
2025-12-12 16:49:27,672 [INFO] IPUIPlugin:80 - create IPUIPlugin
2025-12-12 16:49:27,672 [INFO] IPUIPlugin:80 - create IPUIPlugin
2025-12-12 16:49:27,672 [INFO] IPUIPlugin:80 - create IPUIPlugin
2025-12-12 16:49:27,672 [INFO] IPUIPlugin:80 - create IPUIPlugin
2025-12-12 16:49:27,672 [INFO] IPUIPlugin:80 - create IPUIPlugin
2025-12-12 16:49:27,672 [INFO] IPUIPlugin:80 - create IPUIPlugin
2025-12-12 16:49:27,672 [INFO] IPUIPlugin:80 - create IPUIPlugin
2025-12-12 16:49:27,672 [INFO] IPUIPlugin:80 - create IPUIPlugin
2025-12-12 16:49:27,672 [INFO] IPUIPlugin:80 - create IPUIPlugin
2025-12-12 16:49:27,673 [INFO] IPUIPlugin:80 - create IPUIPlugin
2025-12-12 16:49:27,673 [INFO] IPUIPlugin:80 - create IPUIPlugin
2025-12-12 16:49:27,673 [INFO] IPUIPlugin:80 - create IPUIPlugin
2025-12-12 16:49:27,673 [INFO] IPUIPlugin:80 - create IPUIPlugin
2025-12-12 16:49:27,674 [INFO] IPUIPlugin:80 - create IPUIPlugin
2025-12-12 16:49:27,674 [INFO] IPUIPlugin:80 - create IPUIPlugin
2025-12-12 16:49:27,674 [INFO] IPUIPlugin:80 - create IPUIPlugin
2025-12-12 16:49:27,674 [INFO] IPUIPlugin:80 - create IPUIPlugin
2025-12-12 16:49:27,674 [INFO] IPUIPlugin:80 - create IPUIPlugin
2025-12-12 16:49:27,674 [INFO] IPUIPlugin:80 - create IPUIPlugin
2025-12-12 16:49:27,703 [INFO] CADModel:165 - CPN selected for project levelSTM32L412RBT6P
2025-12-12 16:49:27,704 [INFO] CADModel:114 - Register for checkConnection events
2025-12-12 16:49:27,755 [INFO] OpenFileManager:386 - Restore cursor
2025-12-12 16:49:28,138 [INFO] UtilMem:75 - End SaveConfig() Used Memory: 755649984 Bytes (1073741824)
2025-12-12 16:49:35,192 [INFO] McuFinderGlobals:76 - Set McuFinderConnectedMode to true
2025-12-12 16:49:35,403 [INFO] ApiDb:448 - Save user favorites file C:\Users\CAMMSYS/.stm32cubeide/favorites.mcus.txt: 0 item(s)
2025-12-12 16:49:35,403 [INFO] ApiDb:452 - User favorites MCUs=[]
2025-12-12 16:49:35,572 [ERROR] LogOutputStream:75 - [STDERR_REDIRECT] Exception in thread "AWT-EventQueue-0" java.awt.IllegalComponentStateException: Native resources unavailable
2025-12-12 16:49:35,573 [ERROR] LogOutputStream:75 - [STDERR_REDIRECT] 	at java.desktop/sun.awt.windows.WWindowPeer.getScreenImOn(Native Method)
2025-12-12 16:49:35,574 [ERROR] LogOutputStream:75 - [STDERR_REDIRECT] 	at java.desktop/sun.awt.windows.WWindowPeer.updateGC(WWindowPeer.java:566)
2025-12-12 16:49:35,575 [ERROR] LogOutputStream:75 - [STDERR_REDIRECT] 	at java.desktop/java.awt.event.InvocationEvent.dispatch(InvocationEvent.java:318)
2025-12-12 16:49:35,575 [ERROR] LogOutputStream:75 - [STDERR_REDIRECT] 	at java.desktop/java.awt.EventQueue.dispatchEventImpl(EventQueue.java:773)
2025-12-12 16:49:35,576 [ERROR] LogOutputStream:75 - [STDERR_REDIRECT] 	at java.desktop/java.awt.EventQueue$4.run(EventQueue.java:720)
2025-12-12 16:49:35,576 [ERROR] LogOutputStream:75 - [STDERR_REDIRECT] 	at java.desktop/java.awt.EventQueue$4.run(EventQueue.java:714)
2025-12-12 16:49:35,578 [ERROR] LogOutputStream:75 - [STDERR_REDIRECT] 	at java.base/java.security.AccessController.doPrivileged(AccessController.java:400)
2025-12-12 16:49:35,579 [ERROR] LogOutputStream:75 - [STDERR_REDIRECT] 	at java.base/java.security.ProtectionDomain$JavaSecurityAccessImpl.doIntersectionPrivilege(ProtectionDomain.java:87)
2025-12-12 16:49:35,580 [ERROR] LogOutputStream:75 - [STDERR_REDIRECT] 	at java.base/java.security.ProtectionDomain$JavaSecurityAccessImpl.doIntersectionPrivilege(ProtectionDomain.java:98)
2025-12-12 16:49:35,580 [ERROR] LogOutputStream:75 - [STDERR_REDIRECT] 	at java.desktop/java.awt.EventQueue$5.run(EventQueue.java:747)
2025-12-12 16:49:35,581 [ERROR] LogOutputStream:75 - [STDERR_REDIRECT] 	at java.desktop/java.awt.EventQueue$5.run(EventQueue.java:745)
2025-12-12 16:49:35,582 [ERROR] LogOutputStream:75 - [STDERR_REDIRECT] 	at java.base/java.security.AccessController.doPrivileged(AccessController.java:400)
2025-12-12 16:49:35,583 [ERROR] LogOutputStream:75 - [STDERR_REDIRECT] 	at java.base/java.security.ProtectionDomain$JavaSecurityAccessImpl.doIntersectionPrivilege(ProtectionDomain.java:87)
2025-12-12 16:49:35,584 [ERROR] LogOutputStream:75 - [STDERR_REDIRECT] 	at java.desktop/java.awt.EventQueue.dispatchEvent(EventQueue.java:744)
2025-12-12 16:49:35,585 [ERROR] LogOutputStream:75 - [STDERR_REDIRECT] 	at java.desktop/java.awt.EventDispatchThread.pumpOneEventForFilters(EventDispatchThread.java:203)
2025-12-12 16:49:35,586 [ERROR] LogOutputStream:75 - [STDERR_REDIRECT] 	at java.desktop/java.awt.EventDispatchThread.pumpEventsForFilter(EventDispatchThread.java:124)
2025-12-12 16:49:35,587 [ERROR] LogOutputStream:75 - [STDERR_REDIRECT] 	at java.desktop/java.awt.EventDispatchThread.pumpEventsForHierarchy(EventDispatchThread.java:113)
2025-12-12 16:49:35,587 [ERROR] LogOutputStream:75 - [STDERR_REDIRECT] 	at java.desktop/java.awt.EventDispatchThread.pumpEvents(EventDispatchThread.java:109)
2025-12-12 16:49:35,588 [ERROR] LogOutputStream:75 - [STDERR_REDIRECT] 	at java.desktop/java.awt.EventDispatchThread.pumpEvents(EventDispatchThread.java:101)
2025-12-12 16:49:35,589 [ERROR] LogOutputStream:75 - [STDERR_REDIRECT] 	at java.desktop/java.awt.EventDispatchThread.run(EventDispatchThread.java:90)
2025-12-12 16:51:14,955 [INFO] MainUpdater:2872 - connection check result : 10
2025-12-12 16:51:15,023 [INFO] McuFinderGlobals:76 - Set McuFinderConnectedMode to true
2025-12-12 16:51:15,024 [INFO] MultiScanPanel:200 - Auto-refresh data requested => check proxy status ongoing
2025-12-12 16:51:15,024 [INFO] FinderPluginLoader:96 - Searching for filters in installed packs
2025-12-12 16:51:15,825 [INFO] LoadUrlFilesThread:185 - End of LoadServerUrlFiles without Thread
2025-12-12 16:51:15,825 [INFO] DetailPanel:341 - Set advertising image to C:/Users/CAMMSYS/STM32Cube/Repository/\en.prom-st67w-expansion-board.png
2025-12-12 16:51:16,265 [INFO] MultiScanPanel:200 - Auto-refresh data requested => check proxy status ongoing
2025-12-12 16:51:16,372 [INFO] LoadUrlFilesThread:185 - End of LoadServerUrlFiles without Thread
2025-12-12 16:51:16,372 [INFO] DetailPanel:341 - Set advertising image to C:/Users/CAMMSYS/STM32Cube/Repository/\en.prom-st67w-expansion-board.png
2025-12-12 16:51:16,384 [INFO] DbBoards:642 - Loading board mini-images...
2025-12-12 16:51:17,909 [ERROR] DbBoards:659 - Image file not found for board STM32MP215F-DK: C:\Users\CAMMSYS\.stmcufinder\plugins\mcufinder//mcu//boards_images/STM32MP215F-DK.jpg
2025-12-12 16:51:17,979 [INFO] DbBoards:665 - Loaded 211 board mini-images
2025-12-12 16:51:18,025 [INFO] MultiScanPanel:200 - Auto-refresh data requested => check proxy status ongoing
2025-12-12 16:51:18,026 [INFO] ApiDb:581 - Connected to CubeFinder SQLite database (C:\Users\CAMMSYS\.stmcufinder\plugins\mcufinder\mcu\cube-finder-db.db)
2025-12-12 16:51:18,086 [INFO] ApiDb:668 - CubeFinder database Data Model version=2.1
2025-12-12 16:51:18,086 [INFO] ApiDb:669 - CubeFinder database Configuration version=3.0.39
2025-12-12 16:51:18,086 [INFO] ApiDb:670 - CubeFinder database generation date=2025-11-05 (1762334721)
2025-12-12 16:51:18,086 [INFO] ApiDb:671 - CubeFinder database FW Pack versions=[FP-ATR-ASTRA1_V2.0.0, FP-SNS-FLIGHT1_V5.1.0, FP-SNS-MOTENV1_V5.1.0, FP-SNS-MOTENVWB1_V1.4.0, FP-SNS-SMARTAG2_V1.2.0, FP-SNS-STBOX1_V2.1.0, STM32Cube_FW_C0_V1.4.0, STM32Cube_FW_F4_V1.28.3, STM32Cube_FW_F7_V1.17.4, STM32Cube_FW_G0_V1.6.2, STM32Cube_FW_G4_V1.6.1, STM32Cube_FW_H5_V1.5.1, STM32Cube_FW_H7RS_V1.3.0, STM32Cube_FW_H7_V1.12.1, STM32Cube_FW_L0_V1.12.2, STM32Cube_FW_L4_V1.18.1, STM32Cube_FW_L5_V1.6.0, STM32Cube_FW_N6_V1.3.0, STM32Cube_FW_U0_V1.3.0, STM32Cube_FW_U3_V1.2.1, STM32Cube_FW_U5_V1.8.0, STM32Cube_FW_WB0_V1.4.0, STM32Cube_FW_WBA_V1.8.0, STM32Cube_FW_WB_V1.24.0, STM32Cube_FW_WL3_V1.3.0, STM32Cube_FW_WL_V1.4.0, X-CUBE-ALGOBUILD_V1.4.0, X-CUBE-ALS_V1.0.2, X-CUBE-AZRTOS-F4_V1.1.0, X-CUBE-AZRTOS-F7_V1.1.0, X-CUBE-AZRTOS-G0_V1.1.0, X-CUBE-AZRTOS-G4_V2.0.0, X-CUBE-AZRTOS-H7RS_V1.1.0, X-CUBE-AZRTOS-H7_V3.4.0, X-CUBE-AZRTOS-L4_V2.0.0, X-CUBE-AZRTOS-L5_V2.0.0, X-CUBE-AZRTOS-WB_V2.0.0, X-CUBE-AZRTOS-WL_V2.0.0, X-CUBE-BLE1_V7.1.0, X-CUBE-BLE2_V3.3.0, X-CUBE-BLEMGR_V4.1.0, X-CUBE-EEPRMA1_V5.2.0, X-CUBE-FREERTOS_V1.3.1, X-CUBE-GNSS1_V6.0.0, X-CUBE-MEMS1_V11.3.0, X-CUBE-NFC4_V3.0.0, X-CUBE-NFC7_V2.0.0, X-CUBE-SFXS2LP1_V4.0.0, X-CUBE-ST67W61_V1.1.0, X-CUBE-SUBG2_V5.0.0, X-CUBE-TOF1_V3.4.3]
2025-12-12 16:51:18,771 [ERROR] DbExamplesSqlite:437 - Missing JSON key: board_cpn
2025-12-12 16:51:18,771 [ERROR] DbExamplesSqlite:437 - Missing JSON key: board_cpn
2025-12-12 16:51:18,771 [ERROR] DbExamplesSqlite:437 - Missing JSON key: board_cpn
2025-12-12 16:51:18,771 [ERROR] DbExamplesSqlite:437 - Missing JSON key: board_cpn
2025-12-12 16:51:18,981 [ERROR] DbExamplesSqlite:437 - Missing JSON key: board_cpn
2025-12-12 16:51:18,981 [ERROR] DbExamplesSqlite:437 - Missing JSON key: board_cpn
2025-12-12 16:51:18,987 [INFO] DbExamplesSqlite:395 - Ignored 42 examples not supported by CubeIDE
2025-12-12 16:51:18,987 [INFO] DbExamplesSqlite:396 - Found 10883 examples active
2025-12-12 16:51:18,987 [INFO] DbExamplesSqlite:397 - Found 0 examples obsolete
2025-12-12 16:51:18,987 [INFO] DbExamplesSqlite:398 - Found 0 examples under development
2025-12-12 16:51:18,987 [INFO] DbExamplesSqlite:399 - Found 85 examples not building
2025-12-12 16:51:18,989 [INFO] DbExamples:125 - Found 10926 examples
2025-12-12 16:51:19,011 [ERROR] DbExamples:208 - Found 73 examples with invalid data (board or MCU)
2025-12-12 16:51:19,011 [INFO] DbExamples:222 - Found 134 boards with related examples
2025-12-12 16:51:19,012 [INFO] DbExamples:235 - Found 111 MCUs with related examples
2025-12-12 16:51:19,028 [INFO] ApiDb:414 - User favorites file not found: C:\Users\CAMMSYS/.stm32cubeide/favorites.examples.txt
2025-12-12 16:51:19,028 [INFO] DbExamples:250 - Set 0 / 0 favorites Examples
2025-12-12 16:51:19,447 [INFO] SoftwarePacks:127 - Download is needed for SW pack 'FP-ATR-ASTRA1_V2.0.0'
2025-12-12 16:51:19,447 [INFO] SoftwarePacks:127 - Download is needed for SW pack 'FP-SNS-FLIGHT1_V5.1.0'
2025-12-12 16:51:19,447 [INFO] SoftwarePacks:127 - Download is needed for SW pack 'FP-SNS-MOTENV1_V5.1.0'
2025-12-12 16:51:19,447 [INFO] SoftwarePacks:127 - Download is needed for SW pack 'FP-SNS-MOTENVWB1_V1.4.0'
2025-12-12 16:51:19,448 [INFO] SoftwarePacks:127 - Download is needed for SW pack 'FP-SNS-SMARTAG2_V1.2.0'
2025-12-12 16:51:19,448 [INFO] SoftwarePacks:127 - Download is needed for SW pack 'FP-SNS-STBOX1_V2.1.0'
2025-12-12 16:51:19,449 [INFO] SoftwarePacks:127 - Download is needed for SW pack 'STM32Cube_FW_C0_V1.4.0'
2025-12-12 16:51:19,451 [INFO] SoftwarePacks:127 - Download is needed for SW pack 'STM32Cube_FW_F4_V1.28.3'
2025-12-12 16:51:19,453 [INFO] SoftwarePacks:127 - Download is needed for SW pack 'STM32Cube_FW_F7_V1.17.4'
2025-12-12 16:51:19,455 [INFO] SoftwarePacks:127 - Download is needed for SW pack 'STM32Cube_FW_G0_V1.6.2'
2025-12-12 16:51:19,457 [INFO] SoftwarePacks:127 - Download is needed for SW pack 'STM32Cube_FW_G4_V1.6.1'
2025-12-12 16:51:19,459 [INFO] SoftwarePacks:127 - Download is needed for SW pack 'STM32Cube_FW_H5_V1.5.1'
2025-12-12 16:51:19,461 [INFO] SoftwarePacks:127 - Download is needed for SW pack 'STM32Cube_FW_H7RS_V1.3.0'
2025-12-12 16:51:19,463 [INFO] SoftwarePacks:127 - Download is needed for SW pack 'STM32Cube_FW_H7_V1.12.1'
2025-12-12 16:51:19,465 [INFO] SoftwarePacks:127 - Download is needed for SW pack 'STM32Cube_FW_L0_V1.12.2'
2025-12-12 16:51:19,467 [INFO] SoftwarePacks:127 - Download is needed for SW pack 'STM32Cube_FW_L4_V1.18.1'
2025-12-12 16:51:19,469 [INFO] SoftwarePacks:127 - Download is needed for SW pack 'STM32Cube_FW_L5_V1.6.0'
2025-12-12 16:51:19,470 [INFO] SoftwarePacks:127 - Download is needed for SW pack 'STM32Cube_FW_N6_V1.3.0'
2025-12-12 16:51:19,471 [INFO] SoftwarePacks:127 - Download is needed for SW pack 'STM32Cube_FW_U0_V1.3.0'
2025-12-12 16:51:19,472 [INFO] SoftwarePacks:127 - Download is needed for SW pack 'STM32Cube_FW_U3_V1.2.1'
2025-12-12 16:51:19,473 [INFO] SoftwarePacks:127 - Download is needed for SW pack 'STM32Cube_FW_U5_V1.8.0'
2025-12-12 16:51:19,475 [INFO] SoftwarePacks:127 - Download is needed for SW pack 'STM32Cube_FW_WB0_V1.4.0'
2025-12-12 16:51:19,476 [INFO] SoftwarePacks:127 - Download is needed for SW pack 'STM32Cube_FW_WBA_V1.8.0'
2025-12-12 16:51:19,477 [INFO] SoftwarePacks:127 - Download is needed for SW pack 'STM32Cube_FW_WB_V1.24.0'
2025-12-12 16:51:19,480 [INFO] SoftwarePacks:127 - Download is needed for SW pack 'STM32Cube_FW_WL3_V1.3.0'
2025-12-12 16:51:19,482 [INFO] SoftwarePacks:127 - Download is needed for SW pack 'STM32Cube_FW_WL_V1.4.0'
2025-12-12 16:51:19,483 [INFO] SoftwarePacks:127 - Download is needed for SW pack 'X-CUBE-ALGOBUILD_V1.4.0'
2025-12-12 16:51:19,483 [INFO] SoftwarePacks:127 - Download is needed for SW pack 'X-CUBE-ALS_V1.0.2'
2025-12-12 16:51:19,483 [INFO] SoftwarePacks:127 - Download is needed for SW pack 'X-CUBE-AZRTOS-F4_V1.1.0'
2025-12-12 16:51:19,484 [INFO] SoftwarePacks:127 - Download is needed for SW pack 'X-CUBE-AZRTOS-F7_V1.1.0'
2025-12-12 16:51:19,484 [INFO] SoftwarePacks:127 - Download is needed for SW pack 'X-CUBE-AZRTOS-G0_V1.1.0'
2025-12-12 16:51:19,484 [INFO] SoftwarePacks:127 - Download is needed for SW pack 'X-CUBE-AZRTOS-G4_V2.0.0'
2025-12-12 16:51:19,484 [INFO] SoftwarePacks:127 - Download is needed for SW pack 'X-CUBE-AZRTOS-H7RS_V1.1.0'
2025-12-12 16:51:19,485 [INFO] SoftwarePacks:127 - Download is needed for SW pack 'X-CUBE-AZRTOS-H7_V3.4.0'
2025-12-12 16:51:19,485 [INFO] SoftwarePacks:127 - Download is needed for SW pack 'X-CUBE-AZRTOS-L4_V2.0.0'
2025-12-12 16:51:19,485 [INFO] SoftwarePacks:127 - Download is needed for SW pack 'X-CUBE-AZRTOS-L5_V2.0.0'
2025-12-12 16:51:19,485 [INFO] SoftwarePacks:127 - Download is needed for SW pack 'X-CUBE-AZRTOS-WB_V2.0.0'
2025-12-12 16:51:19,485 [INFO] SoftwarePacks:127 - Download is needed for SW pack 'X-CUBE-AZRTOS-WL_V2.0.0'
2025-12-12 16:51:19,485 [INFO] SoftwarePacks:127 - Download is needed for SW pack 'X-CUBE-BLE1_V7.1.0'
2025-12-12 16:51:19,485 [INFO] SoftwarePacks:127 - Download is needed for SW pack 'X-CUBE-BLE2_V3.3.0'
2025-12-12 16:51:19,485 [INFO] SoftwarePacks:127 - Download is needed for SW pack 'X-CUBE-BLEMGR_V4.1.0'
2025-12-12 16:51:19,486 [INFO] SoftwarePacks:127 - Download is needed for SW pack 'X-CUBE-EEPRMA1_V5.2.0'
2025-12-12 16:51:19,486 [INFO] SoftwarePacks:127 - Download is needed for SW pack 'X-CUBE-FREERTOS_V1.3.1'
2025-12-12 16:51:19,486 [INFO] SoftwarePacks:127 - Download is needed for SW pack 'X-CUBE-GNSS1_V6.0.0'
2025-12-12 16:51:19,486 [INFO] SoftwarePacks:127 - Download is needed for SW pack 'X-CUBE-MEMS1_V11.3.0'
2025-12-12 16:51:19,486 [INFO] SoftwarePacks:127 - Download is needed for SW pack 'X-CUBE-NFC4_V3.0.0'
2025-12-12 16:51:19,486 [INFO] SoftwarePacks:127 - Download is needed for SW pack 'X-CUBE-NFC7_V2.0.0'
2025-12-12 16:51:19,486 [INFO] SoftwarePacks:127 - Download is needed for SW pack 'X-CUBE-SFXS2LP1_V4.0.0'
2025-12-12 16:51:19,486 [INFO] SoftwarePacks:127 - Download is needed for SW pack 'X-CUBE-ST67W61_V1.1.0'
2025-12-12 16:51:19,486 [INFO] SoftwarePacks:127 - Download is needed for SW pack 'X-CUBE-SUBG2_V5.0.0'
2025-12-12 16:51:19,486 [INFO] SoftwarePacks:127 - Download is needed for SW pack 'X-CUBE-TOF1_V3.4.3'
2025-12-12 16:51:20,990 [INFO] LoadUrlFilesThread:185 - End of LoadServerUrlFiles without Thread
2025-12-12 16:51:20,990 [INFO] DetailPanel:341 - Set advertising image to C:/Users/CAMMSYS/STM32Cube/Repository/\en.prom-st67w-expansion-board.png
2025-12-12 16:51:21,338 [ERROR] AppliInfo:139 - Unknown STM32CubeMX version: 6.16.0
2025-12-12 16:51:21,338 [ERROR] AppliInfo:139 - Unknown STM32CubeMX version: 6.16.0
2025-12-12 16:51:21,338 [ERROR] AppliInfo:139 - Unknown STM32CubeMX version: 6.16.0
2025-12-12 16:51:21,339 [ERROR] AppliInfo:139 - Unknown STM32CubeMX version: 6.16.0
2025-12-12 16:51:21,339 [ERROR] AppliInfo:139 - Unknown STM32CubeMX version: 6.16.0
2025-12-12 16:51:21,351 [ERROR] AppliInfo:139 - Unknown STM32CubeMX version: 6.16.0
2025-12-12 16:51:21,351 [ERROR] AppliInfo:139 - Unknown STM32CubeMX version: 6.16.0
2025-12-12 16:51:21,352 [ERROR] AppliInfo:139 - Unknown STM32CubeMX version: 6.16.0
2025-12-12 16:51:21,353 [ERROR] AppliInfo:139 - Unknown STM32CubeMX version: 6.16.0
2025-12-12 16:51:21,464 [ERROR] AppliInfo:139 - Unknown STM32CubeMX version: 6.16.0
2025-12-12 16:51:21,466 [ERROR] AppliInfo:139 - Unknown STM32CubeMX version: 6.16.0
2025-12-12 16:51:21,484 [ERROR] AppliInfo:139 - Unknown STM32CubeMX version: 6.16.0
2025-12-12 16:51:21,486 [ERROR] AppliInfo:139 - Unknown STM32CubeMX version: 6.16.0
2025-12-12 16:51:21,486 [ERROR] AppliInfo:139 - Unknown STM32CubeMX version: 6.16.0
2025-12-12 16:51:21,486 [ERROR] AppliInfo:139 - Unknown STM32CubeMX version: 6.16.0
2025-12-12 16:51:21,486 [ERROR] AppliInfo:139 - Unknown STM32CubeMX version: 6.16.0
2025-12-12 16:51:21,486 [ERROR] AppliInfo:139 - Unknown STM32CubeMX version: 6.16.0
2025-12-12 16:51:21,487 [ERROR] AppliInfo:139 - Unknown STM32CubeMX version: 6.16.0
2025-12-12 16:51:21,487 [ERROR] AppliInfo:139 - Unknown STM32CubeMX version: 6.16.0
2025-12-12 16:51:21,487 [ERROR] AppliInfo:139 - Unknown STM32CubeMX version: 6.16.0
2025-12-12 16:51:21,487 [ERROR] AppliInfo:139 - Unknown STM32CubeMX version: 6.16.0
2025-12-12 16:51:21,487 [ERROR] AppliInfo:139 - Unknown STM32CubeMX version: 6.16.0
2025-12-12 16:51:21,487 [ERROR] AppliInfo:139 - Unknown STM32CubeMX version: 6.16.0
2025-12-12 16:51:21,488 [ERROR] AppliInfo:139 - Unknown STM32CubeMX version: 6.16.0
2025-12-12 16:51:21,488 [ERROR] AppliInfo:139 - Unknown STM32CubeMX version: 6.16.0
2025-12-12 16:51:21,489 [ERROR] AppliInfo:139 - Unknown STM32CubeMX version: 6.16.0
2025-12-12 16:51:21,490 [ERROR] AppliInfo:139 - Unknown STM32CubeMX version: 6.16.0
2025-12-12 16:51:21,490 [ERROR] AppliInfo:139 - Unknown STM32CubeMX version: 6.16.0
2025-12-12 16:51:21,490 [ERROR] AppliInfo:139 - Unknown STM32CubeMX version: 6.16.0
2025-12-12 16:51:21,492 [ERROR] AppliInfo:139 - Unknown STM32CubeMX version: 6.16.0
2025-12-12 16:51:21,492 [ERROR] AppliInfo:139 - Unknown STM32CubeMX version: 6.16.0
2025-12-12 16:51:21,492 [ERROR] AppliInfo:139 - Unknown STM32CubeMX version: 6.16.0
2025-12-12 16:51:21,492 [ERROR] AppliInfo:139 - Unknown STM32CubeMX version: 6.16.0
2025-12-12 16:51:21,493 [ERROR] AppliInfo:139 - Unknown STM32CubeMX version: 6.16.0
2025-12-12 16:51:21,493 [ERROR] AppliInfo:139 - Unknown STM32CubeMX version: 6.16.0
2025-12-12 16:51:21,494 [ERROR] AppliInfo:139 - Unknown STM32CubeMX version: 6.16.0
2025-12-12 16:51:21,494 [ERROR] AppliInfo:139 - Unknown STM32CubeMX version: 6.16.0
2025-12-12 16:51:21,495 [ERROR] AppliInfo:139 - Unknown STM32CubeMX version: 6.16.0
2025-12-12 16:51:21,495 [ERROR] AppliInfo:139 - Unknown STM32CubeMX version: 6.16.0
2025-12-12 16:51:21,495 [ERROR] AppliInfo:139 - Unknown STM32CubeMX version: 6.16.0
2025-12-12 16:51:21,495 [ERROR] AppliInfo:139 - Unknown STM32CubeMX version: 6.16.0
2025-12-12 16:51:21,496 [ERROR] AppliInfo:139 - Unknown STM32CubeMX version: 6.16.0
2025-12-12 16:51:21,496 [ERROR] AppliInfo:139 - Unknown STM32CubeMX version: 6.16.0
2025-12-12 16:51:21,496 [ERROR] AppliInfo:139 - Unknown STM32CubeMX version: 6.16.0
2025-12-12 16:51:21,497 [ERROR] AppliInfo:139 - Unknown STM32CubeMX version: 6.16.0
2025-12-12 16:51:21,497 [ERROR] AppliInfo:139 - Unknown STM32CubeMX version: 6.16.0
2025-12-12 16:51:21,498 [ERROR] AppliInfo:139 - Unknown STM32CubeMX version: 6.16.0
2025-12-12 16:51:21,498 [ERROR] AppliInfo:139 - Unknown STM32CubeMX version: 6.16.0
2025-12-12 16:51:21,498 [ERROR] AppliInfo:139 - Unknown STM32CubeMX version: 6.16.0
2025-12-12 16:51:21,499 [ERROR] AppliInfo:139 - Unknown STM32CubeMX version: 6.16.0
2025-12-12 16:51:21,593 [ERROR] AppliInfo:139 - Unknown STM32CubeMX version: 6.16.0
2025-12-12 16:51:21,601 [ERROR] AppliInfo:139 - Unknown STM32CubeMX version: 6.16.0
2025-12-12 16:51:21,601 [ERROR] AppliInfo:139 - Unknown STM32CubeMX version: 6.16.0
2025-12-12 16:51:21,601 [ERROR] AppliInfo:139 - Unknown STM32CubeMX version: 6.16.0
2025-12-12 16:51:21,601 [ERROR] AppliInfo:139 - Unknown STM32CubeMX version: 6.16.0
2025-12-12 16:51:21,601 [ERROR] AppliInfo:139 - Unknown STM32CubeMX version: 6.16.0
2025-12-12 16:51:21,602 [ERROR] AppliInfo:139 - Unknown STM32CubeMX version: 6.16.0
2025-12-12 16:51:21,628 [ERROR] AppliInfo:139 - Unknown STM32CubeMX version: 6.12.1
2025-12-12 16:51:21,628 [ERROR] AppliInfo:139 - Unknown STM32CubeMX version: 6.16.0
2025-12-12 16:51:21,628 [ERROR] AppliInfo:139 - Unknown STM32CubeMX version: 6.16.0
2025-12-12 16:51:21,629 [ERROR] AppliInfo:139 - Unknown STM32CubeMX version: 6.16.0
2025-12-12 16:51:21,629 [ERROR] AppliInfo:139 - Unknown STM32CubeMX version: 6.16.0
2025-12-12 16:51:21,633 [ERROR] AppliInfo:139 - Unknown STM32CubeMX version: 6.16.0
2025-12-12 16:51:21,634 [ERROR] AppliInfo:139 - Unknown STM32CubeMX version: 6.16.0
2025-12-12 16:51:21,634 [ERROR] AppliInfo:139 - Unknown STM32CubeMX version: 6.16.0
2025-12-12 16:51:21,634 [ERROR] AppliInfo:139 - Unknown STM32CubeMX version: 6.16.0
2025-12-12 16:51:21,634 [ERROR] AppliInfo:139 - Unknown STM32CubeMX version: 6.16.0
2025-12-12 16:51:21,635 [ERROR] AppliInfo:139 - Unknown STM32CubeMX version: 6.16.0
2025-12-12 16:51:21,635 [ERROR] AppliInfo:139 - Unknown STM32CubeMX version: 6.16.0
2025-12-12 16:51:21,635 [ERROR] AppliInfo:139 - Unknown STM32CubeMX version: 6.16.0
2025-12-12 16:51:21,635 [ERROR] AppliInfo:139 - Unknown STM32CubeMX version: 6.16.0
2025-12-12 16:51:21,635 [ERROR] AppliInfo:139 - Unknown STM32CubeMX version: 6.16.0
2025-12-12 16:51:21,636 [ERROR] AppliInfo:139 - Unknown STM32CubeMX version: 6.16.0
2025-12-12 16:51:21,636 [ERROR] AppliInfo:139 - Unknown STM32CubeMX version: 6.16.0
2025-12-12 16:51:21,636 [ERROR] AppliInfo:139 - Unknown STM32CubeMX version: 6.16.0
2025-12-12 16:51:21,636 [ERROR] AppliInfo:139 - Unknown STM32CubeMX version: 6.16.0
2025-12-12 16:51:21,636 [ERROR] AppliInfo:139 - Unknown STM32CubeMX version: 6.16.0
2025-12-12 16:51:21,636 [ERROR] AppliInfo:139 - Unknown STM32CubeMX version: 6.16.0
2025-12-12 16:51:21,636 [ERROR] AppliInfo:139 - Unknown STM32CubeMX version: 6.16.0
2025-12-12 16:51:21,639 [ERROR] AppliInfo:139 - Unknown STM32CubeMX version: 6.16.0
2025-12-12 16:51:21,639 [ERROR] AppliInfo:139 - Unknown STM32CubeMX version: 6.16.0
2025-12-12 16:51:21,639 [ERROR] AppliInfo:139 - Unknown STM32CubeMX version: 6.16.0
2025-12-12 16:51:21,639 [ERROR] AppliInfo:139 - Unknown STM32CubeMX version: 6.16.0
2025-12-12 16:51:21,639 [ERROR] AppliInfo:139 - Unknown STM32CubeMX version: 6.16.0
2025-12-12 16:51:21,639 [ERROR] AppliInfo:139 - Unknown STM32CubeMX version: 6.16.0
2025-12-12 16:51:21,640 [ERROR] AppliInfo:139 - Unknown STM32CubeMX version: 6.16.0
2025-12-12 16:51:21,640 [ERROR] AppliInfo:139 - Unknown STM32CubeMX version: 6.16.0
2025-12-12 16:51:21,640 [ERROR] AppliInfo:139 - Unknown STM32CubeMX version: 6.16.0
2025-12-12 16:51:21,640 [ERROR] AppliInfo:139 - Unknown STM32CubeMX version: 6.16.0
2025-12-12 16:51:21,640 [ERROR] AppliInfo:139 - Unknown STM32CubeMX version: 6.16.0
2025-12-12 16:51:21,640 [ERROR] AppliInfo:139 - Unknown STM32CubeMX version: 6.16.0
2025-12-12 16:51:21,640 [ERROR] AppliInfo:139 - Unknown STM32CubeMX version: 6.16.0
2025-12-12 16:51:21,640 [ERROR] AppliInfo:139 - Unknown STM32CubeMX version: 6.16.0
2025-12-12 16:51:21,640 [ERROR] AppliInfo:139 - Unknown STM32CubeMX version: 6.16.0
2025-12-12 16:51:21,641 [ERROR] AppliInfo:139 - Unknown STM32CubeMX version: 6.16.0
2025-12-12 16:51:21,641 [ERROR] AppliInfo:139 - Unknown STM32CubeMX version: 6.16.0
2025-12-12 16:51:21,641 [ERROR] AppliInfo:139 - Unknown STM32CubeMX version: 6.16.0
2025-12-12 16:51:21,641 [ERROR] AppliInfo:139 - Unknown STM32CubeMX version: 6.16.0
2025-12-12 16:51:21,641 [ERROR] AppliInfo:139 - Unknown STM32CubeMX version: 6.16.0
2025-12-12 16:51:21,641 [ERROR] AppliInfo:139 - Unknown STM32CubeMX version: 6.16.0
2025-12-12 16:51:21,645 [ERROR] AppliInfo:139 - Unknown STM32CubeMX version: 6.16.0
2025-12-12 16:51:21,645 [ERROR] AppliInfo:139 - Unknown STM32CubeMX version: 6.16.0
2025-12-12 16:51:21,645 [ERROR] AppliInfo:139 - Unknown STM32CubeMX version: 6.16.0
2025-12-12 16:51:21,645 [ERROR] AppliInfo:139 - Unknown STM32CubeMX version: 6.16.0
2025-12-12 16:51:21,645 [ERROR] AppliInfo:139 - Unknown STM32CubeMX version: 6.16.0
2025-12-12 16:51:21,645 [ERROR] AppliInfo:139 - Unknown STM32CubeMX version: 6.16.0
2025-12-12 16:51:21,645 [ERROR] AppliInfo:139 - Unknown STM32CubeMX version: 6.16.0
2025-12-12 16:51:21,645 [ERROR] AppliInfo:139 - Unknown STM32CubeMX version: 6.16.0
2025-12-12 16:51:21,645 [ERROR] AppliInfo:139 - Unknown STM32CubeMX version: 6.16.0
2025-12-12 16:51:21,646 [ERROR] AppliInfo:139 - Unknown STM32CubeMX version: 6.16.0
2025-12-12 16:51:21,646 [ERROR] AppliInfo:139 - Unknown STM32CubeMX version: 6.16.0
2025-12-12 16:51:21,646 [ERROR] AppliInfo:139 - Unknown STM32CubeMX version: 6.16.0
2025-12-12 16:51:21,646 [ERROR] AppliInfo:139 - Unknown STM32CubeMX version: 6.16.0
2025-12-12 16:51:21,646 [ERROR] AppliInfo:139 - Unknown STM32CubeMX version: 6.16.0
2025-12-12 16:51:21,646 [ERROR] AppliInfo:139 - Unknown STM32CubeMX version: 6.16.0
2025-12-12 16:51:21,646 [ERROR] AppliInfo:139 - Unknown STM32CubeMX version: 6.16.0
2025-12-12 16:51:21,646 [ERROR] AppliInfo:139 - Unknown STM32CubeMX version: 6.16.0
2025-12-12 16:51:21,646 [ERROR] AppliInfo:139 - Unknown STM32CubeMX version: 6.16.0
2025-12-12 16:51:21,647 [ERROR] AppliInfo:139 - Unknown STM32CubeMX version: 6.16.0
2025-12-12 16:51:21,647 [ERROR] AppliInfo:139 - Unknown STM32CubeMX version: 6.16.0
2025-12-12 16:51:21,647 [ERROR] AppliInfo:139 - Unknown STM32CubeMX version: 6.16.0
2025-12-12 16:51:21,653 [ERROR] AppliInfo:139 - Unknown STM32CubeMX version: 6.16.0
2025-12-12 16:51:21,653 [ERROR] AppliInfo:139 - Unknown STM32CubeMX version: 6.16.0
2025-12-12 16:51:21,653 [ERROR] AppliInfo:139 - Unknown STM32CubeMX version: 6.16.0
2025-12-12 16:51:21,653 [ERROR] AppliInfo:139 - Unknown STM32CubeMX version: 6.16.0
2025-12-12 16:51:21,654 [ERROR] AppliInfo:139 - Unknown STM32CubeMX version: 6.16.0
2025-12-12 16:51:21,654 [ERROR] AppliInfo:139 - Unknown STM32CubeMX version: 6.16.0
2025-12-12 16:51:21,654 [ERROR] AppliInfo:139 - Unknown STM32CubeMX version: 6.16.0
2025-12-12 16:51:21,654 [ERROR] AppliInfo:139 - Unknown STM32CubeMX version: 6.16.0
2025-12-12 16:51:21,654 [ERROR] AppliInfo:139 - Unknown STM32CubeMX version: 6.16.0
2025-12-12 16:51:21,655 [ERROR] AppliInfo:139 - Unknown STM32CubeMX version: 6.16.0
2025-12-12 16:51:21,655 [ERROR] AppliInfo:139 - Unknown STM32CubeMX version: 6.16.0
2025-12-12 16:51:21,655 [ERROR] AppliInfo:139 - Unknown STM32CubeMX version: 6.16.0
2025-12-12 16:51:21,655 [ERROR] AppliInfo:139 - Unknown STM32CubeMX version: 6.16.0
2025-12-12 16:51:21,656 [ERROR] AppliInfo:139 - Unknown STM32CubeMX version: 6.16.0
2025-12-12 16:51:21,656 [ERROR] AppliInfo:139 - Unknown STM32CubeMX version: 6.16.0
2025-12-12 16:51:21,657 [ERROR] AppliInfo:139 - Unknown STM32CubeMX version: 6.16.0
2025-12-12 16:51:21,657 [ERROR] AppliInfo:139 - Unknown STM32CubeMX version: 6.16.0
2025-12-12 16:51:21,657 [ERROR] AppliInfo:139 - Unknown STM32CubeMX version: 6.16.0
2025-12-12 16:51:21,657 [ERROR] AppliInfo:139 - Unknown STM32CubeMX version: 6.16.0
2025-12-12 16:51:21,657 [ERROR] AppliInfo:139 - Unknown STM32CubeMX version: 6.16.0
2025-12-12 16:51:21,657 [ERROR] AppliInfo:139 - Unknown STM32CubeMX version: 6.16.0
2025-12-12 16:51:21,657 [ERROR] AppliInfo:139 - Unknown STM32CubeMX version: 6.16.0
2025-12-12 16:51:21,658 [ERROR] AppliInfo:139 - Unknown STM32CubeMX version: 6.16.0
2025-12-12 16:51:21,659 [ERROR] AppliInfo:139 - Unknown STM32CubeMX version: 6.16.0
2025-12-12 16:51:21,659 [ERROR] AppliInfo:139 - Unknown STM32CubeMX version: 6.16.0
2025-12-12 16:51:21,659 [ERROR] AppliInfo:139 - Unknown STM32CubeMX version: 6.16.0
2025-12-12 16:51:21,659 [ERROR] AppliInfo:139 - Unknown STM32CubeMX version: 6.16.0
2025-12-12 16:51:21,660 [ERROR] AppliInfo:139 - Unknown STM32CubeMX version: 6.16.0
2025-12-12 16:51:21,660 [ERROR] AppliInfo:139 - Unknown STM32CubeMX version: 6.16.0
2025-12-12 16:51:21,660 [ERROR] AppliInfo:139 - Unknown STM32CubeMX version: 6.16.0
2025-12-12 16:51:21,660 [ERROR] AppliInfo:139 - Unknown STM32CubeMX version: 6.16.0
2025-12-12 16:51:21,660 [ERROR] AppliInfo:139 - Unknown STM32CubeMX version: 6.16.0
2025-12-12 16:51:21,660 [ERROR] AppliInfo:139 - Unknown STM32CubeMX version: 6.16.0
2025-12-12 16:51:21,660 [ERROR] AppliInfo:139 - Unknown STM32CubeMX version: 6.16.0
2025-12-12 16:51:21,661 [ERROR] AppliInfo:139 - Unknown STM32CubeMX version: 6.16.0
2025-12-12 16:51:21,661 [ERROR] AppliInfo:139 - Unknown STM32CubeMX version: 6.16.0
2025-12-12 16:51:21,661 [ERROR] AppliInfo:139 - Unknown STM32CubeMX version: 6.16.0
2025-12-12 16:51:21,661 [ERROR] AppliInfo:139 - Unknown STM32CubeMX version: 6.16.0
2025-12-12 16:51:21,662 [ERROR] AppliInfo:139 - Unknown STM32CubeMX version: 6.16.0
2025-12-12 16:51:21,662 [ERROR] AppliInfo:139 - Unknown STM32CubeMX version: 6.16.0
2025-12-12 16:51:21,662 [ERROR] AppliInfo:139 - Unknown STM32CubeMX version: 6.16.0
2025-12-12 16:51:21,662 [ERROR] AppliInfo:139 - Unknown STM32CubeMX version: 6.16.0
2025-12-12 16:51:21,662 [ERROR] AppliInfo:139 - Unknown STM32CubeMX version: 6.16.0
2025-12-12 16:51:21,663 [ERROR] AppliInfo:139 - Unknown STM32CubeMX version: 6.16.0
2025-12-12 16:51:21,663 [ERROR] AppliInfo:139 - Unknown STM32CubeMX version: 6.16.0
2025-12-12 16:51:21,663 [ERROR] AppliInfo:139 - Unknown STM32CubeMX version: 6.16.0
2025-12-12 16:51:21,663 [ERROR] AppliInfo:139 - Unknown STM32CubeMX version: 6.16.0
2025-12-12 16:51:21,665 [ERROR] AppliInfo:139 - Unknown STM32CubeMX version: 6.16.0
2025-12-12 16:51:21,665 [ERROR] AppliInfo:139 - Unknown STM32CubeMX version: 6.16.0
2025-12-12 16:51:21,665 [ERROR] AppliInfo:139 - Unknown STM32CubeMX version: 6.16.0
2025-12-12 16:51:21,665 [ERROR] AppliInfo:139 - Unknown STM32CubeMX version: 6.16.0
2025-12-12 16:51:21,665 [ERROR] AppliInfo:139 - Unknown STM32CubeMX version: 6.16.0
2025-12-12 16:51:21,665 [ERROR] AppliInfo:139 - Unknown STM32CubeMX version: 6.16.0
2025-12-12 16:51:21,666 [ERROR] AppliInfo:139 - Unknown STM32CubeMX version: 6.16.0
2025-12-12 16:51:21,666 [ERROR] AppliInfo:139 - Unknown STM32CubeMX version: 6.16.0
2025-12-12 16:51:21,666 [ERROR] AppliInfo:139 - Unknown STM32CubeMX version: 6.16.0
2025-12-12 16:51:21,666 [ERROR] AppliInfo:139 - Unknown STM32CubeMX version: 6.16.0
2025-12-12 16:51:21,666 [ERROR] AppliInfo:139 - Unknown STM32CubeMX version: 6.16.0
2025-12-12 16:51:21,666 [ERROR] AppliInfo:139 - Unknown STM32CubeMX version: 6.16.0
2025-12-12 16:51:21,666 [ERROR] AppliInfo:139 - Unknown STM32CubeMX version: 6.16.0
2025-12-12 16:51:21,667 [ERROR] AppliInfo:139 - Unknown STM32CubeMX version: 6.16.0
2025-12-12 16:51:21,667 [ERROR] AppliInfo:139 - Unknown STM32CubeMX version: 6.16.0
2025-12-12 16:51:21,667 [ERROR] AppliInfo:139 - Unknown STM32CubeMX version: 6.16.0
2025-12-12 16:51:21,667 [ERROR] AppliInfo:139 - Unknown STM32CubeMX version: 6.16.0
2025-12-12 16:51:21,667 [ERROR] AppliInfo:139 - Unknown STM32CubeMX version: 6.16.0
2025-12-12 16:51:21,667 [ERROR] AppliInfo:139 - Unknown STM32CubeMX version: 6.16.0
2025-12-12 16:51:21,672 [ERROR] AppliInfo:139 - Unknown STM32CubeMX version: 6.16.0
2025-12-12 16:51:21,673 [ERROR] AppliInfo:139 - Unknown STM32CubeMX version: 6.16.0
2025-12-12 16:51:21,685 [ERROR] AppliInfo:139 - Unknown STM32CubeMX version: 6.16.0
2025-12-12 16:51:21,685 [ERROR] AppliInfo:139 - Unknown STM32CubeMX version: 6.16.0
2025-12-12 16:51:21,685 [ERROR] AppliInfo:139 - Unknown STM32CubeMX version: 6.16.0
2025-12-12 16:51:21,685 [ERROR] AppliInfo:139 - Unknown STM32CubeMX version: 6.16.0
2025-12-12 16:51:21,685 [ERROR] AppliInfo:139 - Unknown STM32CubeMX version: 6.16.0
2025-12-12 16:51:21,686 [ERROR] AppliInfo:139 - Unknown STM32CubeMX version: 6.16.0
2025-12-12 16:51:21,686 [ERROR] AppliInfo:139 - Unknown STM32CubeMX version: 6.16.0
2025-12-12 16:51:21,686 [ERROR] AppliInfo:139 - Unknown STM32CubeMX version: 6.16.0
2025-12-12 16:51:21,686 [ERROR] AppliInfo:139 - Unknown STM32CubeMX version: 6.16.0
2025-12-12 16:51:21,686 [ERROR] AppliInfo:139 - Unknown STM32CubeMX version: 6.16.0
2025-12-12 16:51:21,687 [ERROR] AppliInfo:139 - Unknown STM32CubeMX version: 6.16.0
2025-12-12 16:51:21,687 [ERROR] AppliInfo:139 - Unknown STM32CubeMX version: 6.16.0
2025-12-12 16:51:21,688 [ERROR] AppliInfo:139 - Unknown STM32CubeMX version: 6.16.0
2025-12-12 16:51:21,688 [ERROR] AppliInfo:139 - Unknown STM32CubeMX version: 6.16.0
2025-12-12 16:51:21,688 [ERROR] AppliInfo:139 - Unknown STM32CubeMX version: 6.16.0
2025-12-12 16:51:21,688 [ERROR] AppliInfo:139 - Unknown STM32CubeMX version: 6.16.0
2025-12-12 16:51:21,688 [ERROR] AppliInfo:139 - Unknown STM32CubeMX version: 6.16.0
2025-12-12 16:51:21,688 [ERROR] AppliInfo:139 - Unknown STM32CubeMX version: 6.16.0
2025-12-12 16:51:21,688 [ERROR] AppliInfo:139 - Unknown STM32CubeMX version: 6.16.0
2025-12-12 16:51:21,688 [ERROR] AppliInfo:139 - Unknown STM32CubeMX version: 6.16.0
2025-12-12 16:51:21,688 [ERROR] AppliInfo:139 - Unknown STM32CubeMX version: 6.16.0
2025-12-12 16:51:21,689 [ERROR] AppliInfo:139 - Unknown STM32CubeMX version: 6.16.0
2025-12-12 16:51:21,689 [ERROR] AppliInfo:139 - Unknown STM32CubeMX version: 6.16.0
2025-12-12 16:51:21,689 [ERROR] AppliInfo:139 - Unknown STM32CubeMX version: 6.16.0
2025-12-12 16:51:21,689 [ERROR] AppliInfo:139 - Unknown STM32CubeMX version: 6.16.0
2025-12-12 16:51:21,689 [ERROR] AppliInfo:139 - Unknown STM32CubeMX version: 6.16.0
2025-12-12 16:51:21,689 [ERROR] AppliInfo:139 - Unknown STM32CubeMX version: 6.16.0
2025-12-12 16:51:21,689 [ERROR] AppliInfo:139 - Unknown STM32CubeMX version: 6.16.0
2025-12-12 16:51:21,689 [ERROR] AppliInfo:139 - Unknown STM32CubeMX version: 6.16.0
2025-12-12 16:51:21,689 [ERROR] AppliInfo:139 - Unknown STM32CubeMX version: 6.16.0
2025-12-12 16:51:21,690 [ERROR] AppliInfo:139 - Unknown STM32CubeMX version: 6.16.0
2025-12-12 16:51:21,690 [ERROR] AppliInfo:139 - Unknown STM32CubeMX version: 6.16.0
2025-12-12 16:51:21,690 [ERROR] AppliInfo:139 - Unknown STM32CubeMX version: 6.16.0
2025-12-12 16:51:21,690 [ERROR] AppliInfo:139 - Unknown STM32CubeMX version: 6.16.0
2025-12-12 16:51:21,690 [ERROR] AppliInfo:139 - Unknown STM32CubeMX version: 6.16.0
2025-12-12 16:51:21,690 [ERROR] AppliInfo:139 - Unknown STM32CubeMX version: 6.16.0
2025-12-12 16:51:21,690 [ERROR] AppliInfo:139 - Unknown STM32CubeMX version: 6.16.0
2025-12-12 16:51:21,690 [ERROR] AppliInfo:139 - Unknown STM32CubeMX version: 6.16.0
2025-12-12 16:51:21,690 [ERROR] AppliInfo:139 - Unknown STM32CubeMX version: 6.16.0
2025-12-12 16:51:21,691 [ERROR] AppliInfo:139 - Unknown STM32CubeMX version: 6.16.0
2025-12-12 16:51:21,692 [ERROR] AppliInfo:139 - Unknown STM32CubeMX version: 6.16.0
2025-12-12 16:51:21,692 [ERROR] AppliInfo:139 - Unknown STM32CubeMX version: 6.16.0
2025-12-12 16:51:21,692 [ERROR] AppliInfo:139 - Unknown STM32CubeMX version: 6.16.0
2025-12-12 16:51:21,692 [ERROR] AppliInfo:139 - Unknown STM32CubeMX version: 6.16.0
2025-12-12 16:51:21,692 [ERROR] AppliInfo:139 - Unknown STM32CubeMX version: 6.16.0
2025-12-12 16:51:21,692 [ERROR] AppliInfo:139 - Unknown STM32CubeMX version: 6.16.0
2025-12-12 16:51:21,693 [ERROR] AppliInfo:139 - Unknown STM32CubeMX version: 6.16.0
2025-12-12 16:51:21,693 [ERROR] AppliInfo:139 - Unknown STM32CubeMX version: 6.16.0
2025-12-12 16:51:21,693 [ERROR] AppliInfo:139 - Unknown STM32CubeMX version: 6.16.0
2025-12-12 16:51:21,693 [ERROR] AppliInfo:139 - Unknown STM32CubeMX version: 6.16.0
2025-12-12 16:51:21,693 [ERROR] AppliInfo:139 - Unknown STM32CubeMX version: 6.16.0
2025-12-12 16:51:21,693 [ERROR] AppliInfo:139 - Unknown STM32CubeMX version: 6.16.0
2025-12-12 16:51:21,694 [ERROR] AppliInfo:139 - Unknown STM32CubeMX version: 6.16.0
2025-12-12 16:51:21,694 [ERROR] AppliInfo:139 - Unknown STM32CubeMX version: 6.16.0
2025-12-12 16:51:21,694 [ERROR] AppliInfo:139 - Unknown STM32CubeMX version: 6.16.0
2025-12-12 16:51:21,694 [ERROR] AppliInfo:139 - Unknown STM32CubeMX version: 6.16.0
2025-12-12 16:51:21,694 [ERROR] AppliInfo:139 - Unknown STM32CubeMX version: 6.16.0
2025-12-12 16:51:21,694 [ERROR] AppliInfo:139 - Unknown STM32CubeMX version: 6.16.0
2025-12-12 16:51:21,694 [ERROR] AppliInfo:139 - Unknown STM32CubeMX version: 6.16.0
2025-12-12 16:51:21,694 [ERROR] AppliInfo:139 - Unknown STM32CubeMX version: 6.16.0
2025-12-12 16:51:21,695 [ERROR] AppliInfo:139 - Unknown STM32CubeMX version: 6.16.0
2025-12-12 16:51:21,695 [ERROR] AppliInfo:139 - Unknown STM32CubeMX version: 6.16.0
2025-12-12 16:51:21,695 [ERROR] AppliInfo:139 - Unknown STM32CubeMX version: 6.16.0
2025-12-12 16:51:21,695 [ERROR] AppliInfo:139 - Unknown STM32CubeMX version: 6.16.0
2025-12-12 16:51:21,696 [ERROR] AppliInfo:139 - Unknown STM32CubeMX version: 6.16.0
2025-12-12 16:51:21,696 [ERROR] AppliInfo:139 - Unknown STM32CubeMX version: 6.16.0
2025-12-12 16:51:21,696 [ERROR] AppliInfo:139 - Unknown STM32CubeMX version: 6.16.0
2025-12-12 16:51:21,696 [ERROR] AppliInfo:139 - Unknown STM32CubeMX version: 6.16.0
2025-12-12 16:51:21,696 [ERROR] AppliInfo:139 - Unknown STM32CubeMX version: 6.16.0
2025-12-12 16:51:21,696 [ERROR] AppliInfo:139 - Unknown STM32CubeMX version: 6.16.0
2025-12-12 16:51:21,696 [ERROR] AppliInfo:139 - Unknown STM32CubeMX version: 6.16.0
2025-12-12 16:51:21,696 [ERROR] AppliInfo:139 - Unknown STM32CubeMX version: 6.16.0
2025-12-12 16:51:21,697 [ERROR] AppliInfo:139 - Unknown STM32CubeMX version: 6.16.0
2025-12-12 16:51:21,697 [ERROR] AppliInfo:139 - Unknown STM32CubeMX version: 6.16.0
2025-12-12 16:51:21,697 [ERROR] AppliInfo:139 - Unknown STM32CubeMX version: 6.16.0
2025-12-12 16:51:21,697 [ERROR] AppliInfo:139 - Unknown STM32CubeMX version: 6.16.0
2025-12-12 16:51:21,697 [ERROR] AppliInfo:139 - Unknown STM32CubeMX version: 6.16.0
2025-12-12 16:51:21,697 [ERROR] AppliInfo:139 - Unknown STM32CubeMX version: 6.16.0
2025-12-12 16:51:21,697 [ERROR] AppliInfo:139 - Unknown STM32CubeMX version: 6.16.0
2025-12-12 16:51:21,698 [ERROR] AppliInfo:139 - Unknown STM32CubeMX version: 6.16.0
2025-12-12 16:51:21,698 [ERROR] AppliInfo:139 - Unknown STM32CubeMX version: 6.16.0
2025-12-12 16:51:21,698 [ERROR] AppliInfo:139 - Unknown STM32CubeMX version: 6.16.0
2025-12-12 16:51:21,698 [ERROR] AppliInfo:139 - Unknown STM32CubeMX version: 6.16.0
2025-12-12 16:51:21,698 [ERROR] AppliInfo:139 - Unknown STM32CubeMX version: 6.16.0
2025-12-12 16:51:21,698 [ERROR] AppliInfo:139 - Unknown STM32CubeMX version: 6.16.0
2025-12-12 16:51:21,699 [ERROR] AppliInfo:139 - Unknown STM32CubeMX version: 6.16.0
2025-12-12 16:51:21,699 [ERROR] AppliInfo:139 - Unknown STM32CubeMX version: 6.16.0
2025-12-12 16:51:21,699 [ERROR] AppliInfo:139 - Unknown STM32CubeMX version: 6.16.0
2025-12-12 16:51:21,699 [ERROR] AppliInfo:139 - Unknown STM32CubeMX version: 6.16.0
2025-12-12 16:51:21,699 [ERROR] AppliInfo:139 - Unknown STM32CubeMX version: 6.16.0
2025-12-12 16:51:21,700 [ERROR] AppliInfo:139 - Unknown STM32CubeMX version: 6.16.0
2025-12-12 16:51:21,700 [ERROR] AppliInfo:139 - Unknown STM32CubeMX version: 6.16.0
2025-12-12 16:51:21,700 [ERROR] AppliInfo:139 - Unknown STM32CubeMX version: 6.16.0
2025-12-12 16:51:21,700 [ERROR] AppliInfo:139 - Unknown STM32CubeMX version: 6.16.0
2025-12-12 16:51:21,700 [ERROR] AppliInfo:139 - Unknown STM32CubeMX version: 6.16.0
2025-12-12 16:51:21,700 [ERROR] AppliInfo:139 - Unknown STM32CubeMX version: 6.16.0
2025-12-12 16:51:21,700 [ERROR] AppliInfo:139 - Unknown STM32CubeMX version: 6.16.0
2025-12-12 16:51:21,702 [ERROR] AppliInfo:139 - Unknown STM32CubeMX version: 6.16.0
2025-12-12 16:51:21,702 [ERROR] AppliInfo:139 - Unknown STM32CubeMX version: 6.16.0
2025-12-12 16:51:21,702 [ERROR] AppliInfo:139 - Unknown STM32CubeMX version: 6.16.0
2025-12-12 16:51:21,702 [ERROR] AppliInfo:139 - Unknown STM32CubeMX version: 6.16.0
2025-12-12 16:51:21,702 [ERROR] AppliInfo:139 - Unknown STM32CubeMX version: 6.16.0
2025-12-12 16:51:21,702 [ERROR] AppliInfo:139 - Unknown STM32CubeMX version: 6.16.0
2025-12-12 16:51:21,703 [ERROR] AppliInfo:139 - Unknown STM32CubeMX version: 6.16.0
2025-12-12 16:51:21,703 [ERROR] AppliInfo:139 - Unknown STM32CubeMX version: 6.16.0
2025-12-12 16:51:21,703 [ERROR] AppliInfo:139 - Unknown STM32CubeMX version: 6.16.0
2025-12-12 16:51:21,703 [ERROR] AppliInfo:139 - Unknown STM32CubeMX version: 6.16.0
2025-12-12 16:51:21,705 [ERROR] AppliInfo:139 - Unknown STM32CubeMX version: 6.16.0
2025-12-12 16:51:21,705 [ERROR] AppliInfo:139 - Unknown STM32CubeMX version: 6.16.0
2025-12-12 16:51:21,705 [ERROR] AppliInfo:139 - Unknown STM32CubeMX version: 6.16.0
2025-12-12 16:51:21,705 [ERROR] AppliInfo:139 - Unknown STM32CubeMX version: 6.16.0
2025-12-12 16:51:21,706 [ERROR] AppliInfo:139 - Unknown STM32CubeMX version: 6.16.0
2025-12-12 16:51:21,706 [ERROR] AppliInfo:139 - Unknown STM32CubeMX version: 6.16.0
2025-12-12 16:51:21,706 [ERROR] AppliInfo:139 - Unknown STM32CubeMX version: 6.16.0
2025-12-12 16:51:21,706 [ERROR] AppliInfo:139 - Unknown STM32CubeMX version: 6.16.0
2025-12-12 16:51:21,706 [ERROR] AppliInfo:139 - Unknown STM32CubeMX version: 6.16.0
2025-12-12 16:51:21,706 [ERROR] AppliInfo:139 - Unknown STM32CubeMX version: 6.16.0
2025-12-12 16:51:21,706 [ERROR] AppliInfo:139 - Unknown STM32CubeMX version: 6.16.0
2025-12-12 16:51:21,706 [ERROR] AppliInfo:139 - Unknown STM32CubeMX version: 6.16.0
2025-12-12 16:51:21,706 [ERROR] AppliInfo:139 - Unknown STM32CubeMX version: 6.16.0
2025-12-12 16:51:21,707 [ERROR] AppliInfo:139 - Unknown STM32CubeMX version: 6.16.0
2025-12-12 16:51:21,707 [ERROR] AppliInfo:139 - Unknown STM32CubeMX version: 6.16.0
2025-12-12 16:51:21,707 [ERROR] AppliInfo:139 - Unknown STM32CubeMX version: 6.16.0
2025-12-12 16:51:21,708 [ERROR] AppliInfo:139 - Unknown STM32CubeMX version: 6.16.0
2025-12-12 16:51:21,708 [ERROR] AppliInfo:139 - Unknown STM32CubeMX version: 6.16.0
2025-12-12 16:51:21,708 [ERROR] AppliInfo:139 - Unknown STM32CubeMX version: 6.16.0
2025-12-12 16:51:21,708 [ERROR] AppliInfo:139 - Unknown STM32CubeMX version: 6.16.0
2025-12-12 16:51:21,708 [ERROR] AppliInfo:139 - Unknown STM32CubeMX version: 6.16.0
2025-12-12 16:51:21,709 [ERROR] AppliInfo:139 - Unknown STM32CubeMX version: 6.16.0
2025-12-12 16:51:21,709 [ERROR] AppliInfo:139 - Unknown STM32CubeMX version: 6.16.0
2025-12-12 16:51:21,710 [ERROR] AppliInfo:139 - Unknown STM32CubeMX version: 6.16.0
2025-12-12 16:51:21,710 [ERROR] AppliInfo:139 - Unknown STM32CubeMX version: 6.16.0
2025-12-12 16:51:21,710 [ERROR] AppliInfo:139 - Unknown STM32CubeMX version: 6.16.0
2025-12-12 16:51:21,710 [ERROR] AppliInfo:139 - Unknown STM32CubeMX version: 6.16.0
2025-12-12 16:51:21,711 [ERROR] AppliInfo:139 - Unknown STM32CubeMX version: 6.16.0
2025-12-12 16:51:21,711 [ERROR] AppliInfo:139 - Unknown STM32CubeMX version: 6.16.0
2025-12-12 16:51:21,711 [ERROR] AppliInfo:139 - Unknown STM32CubeMX version: 6.16.0
2025-12-12 16:51:21,712 [ERROR] AppliInfo:139 - Unknown STM32CubeMX version: 6.16.0
2025-12-12 16:51:21,712 [ERROR] AppliInfo:139 - Unknown STM32CubeMX version: 6.16.0
2025-12-12 16:51:21,712 [ERROR] AppliInfo:139 - Unknown STM32CubeMX version: 6.16.0
2025-12-12 16:51:21,712 [ERROR] AppliInfo:139 - Unknown STM32CubeMX version: 6.16.0
2025-12-12 16:51:21,712 [ERROR] AppliInfo:139 - Unknown STM32CubeMX version: 6.16.0
2025-12-12 16:51:21,712 [ERROR] AppliInfo:139 - Unknown STM32CubeMX version: 6.16.0
2025-12-12 16:51:21,712 [ERROR] AppliInfo:139 - Unknown STM32CubeMX version: 6.16.0
2025-12-12 16:51:21,712 [ERROR] AppliInfo:139 - Unknown STM32CubeMX version: 6.16.0
2025-12-12 16:51:21,712 [ERROR] AppliInfo:139 - Unknown STM32CubeMX version: 6.16.0
2025-12-12 16:51:21,712 [ERROR] AppliInfo:139 - Unknown STM32CubeMX version: 6.16.0
2025-12-12 16:51:21,713 [ERROR] AppliInfo:139 - Unknown STM32CubeMX version: 6.16.0
2025-12-12 16:51:21,713 [ERROR] AppliInfo:139 - Unknown STM32CubeMX version: 6.16.0
2025-12-12 16:51:21,713 [ERROR] AppliInfo:139 - Unknown STM32CubeMX version: 6.16.0
2025-12-12 16:51:21,713 [ERROR] AppliInfo:139 - Unknown STM32CubeMX version: 6.16.0
2025-12-12 16:51:21,713 [ERROR] AppliInfo:139 - Unknown STM32CubeMX version: 6.16.0
2025-12-12 16:51:21,713 [ERROR] AppliInfo:139 - Unknown STM32CubeMX version: 6.16.0
2025-12-12 16:51:21,732 [ERROR] AppliInfo:139 - Unknown STM32CubeMX version: 6.16.0
2025-12-12 16:51:21,732 [ERROR] AppliInfo:139 - Unknown STM32CubeMX version: 6.16.0
2025-12-12 16:51:21,732 [ERROR] AppliInfo:139 - Unknown STM32CubeMX version: 6.16.0
2025-12-12 16:51:21,732 [ERROR] AppliInfo:139 - Unknown STM32CubeMX version: 6.16.0
2025-12-12 16:51:21,732 [ERROR] AppliInfo:139 - Unknown STM32CubeMX version: 6.16.0
2025-12-12 16:51:21,733 [ERROR] AppliInfo:139 - Unknown STM32CubeMX version: 6.16.0
2025-12-12 16:51:21,733 [ERROR] AppliInfo:139 - Unknown STM32CubeMX version: 6.16.0
2025-12-12 16:51:21,733 [ERROR] AppliInfo:139 - Unknown STM32CubeMX version: 6.16.0
2025-12-12 16:51:21,733 [ERROR] AppliInfo:139 - Unknown STM32CubeMX version: 6.16.0
2025-12-12 16:51:21,733 [ERROR] AppliInfo:139 - Unknown STM32CubeMX version: 6.16.0
2025-12-12 16:51:21,733 [ERROR] AppliInfo:139 - Unknown STM32CubeMX version: 6.16.0
2025-12-12 16:51:21,733 [ERROR] AppliInfo:139 - Unknown STM32CubeMX version: 6.16.0
2025-12-12 16:51:21,733 [ERROR] AppliInfo:139 - Unknown STM32CubeMX version: 6.16.0
2025-12-12 16:51:21,733 [ERROR] AppliInfo:139 - Unknown STM32CubeMX version: 6.16.0
2025-12-12 16:51:21,733 [ERROR] AppliInfo:139 - Unknown STM32CubeMX version: 6.16.0
2025-12-12 16:51:21,733 [ERROR] AppliInfo:139 - Unknown STM32CubeMX version: 6.16.0
2025-12-12 16:51:21,734 [ERROR] AppliInfo:139 - Unknown STM32CubeMX version: 6.16.0
2025-12-12 16:51:21,734 [ERROR] AppliInfo:139 - Unknown STM32CubeMX version: 6.16.0
2025-12-12 16:51:21,734 [ERROR] AppliInfo:139 - Unknown STM32CubeMX version: 6.16.0
2025-12-12 16:51:21,746 [ERROR] AppliInfo:139 - Unknown STM32CubeMX version: 6.16.0
2025-12-12 16:51:21,746 [ERROR] AppliInfo:139 - Unknown STM32CubeMX version: 6.16.0
2025-12-12 16:51:21,746 [ERROR] AppliInfo:139 - Unknown STM32CubeMX version: 6.16.0
2025-12-12 16:51:21,746 [ERROR] AppliInfo:139 - Unknown STM32CubeMX version: 6.16.0
2025-12-12 16:51:21,746 [ERROR] AppliInfo:139 - Unknown STM32CubeMX version: 6.16.0
2025-12-12 16:51:21,746 [ERROR] AppliInfo:139 - Unknown STM32CubeMX version: 6.16.0
2025-12-12 16:51:21,747 [ERROR] AppliInfo:139 - Unknown STM32CubeMX version: 6.16.0
2025-12-12 16:51:21,747 [ERROR] AppliInfo:139 - Unknown STM32CubeMX version: 6.16.0
2025-12-12 16:51:21,747 [ERROR] AppliInfo:139 - Unknown STM32CubeMX version: 6.16.0
2025-12-12 16:51:21,747 [ERROR] AppliInfo:139 - Unknown STM32CubeMX version: 6.16.0
2025-12-12 16:51:21,747 [ERROR] AppliInfo:139 - Unknown STM32CubeMX version: 6.16.0
2025-12-12 16:51:21,747 [ERROR] AppliInfo:139 - Unknown STM32CubeMX version: 6.16.0
2025-12-12 16:51:21,747 [ERROR] AppliInfo:139 - Unknown STM32CubeMX version: 6.16.0
2025-12-12 16:51:21,747 [ERROR] AppliInfo:139 - Unknown STM32CubeMX version: 6.16.0
2025-12-12 16:51:21,747 [ERROR] AppliInfo:139 - Unknown STM32CubeMX version: 6.16.0
2025-12-12 16:51:21,747 [ERROR] AppliInfo:139 - Unknown STM32CubeMX version: 6.16.0
2025-12-12 16:51:21,747 [ERROR] AppliInfo:139 - Unknown STM32CubeMX version: 6.16.0
2025-12-12 16:51:21,747 [ERROR] AppliInfo:139 - Unknown STM32CubeMX version: 6.16.0
2025-12-12 16:51:21,748 [ERROR] AppliInfo:139 - Unknown STM32CubeMX version: 6.16.0
2025-12-12 16:51:21,748 [ERROR] AppliInfo:139 - Unknown STM32CubeMX version: 6.16.0
2025-12-12 16:51:21,748 [ERROR] AppliInfo:139 - Unknown STM32CubeMX version: 6.16.0
2025-12-12 16:51:21,753 [ERROR] AppliInfo:139 - Unknown STM32CubeMX version: 6.16.0
2025-12-12 16:51:21,753 [ERROR] AppliInfo:139 - Unknown STM32CubeMX version: 6.16.0
2025-12-12 16:51:21,754 [ERROR] AppliInfo:139 - Unknown STM32CubeMX version: 6.16.0
2025-12-12 16:51:21,763 [ERROR] AppliInfo:139 - Unknown STM32CubeMX version: 6.16.0
2025-12-12 16:51:21,763 [ERROR] AppliInfo:139 - Unknown STM32CubeMX version: 6.16.0
2025-12-12 16:51:21,763 [ERROR] AppliInfo:139 - Unknown STM32CubeMX version: 6.16.0
2025-12-12 16:51:21,763 [ERROR] AppliInfo:139 - Unknown STM32CubeMX version: 6.16.0
2025-12-12 16:51:21,763 [ERROR] AppliInfo:139 - Unknown STM32CubeMX version: 6.16.0
2025-12-12 16:51:21,763 [ERROR] AppliInfo:139 - Unknown STM32CubeMX version: 6.16.0
2025-12-12 16:51:21,763 [ERROR] AppliInfo:139 - Unknown STM32CubeMX version: 6.16.0
2025-12-12 16:51:21,764 [ERROR] AppliInfo:139 - Unknown STM32CubeMX version: 6.16.0
2025-12-12 16:51:21,764 [ERROR] AppliInfo:139 - Unknown STM32CubeMX version: 6.16.0
2025-12-12 16:51:21,764 [ERROR] AppliInfo:139 - Unknown STM32CubeMX version: 6.16.0
2025-12-12 16:51:21,764 [ERROR] AppliInfo:139 - Unknown STM32CubeMX version: 6.16.0
2025-12-12 16:51:21,764 [ERROR] AppliInfo:139 - Unknown STM32CubeMX version: 6.16.0
2025-12-12 16:51:21,764 [ERROR] AppliInfo:139 - Unknown STM32CubeMX version: 6.16.0
2025-12-12 16:51:21,765 [ERROR] AppliInfo:139 - Unknown STM32CubeMX version: 6.16.0
2025-12-12 16:51:21,765 [ERROR] AppliInfo:139 - Unknown STM32CubeMX version: 6.16.0
2025-12-12 16:51:21,765 [ERROR] AppliInfo:139 - Unknown STM32CubeMX version: 6.16.0
2025-12-12 16:51:21,765 [ERROR] AppliInfo:139 - Unknown STM32CubeMX version: 6.16.0
2025-12-12 16:51:21,765 [ERROR] AppliInfo:139 - Unknown STM32CubeMX version: 6.16.0
2025-12-12 16:51:21,765 [ERROR] AppliInfo:139 - Unknown STM32CubeMX version: 6.16.0
2025-12-12 16:51:21,765 [ERROR] AppliInfo:139 - Unknown STM32CubeMX version: 6.16.0
2025-12-12 16:51:21,765 [ERROR] AppliInfo:139 - Unknown STM32CubeMX version: 6.16.0
2025-12-12 16:51:21,765 [ERROR] AppliInfo:139 - Unknown STM32CubeMX version: 6.16.0
2025-12-12 16:51:21,766 [ERROR] AppliInfo:139 - Unknown STM32CubeMX version: 6.16.0
2025-12-12 16:51:21,766 [ERROR] AppliInfo:139 - Unknown STM32CubeMX version: 6.16.0
2025-12-12 16:51:21,766 [ERROR] AppliInfo:139 - Unknown STM32CubeMX version: 6.16.0
2025-12-12 16:51:21,766 [ERROR] AppliInfo:139 - Unknown STM32CubeMX version: 6.16.0
2025-12-12 16:51:21,766 [ERROR] AppliInfo:139 - Unknown STM32CubeMX version: 6.16.0
2025-12-12 16:51:21,766 [ERROR] AppliInfo:139 - Unknown STM32CubeMX version: 6.16.0
2025-12-12 16:51:21,766 [ERROR] AppliInfo:139 - Unknown STM32CubeMX version: 6.16.0
2025-12-12 16:51:21,766 [ERROR] AppliInfo:139 - Unknown STM32CubeMX version: 6.16.0
2025-12-12 16:51:21,766 [ERROR] AppliInfo:139 - Unknown STM32CubeMX version: 6.16.0
2025-12-12 16:51:21,766 [ERROR] AppliInfo:139 - Unknown STM32CubeMX version: 6.16.0
2025-12-12 16:51:21,766 [ERROR] AppliInfo:139 - Unknown STM32CubeMX version: 6.16.0
2025-12-12 16:51:21,767 [ERROR] AppliInfo:139 - Unknown STM32CubeMX version: 6.16.0
2025-12-12 16:51:21,767 [ERROR] AppliInfo:139 - Unknown STM32CubeMX version: 6.16.0
2025-12-12 16:51:21,767 [ERROR] AppliInfo:139 - Unknown STM32CubeMX version: 6.16.0
2025-12-12 16:51:21,767 [ERROR] AppliInfo:139 - Unknown STM32CubeMX version: 6.16.0
2025-12-12 16:51:21,767 [ERROR] AppliInfo:139 - Unknown STM32CubeMX version: 6.16.0
2025-12-12 16:51:21,767 [ERROR] AppliInfo:139 - Unknown STM32CubeMX version: 6.16.0
2025-12-12 16:51:21,767 [ERROR] AppliInfo:139 - Unknown STM32CubeMX version: 6.16.0
2025-12-12 16:51:21,767 [ERROR] AppliInfo:139 - Unknown STM32CubeMX version: 6.16.0
2025-12-12 16:51:21,767 [ERROR] AppliInfo:139 - Unknown STM32CubeMX version: 6.16.0
2025-12-12 16:51:21,767 [ERROR] AppliInfo:139 - Unknown STM32CubeMX version: 6.16.0
2025-12-12 16:51:21,767 [ERROR] AppliInfo:139 - Unknown STM32CubeMX version: 6.16.0
2025-12-12 16:51:21,768 [ERROR] AppliInfo:139 - Unknown STM32CubeMX version: 6.16.0
2025-12-12 16:51:21,768 [ERROR] AppliInfo:139 - Unknown STM32CubeMX version: 6.16.0
2025-12-12 16:51:21,768 [ERROR] AppliInfo:139 - Unknown STM32CubeMX version: 6.16.0
2025-12-12 16:51:21,768 [ERROR] AppliInfo:139 - Unknown STM32CubeMX version: 6.16.0
2025-12-12 16:51:21,768 [ERROR] AppliInfo:139 - Unknown STM32CubeMX version: 6.16.0
2025-12-12 16:51:21,768 [ERROR] AppliInfo:139 - Unknown STM32CubeMX version: 6.16.0
2025-12-12 16:51:21,768 [ERROR] AppliInfo:139 - Unknown STM32CubeMX version: 6.16.0
2025-12-12 16:51:21,768 [ERROR] AppliInfo:139 - Unknown STM32CubeMX version: 6.16.0
2025-12-12 16:51:21,768 [ERROR] AppliInfo:139 - Unknown STM32CubeMX version: 6.16.0
2025-12-12 16:51:21,768 [ERROR] AppliInfo:139 - Unknown STM32CubeMX version: 6.16.0
2025-12-12 16:51:21,768 [ERROR] AppliInfo:139 - Unknown STM32CubeMX version: 6.16.0
2025-12-12 16:51:21,768 [ERROR] AppliInfo:139 - Unknown STM32CubeMX version: 6.16.0
2025-12-12 16:51:21,769 [ERROR] AppliInfo:139 - Unknown STM32CubeMX version: 6.16.0
2025-12-12 16:51:21,769 [ERROR] AppliInfo:139 - Unknown STM32CubeMX version: 6.16.0
2025-12-12 16:51:21,769 [ERROR] AppliInfo:139 - Unknown STM32CubeMX version: 6.16.0
2025-12-12 16:51:21,769 [ERROR] AppliInfo:139 - Unknown STM32CubeMX version: 6.16.0
2025-12-12 16:51:28,361 [INFO] McuFinderGlobals:76 - Set McuFinderConnectedMode to true
2025-12-12 16:51:28,621 [INFO] ApiDb:448 - Save user favorites file C:\Users\CAMMSYS/.stm32cubeide/favorites.mcus.txt: 0 item(s)
2025-12-12 16:51:28,621 [INFO] ApiDb:452 - User favorites MCUs=[]
2025-12-12 16:51:28,622 [INFO] ApiDb:448 - Save user favorites file C:\Users\CAMMSYS/.stm32cubeide/favorites.boards.txt: 0 item(s)
2025-12-12 16:51:28,622 [INFO] ApiDb:452 - User favorites Boards=[]
2025-12-12 16:51:28,625 [INFO] ApiDb:448 - Save user favorites file C:\Users\CAMMSYS/.stm32cubeide/favorites.examples.txt: 0 item(s)
2025-12-12 16:51:28,625 [INFO] ApiDb:452 - User favorites Examples=[]
2025-12-12 16:53:24,173 [INFO] MainUpdater:2872 - connection check result : 10
2025-12-12 16:53:24,247 [INFO] McuFinderGlobals:76 - Set McuFinderConnectedMode to true
2025-12-12 16:53:24,248 [INFO] MultiScanPanel:200 - Auto-refresh data requested => check proxy status ongoing
2025-12-12 16:53:24,248 [INFO] FinderPluginLoader:96 - Searching for filters in installed packs
2025-12-12 16:53:25,028 [INFO] LoadUrlFilesThread:185 - End of LoadServerUrlFiles without Thread
2025-12-12 16:53:25,028 [INFO] DetailPanel:341 - Set advertising image to C:/Users/CAMMSYS/STM32Cube/Repository/\en.prom-st67w-expansion-board.png
2025-12-12 16:53:25,265 [INFO] MultiScanPanel:728 - adjusting invalid saved split location: -0.1
2025-12-12 16:53:25,346 [INFO] MultiScanPanel:728 - adjusting invalid saved split location: -0.1
2025-12-12 16:54:45,875 [INFO] MultiScanPanel:200 - Auto-refresh data requested => check proxy status ongoing
2025-12-12 16:54:45,914 [INFO] LoadUrlFilesThread:185 - End of LoadServerUrlFiles without Thread
2025-12-12 16:54:45,916 [INFO] DetailPanel:341 - Set advertising image to C:/Users/CAMMSYS/STM32Cube/Repository/\en.prom-st67w-expansion-board.png
2025-12-12 16:54:45,920 [INFO] MultiScanPanel:728 - adjusting invalid saved split location: -0.1
2025-12-12 16:54:45,945 [INFO] MultiScanPanel:728 - adjusting invalid saved split location: -0.1
2025-12-12 16:54:47,194 [INFO] ApiDb:581 - Connected to CubeFinder SQLite database (C:\Users\CAMMSYS\.stmcufinder\plugins\mcufinder\mcu\cube-finder-db.db)
2025-12-12 16:55:11,470 [INFO] MainUpdater:2872 - connection check result : 10
2025-12-12 16:55:11,470 [INFO] MainUpdater:2872 - connection check result : 10
2025-12-12 16:55:11,768 [INFO] MicroXplorer:468 - Change Database Path : 
2025-12-12 16:55:11,768 [INFO] MicroXplorer:498 - Change Database Version : DB.6.0.150
2025-12-12 16:55:11,813 [ERROR] ProjectManagerView:395 - 
java.lang.NullPointerException: Cannot invoke "javax.swing.JTextField.getText()" because the return value of "java.util.List.get(int)" is null
	at com.st.microxplorer.plugins.projectmanager.gui.ProjectChoiceTab$9.caretUpdate(ProjectChoiceTab.java:2706) ~[filemanager.jar:?]
	at javax.swing.text.JTextComponent.fireCaretUpdate(JTextComponent.java:408) ~[?:?]
	at javax.swing.text.JTextComponent$MutableCaretEvent.fire(JTextComponent.java:4484) ~[?:?]
	at javax.swing.text.JTextComponent$MutableCaretEvent.stateChanged(JTextComponent.java:4506) ~[?:?]
	at javax.swing.text.DefaultCaret.fireStateChanged(DefaultCaret.java:857) ~[?:?]
	at javax.swing.text.DefaultCaret.changeCaretPosition(DefaultCaret.java:1343) ~[?:?]
	at javax.swing.text.DefaultCaret.handleSetDot(DefaultCaret.java:1242) ~[?:?]
	at javax.swing.text.DefaultCaret.setDot(DefaultCaret.java:1223) ~[?:?]
	at javax.swing.text.DefaultCaret$Handler.insertUpdate(DefaultCaret.java:1819) ~[?:?]
	at javax.swing.text.AbstractDocument.fireInsertUpdate(AbstractDocument.java:227) ~[?:?]
	at javax.swing.text.AbstractDocument.handleInsertString(AbstractDocument.java:781) ~[?:?]
	at javax.swing.text.AbstractDocument.insertString(AbstractDocument.java:740) ~[?:?]
	at javax.swing.text.PlainDocument.insertString(PlainDocument.java:131) ~[?:?]
	at javax.swing.text.AbstractDocument.replace(AbstractDocument.java:699) ~[?:?]
	at javax.swing.text.JTextComponent.setText(JTextComponent.java:1725) ~[?:?]
	at com.st.microxplorer.plugins.projectmanager.gui.ProjectChoiceTab.createHeapStackFields(ProjectChoiceTab.java:993) ~[filemanager.jar:?]
	at com.st.microxplorer.plugins.projectmanager.gui.ProjectChoiceTab.buildLinkSettingsPanel(ProjectChoiceTab.java:3813) ~[filemanager.jar:?]
	at com.st.microxplorer.plugins.projectmanager.gui.ProjectChoiceTab.defineWindowsFields(ProjectChoiceTab.java:1987) ~[filemanager.jar:?]
	at com.st.microxplorer.plugins.projectmanager.gui.ProjectChoiceTab.updateSettings(ProjectChoiceTab.java:558) ~[filemanager.jar:?]
	at com.st.microxplorer.plugins.projectmanager.gui.ProjectSettingsPanel.UpdateDialog(ProjectSettingsPanel.java:247) ~[filemanager.jar:?]
	at com.st.microxplorer.plugins.projectmanager.ProjectManagerView.propertyChange(ProjectManagerView.java:392) ~[filemanager.jar:?]
	at java.beans.PropertyChangeSupport.fire(PropertyChangeSupport.java:343) ~[?:?]
	at java.beans.PropertyChangeSupport.firePropertyChange(PropertyChangeSupport.java:335) ~[?:?]
	at java.beans.PropertyChangeSupport.firePropertyChange(PropertyChangeSupport.java:268) ~[?:?]
	at com.st.microxplorer.util.MXPropertyChangeSupport.firePropertyChange(MXPropertyChangeSupport.java:54) ~[STM32CubeMX.jar:?]
	at com.st.microxplorer.mxsystem.MxSystem.closeConfig(MxSystem.java:899) ~[STM32CubeMX.jar:?]
	at com.st.microxplorer.maingui.MainPanel.closeConfig(MainPanel.java:792) ~[STM32CubeMX.jar:?]
	at com.st.microxplorer.plugins.filemanager.engine.OpenFileManager.loadConfigurationFile(OpenFileManager.java:288) ~[filemanager.jar:?]
	at com.st.microxplorer.plugins.filemanager.engine.MainFileManager.userLoadConfig(MainFileManager.java:364) ~[filemanager.jar:?]
	at com.st.microxplorer.plugins.filemanager.FileManagerView.getSpecificTask(FileManagerView.java:268) ~[filemanager.jar:?]
	at com.st.stm32cube.common.mx.editor.CubeMxEditor.getMxTabbedPaneInstance(CubeMxEditor.java:1191) ~[com.st.stm32cube.common.mx_6.15.0.202507011659/:?]
	at com.st.stm32cube.common.mx.editor.CubeMxEditor$12$1.createSwingComponent(CubeMxEditor.java:1068) ~[com.st.stm32cube.common.mx_6.15.0.202507011659/:?]
	at com.st.stm32cube.common.mx.oss.core.awtswtbridge.EmbeddedSwingComposite.doComponentCreation(EmbeddedSwingComposite.java:492) ~[com.st.stm32cube.common.mx.oss_6.15.0.202507011659/:?]
	at com.st.stm32cube.common.mx.oss.core.awtswtbridge.EmbeddedSwingComposite$4.run(EmbeddedSwingComposite.java:291) ~[com.st.stm32cube.common.mx.oss_6.15.0.202507011659/:?]
	at com.st.stm32cube.common.mx.oss.core.awtswtbridge.AwtEnvironment$2.run(AwtEnvironment.java:166) ~[com.st.stm32cube.common.mx.oss_6.15.0.202507011659/:?]
	at java.awt.event.InvocationEvent.dispatch(InvocationEvent.java:318) ~[?:?]
	at java.awt.EventQueue.dispatchEventImpl(EventQueue.java:773) ~[?:?]
	at java.awt.EventQueue$4.run(EventQueue.java:720) ~[?:?]
	at java.awt.EventQueue$4.run(EventQueue.java:714) ~[?:?]
	at java.security.AccessController.doPrivileged(AccessController.java:400) ~[?:?]
	at java.security.ProtectionDomain$JavaSecurityAccessImpl.doIntersectionPrivilege(ProtectionDomain.java:87) ~[?:?]
	at java.awt.EventQueue.dispatchEvent(EventQueue.java:742) ~[?:?]
	at java.awt.EventDispatchThread.pumpOneEventForFilters(EventDispatchThread.java:203) ~[?:?]
	at java.awt.EventDispatchThread.pumpEventsForFilter(EventDispatchThread.java:124) ~[?:?]
	at java.awt.EventDispatchThread.pumpEventsForHierarchy(EventDispatchThread.java:113) ~[?:?]
	at java.awt.EventDispatchThread.pumpEvents(EventDispatchThread.java:109) ~[?:?]
	at java.awt.EventDispatchThread.pumpEvents(EventDispatchThread.java:101) ~[?:?]
	at java.awt.EventDispatchThread.run(EventDispatchThread.java:90) ~[?:?]
2025-12-12 16:55:11,815 [WARN] ThirdParty:871 - waiting for thirdparty lock release [close project]
2025-12-12 16:55:11,815 [INFO] ThirdParty:873 - entering critical section [close project]
2025-12-12 16:55:11,815 [INFO] ThirdParty:883 - exiting critical section [close project]
2025-12-12 16:55:11,819 [INFO] PinOutPanel:1589 - setPackage(No Configuration,No Configuration)
2025-12-12 16:55:11,829 [INFO] UtilMem:75 - Begin LoadConfig() Used Memory: 693876248 Bytes (1073741824)
2025-12-12 16:55:11,838 [INFO] MicroXplorer:468 - Change Database Path : 
2025-12-12 16:55:11,838 [INFO] MicroXplorer:498 - Change Database Version : DB.6.0.150
2025-12-12 16:55:11,838 [INFO] OpenFileManager:355 - Change cursor
2025-12-12 16:55:11,874 [INFO] RulesReader:64 - Compatibility file has been processed (317 Rules)
2025-12-12 16:55:11,881 [INFO] Mcu:2029 - Initializing MCU STM32L412RBTxP STM32L412RBTxP STM32L412RBT6P
2025-12-12 16:55:12,910 [INFO] Context:786 - Trying to add GPIOservice into a context  which must be forbidden
2025-12-12 16:55:13,234 [INFO] Rule:233 - rule Adapt Old IOC before rework replace old CORTEX_M33/CORTEX_M55 attributes by the new one. is applicable
2025-12-12 16:55:13,234 [INFO] Rule:233 - rule Rename parametre of RCC RCC_APBDBG_DIV2 to RCC_TIMPRES_DIV2 is applicable
2025-12-12 16:55:13,234 [INFO] Rule:233 - rule Rename DIE493 pin PA10 [PA12] -> PA10 is applicable
2025-12-12 16:55:13,234 [INFO] Rule:233 - rule Rename DIE493 pin PA9 [PA11] -> PA9 is applicable
2025-12-12 16:55:13,234 [INFO] Rule:233 - rule Rename DIE492 PartNumber CPN STM32WBA5MJGHx -> STM32WBA5MMGHx is applicable
2025-12-12 16:55:13,234 [INFO] Rule:233 - rule Rename DIE492 PartNumber  Name STM32WBA5MJGHx -> STM32WBA5MMGHx is applicable
2025-12-12 16:55:13,234 [INFO] Rule:233 - rule Rename DIE492 PartNumber UserName STM32WBA5MJGHx -> STM32WBA5MMGHx is applicable
2025-12-12 16:55:13,234 [INFO] Rule:233 - rule Rename DIE492 PartNumber DeviceId STM32WBA5MJGHx -> STM32WBA5MMGHx is applicable
2025-12-12 16:55:13,234 [INFO] Rule:233 - rule Adapt Old IOC CSI. is applicable
2025-12-12 16:55:13,234 [INFO] Rule:233 - rule Adapt Old IOC DCMIPP. is applicable
2025-12-12 16:55:13,234 [INFO] Rule:233 - rule Adapt Old IOC DCMIPP Mode Parallel. is applicable
2025-12-12 16:55:13,234 [INFO] Rule:233 - rule Adapt Old IOC LTDC. is applicable
2025-12-12 16:55:13,235 [INFO] Rule:233 - rule Rename STM32MP2 RIF Peripheral LTDC RIF.RISUP.LTDC_L0L1.Privilege -> RIF.RISUP.LTDC_L1L2.Privilege is applicable
2025-12-12 16:55:13,235 [INFO] Rule:233 - rule Rename STM32MP2 RIF Peripheral LTDC RIF.RISUP.LTDC_L0L1.Privilege -> RIF.RISUP.LTDC_L1L2.Privilege is applicable
2025-12-12 16:55:13,235 [INFO] Rule:233 - rule Rename STM32MP2 RIF Peripheral LTDC RIF.RISUP.LTDC_L0L1.Lock -> RIF.RISUP.LTDC_L1L2.Lock is applicable
2025-12-12 16:55:13,235 [INFO] Rule:233 - rule Rename STM32MP2 RIF Peripheral LTDC RIF.RISUP.LTDC_L2.Lock -> RIF.RISUP.LTDC_L3.Lock is applicable
2025-12-12 16:55:13,235 [INFO] Rule:233 - rule Adapt the old IOC example for updating the SYS when it is misconfigured. is applicable
2025-12-12 16:55:13,235 [INFO] Rule:233 - rule Rename STM32C09 Mcu.Package LQFP64 -> LQFP48 is applicable
2025-12-12 16:55:13,235 [INFO] Rule:233 - rule Adapt the old IOC example for updating the SYS when it is misconfigured. is applicable
2025-12-12 16:55:13,235 [INFO] Rule:233 - rule Adapt the old IOC example for updating the SYS when it is misconfigured. is applicable
2025-12-12 16:55:13,241 [INFO] DbConfProperties:307 - Apply Compatibility (4/20 Rules)
2025-12-12 16:55:13,252 [INFO] ImportTextPane:234 - (OptionalMessage_ERROR) Pin16 (VP_RIF_VS_RIF1) cannot be retrieved for this MCU
2025-12-12 16:55:13,437 [INFO] RtosManager:558 - Registered RTOS mode: class=CMSIS, group=RTOS, mode=CMSIS_V1, owner=FREERTOS
2025-12-12 16:55:13,437 [INFO] RtosManager:558 - Registered RTOS mode: class=CMSIS, group=RTOS2, mode=CMSIS_V2, owner=FREERTOS
2025-12-12 16:55:13,437 [INFO] RtosManager:558 - Registered RTOS mode: class=RTOS, group=Core, mode=CMSIS_V1, owner=FREERTOS
2025-12-12 16:55:13,437 [INFO] RtosManager:558 - Registered RTOS mode: class=RTOS, group=Core, mode=CMSIS_V2, owner=FREERTOS
2025-12-12 16:55:13,437 [WARN] ModelIntegratedComponent:184 - Missing modes for component STMicroelectronics:FreeRTOS:0.0.1:STMicroelectronics:RTOS:FreeRTOS:Core:::10.2.0:
2025-12-12 16:55:13,443 [WARN] ModelIntegratedComponent:63 - No mode defined for component null
2025-12-12 16:55:13,443 [WARN] ModelIntegratedComponent:63 - No mode defined for component null
2025-12-12 16:55:13,443 [WARN] ModelIntegratedComponent:63 - No mode defined for component null
2025-12-12 16:55:13,443 [WARN] ModelIntegratedComponent:63 - No mode defined for component null
2025-12-12 16:55:13,443 [WARN] ModelIntegratedComponent:63 - No mode defined for component null
2025-12-12 16:55:13,443 [WARN] ModelIntegratedComponent:63 - No mode defined for component null
2025-12-12 16:55:13,443 [WARN] ModelIntegratedComponent:63 - No mode defined for component null
2025-12-12 16:55:13,444 [WARN] ModelIntegratedComponent:63 - No mode defined for component null
2025-12-12 16:55:13,444 [WARN] ModelIntegratedComponent:63 - No mode defined for component null
2025-12-12 16:55:13,444 [WARN] ModelIntegratedComponent:63 - No mode defined for component null
2025-12-12 16:55:13,444 [WARN] ModelIntegratedComponent:63 - No mode defined for component null
2025-12-12 16:55:13,444 [WARN] ModelIntegratedComponent:63 - No mode defined for component null
2025-12-12 16:55:13,444 [WARN] ModelIntegratedComponent:63 - No mode defined for component null
2025-12-12 16:55:13,444 [WARN] ModelIntegratedComponent:63 - No mode defined for component null
2025-12-12 16:55:13,444 [WARN] ModelIntegratedComponent:63 - No mode defined for component null
2025-12-12 16:55:13,444 [WARN] ModelIntegratedComponent:63 - No mode defined for component null
2025-12-12 16:55:13,444 [WARN] ModelIntegratedComponent:63 - No mode defined for component null
2025-12-12 16:55:13,444 [WARN] ModelIntegratedComponent:63 - No mode defined for component null
2025-12-12 16:55:13,444 [WARN] ModelIntegratedComponent:63 - No mode defined for component null
2025-12-12 16:55:13,444 [WARN] ModelIntegratedComponent:63 - No mode defined for component null
2025-12-12 16:55:13,444 [WARN] ModelIntegratedComponent:63 - No mode defined for component null
2025-12-12 16:55:13,444 [WARN] ModelIntegratedComponent:63 - No mode defined for component null
2025-12-12 16:55:13,444 [WARN] ModelIntegratedComponent:63 - No mode defined for component null
2025-12-12 16:55:13,444 [WARN] ModelIntegratedComponent:63 - No mode defined for component null
2025-12-12 16:55:13,444 [WARN] ModelIntegratedComponent:63 - No mode defined for component null
2025-12-12 16:55:13,444 [WARN] ModelIntegratedComponent:63 - No mode defined for component null
2025-12-12 16:55:13,444 [WARN] ModelIntegratedComponent:63 - No mode defined for component null
2025-12-12 16:55:13,444 [WARN] ModelIntegratedComponent:63 - No mode defined for component null
2025-12-12 16:55:13,444 [WARN] ModelIntegratedComponent:63 - No mode defined for component null
2025-12-12 16:55:13,444 [WARN] ModelIntegratedComponent:63 - No mode defined for component null
2025-12-12 16:55:13,444 [WARN] ModelIntegratedComponent:63 - No mode defined for component null
2025-12-12 16:55:13,444 [WARN] ModelIntegratedComponent:63 - No mode defined for component null
2025-12-12 16:55:13,444 [WARN] ModelIntegratedComponent:63 - No mode defined for component null
2025-12-12 16:55:13,444 [WARN] ModelIntegratedComponent:63 - No mode defined for component null
2025-12-12 16:55:13,444 [WARN] ModelIntegratedComponent:63 - No mode defined for component null
2025-12-12 16:55:13,444 [WARN] ModelPack:524 - Component already loaded: STMicroelectronics:HAL Drivers:0.0.0:STMicroelectronics:Device:STMicro_Driver:XSPI:HAL::0.0.1:HAL_XSPI
2025-12-12 16:55:13,465 [INFO] ThirdPartyModel:298 - Start build external matchings
2025-12-12 16:55:13,744 [INFO] ThirdPartyModel:316 - End build external matchings
2025-12-12 16:55:13,751 [INFO] ImportTextPane:234 - (OptionalMessage_ERROR) IP (RCC) : Invalid parameter (FamilyName)
2025-12-12 16:55:13,752 [INFO] ImportTextPane:234 - (OptionalMessage_ERROR) IP (RCC) : Parameter (USBFreq_Value) has invalid value (4000000)
2025-12-12 16:55:13,965 [INFO] UtilMem:75 - End LoadConfig() Used Memory: 936829656 Bytes (1073741824)
2025-12-12 16:55:14,008 [WARN] ThirdParty:833 - waiting for thirdparty lock release [change project]
2025-12-12 16:55:14,008 [INFO] ThirdParty:835 - entering critical section [change project]
2025-12-12 16:55:14,008 [INFO] ThirdParty:1030 - CMSIS Pack Vendor :STMicroelectronics X-CUBE-PM33A1 1.0.0
2025-12-12 16:55:14,009 [INFO] ThirdParty:1030 - CMSIS Pack Vendor :STMicroelectronics USBPD 4.1
2025-12-12 16:55:14,009 [INFO] ThirdParty:1030 - CMSIS Pack Vendor :STMicroelectronics X-CUBE-NFC9 1.0.0
2025-12-12 16:55:14,009 [INFO] ThirdParty:1030 - CMSIS Pack Vendor :STMicroelectronics USB_HOST 2.0.0
2025-12-12 16:55:14,009 [INFO] ThirdParty:1030 - CMSIS Pack Vendor :STMicroelectronics FP-SNS-MOTENVWB1 1.4.0
2025-12-12 16:55:14,009 [INFO] ThirdParty:1030 - CMSIS Pack Vendor :STMicroelectronics X-CUBE-AZRTOS-F4 1.1.0
2025-12-12 16:55:14,009 [INFO] ThirdParty:1030 - CMSIS Pack Vendor :STMicroelectronics LIBJPEG 8.0.0
2025-12-12 16:55:14,009 [INFO] ThirdParty:1030 - CMSIS Pack Vendor :STMicroelectronics FP-ATR-ASTRA1 2.0.2
2025-12-12 16:55:14,009 [INFO] ThirdParty:1030 - CMSIS Pack Vendor :STMicroelectronics X-CUBE-BLE1 7.1.0
2025-12-12 16:55:14,009 [INFO] ThirdParty:1030 - CMSIS Pack Vendor :STMicroelectronics X-CUBE-SMBUS 2.1.0
2025-12-12 16:55:14,009 [INFO] ThirdParty:1030 - CMSIS Pack Vendor :wolfSSL I-CUBE-wolfMQTT 1.19.2
2025-12-12 16:55:14,009 [INFO] ThirdParty:1030 - CMSIS Pack Vendor :STMicroelectronics USB_DEVICE 3.0.0
2025-12-12 16:55:14,009 [INFO] ThirdParty:1030 - CMSIS Pack Vendor :STMicroelectronics X-CUBE-ISPU 2.1.0
2025-12-12 16:55:14,009 [INFO] ThirdParty:1030 - CMSIS Pack Vendor :STMicroelectronics X-CUBE-FREERTOS 1.4.0
2025-12-12 16:55:14,009 [INFO] ThirdParty:1030 - CMSIS Pack Vendor :STMicroelectronics X-CUBE-EEPRMA1 5.2.0
2025-12-12 16:55:14,009 [INFO] ThirdParty:1030 - CMSIS Pack Vendor :STMicroelectronics X-CUBE-IPS 3.2.0
2025-12-12 16:55:14,009 [INFO] ThirdParty:1030 - CMSIS Pack Vendor :STMicroelectronics X-CUBE-BLEMGR 4.1.0
2025-12-12 16:55:14,009 [INFO] ThirdParty:1030 - CMSIS Pack Vendor :STMicroelectronics X-CUBE-AZRTOS-WB 2.0.0
2025-12-12 16:55:14,009 [INFO] ThirdParty:1030 - CMSIS Pack Vendor :wolfSSL I-CUBE-wolfSSL 5.8.4
2025-12-12 16:55:14,009 [INFO] ThirdParty:1030 - CMSIS Pack Vendor :Cesanta I-CUBE-Mongoose 7.20.0
2025-12-12 16:55:14,009 [INFO] ThirdParty:1030 - CMSIS Pack Vendor :STMicroelectronics X-CUBE-NFC12 1.0.0
2025-12-12 16:55:14,009 [INFO] ThirdParty:1030 - CMSIS Pack Vendor :STMicroelectronics X-CUBE-AZRTOS-F7 1.1.0
2025-12-12 16:55:14,009 [INFO] ThirdParty:1030 - CMSIS Pack Vendor :STMicroelectronics X-CUBE-AZRTOS-L5 2.0.0
2025-12-12 16:55:14,010 [INFO] ThirdParty:1030 - CMSIS Pack Vendor :STMicroelectronics USB_DEVICE 2.0.0
2025-12-12 16:55:14,010 [INFO] ThirdParty:1030 - CMSIS Pack Vendor :STMicroelectronics X-CUBE-NFC6 3.1.0
2025-12-12 16:55:14,010 [INFO] ThirdParty:1030 - CMSIS Pack Vendor :STMicroelectronics X-CUBE-ST67W61 1.1.0
2025-12-12 16:55:14,010 [INFO] ThirdParty:1030 - CMSIS Pack Vendor :quantropi X-CUBE-qispace-sdk-base 2.1.0
2025-12-12 16:55:14,010 [INFO] ThirdParty:1030 - CMSIS Pack Vendor :STMicroelectronics X-CUBE-MEMS1 12.0.0
2025-12-12 16:55:14,010 [INFO] ThirdParty:1030 - CMSIS Pack Vendor :STMicroelectronics FP-SNS-MOTENV1 5.1.0
2025-12-12 16:55:14,010 [INFO] ThirdParty:1030 - CMSIS Pack Vendor :STMicroelectronics FreeRTOS 0.0.1
2025-12-12 16:55:14,010 [INFO] ThirdParty:1030 - CMSIS Pack Vendor :STMicroelectronics X-CUBE-AZRTOS-G0 1.1.0
2025-12-12 16:55:14,010 [INFO] ThirdParty:1030 - CMSIS Pack Vendor :STMicroelectronics X-CUBE-NFC4 3.0.0
2025-12-12 16:55:14,010 [INFO] ThirdParty:1030 - CMSIS Pack Vendor :STMicroelectronics X-CUBE-SUBG2 5.0.0
2025-12-12 16:55:14,010 [INFO] ThirdParty:1030 - CMSIS Pack Vendor :STMicroelectronics STM32_WPAN 1.0.0
2025-12-12 16:55:14,010 [INFO] ThirdParty:1030 - CMSIS Pack Vendor :EmbeddedOffice I-CUBE-FS-RTOS 1.0.1
2025-12-12 16:55:14,010 [INFO] ThirdParty:1030 - CMSIS Pack Vendor :STMicroelectronics lwIP 2.0.3
2025-12-12 16:55:14,010 [INFO] ThirdParty:1030 - CMSIS Pack Vendor :WES I-CUBE-Cesium 1.4.0
2025-12-12 16:55:14,010 [INFO] ThirdParty:1030 - CMSIS Pack Vendor :STMicroelectronics USB_HOST 1.0.0
2025-12-12 16:55:14,010 [INFO] ThirdParty:1030 - CMSIS Pack Vendor :STMicroelectronics X-CUBE-AZRTOS-G4 2.0.0
2025-12-12 16:55:14,010 [INFO] ThirdParty:1030 - CMSIS Pack Vendor :STMicroelectronics X-CUBE-WB05N 2.0.0
2025-12-12 16:55:14,010 [INFO] ThirdParty:1030 - CMSIS Pack Vendor :STMicroelectronics PDM2PCM 3.1.0
2025-12-12 16:55:14,010 [INFO] ThirdParty:1030 - CMSIS Pack Vendor :STMicroelectronics PDM2PCM 3.3.0
2025-12-12 16:55:14,011 [INFO] ThirdParty:1030 - CMSIS Pack Vendor :wolfSSL I-CUBE-wolfTPM 3.8.0
2025-12-12 16:55:14,011 [INFO] ThirdParty:1030 - CMSIS Pack Vendor :STMicroelectronics X-CUBE-AZRTOS-H7 3.4.0
2025-12-12 16:55:14,011 [INFO] ThirdParty:1030 - CMSIS Pack Vendor :STMicroelectronics X-CUBE-DISPLAY 3.0.0
2025-12-12 16:55:14,011 [INFO] ThirdParty:1030 - CMSIS Pack Vendor :wolfSSL I-CUBE-wolfSSH 1.4.20
2025-12-12 16:55:14,011 [INFO] ThirdParty:1030 - CMSIS Pack Vendor :STMicroelectronics X-CUBE-NFC7 2.0.0
2025-12-12 16:55:14,011 [INFO] ThirdParty:1030 - CMSIS Pack Vendor :STMicroelectronics X-CUBE-TCPP 4.2.0
2025-12-12 16:55:14,011 [INFO] ThirdParty:1030 - CMSIS Pack Vendor :RealThread X-CUBE-RT-Thread_Nano 4.1.1
2025-12-12 16:55:14,011 [INFO] ThirdParty:1030 - CMSIS Pack Vendor :STMicroelectronics FP-ATR-SIGFOX1 3.2.0
2025-12-12 16:55:14,011 [INFO] ThirdParty:1030 - CMSIS Pack Vendor :STMicroelectronics X-CUBE-NFC10 1.0.0
2025-12-12 16:55:14,011 [INFO] ThirdParty:1030 - CMSIS Pack Vendor :STMicroelectronics HAL Drivers 0.0.0
2025-12-12 16:55:14,011 [INFO] ThirdParty:1030 - CMSIS Pack Vendor :STMicroelectronics MBEDTLS 2.16.2
2025-12-12 16:55:14,011 [INFO] ThirdParty:1030 - CMSIS Pack Vendor :STMicroelectronics X-CUBE-ST60 1.1.0
2025-12-12 16:55:14,011 [INFO] ThirdParty:1030 - CMSIS Pack Vendor :STMicroelectronics X-CUBE-ALS 1.0.2
2025-12-12 16:55:14,011 [INFO] ThirdParty:1030 - CMSIS Pack Vendor :emotas I-CUBE-CANOPEN 1.3.0
2025-12-12 16:55:14,011 [INFO] ThirdParty:1030 - CMSIS Pack Vendor :STMicroelectronics MBEDTLS 2.14.1
2025-12-12 16:55:14,011 [INFO] ThirdParty:1030 - CMSIS Pack Vendor :STMicroelectronics X-CUBE-GNSS1 7.1.0
2025-12-12 16:55:14,011 [INFO] ThirdParty:1030 - CMSIS Pack Vendor :ITTIA_DB I-CUBE-ITTIADB 8.9.0
2025-12-12 16:55:14,011 [INFO] ThirdParty:1030 - CMSIS Pack Vendor :STMicroelectronics X-CUBE-TOUCHGFX 4.26.0
2025-12-12 16:55:14,011 [INFO] ThirdParty:1030 - CMSIS Pack Vendor :STMicroelectronics X-CUBE-STSE01 1.0.0
2025-12-12 16:55:14,011 [INFO] ThirdParty:1030 - CMSIS Pack Vendor :STMicroelectronics FP-SNS-STBOX1 2.1.0
2025-12-12 16:55:14,011 [INFO] ThirdParty:1030 - CMSIS Pack Vendor :STMicroelectronics X-CUBE-AI 10.2.0
2025-12-12 16:55:14,011 [INFO] ThirdParty:1030 - CMSIS Pack Vendor :STMicroelectronics FP-SNS-STAIOTCFT 1.0.0
2025-12-12 16:55:14,011 [INFO] ThirdParty:1030 - CMSIS Pack Vendor :STMicroelectronics ThreadX 1.0.0
2025-12-12 16:55:14,011 [INFO] ThirdParty:1030 - CMSIS Pack Vendor :STMicroelectronics FP-SNS-SMARTAG2 1.2.0
2025-12-12 16:55:14,011 [INFO] ThirdParty:1030 - CMSIS Pack Vendor :STMicroelectronics FP-SNS-FLIGHT1 5.1.0
2025-12-12 16:55:14,011 [INFO] ThirdParty:1030 - CMSIS Pack Vendor :STMicroelectronics X-CUBE-AZRTOS-WL 2.0.0
2025-12-12 16:55:14,011 [INFO] ThirdParty:1030 - CMSIS Pack Vendor :SEGGER I-CUBE-embOS 1.3.1
2025-12-12 16:55:14,011 [INFO] ThirdParty:1030 - CMSIS Pack Vendor :STMicroelectronics X-CUBE-ALGOBUILD 1.4.0
2025-12-12 16:55:14,011 [INFO] ThirdParty:1030 - CMSIS Pack Vendor :STMicroelectronics X-CUBE-DPower 1.3.0
2025-12-12 16:55:14,011 [INFO] ThirdParty:1030 - CMSIS Pack Vendor :STMicroelectronics USB_DEVICE 1.0.0
2025-12-12 16:55:14,012 [INFO] ThirdParty:1030 - CMSIS Pack Vendor :STMicroelectronics X-CUBE-AZRTOS-H7RS 1.2.0
2025-12-12 16:55:14,012 [INFO] ThirdParty:1030 - CMSIS Pack Vendor :STMicroelectronics X-CUBE-AZRTOS-L4 2.0.0
2025-12-12 16:55:14,012 [INFO] ThirdParty:1030 - CMSIS Pack Vendor :STMicroelectronics ThreadX 0.0.2
2025-12-12 16:55:14,012 [INFO] ThirdParty:1030 - CMSIS Pack Vendor :STMicroelectronics lwIP 2.1.2
2025-12-12 16:55:14,012 [INFO] ThirdParty:1030 - CMSIS Pack Vendor :STMicroelectronics X-CUBE-SFXS2LP1 4.0.0
2025-12-12 16:55:14,012 [INFO] ThirdParty:1030 - CMSIS Pack Vendor :STMicroelectronics X-CUBE-BLE2 3.3.0
2025-12-12 16:55:14,012 [INFO] ThirdParty:1030 - CMSIS Pack Vendor :Avnet-IOTCONNECT X-CUBE-iotc-st67-sdk 1.0.0
2025-12-12 16:55:14,012 [INFO] ThirdParty:1030 - CMSIS Pack Vendor :STMicroelectronics X-CUBE-TOF1 3.4.3
2025-12-12 16:55:14,012 [INFO] ThirdParty:1030 - CMSIS Pack Vendor :Infineon AIROC-Wi-Fi-Bluetooth-STM32 1.8.0
2025-12-12 16:55:14,012 [INFO] ThirdParty:1030 - CMSIS Pack Vendor :STMicroelectronics PDM2PCM 3.2.0
2025-12-12 16:55:14,012 [INFO] ThirdParty:841 - exiting critical section [change project]
2025-12-12 16:55:14,150 [INFO] PinOutPanel:1589 - setPackage(No Configuration,No Configuration)
2025-12-12 16:55:14,151 [INFO] PinOutPanel:1589 - setPackage(STM32L412RBTxP,LQFP64)
2025-12-12 16:55:14,495 [INFO] UtilMem:75 - Before build in PCC Used Memory: 703441920 Bytes (1073741824)
2025-12-12 16:55:14,811 [INFO] UtilMem:75 - After build in PCC Used Memory: 796765184 Bytes (1073741824)
2025-12-12 16:55:14,827 [INFO] IPUIPlugin:80 - create IPUIPlugin
2025-12-12 16:55:14,827 [INFO] IPUIPlugin:80 - create IPUIPlugin
2025-12-12 16:55:14,827 [INFO] IPUIPlugin:80 - create IPUIPlugin
2025-12-12 16:55:14,827 [INFO] IPUIPlugin:80 - create IPUIPlugin
2025-12-12 16:55:14,827 [INFO] IPUIPlugin:80 - create IPUIPlugin
2025-12-12 16:55:14,827 [INFO] IPUIPlugin:80 - create IPUIPlugin
2025-12-12 16:55:14,827 [INFO] IPUIPlugin:80 - create IPUIPlugin
2025-12-12 16:55:14,827 [INFO] IPUIPlugin:80 - create IPUIPlugin
2025-12-12 16:55:14,827 [INFO] IPUIPlugin:80 - create IPUIPlugin
2025-12-12 16:55:14,827 [INFO] IPUIPlugin:80 - create IPUIPlugin
2025-12-12 16:55:14,827 [INFO] IPUIPlugin:80 - create IPUIPlugin
2025-12-12 16:55:14,828 [INFO] IPUIPlugin:80 - create IPUIPlugin
2025-12-12 16:55:14,828 [INFO] IPUIPlugin:80 - create IPUIPlugin
2025-12-12 16:55:14,828 [INFO] IPUIPlugin:80 - create IPUIPlugin
2025-12-12 16:55:14,828 [INFO] IPUIPlugin:80 - create IPUIPlugin
2025-12-12 16:55:14,828 [INFO] IPUIPlugin:80 - create IPUIPlugin
2025-12-12 16:55:14,828 [INFO] IPUIPlugin:80 - create IPUIPlugin
2025-12-12 16:55:14,828 [INFO] IPUIPlugin:80 - create IPUIPlugin
2025-12-12 16:55:14,828 [INFO] IPUIPlugin:80 - create IPUIPlugin
2025-12-12 16:55:14,829 [INFO] IPUIPlugin:80 - create IPUIPlugin
2025-12-12 16:55:14,829 [INFO] IPUIPlugin:80 - create IPUIPlugin
2025-12-12 16:55:14,829 [INFO] IPUIPlugin:80 - create IPUIPlugin
2025-12-12 16:55:14,829 [INFO] IPUIPlugin:80 - create IPUIPlugin
2025-12-12 16:55:14,829 [INFO] IPUIPlugin:80 - create IPUIPlugin
2025-12-12 16:55:14,829 [INFO] IPUIPlugin:80 - create IPUIPlugin
2025-12-12 16:55:14,829 [INFO] IPUIPlugin:80 - create IPUIPlugin
2025-12-12 16:55:14,829 [INFO] IPUIPlugin:80 - create IPUIPlugin
2025-12-12 16:55:14,829 [INFO] IPUIPlugin:80 - create IPUIPlugin
2025-12-12 16:55:14,829 [INFO] IPUIPlugin:80 - create IPUIPlugin
2025-12-12 16:55:14,829 [INFO] IPUIPlugin:80 - create IPUIPlugin
2025-12-12 16:55:14,830 [INFO] IPUIPlugin:80 - create IPUIPlugin
2025-12-12 16:55:14,830 [INFO] IPUIPlugin:80 - create IPUIPlugin
2025-12-12 16:55:14,830 [INFO] IPUIPlugin:80 - create IPUIPlugin
2025-12-12 16:55:14,830 [INFO] IPUIPlugin:80 - create IPUIPlugin
2025-12-12 16:55:14,830 [INFO] IPUIPlugin:80 - create IPUIPlugin
2025-12-12 16:55:14,830 [INFO] IPUIPlugin:80 - create IPUIPlugin
2025-12-12 16:55:14,830 [INFO] IPUIPlugin:80 - create IPUIPlugin
2025-12-12 16:55:14,830 [INFO] IPUIPlugin:80 - create IPUIPlugin
2025-12-12 16:55:14,861 [INFO] CADModel:165 - CPN selected for project levelSTM32L412RBT6P
2025-12-12 16:55:14,861 [INFO] CADModel:114 - Register for checkConnection events
2025-12-12 16:55:14,918 [INFO] OpenFileManager:386 - Restore cursor
2025-12-12 16:55:15,603 [INFO] UtilMem:75 - End SaveConfig() Used Memory: 894804992 Bytes (1073741824)
2025-12-12 16:55:23,279 [INFO] McuFinderGlobals:76 - Set McuFinderConnectedMode to true
2025-12-12 16:55:23,281 [INFO] ApiDb:448 - Save user favorites file C:\Users\CAMMSYS/.stm32cubeide/favorites.mcus.txt: 0 item(s)
2025-12-12 16:55:23,281 [INFO] ApiDb:452 - User favorites MCUs=[]
2025-12-12 16:55:23,282 [INFO] ApiDb:448 - Save user favorites file C:\Users\CAMMSYS/.stm32cubeide/favorites.boards.txt: 0 item(s)
2025-12-12 16:55:23,282 [INFO] ApiDb:452 - User favorites Boards=[]
2025-12-12 16:56:02,081 [INFO] NvicIntPanel:101 - NVIC parent = com.st.microxplorer.plugins.ip.nvic.MultiNvicIntPanel[,0,0,0x0,invalid,layout=javax.swing.BoxLayout,alignmentX=0.0,alignmentY=0.0,border=,flags=9,maximumSize=,minimumSize=,preferredSize=]
2025-12-12 16:56:12,124 [INFO] UtilMem:75 - End SaveConfig() Used Memory: 642354024 Bytes (1073741824)
2025-12-12 16:56:16,087 [INFO] LogOutputStream:77 - [STDOUT_REDIRECT] This download action requires prior login. To proceed, please use the 'login' command with your my.st.com account email and password.
2025-12-12 16:56:16,088 [INFO] LogOutputStream:77 - [STDOUT_REDIRECT] Run 'login <email> <password> <remember_me>' for example 'login john.smith@st.com mypassword y'.
2025-12-12 16:56:16,088 [INFO] LogOutputStream:77 - [STDOUT_REDIRECT] If you do not have a my.st.com account, please visit https://st.com website to create one.
2025-12-12 16:56:21,059 [INFO] LogOutputStream:77 - [STDOUT_REDIRECT] This download action requires prior login. To proceed, please use the 'login' command with your my.st.com account email and password.
2025-12-12 16:56:21,060 [INFO] LogOutputStream:77 - [STDOUT_REDIRECT] Run 'login <email> <password> <remember_me>' for example 'login john.smith@st.com mypassword y'.
2025-12-12 16:56:21,060 [INFO] LogOutputStream:77 - [STDOUT_REDIRECT] If you do not have a my.st.com account, please visit https://st.com website to create one.
2025-12-12 16:56:35,992 [INFO] LogOutputStream:77 - [STDOUT_REDIRECT] This download action requires prior login. To proceed, please use the 'login' command with your my.st.com account email and password.
2025-12-12 16:56:35,992 [INFO] LogOutputStream:77 - [STDOUT_REDIRECT] Run 'login <email> <password> <remember_me>' for example 'login john.smith@st.com mypassword y'.
2025-12-12 16:56:35,993 [INFO] LogOutputStream:77 - [STDOUT_REDIRECT] If you do not have a my.st.com account, please visit https://st.com website to create one.
2025-12-12 16:57:06,474 [INFO] NvicIntPanel:101 - NVIC parent = com.st.microxplorer.plugins.ip.nvic.MultiNvicIntPanel[,0,0,0x0,invalid,layout=javax.swing.BoxLayout,alignmentX=0.0,alignmentY=0.0,border=,flags=9,maximumSize=,minimumSize=,preferredSize=]
2025-12-12 16:57:06,572 [INFO] LogOutputStream:77 - [STDOUT_REDIRECT] This download action requires prior login. To proceed, please use the 'login' command with your my.st.com account email and password.
2025-12-12 16:57:06,572 [INFO] LogOutputStream:77 - [STDOUT_REDIRECT] Run 'login <email> <password> <remember_me>' for example 'login john.smith@st.com mypassword y'.
2025-12-12 16:57:06,573 [INFO] LogOutputStream:77 - [STDOUT_REDIRECT] If you do not have a my.st.com account, please visit https://st.com website to create one.
2025-12-12 16:57:46,100 [INFO] UtilMem:75 - End SaveConfig() Used Memory: 965684840 Bytes (1073741824)
2025-12-12 16:57:47,838 [INFO] UtilMem:75 - End SaveConfig() Used Memory: 622504792 Bytes (1073741824)
2025-12-12 16:57:50,359 [INFO] LogOutputStream:77 - [STDOUT_REDIRECT] This download action requires prior login. To proceed, please use the 'login' command with your my.st.com account email and password.
2025-12-12 16:57:50,360 [INFO] LogOutputStream:77 - [STDOUT_REDIRECT] Run 'login <email> <password> <remember_me>' for example 'login john.smith@st.com mypassword y'.
2025-12-12 16:57:50,360 [INFO] LogOutputStream:77 - [STDOUT_REDIRECT] If you do not have a my.st.com account, please visit https://st.com website to create one.
2025-12-12 16:59:29,514 [INFO] MainUpdater:2872 - connection check result : 10
2025-12-12 16:59:29,583 [INFO] McuFinderGlobals:76 - Set McuFinderConnectedMode to true
2025-12-12 16:59:29,585 [INFO] MultiScanPanel:200 - Auto-refresh data requested => check proxy status ongoing
2025-12-12 16:59:29,587 [INFO] FinderPluginLoader:96 - Searching for filters in installed packs
2025-12-12 16:59:30,427 [INFO] LoadUrlFilesThread:185 - End of LoadServerUrlFiles without Thread
2025-12-12 16:59:30,427 [INFO] DetailPanel:341 - Set advertising image to C:/Users/CAMMSYS/STM32Cube/Repository/\en.prom-st67w-expansion-board.png
2025-12-12 16:59:33,931 [INFO] MultiScanPanel:200 - Auto-refresh data requested => check proxy status ongoing
2025-12-12 16:59:33,963 [INFO] LoadUrlFilesThread:185 - End of LoadServerUrlFiles without Thread
2025-12-12 16:59:33,963 [INFO] DetailPanel:341 - Set advertising image to C:/Users/CAMMSYS/STM32Cube/Repository/\en.prom-st67w-expansion-board.png
2025-12-12 17:00:08,870 [INFO] MainUpdater:2872 - connection check result : 10
2025-12-12 17:00:08,871 [INFO] MainUpdater:2872 - connection check result : 10
2025-12-12 17:00:08,897 [INFO] MicroXplorer:468 - Change Database Path : 
2025-12-12 17:00:08,897 [INFO] MicroXplorer:498 - Change Database Version : DB.6.0.150
2025-12-12 17:00:08,931 [ERROR] ProjectManagerView:395 - 
java.lang.NullPointerException: Cannot invoke "javax.swing.JTextField.getText()" because the return value of "java.util.List.get(int)" is null
	at com.st.microxplorer.plugins.projectmanager.gui.ProjectChoiceTab$9.caretUpdate(ProjectChoiceTab.java:2706) ~[filemanager.jar:?]
	at javax.swing.text.JTextComponent.fireCaretUpdate(JTextComponent.java:408) ~[?:?]
	at javax.swing.text.JTextComponent$MutableCaretEvent.fire(JTextComponent.java:4484) ~[?:?]
	at javax.swing.text.JTextComponent$MutableCaretEvent.stateChanged(JTextComponent.java:4506) ~[?:?]
	at javax.swing.text.DefaultCaret.fireStateChanged(DefaultCaret.java:857) ~[?:?]
	at javax.swing.text.DefaultCaret.changeCaretPosition(DefaultCaret.java:1343) ~[?:?]
	at javax.swing.text.DefaultCaret.handleSetDot(DefaultCaret.java:1242) ~[?:?]
	at javax.swing.text.DefaultCaret.setDot(DefaultCaret.java:1223) ~[?:?]
	at javax.swing.text.DefaultCaret$Handler.insertUpdate(DefaultCaret.java:1819) ~[?:?]
	at javax.swing.text.AbstractDocument.fireInsertUpdate(AbstractDocument.java:227) ~[?:?]
	at javax.swing.text.AbstractDocument.handleInsertString(AbstractDocument.java:781) ~[?:?]
	at javax.swing.text.AbstractDocument.insertString(AbstractDocument.java:740) ~[?:?]
	at javax.swing.text.PlainDocument.insertString(PlainDocument.java:131) ~[?:?]
	at javax.swing.text.AbstractDocument.replace(AbstractDocument.java:699) ~[?:?]
	at javax.swing.text.JTextComponent.setText(JTextComponent.java:1725) ~[?:?]
	at com.st.microxplorer.plugins.projectmanager.gui.ProjectChoiceTab.createHeapStackFields(ProjectChoiceTab.java:993) ~[filemanager.jar:?]
	at com.st.microxplorer.plugins.projectmanager.gui.ProjectChoiceTab.buildLinkSettingsPanel(ProjectChoiceTab.java:3813) ~[filemanager.jar:?]
	at com.st.microxplorer.plugins.projectmanager.gui.ProjectChoiceTab.defineWindowsFields(ProjectChoiceTab.java:1987) ~[filemanager.jar:?]
	at com.st.microxplorer.plugins.projectmanager.gui.ProjectChoiceTab.updateSettings(ProjectChoiceTab.java:558) ~[filemanager.jar:?]
	at com.st.microxplorer.plugins.projectmanager.gui.ProjectSettingsPanel.UpdateDialog(ProjectSettingsPanel.java:247) ~[filemanager.jar:?]
	at com.st.microxplorer.plugins.projectmanager.ProjectManagerView.propertyChange(ProjectManagerView.java:392) ~[filemanager.jar:?]
	at java.beans.PropertyChangeSupport.fire(PropertyChangeSupport.java:343) ~[?:?]
	at java.beans.PropertyChangeSupport.firePropertyChange(PropertyChangeSupport.java:335) ~[?:?]
	at java.beans.PropertyChangeSupport.firePropertyChange(PropertyChangeSupport.java:268) ~[?:?]
	at com.st.microxplorer.util.MXPropertyChangeSupport.firePropertyChange(MXPropertyChangeSupport.java:54) ~[STM32CubeMX.jar:?]
	at com.st.microxplorer.mxsystem.MxSystem.closeConfig(MxSystem.java:899) ~[STM32CubeMX.jar:?]
	at com.st.microxplorer.maingui.MainPanel.closeConfig(MainPanel.java:792) ~[STM32CubeMX.jar:?]
	at com.st.microxplorer.plugins.filemanager.engine.OpenFileManager.loadConfigurationFile(OpenFileManager.java:288) ~[filemanager.jar:?]
	at com.st.microxplorer.plugins.filemanager.engine.MainFileManager.userLoadConfig(MainFileManager.java:364) ~[filemanager.jar:?]
	at com.st.microxplorer.plugins.filemanager.FileManagerView.getSpecificTask(FileManagerView.java:268) ~[filemanager.jar:?]
	at com.st.stm32cube.common.mx.editor.CubeMxEditor.getMxTabbedPaneInstance(CubeMxEditor.java:1191) ~[com.st.stm32cube.common.mx_6.15.0.202507011659/:?]
	at com.st.stm32cube.common.mx.editor.CubeMxEditor$12$1.createSwingComponent(CubeMxEditor.java:1068) ~[com.st.stm32cube.common.mx_6.15.0.202507011659/:?]
	at com.st.stm32cube.common.mx.oss.core.awtswtbridge.EmbeddedSwingComposite.doComponentCreation(EmbeddedSwingComposite.java:492) ~[com.st.stm32cube.common.mx.oss_6.15.0.202507011659/:?]
	at com.st.stm32cube.common.mx.oss.core.awtswtbridge.EmbeddedSwingComposite$4.run(EmbeddedSwingComposite.java:291) ~[com.st.stm32cube.common.mx.oss_6.15.0.202507011659/:?]
	at com.st.stm32cube.common.mx.oss.core.awtswtbridge.AwtEnvironment$2.run(AwtEnvironment.java:166) ~[com.st.stm32cube.common.mx.oss_6.15.0.202507011659/:?]
	at java.awt.event.InvocationEvent.dispatch(InvocationEvent.java:318) ~[?:?]
	at java.awt.EventQueue.dispatchEventImpl(EventQueue.java:773) ~[?:?]
	at java.awt.EventQueue$4.run(EventQueue.java:720) ~[?:?]
	at java.awt.EventQueue$4.run(EventQueue.java:714) ~[?:?]
	at java.security.AccessController.doPrivileged(AccessController.java:400) ~[?:?]
	at java.security.ProtectionDomain$JavaSecurityAccessImpl.doIntersectionPrivilege(ProtectionDomain.java:87) ~[?:?]
	at java.awt.EventQueue.dispatchEvent(EventQueue.java:742) ~[?:?]
	at java.awt.EventDispatchThread.pumpOneEventForFilters(EventDispatchThread.java:203) ~[?:?]
	at java.awt.EventDispatchThread.pumpEventsForFilter(EventDispatchThread.java:124) ~[?:?]
	at java.awt.EventDispatchThread.pumpEventsForHierarchy(EventDispatchThread.java:113) ~[?:?]
	at java.awt.EventDispatchThread.pumpEvents(EventDispatchThread.java:109) ~[?:?]
	at java.awt.EventDispatchThread.pumpEvents(EventDispatchThread.java:101) ~[?:?]
	at java.awt.EventDispatchThread.run(EventDispatchThread.java:90) ~[?:?]
2025-12-12 17:00:08,933 [WARN] ThirdParty:871 - waiting for thirdparty lock release [close project]
2025-12-12 17:00:08,933 [INFO] ThirdParty:873 - entering critical section [close project]
2025-12-12 17:00:08,933 [INFO] ThirdParty:883 - exiting critical section [close project]
2025-12-12 17:00:08,936 [INFO] PinOutPanel:1589 - setPackage(No Configuration,No Configuration)
2025-12-12 17:00:08,945 [INFO] UtilMem:75 - Begin LoadConfig() Used Memory: 830306088 Bytes (1073741824)
2025-12-12 17:00:08,949 [INFO] MicroXplorer:468 - Change Database Path : 
2025-12-12 17:00:08,949 [INFO] MicroXplorer:498 - Change Database Version : DB.6.0.150
2025-12-12 17:00:08,949 [INFO] OpenFileManager:355 - Change cursor
2025-12-12 17:00:08,974 [INFO] RulesReader:64 - Compatibility file has been processed (317 Rules)
2025-12-12 17:00:08,981 [INFO] Mcu:2029 - Initializing MCU STM32L412RBTxP STM32L412RBTxP STM32L412RBT6P
2025-12-12 17:00:09,717 [INFO] Context:786 - Trying to add GPIOservice into a context  which must be forbidden
2025-12-12 17:00:10,005 [INFO] Rule:233 - rule Adapt Old IOC before rework replace old CORTEX_M33/CORTEX_M55 attributes by the new one. is applicable
2025-12-12 17:00:10,005 [INFO] Rule:233 - rule Rename parametre of RCC RCC_APBDBG_DIV2 to RCC_TIMPRES_DIV2 is applicable
2025-12-12 17:00:10,006 [INFO] Rule:233 - rule Rename DIE493 pin PA10 [PA12] -> PA10 is applicable
2025-12-12 17:00:10,006 [INFO] Rule:233 - rule Rename DIE493 pin PA9 [PA11] -> PA9 is applicable
2025-12-12 17:00:10,006 [INFO] Rule:233 - rule Rename DIE492 PartNumber CPN STM32WBA5MJGHx -> STM32WBA5MMGHx is applicable
2025-12-12 17:00:10,006 [INFO] Rule:233 - rule Rename DIE492 PartNumber  Name STM32WBA5MJGHx -> STM32WBA5MMGHx is applicable
2025-12-12 17:00:10,006 [INFO] Rule:233 - rule Rename DIE492 PartNumber UserName STM32WBA5MJGHx -> STM32WBA5MMGHx is applicable
2025-12-12 17:00:10,006 [INFO] Rule:233 - rule Rename DIE492 PartNumber DeviceId STM32WBA5MJGHx -> STM32WBA5MMGHx is applicable
2025-12-12 17:00:10,006 [INFO] Rule:233 - rule Adapt Old IOC CSI. is applicable
2025-12-12 17:00:10,006 [INFO] Rule:233 - rule Adapt Old IOC DCMIPP. is applicable
2025-12-12 17:00:10,006 [INFO] Rule:233 - rule Adapt Old IOC DCMIPP Mode Parallel. is applicable
2025-12-12 17:00:10,006 [INFO] Rule:233 - rule Adapt Old IOC LTDC. is applicable
2025-12-12 17:00:10,006 [INFO] Rule:233 - rule Rename STM32MP2 RIF Peripheral LTDC RIF.RISUP.LTDC_L0L1.Privilege -> RIF.RISUP.LTDC_L1L2.Privilege is applicable
2025-12-12 17:00:10,006 [INFO] Rule:233 - rule Rename STM32MP2 RIF Peripheral LTDC RIF.RISUP.LTDC_L0L1.Privilege -> RIF.RISUP.LTDC_L1L2.Privilege is applicable
2025-12-12 17:00:10,006 [INFO] Rule:233 - rule Rename STM32MP2 RIF Peripheral LTDC RIF.RISUP.LTDC_L0L1.Lock -> RIF.RISUP.LTDC_L1L2.Lock is applicable
2025-12-12 17:00:10,006 [INFO] Rule:233 - rule Rename STM32MP2 RIF Peripheral LTDC RIF.RISUP.LTDC_L2.Lock -> RIF.RISUP.LTDC_L3.Lock is applicable
2025-12-12 17:00:10,006 [INFO] Rule:233 - rule Adapt the old IOC example for updating the SYS when it is misconfigured. is applicable
2025-12-12 17:00:10,006 [INFO] Rule:233 - rule Rename STM32C09 Mcu.Package LQFP64 -> LQFP48 is applicable
2025-12-12 17:00:10,006 [INFO] Rule:233 - rule Adapt the old IOC example for updating the SYS when it is misconfigured. is applicable
2025-12-12 17:00:10,007 [INFO] Rule:233 - rule Adapt the old IOC example for updating the SYS when it is misconfigured. is applicable
2025-12-12 17:00:10,009 [INFO] DbConfProperties:307 - Apply Compatibility (4/20 Rules)
2025-12-12 17:00:10,023 [INFO] ImportTextPane:234 - (OptionalMessage_ERROR) Pin16 (VP_RIF_VS_RIF1) cannot be retrieved for this MCU
2025-12-12 17:00:10,193 [INFO] RtosManager:558 - Registered RTOS mode: class=CMSIS, group=RTOS, mode=CMSIS_V1, owner=FREERTOS
2025-12-12 17:00:10,193 [INFO] RtosManager:558 - Registered RTOS mode: class=CMSIS, group=RTOS2, mode=CMSIS_V2, owner=FREERTOS
2025-12-12 17:00:10,193 [INFO] RtosManager:558 - Registered RTOS mode: class=RTOS, group=Core, mode=CMSIS_V1, owner=FREERTOS
2025-12-12 17:00:10,193 [INFO] RtosManager:558 - Registered RTOS mode: class=RTOS, group=Core, mode=CMSIS_V2, owner=FREERTOS
2025-12-12 17:00:10,193 [WARN] ModelIntegratedComponent:184 - Missing modes for component STMicroelectronics:FreeRTOS:0.0.1:STMicroelectronics:RTOS:FreeRTOS:Core:::10.2.0:
2025-12-12 17:00:10,198 [WARN] ModelIntegratedComponent:63 - No mode defined for component null
2025-12-12 17:00:10,198 [WARN] ModelIntegratedComponent:63 - No mode defined for component null
2025-12-12 17:00:10,198 [WARN] ModelIntegratedComponent:63 - No mode defined for component null
2025-12-12 17:00:10,198 [WARN] ModelIntegratedComponent:63 - No mode defined for component null
2025-12-12 17:00:10,198 [WARN] ModelIntegratedComponent:63 - No mode defined for component null
2025-12-12 17:00:10,198 [WARN] ModelIntegratedComponent:63 - No mode defined for component null
2025-12-12 17:00:10,199 [WARN] ModelIntegratedComponent:63 - No mode defined for component null
2025-12-12 17:00:10,199 [WARN] ModelIntegratedComponent:63 - No mode defined for component null
2025-12-12 17:00:10,199 [WARN] ModelIntegratedComponent:63 - No mode defined for component null
2025-12-12 17:00:10,199 [WARN] ModelIntegratedComponent:63 - No mode defined for component null
2025-12-12 17:00:10,199 [WARN] ModelIntegratedComponent:63 - No mode defined for component null
2025-12-12 17:00:10,199 [WARN] ModelIntegratedComponent:63 - No mode defined for component null
2025-12-12 17:00:10,199 [WARN] ModelIntegratedComponent:63 - No mode defined for component null
2025-12-12 17:00:10,199 [WARN] ModelIntegratedComponent:63 - No mode defined for component null
2025-12-12 17:00:10,199 [WARN] ModelIntegratedComponent:63 - No mode defined for component null
2025-12-12 17:00:10,199 [WARN] ModelIntegratedComponent:63 - No mode defined for component null
2025-12-12 17:00:10,199 [WARN] ModelIntegratedComponent:63 - No mode defined for component null
2025-12-12 17:00:10,199 [WARN] ModelIntegratedComponent:63 - No mode defined for component null
2025-12-12 17:00:10,199 [WARN] ModelIntegratedComponent:63 - No mode defined for component null
2025-12-12 17:00:10,199 [WARN] ModelIntegratedComponent:63 - No mode defined for component null
2025-12-12 17:00:10,199 [WARN] ModelIntegratedComponent:63 - No mode defined for component null
2025-12-12 17:00:10,199 [WARN] ModelIntegratedComponent:63 - No mode defined for component null
2025-12-12 17:00:10,199 [WARN] ModelIntegratedComponent:63 - No mode defined for component null
2025-12-12 17:00:10,199 [WARN] ModelIntegratedComponent:63 - No mode defined for component null
2025-12-12 17:00:10,199 [WARN] ModelIntegratedComponent:63 - No mode defined for component null
2025-12-12 17:00:10,199 [WARN] ModelIntegratedComponent:63 - No mode defined for component null
2025-12-12 17:00:10,199 [WARN] ModelIntegratedComponent:63 - No mode defined for component null
2025-12-12 17:00:10,199 [WARN] ModelIntegratedComponent:63 - No mode defined for component null
2025-12-12 17:00:10,199 [WARN] ModelIntegratedComponent:63 - No mode defined for component null
2025-12-12 17:00:10,199 [WARN] ModelIntegratedComponent:63 - No mode defined for component null
2025-12-12 17:00:10,199 [WARN] ModelIntegratedComponent:63 - No mode defined for component null
2025-12-12 17:00:10,199 [WARN] ModelIntegratedComponent:63 - No mode defined for component null
2025-12-12 17:00:10,199 [WARN] ModelIntegratedComponent:63 - No mode defined for component null
2025-12-12 17:00:10,199 [WARN] ModelIntegratedComponent:63 - No mode defined for component null
2025-12-12 17:00:10,199 [WARN] ModelIntegratedComponent:63 - No mode defined for component null
2025-12-12 17:00:10,199 [WARN] ModelPack:524 - Component already loaded: STMicroelectronics:HAL Drivers:0.0.0:STMicroelectronics:Device:STMicro_Driver:XSPI:HAL::0.0.1:HAL_XSPI
2025-12-12 17:00:10,211 [INFO] ThirdPartyModel:298 - Start build external matchings
2025-12-12 17:00:10,446 [INFO] ThirdPartyModel:316 - End build external matchings
2025-12-12 17:00:10,645 [INFO] UtilMem:75 - End LoadConfig() Used Memory: 752854120 Bytes (1073741824)
2025-12-12 17:00:10,684 [WARN] ThirdParty:833 - waiting for thirdparty lock release [change project]
2025-12-12 17:00:10,684 [INFO] ThirdParty:835 - entering critical section [change project]
2025-12-12 17:00:10,684 [INFO] ThirdParty:1030 - CMSIS Pack Vendor :STMicroelectronics X-CUBE-PM33A1 1.0.0
2025-12-12 17:00:10,684 [INFO] ThirdParty:1030 - CMSIS Pack Vendor :STMicroelectronics USBPD 4.1
2025-12-12 17:00:10,684 [INFO] ThirdParty:1030 - CMSIS Pack Vendor :STMicroelectronics X-CUBE-NFC9 1.0.0
2025-12-12 17:00:10,684 [INFO] ThirdParty:1030 - CMSIS Pack Vendor :STMicroelectronics USB_HOST 2.0.0
2025-12-12 17:00:10,684 [INFO] ThirdParty:1030 - CMSIS Pack Vendor :STMicroelectronics FP-SNS-MOTENVWB1 1.4.0
2025-12-12 17:00:10,684 [INFO] ThirdParty:1030 - CMSIS Pack Vendor :STMicroelectronics X-CUBE-AZRTOS-F4 1.1.0
2025-12-12 17:00:10,684 [INFO] ThirdParty:1030 - CMSIS Pack Vendor :STMicroelectronics LIBJPEG 8.0.0
2025-12-12 17:00:10,684 [INFO] ThirdParty:1030 - CMSIS Pack Vendor :STMicroelectronics FP-ATR-ASTRA1 2.0.2
2025-12-12 17:00:10,684 [INFO] ThirdParty:1030 - CMSIS Pack Vendor :STMicroelectronics X-CUBE-BLE1 7.1.0
2025-12-12 17:00:10,684 [INFO] ThirdParty:1030 - CMSIS Pack Vendor :STMicroelectronics X-CUBE-SMBUS 2.1.0
2025-12-12 17:00:10,684 [INFO] ThirdParty:1030 - CMSIS Pack Vendor :wolfSSL I-CUBE-wolfMQTT 1.19.2
2025-12-12 17:00:10,684 [INFO] ThirdParty:1030 - CMSIS Pack Vendor :STMicroelectronics USB_DEVICE 3.0.0
2025-12-12 17:00:10,685 [INFO] ThirdParty:1030 - CMSIS Pack Vendor :STMicroelectronics X-CUBE-ISPU 2.1.0
2025-12-12 17:00:10,685 [INFO] ThirdParty:1030 - CMSIS Pack Vendor :STMicroelectronics X-CUBE-FREERTOS 1.4.0
2025-12-12 17:00:10,685 [INFO] ThirdParty:1030 - CMSIS Pack Vendor :STMicroelectronics X-CUBE-EEPRMA1 5.2.0
2025-12-12 17:00:10,685 [INFO] ThirdParty:1030 - CMSIS Pack Vendor :STMicroelectronics X-CUBE-IPS 3.2.0
2025-12-12 17:00:10,685 [INFO] ThirdParty:1030 - CMSIS Pack Vendor :STMicroelectronics X-CUBE-BLEMGR 4.1.0
2025-12-12 17:00:10,685 [INFO] ThirdParty:1030 - CMSIS Pack Vendor :STMicroelectronics X-CUBE-AZRTOS-WB 2.0.0
2025-12-12 17:00:10,685 [INFO] ThirdParty:1030 - CMSIS Pack Vendor :wolfSSL I-CUBE-wolfSSL 5.8.4
2025-12-12 17:00:10,685 [INFO] ThirdParty:1030 - CMSIS Pack Vendor :Cesanta I-CUBE-Mongoose 7.20.0
2025-12-12 17:00:10,685 [INFO] ThirdParty:1030 - CMSIS Pack Vendor :STMicroelectronics X-CUBE-NFC12 1.0.0
2025-12-12 17:00:10,685 [INFO] ThirdParty:1030 - CMSIS Pack Vendor :STMicroelectronics X-CUBE-AZRTOS-F7 1.1.0
2025-12-12 17:00:10,685 [INFO] ThirdParty:1030 - CMSIS Pack Vendor :STMicroelectronics X-CUBE-AZRTOS-L5 2.0.0
2025-12-12 17:00:10,685 [INFO] ThirdParty:1030 - CMSIS Pack Vendor :STMicroelectronics USB_DEVICE 2.0.0
2025-12-12 17:00:10,685 [INFO] ThirdParty:1030 - CMSIS Pack Vendor :STMicroelectronics X-CUBE-NFC6 3.1.0
2025-12-12 17:00:10,685 [INFO] ThirdParty:1030 - CMSIS Pack Vendor :STMicroelectronics X-CUBE-ST67W61 1.1.0
2025-12-12 17:00:10,685 [INFO] ThirdParty:1030 - CMSIS Pack Vendor :quantropi X-CUBE-qispace-sdk-base 2.1.0
2025-12-12 17:00:10,685 [INFO] ThirdParty:1030 - CMSIS Pack Vendor :STMicroelectronics X-CUBE-MEMS1 12.0.0
2025-12-12 17:00:10,685 [INFO] ThirdParty:1030 - CMSIS Pack Vendor :STMicroelectronics FP-SNS-MOTENV1 5.1.0
2025-12-12 17:00:10,685 [INFO] ThirdParty:1030 - CMSIS Pack Vendor :STMicroelectronics FreeRTOS 0.0.1
2025-12-12 17:00:10,685 [INFO] ThirdParty:1030 - CMSIS Pack Vendor :STMicroelectronics X-CUBE-AZRTOS-G0 1.1.0
2025-12-12 17:00:10,685 [INFO] ThirdParty:1030 - CMSIS Pack Vendor :STMicroelectronics X-CUBE-NFC4 3.0.0
2025-12-12 17:00:10,685 [INFO] ThirdParty:1030 - CMSIS Pack Vendor :STMicroelectronics X-CUBE-SUBG2 5.0.0
2025-12-12 17:00:10,685 [INFO] ThirdParty:1030 - CMSIS Pack Vendor :STMicroelectronics STM32_WPAN 1.0.0
2025-12-12 17:00:10,685 [INFO] ThirdParty:1030 - CMSIS Pack Vendor :EmbeddedOffice I-CUBE-FS-RTOS 1.0.1
2025-12-12 17:00:10,685 [INFO] ThirdParty:1030 - CMSIS Pack Vendor :STMicroelectronics lwIP 2.0.3
2025-12-12 17:00:10,685 [INFO] ThirdParty:1030 - CMSIS Pack Vendor :WES I-CUBE-Cesium 1.4.0
2025-12-12 17:00:10,685 [INFO] ThirdParty:1030 - CMSIS Pack Vendor :STMicroelectronics USB_HOST 1.0.0
2025-12-12 17:00:10,685 [INFO] ThirdParty:1030 - CMSIS Pack Vendor :STMicroelectronics X-CUBE-AZRTOS-G4 2.0.0
2025-12-12 17:00:10,685 [INFO] ThirdParty:1030 - CMSIS Pack Vendor :STMicroelectronics X-CUBE-WB05N 2.0.0
2025-12-12 17:00:10,685 [INFO] ThirdParty:1030 - CMSIS Pack Vendor :STMicroelectronics PDM2PCM 3.1.0
2025-12-12 17:00:10,685 [INFO] ThirdParty:1030 - CMSIS Pack Vendor :STMicroelectronics PDM2PCM 3.3.0
2025-12-12 17:00:10,685 [INFO] ThirdParty:1030 - CMSIS Pack Vendor :wolfSSL I-CUBE-wolfTPM 3.8.0
2025-12-12 17:00:10,685 [INFO] ThirdParty:1030 - CMSIS Pack Vendor :STMicroelectronics X-CUBE-AZRTOS-H7 3.4.0
2025-12-12 17:00:10,685 [INFO] ThirdParty:1030 - CMSIS Pack Vendor :STMicroelectronics X-CUBE-DISPLAY 3.0.0
2025-12-12 17:00:10,685 [INFO] ThirdParty:1030 - CMSIS Pack Vendor :wolfSSL I-CUBE-wolfSSH 1.4.20
2025-12-12 17:00:10,685 [INFO] ThirdParty:1030 - CMSIS Pack Vendor :STMicroelectronics X-CUBE-NFC7 2.0.0
2025-12-12 17:00:10,685 [INFO] ThirdParty:1030 - CMSIS Pack Vendor :STMicroelectronics X-CUBE-TCPP 4.2.0
2025-12-12 17:00:10,685 [INFO] ThirdParty:1030 - CMSIS Pack Vendor :RealThread X-CUBE-RT-Thread_Nano 4.1.1
2025-12-12 17:00:10,685 [INFO] ThirdParty:1030 - CMSIS Pack Vendor :STMicroelectronics FP-ATR-SIGFOX1 3.2.0
2025-12-12 17:00:10,685 [INFO] ThirdParty:1030 - CMSIS Pack Vendor :STMicroelectronics X-CUBE-NFC10 1.0.0
2025-12-12 17:00:10,685 [INFO] ThirdParty:1030 - CMSIS Pack Vendor :STMicroelectronics HAL Drivers 0.0.0
2025-12-12 17:00:10,685 [INFO] ThirdParty:1030 - CMSIS Pack Vendor :STMicroelectronics MBEDTLS 2.16.2
2025-12-12 17:00:10,685 [INFO] ThirdParty:1030 - CMSIS Pack Vendor :STMicroelectronics X-CUBE-ST60 1.1.0
2025-12-12 17:00:10,685 [INFO] ThirdParty:1030 - CMSIS Pack Vendor :STMicroelectronics X-CUBE-ALS 1.0.2
2025-12-12 17:00:10,685 [INFO] ThirdParty:1030 - CMSIS Pack Vendor :emotas I-CUBE-CANOPEN 1.3.0
2025-12-12 17:00:10,685 [INFO] ThirdParty:1030 - CMSIS Pack Vendor :STMicroelectronics MBEDTLS 2.14.1
2025-12-12 17:00:10,685 [INFO] ThirdParty:1030 - CMSIS Pack Vendor :STMicroelectronics X-CUBE-GNSS1 7.1.0
2025-12-12 17:00:10,685 [INFO] ThirdParty:1030 - CMSIS Pack Vendor :ITTIA_DB I-CUBE-ITTIADB 8.9.0
2025-12-12 17:00:10,685 [INFO] ThirdParty:1030 - CMSIS Pack Vendor :STMicroelectronics X-CUBE-TOUCHGFX 4.26.0
2025-12-12 17:00:10,685 [INFO] ThirdParty:1030 - CMSIS Pack Vendor :STMicroelectronics X-CUBE-STSE01 1.0.0
2025-12-12 17:00:10,685 [INFO] ThirdParty:1030 - CMSIS Pack Vendor :STMicroelectronics FP-SNS-STBOX1 2.1.0
2025-12-12 17:00:10,685 [INFO] ThirdParty:1030 - CMSIS Pack Vendor :STMicroelectronics X-CUBE-AI 10.2.0
2025-12-12 17:00:10,685 [INFO] ThirdParty:1030 - CMSIS Pack Vendor :STMicroelectronics FP-SNS-STAIOTCFT 1.0.0
2025-12-12 17:00:10,685 [INFO] ThirdParty:1030 - CMSIS Pack Vendor :STMicroelectronics ThreadX 1.0.0
2025-12-12 17:00:10,685 [INFO] ThirdParty:1030 - CMSIS Pack Vendor :STMicroelectronics FP-SNS-SMARTAG2 1.2.0
2025-12-12 17:00:10,685 [INFO] ThirdParty:1030 - CMSIS Pack Vendor :STMicroelectronics FP-SNS-FLIGHT1 5.1.0
2025-12-12 17:00:10,685 [INFO] ThirdParty:1030 - CMSIS Pack Vendor :STMicroelectronics X-CUBE-AZRTOS-WL 2.0.0
2025-12-12 17:00:10,686 [INFO] ThirdParty:1030 - CMSIS Pack Vendor :SEGGER I-CUBE-embOS 1.3.1
2025-12-12 17:00:10,686 [INFO] ThirdParty:1030 - CMSIS Pack Vendor :STMicroelectronics X-CUBE-ALGOBUILD 1.4.0
2025-12-12 17:00:10,686 [INFO] ThirdParty:1030 - CMSIS Pack Vendor :STMicroelectronics X-CUBE-DPower 1.3.0
2025-12-12 17:00:10,686 [INFO] ThirdParty:1030 - CMSIS Pack Vendor :STMicroelectronics USB_DEVICE 1.0.0
2025-12-12 17:00:10,686 [INFO] ThirdParty:1030 - CMSIS Pack Vendor :STMicroelectronics X-CUBE-AZRTOS-H7RS 1.2.0
2025-12-12 17:00:10,686 [INFO] ThirdParty:1030 - CMSIS Pack Vendor :STMicroelectronics X-CUBE-AZRTOS-L4 2.0.0
2025-12-12 17:00:10,686 [INFO] ThirdParty:1030 - CMSIS Pack Vendor :STMicroelectronics ThreadX 0.0.2
2025-12-12 17:00:10,686 [INFO] ThirdParty:1030 - CMSIS Pack Vendor :STMicroelectronics lwIP 2.1.2
2025-12-12 17:00:10,686 [INFO] ThirdParty:1030 - CMSIS Pack Vendor :STMicroelectronics X-CUBE-SFXS2LP1 4.0.0
2025-12-12 17:00:10,686 [INFO] ThirdParty:1030 - CMSIS Pack Vendor :STMicroelectronics X-CUBE-BLE2 3.3.0
2025-12-12 17:00:10,686 [INFO] ThirdParty:1030 - CMSIS Pack Vendor :Avnet-IOTCONNECT X-CUBE-iotc-st67-sdk 1.0.0
2025-12-12 17:00:10,686 [INFO] ThirdParty:1030 - CMSIS Pack Vendor :STMicroelectronics X-CUBE-TOF1 3.4.3
2025-12-12 17:00:10,686 [INFO] ThirdParty:1030 - CMSIS Pack Vendor :Infineon AIROC-Wi-Fi-Bluetooth-STM32 1.8.0
2025-12-12 17:00:10,686 [INFO] ThirdParty:1030 - CMSIS Pack Vendor :STMicroelectronics PDM2PCM 3.2.0
2025-12-12 17:00:10,686 [INFO] ThirdParty:841 - exiting critical section [change project]
2025-12-12 17:00:10,773 [INFO] PinOutPanel:1589 - setPackage(No Configuration,No Configuration)
2025-12-12 17:00:10,774 [INFO] PinOutPanel:1589 - setPackage(STM32L412RBTxP,LQFP64)
2025-12-12 17:00:11,036 [INFO] UtilMem:75 - Before build in PCC Used Memory: 699646504 Bytes (1073741824)
2025-12-12 17:00:11,327 [INFO] UtilMem:75 - After build in PCC Used Memory: 792447528 Bytes (1073741824)
2025-12-12 17:00:11,343 [INFO] IPUIPlugin:80 - create IPUIPlugin
2025-12-12 17:00:11,343 [INFO] IPUIPlugin:80 - create IPUIPlugin
2025-12-12 17:00:11,345 [INFO] IPUIPlugin:80 - create IPUIPlugin
2025-12-12 17:00:11,345 [INFO] IPUIPlugin:80 - create IPUIPlugin
2025-12-12 17:00:11,345 [INFO] IPUIPlugin:80 - create IPUIPlugin
2025-12-12 17:00:11,345 [INFO] IPUIPlugin:80 - create IPUIPlugin
2025-12-12 17:00:11,345 [INFO] IPUIPlugin:80 - create IPUIPlugin
2025-12-12 17:00:11,345 [INFO] IPUIPlugin:80 - create IPUIPlugin
2025-12-12 17:00:11,345 [INFO] IPUIPlugin:80 - create IPUIPlugin
2025-12-12 17:00:11,345 [INFO] IPUIPlugin:80 - create IPUIPlugin
2025-12-12 17:00:11,345 [INFO] IPUIPlugin:80 - create IPUIPlugin
2025-12-12 17:00:11,345 [INFO] IPUIPlugin:80 - create IPUIPlugin
2025-12-12 17:00:11,345 [INFO] IPUIPlugin:80 - create IPUIPlugin
2025-12-12 17:00:11,345 [INFO] IPUIPlugin:80 - create IPUIPlugin
2025-12-12 17:00:11,345 [INFO] IPUIPlugin:80 - create IPUIPlugin
2025-12-12 17:00:11,346 [INFO] IPUIPlugin:80 - create IPUIPlugin
2025-12-12 17:00:11,346 [INFO] IPUIPlugin:80 - create IPUIPlugin
2025-12-12 17:00:11,346 [INFO] IPUIPlugin:80 - create IPUIPlugin
2025-12-12 17:00:11,346 [INFO] IPUIPlugin:80 - create IPUIPlugin
2025-12-12 17:00:11,346 [INFO] IPUIPlugin:80 - create IPUIPlugin
2025-12-12 17:00:11,346 [INFO] IPUIPlugin:80 - create IPUIPlugin
2025-12-12 17:00:11,346 [INFO] IPUIPlugin:80 - create IPUIPlugin
2025-12-12 17:00:11,347 [INFO] IPUIPlugin:80 - create IPUIPlugin
2025-12-12 17:00:11,347 [INFO] IPUIPlugin:80 - create IPUIPlugin
2025-12-12 17:00:11,347 [INFO] IPUIPlugin:80 - create IPUIPlugin
2025-12-12 17:00:11,347 [INFO] IPUIPlugin:80 - create IPUIPlugin
2025-12-12 17:00:11,347 [INFO] IPUIPlugin:80 - create IPUIPlugin
2025-12-12 17:00:11,348 [INFO] IPUIPlugin:80 - create IPUIPlugin
2025-12-12 17:00:11,348 [INFO] IPUIPlugin:80 - create IPUIPlugin
2025-12-12 17:00:11,348 [INFO] IPUIPlugin:80 - create IPUIPlugin
2025-12-12 17:00:11,348 [INFO] IPUIPlugin:80 - create IPUIPlugin
2025-12-12 17:00:11,348 [INFO] IPUIPlugin:80 - create IPUIPlugin
2025-12-12 17:00:11,349 [INFO] IPUIPlugin:80 - create IPUIPlugin
2025-12-12 17:00:11,349 [INFO] IPUIPlugin:80 - create IPUIPlugin
2025-12-12 17:00:11,349 [INFO] IPUIPlugin:80 - create IPUIPlugin
2025-12-12 17:00:11,349 [INFO] IPUIPlugin:80 - create IPUIPlugin
2025-12-12 17:00:11,349 [INFO] IPUIPlugin:80 - create IPUIPlugin
2025-12-12 17:00:11,349 [INFO] IPUIPlugin:80 - create IPUIPlugin
2025-12-12 17:00:11,368 [INFO] CADModel:165 - CPN selected for project levelSTM32L412RBT6P
2025-12-12 17:00:11,368 [INFO] CADModel:114 - Register for checkConnection events
2025-12-12 17:00:11,407 [INFO] OpenFileManager:386 - Restore cursor
2025-12-12 17:00:11,838 [INFO] UtilMem:75 - End SaveConfig() Used Memory: 873710120 Bytes (1073741824)
2025-12-12 17:00:37,569 [INFO] McuFinderGlobals:76 - Set McuFinderConnectedMode to true
2025-12-12 17:00:37,570 [INFO] ApiDb:448 - Save user favorites file C:\Users\CAMMSYS/.stm32cubeide/favorites.mcus.txt: 0 item(s)
2025-12-12 17:00:37,570 [INFO] ApiDb:452 - User favorites MCUs=[]
2025-12-12 17:00:37,571 [INFO] ApiDb:448 - Save user favorites file C:\Users\CAMMSYS/.stm32cubeide/favorites.boards.txt: 0 item(s)
2025-12-12 17:00:37,571 [INFO] ApiDb:452 - User favorites Boards=[]
2025-12-12 17:00:37,738 [ERROR] LogOutputStream:75 - [STDERR_REDIRECT] Exception in thread "AWT-EventQueue-0" java.awt.IllegalComponentStateException: Native resources unavailable
2025-12-12 17:00:37,738 [ERROR] LogOutputStream:75 - [STDERR_REDIRECT] 	at java.desktop/sun.awt.windows.WWindowPeer.getScreenImOn(Native Method)
2025-12-12 17:00:37,739 [ERROR] LogOutputStream:75 - [STDERR_REDIRECT] 	at java.desktop/sun.awt.windows.WWindowPeer.updateGC(WWindowPeer.java:566)
2025-12-12 17:00:37,739 [ERROR] LogOutputStream:75 - [STDERR_REDIRECT] 	at java.desktop/java.awt.event.InvocationEvent.dispatch(InvocationEvent.java:318)
2025-12-12 17:00:37,740 [ERROR] LogOutputStream:75 - [STDERR_REDIRECT] 	at java.desktop/java.awt.EventQueue.dispatchEventImpl(EventQueue.java:773)
2025-12-12 17:00:37,740 [ERROR] LogOutputStream:75 - [STDERR_REDIRECT] 	at java.desktop/java.awt.EventQueue$4.run(EventQueue.java:720)
2025-12-12 17:00:37,741 [ERROR] LogOutputStream:75 - [STDERR_REDIRECT] 	at java.desktop/java.awt.EventQueue$4.run(EventQueue.java:714)
2025-12-12 17:00:37,742 [ERROR] LogOutputStream:75 - [STDERR_REDIRECT] 	at java.base/java.security.AccessController.doPrivileged(AccessController.java:400)
2025-12-12 17:00:37,743 [ERROR] LogOutputStream:75 - [STDERR_REDIRECT] 	at java.base/java.security.ProtectionDomain$JavaSecurityAccessImpl.doIntersectionPrivilege(ProtectionDomain.java:87)
2025-12-12 17:00:37,744 [ERROR] LogOutputStream:75 - [STDERR_REDIRECT] 	at java.base/java.security.ProtectionDomain$JavaSecurityAccessImpl.doIntersectionPrivilege(ProtectionDomain.java:98)
2025-12-12 17:00:37,744 [ERROR] LogOutputStream:75 - [STDERR_REDIRECT] 	at java.desktop/java.awt.EventQueue$5.run(EventQueue.java:747)
2025-12-12 17:00:37,745 [ERROR] LogOutputStream:75 - [STDERR_REDIRECT] 	at java.desktop/java.awt.EventQueue$5.run(EventQueue.java:745)
2025-12-12 17:00:37,745 [ERROR] LogOutputStream:75 - [STDERR_REDIRECT] 	at java.base/java.security.AccessController.doPrivileged(AccessController.java:400)
2025-12-12 17:00:37,746 [ERROR] LogOutputStream:75 - [STDERR_REDIRECT] 	at java.base/java.security.ProtectionDomain$JavaSecurityAccessImpl.doIntersectionPrivilege(ProtectionDomain.java:87)
2025-12-12 17:00:37,747 [ERROR] LogOutputStream:75 - [STDERR_REDIRECT] 	at java.desktop/java.awt.EventQueue.dispatchEvent(EventQueue.java:744)
2025-12-12 17:00:37,748 [ERROR] LogOutputStream:75 - [STDERR_REDIRECT] 	at java.desktop/java.awt.EventDispatchThread.pumpOneEventForFilters(EventDispatchThread.java:203)
2025-12-12 17:00:37,749 [ERROR] LogOutputStream:75 - [STDERR_REDIRECT] 	at java.desktop/java.awt.EventDispatchThread.pumpEventsForFilter(EventDispatchThread.java:124)
2025-12-12 17:00:37,750 [ERROR] LogOutputStream:75 - [STDERR_REDIRECT] 	at java.desktop/java.awt.EventDispatchThread.pumpEventsForHierarchy(EventDispatchThread.java:113)
2025-12-12 17:00:37,750 [ERROR] LogOutputStream:75 - [STDERR_REDIRECT] 	at java.desktop/java.awt.EventDispatchThread.pumpEvents(EventDispatchThread.java:109)
2025-12-12 17:00:37,751 [ERROR] LogOutputStream:75 - [STDERR_REDIRECT] 	at java.desktop/java.awt.EventDispatchThread.pumpEvents(EventDispatchThread.java:101)
2025-12-12 17:00:37,752 [ERROR] LogOutputStream:75 - [STDERR_REDIRECT] 	at java.desktop/java.awt.EventDispatchThread.run(EventDispatchThread.java:90)
2025-12-12 17:00:48,799 [INFO] McuFinderGlobals:63 - Set McuFinder mode to 2 (CubeIDE integrated)
2025-12-12 17:00:48,800 [INFO] UserAuth:171 - activating auth plugin
2025-12-12 17:00:48,804 [INFO] UserAuth:487 - Internet connection configuration mode: 1
2025-12-12 17:01:16,338 [INFO] WebApp:652 - userauth.ini deleted or not created
2025-12-12 17:01:30,299 [INFO] MainUpdater:2872 - connection check result : 10
2025-12-12 17:01:30,299 [INFO] MainUpdater:2872 - connection check result : 10
2025-12-12 17:01:30,508 [INFO] MicroXplorer:468 - Change Database Path : 
2025-12-12 17:01:30,508 [INFO] MicroXplorer:498 - Change Database Version : DB.6.0.150
2025-12-12 17:01:30,520 [ERROR] ProjectManagerView:395 - 
java.lang.NullPointerException: Cannot invoke "javax.swing.JTextField.getText()" because the return value of "java.util.List.get(int)" is null
	at com.st.microxplorer.plugins.projectmanager.gui.ProjectChoiceTab$9.caretUpdate(ProjectChoiceTab.java:2706) ~[filemanager.jar:?]
	at javax.swing.text.JTextComponent.fireCaretUpdate(JTextComponent.java:408) ~[?:?]
	at javax.swing.text.JTextComponent$MutableCaretEvent.fire(JTextComponent.java:4484) ~[?:?]
	at javax.swing.text.JTextComponent$MutableCaretEvent.stateChanged(JTextComponent.java:4506) ~[?:?]
	at javax.swing.text.DefaultCaret.fireStateChanged(DefaultCaret.java:857) ~[?:?]
	at javax.swing.text.DefaultCaret.changeCaretPosition(DefaultCaret.java:1343) ~[?:?]
	at javax.swing.text.DefaultCaret.handleSetDot(DefaultCaret.java:1242) ~[?:?]
	at javax.swing.text.DefaultCaret.setDot(DefaultCaret.java:1223) ~[?:?]
	at javax.swing.text.DefaultCaret$Handler.insertUpdate(DefaultCaret.java:1819) ~[?:?]
	at javax.swing.text.AbstractDocument.fireInsertUpdate(AbstractDocument.java:227) ~[?:?]
	at javax.swing.text.AbstractDocument.handleInsertString(AbstractDocument.java:781) ~[?:?]
	at javax.swing.text.AbstractDocument.insertString(AbstractDocument.java:740) ~[?:?]
	at javax.swing.text.PlainDocument.insertString(PlainDocument.java:131) ~[?:?]
	at javax.swing.text.AbstractDocument.replace(AbstractDocument.java:699) ~[?:?]
	at javax.swing.text.JTextComponent.setText(JTextComponent.java:1725) ~[?:?]
	at com.st.microxplorer.plugins.projectmanager.gui.ProjectChoiceTab.createHeapStackFields(ProjectChoiceTab.java:993) ~[filemanager.jar:?]
	at com.st.microxplorer.plugins.projectmanager.gui.ProjectChoiceTab.buildLinkSettingsPanel(ProjectChoiceTab.java:3813) ~[filemanager.jar:?]
	at com.st.microxplorer.plugins.projectmanager.gui.ProjectChoiceTab.defineWindowsFields(ProjectChoiceTab.java:1987) ~[filemanager.jar:?]
	at com.st.microxplorer.plugins.projectmanager.gui.ProjectChoiceTab.updateSettings(ProjectChoiceTab.java:558) ~[filemanager.jar:?]
	at com.st.microxplorer.plugins.projectmanager.gui.ProjectSettingsPanel.UpdateDialog(ProjectSettingsPanel.java:247) ~[filemanager.jar:?]
	at com.st.microxplorer.plugins.projectmanager.ProjectManagerView.propertyChange(ProjectManagerView.java:392) ~[filemanager.jar:?]
	at java.beans.PropertyChangeSupport.fire(PropertyChangeSupport.java:343) ~[?:?]
	at java.beans.PropertyChangeSupport.firePropertyChange(PropertyChangeSupport.java:335) ~[?:?]
	at java.beans.PropertyChangeSupport.firePropertyChange(PropertyChangeSupport.java:268) ~[?:?]
	at com.st.microxplorer.util.MXPropertyChangeSupport.firePropertyChange(MXPropertyChangeSupport.java:54) ~[STM32CubeMX.jar:?]
	at com.st.microxplorer.mxsystem.MxSystem.closeConfig(MxSystem.java:899) ~[STM32CubeMX.jar:?]
	at com.st.microxplorer.maingui.MainPanel.closeConfig(MainPanel.java:792) ~[STM32CubeMX.jar:?]
	at com.st.microxplorer.plugins.filemanager.engine.OpenFileManager.loadConfigurationFile(OpenFileManager.java:288) ~[filemanager.jar:?]
	at com.st.microxplorer.plugins.filemanager.engine.MainFileManager.userLoadConfig(MainFileManager.java:364) ~[filemanager.jar:?]
	at com.st.microxplorer.plugins.filemanager.engine.MainFileManager.userLoadConfig(MainFileManager.java:342) ~[filemanager.jar:?]
	at com.st.microxplorer.plugins.filemanager.FileManagerView.getSpecificTask(FileManagerView.java:264) ~[filemanager.jar:?]
	at com.st.stm32cube.common.mx.editor.CubeMxEditor.getMxTabbedPaneInstance(CubeMxEditor.java:1198) ~[com.st.stm32cube.common.mx_6.15.0.202507011659/:?]
	at com.st.stm32cube.common.mx.editor.CubeMxEditor$12$1.createSwingComponent(CubeMxEditor.java:1068) ~[com.st.stm32cube.common.mx_6.15.0.202507011659/:?]
	at com.st.stm32cube.common.mx.oss.core.awtswtbridge.EmbeddedSwingComposite.doComponentCreation(EmbeddedSwingComposite.java:492) ~[com.st.stm32cube.common.mx.oss_6.15.0.202507011659/:?]
	at com.st.stm32cube.common.mx.oss.core.awtswtbridge.EmbeddedSwingComposite$4.run(EmbeddedSwingComposite.java:291) ~[com.st.stm32cube.common.mx.oss_6.15.0.202507011659/:?]
	at com.st.stm32cube.common.mx.oss.core.awtswtbridge.AwtEnvironment$2.run(AwtEnvironment.java:166) ~[com.st.stm32cube.common.mx.oss_6.15.0.202507011659/:?]
	at java.awt.event.InvocationEvent.dispatch(InvocationEvent.java:318) ~[?:?]
	at java.awt.EventQueue.dispatchEventImpl(EventQueue.java:773) ~[?:?]
	at java.awt.EventQueue$4.run(EventQueue.java:720) ~[?:?]
	at java.awt.EventQueue$4.run(EventQueue.java:714) ~[?:?]
	at java.security.AccessController.doPrivileged(AccessController.java:400) ~[?:?]
	at java.security.ProtectionDomain$JavaSecurityAccessImpl.doIntersectionPrivilege(ProtectionDomain.java:87) ~[?:?]
	at java.awt.EventQueue.dispatchEvent(EventQueue.java:742) ~[?:?]
	at java.awt.EventDispatchThread.pumpOneEventForFilters(EventDispatchThread.java:203) ~[?:?]
	at java.awt.EventDispatchThread.pumpEventsForFilter(EventDispatchThread.java:124) ~[?:?]
	at java.awt.EventDispatchThread.pumpEventsForHierarchy(EventDispatchThread.java:113) ~[?:?]
	at java.awt.EventDispatchThread.pumpEvents(EventDispatchThread.java:109) ~[?:?]
	at java.awt.EventDispatchThread.pumpEvents(EventDispatchThread.java:101) ~[?:?]
	at java.awt.EventDispatchThread.run(EventDispatchThread.java:90) ~[?:?]
2025-12-12 17:01:30,520 [WARN] ThirdParty:871 - waiting for thirdparty lock release [close project]
2025-12-12 17:01:30,521 [INFO] ThirdParty:873 - entering critical section [close project]
2025-12-12 17:01:30,521 [INFO] ThirdParty:883 - exiting critical section [close project]
2025-12-12 17:01:30,521 [INFO] PinOutPanel:1589 - setPackage(No Configuration,No Configuration)
2025-12-12 17:01:30,523 [INFO] UtilMem:75 - Begin LoadConfig() Used Memory: 736872472 Bytes (1073741824)
2025-12-12 17:01:30,523 [INFO] MicroXplorer:468 - Change Database Path : 
2025-12-12 17:01:30,523 [INFO] MicroXplorer:498 - Change Database Version : DB.6.0.150
2025-12-12 17:01:30,523 [INFO] OpenFileManager:355 - Change cursor
2025-12-12 17:01:30,535 [INFO] RulesReader:64 - Compatibility file has been processed (317 Rules)
2025-12-12 17:01:30,537 [INFO] Mcu:2029 - Initializing MCU STM32L412RBTxP STM32L412RBTxP STM32L412RBT6P
2025-12-12 17:01:31,275 [INFO] Context:786 - Trying to add GPIOservice into a context  which must be forbidden
2025-12-12 17:01:31,471 [INFO] ImportTextPane:234 - (OptionalMessage_ERROR) Pin18 (VP_RIF_VS_RIF1) cannot be retrieved for this MCU
2025-12-12 17:01:31,522 [INFO] RtosManager:558 - Registered RTOS mode: class=CMSIS, group=RTOS, mode=CMSIS_V1, owner=FREERTOS
2025-12-12 17:01:31,523 [INFO] RtosManager:558 - Registered RTOS mode: class=CMSIS, group=RTOS2, mode=CMSIS_V2, owner=FREERTOS
2025-12-12 17:01:31,523 [INFO] RtosManager:558 - Registered RTOS mode: class=RTOS, group=Core, mode=CMSIS_V1, owner=FREERTOS
2025-12-12 17:01:31,523 [INFO] RtosManager:558 - Registered RTOS mode: class=RTOS, group=Core, mode=CMSIS_V2, owner=FREERTOS
2025-12-12 17:01:31,523 [WARN] ModelIntegratedComponent:184 - Missing modes for component STMicroelectronics:FreeRTOS:0.0.1:STMicroelectronics:RTOS:FreeRTOS:Core:::10.2.0:
2025-12-12 17:01:31,527 [WARN] ModelIntegratedComponent:63 - No mode defined for component null
2025-12-12 17:01:31,528 [WARN] ModelIntegratedComponent:63 - No mode defined for component null
2025-12-12 17:01:31,528 [WARN] ModelIntegratedComponent:63 - No mode defined for component null
2025-12-12 17:01:31,528 [WARN] ModelIntegratedComponent:63 - No mode defined for component null
2025-12-12 17:01:31,528 [WARN] ModelIntegratedComponent:63 - No mode defined for component null
2025-12-12 17:01:31,528 [WARN] ModelIntegratedComponent:63 - No mode defined for component null
2025-12-12 17:01:31,528 [WARN] ModelIntegratedComponent:63 - No mode defined for component null
2025-12-12 17:01:31,528 [WARN] ModelIntegratedComponent:63 - No mode defined for component null
2025-12-12 17:01:31,528 [WARN] ModelIntegratedComponent:63 - No mode defined for component null
2025-12-12 17:01:31,528 [WARN] ModelIntegratedComponent:63 - No mode defined for component null
2025-12-12 17:01:31,528 [WARN] ModelIntegratedComponent:63 - No mode defined for component null
2025-12-12 17:01:31,528 [WARN] ModelIntegratedComponent:63 - No mode defined for component null
2025-12-12 17:01:31,528 [WARN] ModelIntegratedComponent:63 - No mode defined for component null
2025-12-12 17:01:31,528 [WARN] ModelIntegratedComponent:63 - No mode defined for component null
2025-12-12 17:01:31,528 [WARN] ModelIntegratedComponent:63 - No mode defined for component null
2025-12-12 17:01:31,528 [WARN] ModelIntegratedComponent:63 - No mode defined for component null
2025-12-12 17:01:31,528 [WARN] ModelIntegratedComponent:63 - No mode defined for component null
2025-12-12 17:01:31,528 [WARN] ModelIntegratedComponent:63 - No mode defined for component null
2025-12-12 17:01:31,528 [WARN] ModelIntegratedComponent:63 - No mode defined for component null
2025-12-12 17:01:31,528 [WARN] ModelIntegratedComponent:63 - No mode defined for component null
2025-12-12 17:01:31,528 [WARN] ModelIntegratedComponent:63 - No mode defined for component null
2025-12-12 17:01:31,528 [WARN] ModelIntegratedComponent:63 - No mode defined for component null
2025-12-12 17:01:31,528 [WARN] ModelIntegratedComponent:63 - No mode defined for component null
2025-12-12 17:01:31,528 [WARN] ModelIntegratedComponent:63 - No mode defined for component null
2025-12-12 17:01:31,528 [WARN] ModelIntegratedComponent:63 - No mode defined for component null
2025-12-12 17:01:31,528 [WARN] ModelIntegratedComponent:63 - No mode defined for component null
2025-12-12 17:01:31,528 [WARN] ModelIntegratedComponent:63 - No mode defined for component null
2025-12-12 17:01:31,528 [WARN] ModelIntegratedComponent:63 - No mode defined for component null
2025-12-12 17:01:31,528 [WARN] ModelIntegratedComponent:63 - No mode defined for component null
2025-12-12 17:01:31,528 [WARN] ModelIntegratedComponent:63 - No mode defined for component null
2025-12-12 17:01:31,528 [WARN] ModelIntegratedComponent:63 - No mode defined for component null
2025-12-12 17:01:31,528 [WARN] ModelIntegratedComponent:63 - No mode defined for component null
2025-12-12 17:01:31,528 [WARN] ModelIntegratedComponent:63 - No mode defined for component null
2025-12-12 17:01:31,528 [WARN] ModelIntegratedComponent:63 - No mode defined for component null
2025-12-12 17:01:31,528 [WARN] ModelIntegratedComponent:63 - No mode defined for component null
2025-12-12 17:01:31,529 [WARN] ModelPack:524 - Component already loaded: STMicroelectronics:HAL Drivers:0.0.0:STMicroelectronics:Device:STMicro_Driver:XSPI:HAL::0.0.1:HAL_XSPI
2025-12-12 17:01:31,541 [INFO] ThirdPartyModel:298 - Start build external matchings
2025-12-12 17:01:31,822 [INFO] ThirdPartyModel:316 - End build external matchings
2025-12-12 17:01:31,830 [INFO] ImportTextPane:234 - (OptionalMessage_ERROR) IP (RCC) : Invalid parameter (FamilyName)
2025-12-12 17:01:31,831 [INFO] ImportTextPane:234 - (OptionalMessage_ERROR) IP (RCC) : Parameter (USBFreq_Value) has invalid value (4000000)
2025-12-12 17:01:31,984 [INFO] UtilMem:75 - End LoadConfig() Used Memory: 738864088 Bytes (1073741824)
2025-12-12 17:01:32,025 [WARN] ThirdParty:833 - waiting for thirdparty lock release [change project]
2025-12-12 17:01:32,025 [INFO] ThirdParty:835 - entering critical section [change project]
2025-12-12 17:01:32,025 [INFO] ThirdParty:1030 - CMSIS Pack Vendor :STMicroelectronics X-CUBE-PM33A1 1.0.0
2025-12-12 17:01:32,025 [INFO] ThirdParty:1030 - CMSIS Pack Vendor :STMicroelectronics USBPD 4.1
2025-12-12 17:01:32,025 [INFO] ThirdParty:1030 - CMSIS Pack Vendor :STMicroelectronics X-CUBE-NFC9 1.0.0
2025-12-12 17:01:32,025 [INFO] ThirdParty:1030 - CMSIS Pack Vendor :STMicroelectronics USB_HOST 2.0.0
2025-12-12 17:01:32,025 [INFO] ThirdParty:1030 - CMSIS Pack Vendor :STMicroelectronics FP-SNS-MOTENVWB1 1.4.0
2025-12-12 17:01:32,025 [INFO] ThirdParty:1030 - CMSIS Pack Vendor :STMicroelectronics X-CUBE-AZRTOS-F4 1.1.0
2025-12-12 17:01:32,025 [INFO] ThirdParty:1030 - CMSIS Pack Vendor :STMicroelectronics LIBJPEG 8.0.0
2025-12-12 17:01:32,025 [INFO] ThirdParty:1030 - CMSIS Pack Vendor :STMicroelectronics FP-ATR-ASTRA1 2.0.2
2025-12-12 17:01:32,025 [INFO] ThirdParty:1030 - CMSIS Pack Vendor :STMicroelectronics X-CUBE-BLE1 7.1.0
2025-12-12 17:01:32,025 [INFO] ThirdParty:1030 - CMSIS Pack Vendor :STMicroelectronics X-CUBE-SMBUS 2.1.0
2025-12-12 17:01:32,025 [INFO] ThirdParty:1030 - CMSIS Pack Vendor :wolfSSL I-CUBE-wolfMQTT 1.19.2
2025-12-12 17:01:32,025 [INFO] ThirdParty:1030 - CMSIS Pack Vendor :STMicroelectronics USB_DEVICE 3.0.0
2025-12-12 17:01:32,025 [INFO] ThirdParty:1030 - CMSIS Pack Vendor :STMicroelectronics X-CUBE-ISPU 2.1.0
2025-12-12 17:01:32,025 [INFO] ThirdParty:1030 - CMSIS Pack Vendor :STMicroelectronics X-CUBE-FREERTOS 1.4.0
2025-12-12 17:01:32,025 [INFO] ThirdParty:1030 - CMSIS Pack Vendor :STMicroelectronics X-CUBE-EEPRMA1 5.2.0
2025-12-12 17:01:32,025 [INFO] ThirdParty:1030 - CMSIS Pack Vendor :STMicroelectronics X-CUBE-IPS 3.2.0
2025-12-12 17:01:32,025 [INFO] ThirdParty:1030 - CMSIS Pack Vendor :STMicroelectronics X-CUBE-BLEMGR 4.1.0
2025-12-12 17:01:32,025 [INFO] ThirdParty:1030 - CMSIS Pack Vendor :STMicroelectronics X-CUBE-AZRTOS-WB 2.0.0
2025-12-12 17:01:32,025 [INFO] ThirdParty:1030 - CMSIS Pack Vendor :wolfSSL I-CUBE-wolfSSL 5.8.4
2025-12-12 17:01:32,025 [INFO] ThirdParty:1030 - CMSIS Pack Vendor :Cesanta I-CUBE-Mongoose 7.20.0
2025-12-12 17:01:32,025 [INFO] ThirdParty:1030 - CMSIS Pack Vendor :STMicroelectronics X-CUBE-NFC12 1.0.0
2025-12-12 17:01:32,025 [INFO] ThirdParty:1030 - CMSIS Pack Vendor :STMicroelectronics X-CUBE-AZRTOS-F7 1.1.0
2025-12-12 17:01:32,025 [INFO] ThirdParty:1030 - CMSIS Pack Vendor :STMicroelectronics X-CUBE-AZRTOS-L5 2.0.0
2025-12-12 17:01:32,025 [INFO] ThirdParty:1030 - CMSIS Pack Vendor :STMicroelectronics USB_DEVICE 2.0.0
2025-12-12 17:01:32,025 [INFO] ThirdParty:1030 - CMSIS Pack Vendor :STMicroelectronics X-CUBE-NFC6 3.1.0
2025-12-12 17:01:32,025 [INFO] ThirdParty:1030 - CMSIS Pack Vendor :STMicroelectronics X-CUBE-ST67W61 1.1.0
2025-12-12 17:01:32,025 [INFO] ThirdParty:1030 - CMSIS Pack Vendor :quantropi X-CUBE-qispace-sdk-base 2.1.0
2025-12-12 17:01:32,025 [INFO] ThirdParty:1030 - CMSIS Pack Vendor :STMicroelectronics X-CUBE-MEMS1 12.0.0
2025-12-12 17:01:32,025 [INFO] ThirdParty:1030 - CMSIS Pack Vendor :STMicroelectronics FP-SNS-MOTENV1 5.1.0
2025-12-12 17:01:32,025 [INFO] ThirdParty:1030 - CMSIS Pack Vendor :STMicroelectronics FreeRTOS 0.0.1
2025-12-12 17:01:32,025 [INFO] ThirdParty:1030 - CMSIS Pack Vendor :STMicroelectronics X-CUBE-AZRTOS-G0 1.1.0
2025-12-12 17:01:32,025 [INFO] ThirdParty:1030 - CMSIS Pack Vendor :STMicroelectronics X-CUBE-NFC4 3.0.0
2025-12-12 17:01:32,025 [INFO] ThirdParty:1030 - CMSIS Pack Vendor :STMicroelectronics X-CUBE-SUBG2 5.0.0
2025-12-12 17:01:32,025 [INFO] ThirdParty:1030 - CMSIS Pack Vendor :STMicroelectronics STM32_WPAN 1.0.0
2025-12-12 17:01:32,025 [INFO] ThirdParty:1030 - CMSIS Pack Vendor :EmbeddedOffice I-CUBE-FS-RTOS 1.0.1
2025-12-12 17:01:32,025 [INFO] ThirdParty:1030 - CMSIS Pack Vendor :STMicroelectronics lwIP 2.0.3
2025-12-12 17:01:32,025 [INFO] ThirdParty:1030 - CMSIS Pack Vendor :WES I-CUBE-Cesium 1.4.0
2025-12-12 17:01:32,025 [INFO] ThirdParty:1030 - CMSIS Pack Vendor :STMicroelectronics USB_HOST 1.0.0
2025-12-12 17:01:32,025 [INFO] ThirdParty:1030 - CMSIS Pack Vendor :STMicroelectronics X-CUBE-AZRTOS-G4 2.0.0
2025-12-12 17:01:32,025 [INFO] ThirdParty:1030 - CMSIS Pack Vendor :STMicroelectronics X-CUBE-WB05N 2.0.0
2025-12-12 17:01:32,025 [INFO] ThirdParty:1030 - CMSIS Pack Vendor :STMicroelectronics PDM2PCM 3.1.0
2025-12-12 17:01:32,025 [INFO] ThirdParty:1030 - CMSIS Pack Vendor :STMicroelectronics PDM2PCM 3.3.0
2025-12-12 17:01:32,025 [INFO] ThirdParty:1030 - CMSIS Pack Vendor :wolfSSL I-CUBE-wolfTPM 3.8.0
2025-12-12 17:01:32,025 [INFO] ThirdParty:1030 - CMSIS Pack Vendor :STMicroelectronics X-CUBE-AZRTOS-H7 3.4.0
2025-12-12 17:01:32,025 [INFO] ThirdParty:1030 - CMSIS Pack Vendor :STMicroelectronics X-CUBE-DISPLAY 3.0.0
2025-12-12 17:01:32,025 [INFO] ThirdParty:1030 - CMSIS Pack Vendor :wolfSSL I-CUBE-wolfSSH 1.4.20
2025-12-12 17:01:32,025 [INFO] ThirdParty:1030 - CMSIS Pack Vendor :STMicroelectronics X-CUBE-NFC7 2.0.0
2025-12-12 17:01:32,025 [INFO] ThirdParty:1030 - CMSIS Pack Vendor :STMicroelectronics X-CUBE-TCPP 4.2.0
2025-12-12 17:01:32,025 [INFO] ThirdParty:1030 - CMSIS Pack Vendor :RealThread X-CUBE-RT-Thread_Nano 4.1.1
2025-12-12 17:01:32,025 [INFO] ThirdParty:1030 - CMSIS Pack Vendor :STMicroelectronics FP-ATR-SIGFOX1 3.2.0
2025-12-12 17:01:32,025 [INFO] ThirdParty:1030 - CMSIS Pack Vendor :STMicroelectronics X-CUBE-NFC10 1.0.0
2025-12-12 17:01:32,025 [INFO] ThirdParty:1030 - CMSIS Pack Vendor :STMicroelectronics HAL Drivers 0.0.0
2025-12-12 17:01:32,025 [INFO] ThirdParty:1030 - CMSIS Pack Vendor :STMicroelectronics MBEDTLS 2.16.2
2025-12-12 17:01:32,025 [INFO] ThirdParty:1030 - CMSIS Pack Vendor :STMicroelectronics X-CUBE-ST60 1.1.0
2025-12-12 17:01:32,025 [INFO] ThirdParty:1030 - CMSIS Pack Vendor :STMicroelectronics X-CUBE-ALS 1.0.2
2025-12-12 17:01:32,025 [INFO] ThirdParty:1030 - CMSIS Pack Vendor :emotas I-CUBE-CANOPEN 1.3.0
2025-12-12 17:01:32,025 [INFO] ThirdParty:1030 - CMSIS Pack Vendor :STMicroelectronics MBEDTLS 2.14.1
2025-12-12 17:01:32,025 [INFO] ThirdParty:1030 - CMSIS Pack Vendor :STMicroelectronics X-CUBE-GNSS1 7.1.0
2025-12-12 17:01:32,025 [INFO] ThirdParty:1030 - CMSIS Pack Vendor :ITTIA_DB I-CUBE-ITTIADB 8.9.0
2025-12-12 17:01:32,025 [INFO] ThirdParty:1030 - CMSIS Pack Vendor :STMicroelectronics X-CUBE-TOUCHGFX 4.26.0
2025-12-12 17:01:32,025 [INFO] ThirdParty:1030 - CMSIS Pack Vendor :STMicroelectronics X-CUBE-STSE01 1.0.0
2025-12-12 17:01:32,025 [INFO] ThirdParty:1030 - CMSIS Pack Vendor :STMicroelectronics FP-SNS-STBOX1 2.1.0
2025-12-12 17:01:32,027 [INFO] ThirdParty:1030 - CMSIS Pack Vendor :STMicroelectronics X-CUBE-AI 10.2.0
2025-12-12 17:01:32,027 [INFO] ThirdParty:1030 - CMSIS Pack Vendor :STMicroelectronics FP-SNS-STAIOTCFT 1.0.0
2025-12-12 17:01:32,027 [INFO] ThirdParty:1030 - CMSIS Pack Vendor :STMicroelectronics ThreadX 1.0.0
2025-12-12 17:01:32,027 [INFO] ThirdParty:1030 - CMSIS Pack Vendor :STMicroelectronics FP-SNS-SMARTAG2 1.2.0
2025-12-12 17:01:32,027 [INFO] ThirdParty:1030 - CMSIS Pack Vendor :STMicroelectronics FP-SNS-FLIGHT1 5.1.0
2025-12-12 17:01:32,027 [INFO] ThirdParty:1030 - CMSIS Pack Vendor :STMicroelectronics X-CUBE-AZRTOS-WL 2.0.0
2025-12-12 17:01:32,027 [INFO] ThirdParty:1030 - CMSIS Pack Vendor :SEGGER I-CUBE-embOS 1.3.1
2025-12-12 17:01:32,027 [INFO] ThirdParty:1030 - CMSIS Pack Vendor :STMicroelectronics X-CUBE-ALGOBUILD 1.4.0
2025-12-12 17:01:32,027 [INFO] ThirdParty:1030 - CMSIS Pack Vendor :STMicroelectronics X-CUBE-DPower 1.3.0
2025-12-12 17:01:32,027 [INFO] ThirdParty:1030 - CMSIS Pack Vendor :STMicroelectronics USB_DEVICE 1.0.0
2025-12-12 17:01:32,027 [INFO] ThirdParty:1030 - CMSIS Pack Vendor :STMicroelectronics X-CUBE-AZRTOS-H7RS 1.2.0
2025-12-12 17:01:32,027 [INFO] ThirdParty:1030 - CMSIS Pack Vendor :STMicroelectronics X-CUBE-AZRTOS-L4 2.0.0
2025-12-12 17:01:32,027 [INFO] ThirdParty:1030 - CMSIS Pack Vendor :STMicroelectronics ThreadX 0.0.2
2025-12-12 17:01:32,027 [INFO] ThirdParty:1030 - CMSIS Pack Vendor :STMicroelectronics lwIP 2.1.2
2025-12-12 17:01:32,027 [INFO] ThirdParty:1030 - CMSIS Pack Vendor :STMicroelectronics X-CUBE-SFXS2LP1 4.0.0
2025-12-12 17:01:32,027 [INFO] ThirdParty:1030 - CMSIS Pack Vendor :STMicroelectronics X-CUBE-BLE2 3.3.0
2025-12-12 17:01:32,027 [INFO] ThirdParty:1030 - CMSIS Pack Vendor :Avnet-IOTCONNECT X-CUBE-iotc-st67-sdk 1.0.0
2025-12-12 17:01:32,027 [INFO] ThirdParty:1030 - CMSIS Pack Vendor :STMicroelectronics X-CUBE-TOF1 3.4.3
2025-12-12 17:01:32,027 [INFO] ThirdParty:1030 - CMSIS Pack Vendor :Infineon AIROC-Wi-Fi-Bluetooth-STM32 1.8.0
2025-12-12 17:01:32,027 [INFO] ThirdParty:1030 - CMSIS Pack Vendor :STMicroelectronics PDM2PCM 3.2.0
2025-12-12 17:01:32,027 [INFO] ThirdParty:841 - exiting critical section [change project]
2025-12-12 17:01:32,088 [INFO] PinOutPanel:1589 - setPackage(No Configuration,No Configuration)
2025-12-12 17:01:32,089 [INFO] PinOutPanel:1589 - setPackage(STM32L412RBTxP,LQFP64)
2025-12-12 17:01:32,197 [INFO] UtilMem:75 - Before build in PCC Used Memory: 895531672 Bytes (1073741824)
2025-12-12 17:01:32,360 [INFO] UtilMem:75 - After build in PCC Used Memory: 986757784 Bytes (1073741824)
2025-12-12 17:01:32,381 [INFO] IPUIPlugin:80 - create IPUIPlugin
2025-12-12 17:01:32,381 [INFO] IPUIPlugin:80 - create IPUIPlugin
2025-12-12 17:01:32,381 [INFO] IPUIPlugin:80 - create IPUIPlugin
2025-12-12 17:01:32,382 [INFO] IPUIPlugin:80 - create IPUIPlugin
2025-12-12 17:01:32,382 [INFO] IPUIPlugin:80 - create IPUIPlugin
2025-12-12 17:01:32,382 [INFO] IPUIPlugin:80 - create IPUIPlugin
2025-12-12 17:01:32,382 [INFO] IPUIPlugin:80 - create IPUIPlugin
2025-12-12 17:01:32,382 [INFO] IPUIPlugin:80 - create IPUIPlugin
2025-12-12 17:01:32,382 [INFO] IPUIPlugin:80 - create IPUIPlugin
2025-12-12 17:01:32,382 [INFO] IPUIPlugin:80 - create IPUIPlugin
2025-12-12 17:01:32,382 [INFO] IPUIPlugin:80 - create IPUIPlugin
2025-12-12 17:01:32,382 [INFO] IPUIPlugin:80 - create IPUIPlugin
2025-12-12 17:01:32,383 [INFO] IPUIPlugin:80 - create IPUIPlugin
2025-12-12 17:01:32,383 [INFO] IPUIPlugin:80 - create IPUIPlugin
2025-12-12 17:01:32,383 [INFO] IPUIPlugin:80 - create IPUIPlugin
2025-12-12 17:01:32,383 [INFO] IPUIPlugin:80 - create IPUIPlugin
2025-12-12 17:01:32,383 [INFO] IPUIPlugin:80 - create IPUIPlugin
2025-12-12 17:01:32,383 [INFO] IPUIPlugin:80 - create IPUIPlugin
2025-12-12 17:01:32,383 [INFO] IPUIPlugin:80 - create IPUIPlugin
2025-12-12 17:01:32,383 [INFO] IPUIPlugin:80 - create IPUIPlugin
2025-12-12 17:01:32,383 [INFO] IPUIPlugin:80 - create IPUIPlugin
2025-12-12 17:01:32,383 [INFO] IPUIPlugin:80 - create IPUIPlugin
2025-12-12 17:01:32,383 [INFO] IPUIPlugin:80 - create IPUIPlugin
2025-12-12 17:01:32,383 [INFO] IPUIPlugin:80 - create IPUIPlugin
2025-12-12 17:01:32,384 [INFO] IPUIPlugin:80 - create IPUIPlugin
2025-12-12 17:01:32,384 [INFO] IPUIPlugin:80 - create IPUIPlugin
2025-12-12 17:01:32,384 [INFO] IPUIPlugin:80 - create IPUIPlugin
2025-12-12 17:01:32,384 [INFO] IPUIPlugin:80 - create IPUIPlugin
2025-12-12 17:01:32,384 [INFO] IPUIPlugin:80 - create IPUIPlugin
2025-12-12 17:01:32,384 [INFO] IPUIPlugin:80 - create IPUIPlugin
2025-12-12 17:01:32,384 [INFO] IPUIPlugin:80 - create IPUIPlugin
2025-12-12 17:01:32,384 [INFO] IPUIPlugin:80 - create IPUIPlugin
2025-12-12 17:01:32,385 [INFO] IPUIPlugin:80 - create IPUIPlugin
2025-12-12 17:01:32,385 [INFO] IPUIPlugin:80 - create IPUIPlugin
2025-12-12 17:01:32,385 [INFO] IPUIPlugin:80 - create IPUIPlugin
2025-12-12 17:01:32,385 [INFO] IPUIPlugin:80 - create IPUIPlugin
2025-12-12 17:01:32,385 [INFO] IPUIPlugin:80 - create IPUIPlugin
2025-12-12 17:01:32,385 [INFO] IPUIPlugin:80 - create IPUIPlugin
2025-12-12 17:01:32,410 [INFO] CADModel:165 - CPN selected for project levelSTM32L412RBT6P
2025-12-12 17:01:32,410 [INFO] CADModel:114 - Register for checkConnection events
2025-12-12 17:01:32,464 [INFO] OpenFileManager:386 - Restore cursor
2025-12-12 17:01:42,960 [INFO] ServerAccessManage:452 - Complete download http(s) 200
2025-12-12 17:01:42,961 [INFO] ServerAccessManage:509 - Download File stm32cube_fw_l4_v1180.zip
2025-12-12 17:03:37,376 [INFO] AnalyticsPlugin:368 - Accepted License(s): [FW.L4.1.18.0]
2025-12-12 17:03:37,377 [INFO] FileExtend:248 - Unzip File : stm32cube_fw_l4_v1180.zip
2025-12-12 17:03:37,377 [INFO] FileExtend:263 - Standard Zip Deflate
2025-12-12 17:04:10,003 [INFO] ServerAccessManage:452 - Complete download http(s) 200
2025-12-12 17:04:10,003 [INFO] ServerAccessManage:509 - Download File stm32cube_fw_l4_v1182.zip
2025-12-12 17:04:43,859 [INFO] FileExtend:248 - Unzip File : stm32cube_fw_l4_v1182.zip
2025-12-12 17:04:43,859 [INFO] FileExtend:263 - Standard Zip Deflate
2025-12-12 17:05:02,066 [INFO] LoadServerPackagesThread:196 - End of LoadServerPackages Thread
2025-12-12 17:05:02,226 [INFO] ThirdPartyModel:298 - Start build external matchings
2025-12-12 17:05:02,227 [INFO] UtilMem:75 - End SaveConfig() Used Memory: 972714416 Bytes (1073741824)
2025-12-12 17:05:02,591 [INFO] ThirdPartyModel:316 - End build external matchings
2025-12-12 17:05:02,597 [INFO] CheckServerUpdateThread:120 - End of CheckServer Thread
2025-12-12 17:05:02,871 [INFO] BlockDiagram:2775 - set Specific Code input for plugin: NVIC
2025-12-12 17:05:02,871 [INFO] BlockDiagram:2775 - set Specific Code input for plugin: USART
2025-12-12 17:05:02,872 [INFO] BlockDiagram:2775 - set Specific Code input for plugin: SYS
2025-12-12 17:05:02,872 [INFO] BlockDiagram:2775 - set Specific Code input for plugin: GPIO
2025-12-12 17:05:02,872 [INFO] BlockDiagram:2775 - set Specific Code input for plugin: RCC
2025-12-12 17:05:02,872 [INFO] BlockDiagram:2775 - set Specific Code input for plugin: LPUART
2025-12-12 17:05:02,873 [INFO] CodeGenerator:892 - code generatio: config db path: C:\ST\STM32CubeIDE_1.19.0\STM32CubeIDE\plugins\com.st.stm32cube.common.mx_6.15.0.202507011659\\db\
2025-12-12 17:05:03,041 [INFO] CodeEngine:265 - oldGeneratedFile, C:\Users\CAMMSYS\STM32CubeIDE\workspace_1.19.0\L412_test_v3\MXTmpFiles\license.tmp_save
2025-12-12 17:05:03,475 [INFO] CodeEngine:289 - Generated code: C:\Users\CAMMSYS\STM32CubeIDE\workspace_1.19.0\L412_test_v3\MXTmpFiles\license.tmp
2025-12-12 17:05:03,691 [INFO] CodeEngine:265 - oldGeneratedFile, C:\Users\CAMMSYS\STM32CubeIDE\workspace_1.19.0\L412_test_v3\MXTmpFiles\gpio.tmp_save
2025-12-12 17:05:03,886 [INFO] CodeEngine:289 - Generated code: C:\Users\CAMMSYS\STM32CubeIDE\workspace_1.19.0\L412_test_v3\MXTmpFiles\gpio.tmp
2025-12-12 17:05:04,181 [INFO] CodeEngine:265 - oldGeneratedFile, C:\Users\CAMMSYS\STM32CubeIDE\workspace_1.19.0\L412_test_v3\Core\Src\stm32l4xx_it.c_save
2025-12-12 17:05:04,278 [INFO] CodeEngine:289 - Generated code: C:\Users\CAMMSYS\STM32CubeIDE\workspace_1.19.0\L412_test_v3\Core\Src\stm32l4xx_it.c
2025-12-12 17:05:04,287 [INFO] CodeEngine:265 - oldGeneratedFile, C:\Users\CAMMSYS\STM32CubeIDE\workspace_1.19.0\L412_test_v3\Core\Inc\stm32l4xx_it.h_save
2025-12-12 17:05:04,341 [INFO] CodeEngine:289 - Generated code: C:\Users\CAMMSYS\STM32CubeIDE\workspace_1.19.0\L412_test_v3\Core\Inc\stm32l4xx_it.h
2025-12-12 17:05:04,358 [INFO] CodeEngine:265 - oldGeneratedFile, C:\Users\CAMMSYS\STM32CubeIDE\workspace_1.19.0\L412_test_v3\Core\Src\stm32l4xx_hal_msp.c_save
2025-12-12 17:05:04,486 [INFO] CodeEngine:289 - Generated code: C:\Users\CAMMSYS\STM32CubeIDE\workspace_1.19.0\L412_test_v3\Core\Src\stm32l4xx_hal_msp.c
2025-12-12 17:05:04,494 [INFO] CodeEngine:265 - oldGeneratedFile, C:\Users\CAMMSYS\STM32CubeIDE\workspace_1.19.0\L412_test_v3\MXTmpFiles\system.tmp_save
2025-12-12 17:05:04,562 [INFO] CodeEngine:289 - Generated code: C:\Users\CAMMSYS\STM32CubeIDE\workspace_1.19.0\L412_test_v3\MXTmpFiles\system.tmp
2025-12-12 17:05:04,579 [INFO] CodeEngine:321 - oldGeneratedFile, C:\Users\CAMMSYS\STM32CubeIDE\workspace_1.19.0\L412_test_v3\Core\Inc\stm32l4xx_hal_conf.h_save
2025-12-12 17:05:04,649 [INFO] CodeEngine:345 - Generated code: C:\Users\CAMMSYS\STM32CubeIDE\workspace_1.19.0\L412_test_v3\Core\Inc\stm32l4xx_hal_conf.h
2025-12-12 17:05:04,701 [INFO] ApiDbMcu:532 - Load IP Config File for LPUART1
2025-12-12 17:05:04,712 [INFO] ApiDbMcu:532 - Load IP Config File for USART2
2025-12-12 17:05:04,718 [INFO] ApiDbMcu:532 - Load IP Config File for RCC
2025-12-12 17:05:04,737 [INFO] CodeEngine:265 - oldGeneratedFile, C:\Users\CAMMSYS\STM32CubeIDE\workspace_1.19.0\L412_test_v3\Core\Inc\main.h_save
2025-12-12 17:05:04,835 [INFO] CodeEngine:289 - Generated code: C:\Users\CAMMSYS\STM32CubeIDE\workspace_1.19.0\L412_test_v3\Core\Inc\main.h
2025-12-12 17:05:04,844 [INFO] CodeEngine:265 - oldGeneratedFile, C:\Users\CAMMSYS\STM32CubeIDE\workspace_1.19.0\L412_test_v3\Core\Src\main.c_save
2025-12-12 17:05:04,973 [INFO] CodeEngine:289 - Generated code: C:\Users\CAMMSYS\STM32CubeIDE\workspace_1.19.0\L412_test_v3\Core\Src\main.c
2025-12-12 17:05:05,338 [INFO] ProjectBuilder:3606 - Time for Copy HAL[1] : 204mS.
2025-12-12 17:05:05,344 [INFO] ProjectBuilder:5216 - Project Generator version: 4.7.0-B52
2025-12-12 17:05:05,459 [INFO] ConfigFileManager:1595 - The Die is : DIE464
2025-12-12 17:05:05,498 [INFO] ApiDbMcu:532 - Load IP Config File for FATFS
2025-12-12 17:05:05,503 [INFO] ApiDbMcu:532 - Load IP Config File for FREERTOS
2025-12-12 17:05:05,519 [INFO] ApiDbMcu:532 - Load IP Config File for TOUCHSENSING
2025-12-12 17:05:05,527 [INFO] ApiDbMcu:532 - Load IP Config File for USB_DEVICE
2025-12-12 17:05:05,959 [INFO] LogOutputStream:77 - [STDOUT_REDIRECT] 
2025-12-12 17:05:13,191 [INFO] ProjectBuilder:5496 - Time for Generating toolchain IDE Files: 7844mS.
2025-12-12 17:05:13,192 [INFO] ProjectBuilder:3463 - Time for Copy CMSIS : 1mS.
2025-12-12 17:05:13,196 [INFO] ProjectBuilder:3463 - Time for Copy CMSIS : 0mS.
2025-12-12 18:10:05,748 [INFO] WebApp:403 - JxBrowser engine has been closed 
