2026-01-05 13:23:33,041 [INFO] Activator:176 - 


2026-01-05 13:23:33,046 [INFO] Activator:177 - !SESSION log4j initialized
2026-01-05 13:23:34,565 [INFO] ApplicationProperties:184 - Using Application install path: C:\ST\STM32CubeIDE_1.19.0\STM32CubeIDE\plugins\com.st.stm32cube.common.mx_6.15.0.202507011659
2026-01-05 13:23:34,577 [INFO] DbMcusXml:78 - Set database path to: C:\ST\STM32CubeIDE_1.19.0\STM32CubeIDE\plugins\com.st.stm32cube.common.mx_6.15.0.202507011659\\db\/mcu/
2026-01-05 13:23:34,577 [INFO] ApiDb:274 - Set plugin database path to: C:\ST\STM32CubeIDE_1.19.0\STM32CubeIDE\plugins\com.st.stm32cube.common.mx_6.15.0.202507011659\\db\/plugins/boardmanager/
2026-01-05 13:23:34,578 [WARN] ApiDb:259 - Overriding images path with different value:  => C:\ST\STM32CubeIDE_1.19.0\STM32CubeIDE\plugins\com.st.stm32cube.common.mx_6.15.0.202507011659\\db\/plugins/mcufinder/images/
2026-01-05 13:23:34,584 [INFO] ApiDb:250 - Set database path to: C:\Users\CAMMSYS\.stmcufinder\plugins\mcufinder//mcu/
2026-01-05 13:23:34,584 [INFO] DbMcusAds:125 - Set database path to: C:\Users\CAMMSYS\.stmcufinder\plugins\mcufinder//mcu/
2026-01-05 13:23:34,630 [INFO] CrossReferenceDbSqlite:203 - Set database path to: C:\Users\CAMMSYS\.stmcufinder\plugins\mcufinder//mcu/cs/
2026-01-05 13:23:34,721 [INFO] RulesReader:64 - Compatibility file has been processed (317 Rules)
2026-01-05 13:23:34,820 [INFO] DbMcusXml:78 - Set database path to: C:\ST\STM32CubeIDE_1.19.0\STM32CubeIDE\plugins\com.st.stm32cube.common.mx_6.15.0.202507011659\\db\/mcu/
2026-01-05 13:23:34,821 [INFO] ApiDb:274 - Set plugin database path to: C:\ST\STM32CubeIDE_1.19.0\STM32CubeIDE\plugins\com.st.stm32cube.common.mx_6.15.0.202507011659\\db\/plugins/boardmanager/
2026-01-05 13:23:34,821 [INFO] ApiDb:261 - Set plugin images path to: C:\ST\STM32CubeIDE_1.19.0\STM32CubeIDE\plugins\com.st.stm32cube.common.mx_6.15.0.202507011659\\db\/plugins/mcufinder/images/
2026-01-05 13:23:34,821 [WARN] DbFile:41 - Overriding database path with different value: C:\Users\CAMMSYS\.stmcufinder\plugins\mcufinder/ => C:\Users\CAMMSYS\.stmcufinder\plugins\mcufinder
2026-01-05 13:23:34,821 [INFO] ApiDb:250 - Set database path to: C:\Users\CAMMSYS\.stmcufinder\plugins\mcufinder//mcu/
2026-01-05 13:23:34,821 [WARN] DbFile:41 - Overriding database path with different value: C:\Users\CAMMSYS\.stmcufinder\plugins\mcufinder/ => C:\Users\CAMMSYS\.stmcufinder\plugins\mcufinder
2026-01-05 13:23:34,821 [INFO] DbMcusAds:125 - Set database path to: C:\Users\CAMMSYS\.stmcufinder\plugins\mcufinder//mcu/
2026-01-05 13:23:34,821 [WARN] DbFile:41 - Overriding database path with different value: C:\Users\CAMMSYS\.stmcufinder\plugins\mcufinder/ => C:\Users\CAMMSYS\.stmcufinder\plugins\mcufinder
2026-01-05 13:23:34,821 [WARN] DbFile:41 - Overriding database path with different value: C:\Users\CAMMSYS\.stmcufinder\plugins\mcufinder/ => C:\Users\CAMMSYS\.stmcufinder\plugins\mcufinder
2026-01-05 13:23:34,821 [INFO] CrossReferenceDbSqlite:203 - Set database path to: C:\Users\CAMMSYS\.stmcufinder\plugins\mcufinder//mcu/cs/
2026-01-05 13:23:34,883 [INFO] MainPanel:274 - HeapMemory: 268435456
2026-01-05 13:23:34,993 [INFO] DbMcusXml:78 - Set database path to: C:\ST\STM32CubeIDE_1.19.0\STM32CubeIDE\plugins\com.st.stm32cube.common.mx_6.15.0.202507011659\\db\/mcu/
2026-01-05 13:23:34,993 [INFO] ApiDb:274 - Set plugin database path to: C:\ST\STM32CubeIDE_1.19.0\STM32CubeIDE\plugins\com.st.stm32cube.common.mx_6.15.0.202507011659\\db\/plugins/boardmanager/
2026-01-05 13:23:34,993 [INFO] ApiDb:261 - Set plugin images path to: C:\ST\STM32CubeIDE_1.19.0\STM32CubeIDE\plugins\com.st.stm32cube.common.mx_6.15.0.202507011659\\db\/plugins/mcufinder/images/
2026-01-05 13:23:34,993 [WARN] DbFile:41 - Overriding database path with different value: C:\Users\CAMMSYS\.stmcufinder\plugins\mcufinder/ => C:\Users\CAMMSYS\.stmcufinder\plugins\mcufinder
2026-01-05 13:23:34,993 [INFO] ApiDb:250 - Set database path to: C:\Users\CAMMSYS\.stmcufinder\plugins\mcufinder//mcu/
2026-01-05 13:23:34,993 [WARN] DbFile:41 - Overriding database path with different value: C:\Users\CAMMSYS\.stmcufinder\plugins\mcufinder/ => C:\Users\CAMMSYS\.stmcufinder\plugins\mcufinder
2026-01-05 13:23:34,994 [INFO] DbMcusAds:125 - Set database path to: C:\Users\CAMMSYS\.stmcufinder\plugins\mcufinder//mcu/
2026-01-05 13:23:34,994 [WARN] DbFile:41 - Overriding database path with different value: C:\Users\CAMMSYS\.stmcufinder\plugins\mcufinder/ => C:\Users\CAMMSYS\.stmcufinder\plugins\mcufinder
2026-01-05 13:23:34,994 [WARN] DbFile:41 - Overriding database path with different value: C:\Users\CAMMSYS\.stmcufinder\plugins\mcufinder/ => C:\Users\CAMMSYS\.stmcufinder\plugins\mcufinder
2026-01-05 13:23:34,994 [INFO] CrossReferenceDbSqlite:203 - Set database path to: C:\Users\CAMMSYS\.stmcufinder\plugins\mcufinder//mcu/cs/
2026-01-05 13:23:35,007 [INFO] ApplicationProperties:184 - Using Application install path: C:\ST\STM32CubeIDE_1.19.0\STM32CubeIDE\plugins\com.st.stm32cube.common.mx_6.15.0.202507011659
2026-01-05 13:23:35,008 [INFO] PluginManage:196 - Search for loadable plugins [exclusion list=, ]
2026-01-05 13:23:35,008 [INFO] PluginManage:310 - Check plugin analytics
2026-01-05 13:23:35,245 [INFO] AnalyticsPlugin:253 - Accepted Software Licenses: STM32CubeMX.6.16.0
2026-01-05 13:23:35,245 [INFO] AnalyticsPlugin:255 - Accepted CMSIS Pack Licenses: 
2026-01-05 13:23:35,245 [INFO] AnalyticsPlugin:257 - Accepted Firmware Licenses: FW.L4.1.18.0
2026-01-05 13:23:35,250 [INFO] PluginManage:359 - Loaded plugin analytics (category:tool,tabindex:-1)
2026-01-05 13:23:35,251 [INFO] PluginManage:310 - Check plugin cadmodel
2026-01-05 13:23:35,260 [INFO] CADModel:105 - Init CAD model plugin
2026-01-05 13:23:35,260 [INFO] PluginManage:359 - Loaded plugin cadmodel (category:power,tabindex:5)
2026-01-05 13:23:35,260 [INFO] PluginManage:310 - Check plugin clock
2026-01-05 13:23:35,282 [INFO] PluginManage:359 - Loaded plugin clock (category:base,tabindex:2)
2026-01-05 13:23:35,282 [INFO] PluginManage:310 - Check plugin ddr
2026-01-05 13:23:35,288 [INFO] PluginManage:359 - Loaded plugin ddr (category:tool,tabindex:6)
2026-01-05 13:23:35,289 [INFO] PluginManage:310 - Check plugin filemanager
2026-01-05 13:23:35,523 [INFO] PluginManage:359 - Loaded plugin filemanager (category:base,tabindex:10)
2026-01-05 13:23:35,524 [INFO] PluginManage:310 - Check plugin ipmanager
2026-01-05 13:23:35,536 [INFO] PluginManage:359 - Loaded plugin ipmanager (category:base,tabindex:5)
2026-01-05 13:23:35,537 [INFO] PluginManage:310 - Check plugin lpbam
2026-01-05 13:23:35,549 [INFO] PluginManage:359 - Loaded plugin lpbam (category:base,tabindex:0)
2026-01-05 13:23:35,549 [INFO] PluginManage:310 - Check plugin memorymap
2026-01-05 13:23:35,569 [INFO] PluginManage:359 - Loaded plugin memorymap (category:base,tabindex:4)
2026-01-05 13:23:35,569 [INFO] PluginManage:310 - Check plugin pinoutandconfiguration
2026-01-05 13:23:35,578 [INFO] PluginManage:359 - Loaded plugin pinoutandconfiguration (category:base,tabindex:1)
2026-01-05 13:23:35,579 [INFO] PluginManage:310 - Check plugin pinoutconfig
2026-01-05 13:23:35,655 [WARN] SupportedApi:132 - Cannot load RTOS API schema: s4s-elt-must-match.1: The content of 'definitions' must match (annotation?, (simpleType | complexType)?, (unique | key | keyref)*)). A problem was found starting at: attribute.
2026-01-05 13:23:35,758 [INFO] PluginManage:359 - Loaded plugin pinoutconfig (category:base,tabindex:0)
2026-01-05 13:23:35,758 [INFO] PluginManage:310 - Check plugin power
2026-01-05 13:23:35,766 [INFO] PluginManage:359 - Loaded plugin power (category:power,tabindex:4)
2026-01-05 13:23:35,766 [INFO] PluginManage:310 - Check plugin projectmanager
2026-01-05 13:23:35,782 [INFO] PluginManage:359 - Loaded plugin projectmanager (category:projectmanager,tabindex:4)
2026-01-05 13:23:35,782 [INFO] PluginManage:310 - Check plugin rif
2026-01-05 13:23:35,792 [INFO] PluginManage:359 - Loaded plugin rif (category:base,tabindex:3)
2026-01-05 13:23:35,793 [INFO] PluginManage:310 - Check plugin thirdparty
2026-01-05 13:23:35,932 [INFO] PluginManage:359 - Loaded plugin thirdparty (category:base,tabindex:-1)
2026-01-05 13:23:35,932 [WARN] IntegrityCheckThread:84 - waiting for thirdparty lock release [integrity check]
2026-01-05 13:23:35,932 [INFO] IntegrityCheckThread:86 - entering critical section [integrity check]
2026-01-05 13:23:35,932 [INFO] PluginManage:310 - Check plugin tools
2026-01-05 13:23:35,933 [INFO] ThirdPartyUpdaterWithRetryManager:70 - Updater plugin not ready yet. [1/15]
2026-01-05 13:23:35,935 [INFO] PluginManage:359 - Loaded plugin tools (category:base,tabindex:7)
2026-01-05 13:23:35,935 [INFO] PluginManage:310 - Check plugin tutovideos
2026-01-05 13:23:36,204 [INFO] PluginManage:359 - Loaded plugin tutovideos (category:base,tabindex:-1)
2026-01-05 13:23:36,204 [INFO] PluginManage:310 - Check plugin updater
2026-01-05 13:23:36,226 [INFO] PluginManage:359 - Loaded plugin updater (category:base,tabindex:12)
2026-01-05 13:23:36,226 [INFO] PluginManage:310 - Check plugin userauth
2026-01-05 13:23:36,229 [INFO] UserAuth:118 - Init User Auth plugin
2026-01-05 13:23:36,230 [INFO] PluginManage:359 - Loaded plugin userauth (category:base,tabindex:14)
2026-01-05 13:23:36,230 [INFO] PluginManage:283 - PluginManage : Loaded plugins [18]
2026-01-05 13:23:36,431 [INFO] PinOutPanel:1589 - setPackage(No Configuration,No Configuration)
2026-01-05 13:23:36,508 [INFO] CADModel:165 - CPN selected for project level
2026-01-05 13:23:36,508 [INFO] CADModel:114 - Register for checkConnection events
2026-01-05 13:23:36,523 [INFO] IPUIPlugin:80 - create IPUIPlugin
2026-01-05 13:23:36,523 [INFO] PluginManager:220 - loadIPPluginJar : add adc
2026-01-05 13:23:36,526 [INFO] IPUIPlugin:80 - create IPUIPlugin
2026-01-05 13:23:36,526 [INFO] PluginManager:220 - loadIPPluginJar : add aes
2026-01-05 13:23:36,529 [INFO] IPUIPlugin:80 - create IPUIPlugin
2026-01-05 13:23:36,530 [INFO] PluginManager:220 - loadIPPluginJar : add can
2026-01-05 13:23:36,532 [INFO] IPUIPlugin:80 - create IPUIPlugin
2026-01-05 13:23:36,532 [INFO] PluginManager:220 - loadIPPluginJar : add comp
2026-01-05 13:23:36,534 [INFO] IPUIPlugin:80 - create IPUIPlugin
2026-01-05 13:23:36,534 [INFO] PluginManager:220 - loadIPPluginJar : add cryp
2026-01-05 13:23:36,537 [INFO] IPUIPlugin:80 - create IPUIPlugin
2026-01-05 13:23:36,537 [INFO] PluginManager:220 - loadIPPluginJar : add ddr_ctrl_phy
2026-01-05 13:23:36,540 [INFO] IPUIPlugin:80 - create IPUIPlugin
2026-01-05 13:23:36,540 [INFO] PluginManager:220 - loadIPPluginJar : add dfsdm
2026-01-05 13:23:36,544 [INFO] IPUIPlugin:80 - create IPUIPlugin
2026-01-05 13:23:36,546 [INFO] PluginManager:220 - loadIPPluginJar : add dma
2026-01-05 13:23:36,548 [INFO] IPUIPlugin:80 - create IPUIPlugin
2026-01-05 13:23:36,548 [INFO] PluginManager:220 - loadIPPluginJar : add dma3
2026-01-05 13:23:36,551 [INFO] IPUIPlugin:80 - create IPUIPlugin
2026-01-05 13:23:36,551 [INFO] PluginManager:220 - loadIPPluginJar : add extmemmanager
2026-01-05 13:23:36,552 [INFO] IPUIPlugin:80 - create IPUIPlugin
2026-01-05 13:23:36,553 [INFO] PluginManager:220 - loadIPPluginJar : add fatfs
2026-01-05 13:23:36,556 [INFO] IPUIPlugin:80 - create IPUIPlugin
2026-01-05 13:23:36,556 [INFO] PluginManager:220 - loadIPPluginJar : add fmc
2026-01-05 13:23:36,561 [INFO] IPUIPlugin:80 - create IPUIPlugin
2026-01-05 13:23:36,561 [INFO] PluginManager:220 - loadIPPluginJar : add freertos
2026-01-05 13:23:36,562 [INFO] IPUIPlugin:80 - create IPUIPlugin
2026-01-05 13:23:36,563 [INFO] PluginManager:220 - loadIPPluginJar : add genericplugin
2026-01-05 13:23:36,565 [INFO] IPUIPlugin:80 - create IPUIPlugin
2026-01-05 13:23:36,565 [INFO] PluginManager:220 - loadIPPluginJar : add gfxmmu
2026-01-05 13:23:36,570 [INFO] IPUIPlugin:80 - create IPUIPlugin
2026-01-05 13:23:36,570 [INFO] PluginManager:220 - loadIPPluginJar : add gic
2026-01-05 13:23:36,573 [INFO] IPUIPlugin:80 - create IPUIPlugin
2026-01-05 13:23:36,573 [INFO] PluginManager:220 - loadIPPluginJar : add gpio
2026-01-05 13:23:36,576 [INFO] IPUIPlugin:80 - create IPUIPlugin
2026-01-05 13:23:36,576 [INFO] PluginManager:220 - loadIPPluginJar : add gtzc
2026-01-05 13:23:36,578 [INFO] IPUIPlugin:80 - create IPUIPlugin
2026-01-05 13:23:36,578 [INFO] PluginManager:220 - loadIPPluginJar : add hash
2026-01-05 13:23:36,582 [INFO] IPUIPlugin:80 - create IPUIPlugin
2026-01-05 13:23:36,582 [INFO] PluginManager:220 - loadIPPluginJar : add i2c
2026-01-05 13:23:36,584 [INFO] IPUIPlugin:80 - create IPUIPlugin
2026-01-05 13:23:36,584 [INFO] PluginManager:220 - loadIPPluginJar : add i2s
2026-01-05 13:23:36,587 [INFO] IPUIPlugin:80 - create IPUIPlugin
2026-01-05 13:23:36,587 [INFO] PluginManager:220 - loadIPPluginJar : add i3c
2026-01-05 13:23:36,590 [INFO] IPUIPlugin:80 - create IPUIPlugin
2026-01-05 13:23:36,590 [INFO] PluginManager:220 - loadIPPluginJar : add ipddr
2026-01-05 13:23:36,596 [INFO] IPUIPlugin:80 - create IPUIPlugin
2026-01-05 13:23:36,596 [INFO] PluginManager:220 - loadIPPluginJar : add linkedlist
2026-01-05 13:23:36,599 [INFO] IPUIPlugin:80 - create IPUIPlugin
2026-01-05 13:23:36,599 [INFO] PluginManager:220 - loadIPPluginJar : add lorawan
2026-01-05 13:23:36,601 [INFO] IPUIPlugin:80 - create IPUIPlugin
2026-01-05 13:23:36,601 [INFO] PluginManager:220 - loadIPPluginJar : add ltdc
2026-01-05 13:23:36,605 [INFO] IPUIPlugin:80 - create IPUIPlugin
2026-01-05 13:23:36,605 [INFO] PluginManager:220 - loadIPPluginJar : add mdma
2026-01-05 13:23:36,609 [INFO] IPUIPlugin:80 - create IPUIPlugin
2026-01-05 13:23:36,609 [INFO] PluginManager:220 - loadIPPluginJar : add nvic
2026-01-05 13:23:36,612 [INFO] IPUIPlugin:80 - create IPUIPlugin
2026-01-05 13:23:36,612 [INFO] PluginManager:220 - loadIPPluginJar : add opamp
2026-01-05 13:23:36,615 [INFO] IPUIPlugin:80 - create IPUIPlugin
2026-01-05 13:23:36,615 [INFO] PluginManager:220 - loadIPPluginJar : add openamp
2026-01-05 13:23:36,619 [INFO] IPUIPlugin:80 - create IPUIPlugin
2026-01-05 13:23:36,619 [INFO] PluginManager:220 - loadIPPluginJar : add pdm2pcm
2026-01-05 13:23:36,626 [INFO] IPUIPlugin:80 - create IPUIPlugin
2026-01-05 13:23:36,627 [INFO] PluginManager:220 - loadIPPluginJar : add plateformsettings
2026-01-05 13:23:36,629 [INFO] IPUIPlugin:80 - create IPUIPlugin
2026-01-05 13:23:36,630 [INFO] PluginManager:220 - loadIPPluginJar : add quadspi
2026-01-05 13:23:36,631 [INFO] IPUIPlugin:80 - create IPUIPlugin
2026-01-05 13:23:36,632 [INFO] PluginManager:220 - loadIPPluginJar : add radio
2026-01-05 13:23:36,636 [INFO] IPUIPlugin:80 - create IPUIPlugin
2026-01-05 13:23:36,636 [INFO] PluginManager:220 - loadIPPluginJar : add resmgrutility
2026-01-05 13:23:36,639 [INFO] IPUIPlugin:80 - create IPUIPlugin
2026-01-05 13:23:36,639 [INFO] PluginManager:220 - loadIPPluginJar : add sai
2026-01-05 13:23:36,642 [INFO] IPUIPlugin:80 - create IPUIPlugin
2026-01-05 13:23:36,642 [INFO] PluginManager:220 - loadIPPluginJar : add spi
2026-01-05 13:23:36,645 [INFO] IPUIPlugin:80 - create IPUIPlugin
2026-01-05 13:23:36,645 [INFO] PluginManager:220 - loadIPPluginJar : add stm32_wpan
2026-01-05 13:23:36,647 [INFO] IPUIPlugin:80 - create IPUIPlugin
2026-01-05 13:23:36,647 [INFO] PluginManager:220 - loadIPPluginJar : add tim
2026-01-05 13:23:36,650 [INFO] IPUIPlugin:80 - create IPUIPlugin
2026-01-05 13:23:36,650 [INFO] PluginManager:220 - loadIPPluginJar : add touchsensing
2026-01-05 13:23:36,652 [INFO] IPUIPlugin:80 - create IPUIPlugin
2026-01-05 13:23:36,652 [INFO] PluginManager:220 - loadIPPluginJar : add tracer_emb
2026-01-05 13:23:36,654 [INFO] IPUIPlugin:80 - create IPUIPlugin
2026-01-05 13:23:36,654 [INFO] PluginManager:220 - loadIPPluginJar : add ts
2026-01-05 13:23:36,656 [INFO] IPUIPlugin:80 - create IPUIPlugin
2026-01-05 13:23:36,656 [INFO] PluginManager:220 - loadIPPluginJar : add tsc
2026-01-05 13:23:36,658 [INFO] IPUIPlugin:80 - create IPUIPlugin
2026-01-05 13:23:36,658 [INFO] PluginManager:220 - loadIPPluginJar : add ucpd
2026-01-05 13:23:36,661 [INFO] IPUIPlugin:80 - create IPUIPlugin
2026-01-05 13:23:36,661 [INFO] PluginManager:220 - loadIPPluginJar : add usart
2026-01-05 13:23:36,663 [INFO] IPUIPlugin:80 - create IPUIPlugin
2026-01-05 13:23:36,663 [INFO] PluginManager:220 - loadIPPluginJar : add usbx
2026-01-05 13:23:36,787 [FATAL] Updater:351 - Updater called before beeing initialized
2026-01-05 13:23:36,809 [INFO] RulesReader:64 - Compatibility file has been processed (317 Rules)
2026-01-05 13:23:36,818 [INFO] RulesReader:64 - Compatibility file has been processed (317 Rules)
2026-01-05 13:23:36,832 [INFO] CADModel:165 - CPN selected for project level
2026-01-05 13:23:36,832 [INFO] CADModel:114 - Register for checkConnection events
2026-01-05 13:23:36,832 [FATAL] Updater:351 - Updater called before beeing initialized
2026-01-05 13:23:36,832 [ERROR] CADModel:125 - Updater not yet initialized, retry later 
2026-01-05 13:23:36,956 [FATAL] Updater:351 - Updater called before beeing initialized
2026-01-05 13:23:36,958 [INFO] CADModel:165 - CPN selected for project level
2026-01-05 13:23:36,958 [INFO] CADModel:114 - Register for checkConnection events
2026-01-05 13:23:36,958 [FATAL] Updater:351 - Updater called before beeing initialized
2026-01-05 13:23:36,958 [ERROR] CADModel:125 - Updater not yet initialized, retry later 
2026-01-05 13:23:36,961 [FATAL] Updater:351 - Updater called before beeing initialized
2026-01-05 13:23:37,048 [FATAL] Updater:351 - Updater called before beeing initialized
2026-01-05 13:23:37,051 [INFO] DbMcusAds:53 - JSON generation date=Tue Dec 16 08:11:46 KST 2025 (1765840306612)
2026-01-05 13:23:37,051 [FATAL] Updater:351 - Updater called before beeing initialized
2026-01-05 13:23:37,078 [WARN] DetailPanel:346 - Failed to get advertising image, set to default
2026-01-05 13:23:37,153 [FATAL] Updater:351 - Updater called before beeing initialized
2026-01-05 13:23:37,155 [FATAL] Updater:351 - Updater called before beeing initialized
2026-01-05 13:23:37,155 [FATAL] Updater:351 - Updater called before beeing initialized
2026-01-05 13:23:37,155 [WARN] DetailPanel:346 - Failed to get advertising image, set to default
2026-01-05 13:23:37,156 [FATAL] Updater:351 - Updater called before beeing initialized
2026-01-05 13:23:37,192 [ERROR] Updater:1198 - MainUpdater not yet initialized. External WinMGr cannot be set.
2026-01-05 13:23:37,194 [INFO] Updater:1134 - Updater Version found : 6.15.0
2026-01-05 13:23:37,208 [INFO] ApplicationProperties:184 - Using Application install path: C:\ST\STM32CubeIDE_1.19.0\STM32CubeIDE\plugins\com.st.stm32cube.common.mx_6.15.0.202507011659
2026-01-05 13:23:38,822 [ERROR] LogOutputStream:75 - [STDERR_REDIRECT] Jan 05, 2026 1:23:38 PM java.util.prefs.WindowsPreferences <init>
2026-01-05 13:23:38,824 [ERROR] LogOutputStream:75 - [STDERR_REDIRECT] WARNING: Could not open/create prefs root node Software\JavaSoft\Prefs at root 0xffffffff80000002. Windows RegCreateKeyEx(...) returned error code 5.
2026-01-05 13:23:38,824 [ERROR] LogOutputStream:75 - [STDERR_REDIRECT] 
2026-01-05 13:23:38,943 [INFO] ThirdPartyUpdaterWithRetryManager:70 - Updater plugin not ready yet. [2/15]
2026-01-05 13:23:39,476 [INFO] MainUpdater:2872 - connection check result : 10
2026-01-05 13:23:39,477 [INFO] MainUpdater:289 - Updater Check For Update Now.
2026-01-05 13:23:39,477 [INFO] MicroXplorer:498 - Change Database Version : DB.6.0.150
2026-01-05 13:23:39,647 [INFO] CheckServerUpdateThread:120 - End of CheckServer Thread
2026-01-05 13:23:39,707 [INFO] MainUpdater:2872 - connection check result : 10
2026-01-05 13:23:39,711 [INFO] MainUpdater:2872 - connection check result : 10
2026-01-05 13:23:39,929 [INFO] MicroXplorer:468 - Change Database Path : 
2026-01-05 13:23:39,929 [INFO] MicroXplorer:498 - Change Database Version : DB.6.0.150
2026-01-05 13:23:39,949 [WARN] ThirdParty:871 - waiting for thirdparty lock release [close project]
2026-01-05 13:23:42,163 [WARN] PackLoader:240 - Cannot read IP mode file for STMicroelectronics.FP-SNS-MOTENVWB1.1.4.0
2026-01-05 13:23:42,171 [WARN] PackLoader:240 - Cannot read IP mode file for STMicroelectronics.FP-ATR-ASTRA1.2.0.2
2026-01-05 13:23:42,176 [WARN] PackLoader:240 - Cannot read IP mode file for STMicroelectronics.X-CUBE-SMBUS.2.1.0
2026-01-05 13:23:42,191 [WARN] PackLoader:240 - Cannot read IP mode file for STMicroelectronics.X-CUBE-AZRTOS-F7.1.1.0
2026-01-05 13:23:42,196 [WARN] PackLoader:240 - Cannot read IP mode file for STMicroelectronics.FP-SNS-MOTENV1.5.1.0
2026-01-05 13:23:42,207 [WARN] PackLoader:240 - Cannot read IP mode file for WES.I-CUBE-Cesium.1.4.0
2026-01-05 13:23:42,220 [WARN] PackLoader:240 - Cannot read IP mode file for STMicroelectronics.X-CUBE-AZRTOS-H7.3.4.0
2026-01-05 13:23:42,238 [WARN] PackLoader:240 - Cannot read IP mode file for STMicroelectronics.X-CUBE-DISPLAY.3.0.0
2026-01-05 13:23:42,251 [WARN] PackLoader:240 - Cannot read IP mode file for STMicroelectronics.X-CUBE-NFC10.1.0.0
2026-01-05 13:23:42,262 [WARN] PackLoader:240 - Cannot read IP mode file for STMicroelectronics.X-CUBE-ST60.1.1.0
2026-01-05 13:23:42,272 [WARN] PackLoader:240 - Cannot read IP mode file for emotas.I-CUBE-CANOPEN.1.3.0
2026-01-05 13:23:42,279 [WARN] PackLoader:240 - Cannot read IP mode file for STMicroelectronics.X-CUBE-GNSS1.7.1.0
2026-01-05 13:23:42,288 [WARN] PackLoader:240 - Cannot read IP mode file for STMicroelectronics.FP-SNS-STBOX1.2.1.0
2026-01-05 13:23:42,297 [WARN] PackLoader:240 - Cannot read IP mode file for STMicroelectronics.FP-SNS-SMARTAG2.1.2.0
2026-01-05 13:23:42,302 [WARN] PackLoader:240 - Cannot read IP mode file for STMicroelectronics.FP-SNS-FLIGHT1.5.1.0
2026-01-05 13:23:42,313 [INFO] LogOutputStream:77 - [STDOUT_REDIRECT] 1 : Invalid condition id : UX_CORESTACK_Condition cause : null
2026-01-05 13:23:42,314 [INFO] LogOutputStream:77 - [STDOUT_REDIRECT] 1 : Invalid condition id : UX_CORESTACK_Condition cause : null
2026-01-05 13:23:42,316 [INFO] LogOutputStream:77 - [STDOUT_REDIRECT] 1 : Invalid condition id : UX_CORESTACK_Condition cause : null
2026-01-05 13:23:42,316 [INFO] LogOutputStream:77 - [STDOUT_REDIRECT] 1 : Invalid condition id : UX_CORESTACK_Condition cause : null
2026-01-05 13:23:42,319 [INFO] LogOutputStream:77 - [STDOUT_REDIRECT] 1 : Invalid condition id : UX_CORESTACK_Condition cause : null
2026-01-05 13:23:42,321 [WARN] PackLoader:240 - Cannot read IP mode file for STMicroelectronics.X-CUBE-AZRTOS-WL.2.0.0
2026-01-05 13:23:42,336 [WARN] PackLoader:240 - Cannot read IP mode file for STMicroelectronics.X-CUBE-AZRTOS-H7RS.1.2.0
2026-01-05 13:23:42,344 [WARN] PackLoader:240 - Cannot read IP mode file for STMicroelectronics.X-CUBE-BLE2.3.3.0
2026-01-05 13:23:42,375 [WARN] PackLoader:240 - Cannot read IP mode file for Infineon.AIROC-Wi-Fi-Bluetooth-STM32.1.8.0
2026-01-05 13:23:42,382 [WARN] PackLoader:240 - Cannot read IP mode file for STMicroelectronics.X-CUBE-NFC9.1.0.0
2026-01-05 13:23:42,387 [WARN] PackLoader:240 - Cannot read IP mode file for STMicroelectronics.X-CUBE-BLE1.7.1.0
2026-01-05 13:23:42,391 [WARN] PackLoader:240 - Cannot read IP mode file for wolfSSL.I-CUBE-wolfMQTT.1.19.2
2026-01-05 13:23:42,397 [WARN] PackLoader:240 - Cannot read IP mode file for STMicroelectronics.X-CUBE-FREERTOS.1.4.0
2026-01-05 13:23:42,402 [WARN] PackLoader:240 - Cannot read IP mode file for STMicroelectronics.X-CUBE-EEPRMA1.5.2.0
2026-01-05 13:23:42,408 [WARN] PackLoader:240 - Cannot read IP mode file for wolfSSL.I-CUBE-wolfSSL.5.8.4
2026-01-05 13:23:42,413 [WARN] PackLoader:240 - Cannot read IP mode file for Cesanta.I-CUBE-Mongoose.7.20.0
2026-01-05 13:23:42,417 [WARN] PackLoader:240 - Cannot read IP mode file for STMicroelectronics.X-CUBE-ST67W61.1.1.0
2026-01-05 13:23:42,438 [WARN] PackLoader:240 - Cannot read IP mode file for STMicroelectronics.X-CUBE-MEMS1.12.0.0
2026-01-05 13:23:42,520 [WARN] PackLoader:240 - Cannot read IP mode file for STMicroelectronics.X-CUBE-AZRTOS-G0.1.1.0
2026-01-05 13:23:42,529 [WARN] PackLoader:240 - Cannot read IP mode file for STMicroelectronics.X-CUBE-NFC4.3.0.0
2026-01-05 13:23:42,538 [WARN] PackLoader:240 - Cannot read IP mode file for EmbeddedOffice.I-CUBE-FS-RTOS.1.0.1
2026-01-05 13:23:42,546 [WARN] PackLoader:240 - Cannot read IP mode file for STMicroelectronics.X-CUBE-WB05N.2.0.0
2026-01-05 13:23:42,551 [WARN] PackLoader:240 - Cannot read IP mode file for wolfSSL.I-CUBE-wolfTPM.3.8.0
2026-01-05 13:23:42,558 [WARN] PackLoader:240 - Cannot read IP mode file for STMicroelectronics.X-CUBE-TCPP.4.2.0
2026-01-05 13:23:42,566 [WARN] PackLoader:240 - Cannot read IP mode file for RealThread.X-CUBE-RT-Thread_Nano.4.1.1
2026-01-05 13:23:42,572 [WARN] PackLoader:240 - Cannot read IP mode file for STMicroelectronics.FP-ATR-SIGFOX1.3.2.0
2026-01-05 13:23:42,580 [WARN] PackLoader:240 - Cannot read IP mode file for ITTIA_DB.I-CUBE-ITTIADB.8.9.0
2026-01-05 13:23:42,585 [WARN] PackLoader:240 - Cannot read IP mode file for STMicroelectronics.X-CUBE-AI.10.2.0
2026-01-05 13:23:42,606 [WARN] PackLoader:240 - Cannot read IP mode file for SEGGER.I-CUBE-embOS.1.3.1
2026-01-05 13:23:42,632 [WARN] PackLoader:240 - Cannot read IP mode file for STMicroelectronics.X-CUBE-ALGOBUILD.1.4.0
2026-01-05 13:23:42,637 [WARN] PackLoader:240 - Cannot read IP mode file for STMicroelectronics.X-CUBE-PM33A1.1.0.0
2026-01-05 13:23:42,647 [WARN] PackLoader:240 - Cannot read IP mode file for STMicroelectronics.X-CUBE-AZRTOS-F4.1.1.0
2026-01-05 13:23:42,652 [WARN] PackLoader:240 - Cannot read IP mode file for STMicroelectronics.X-CUBE-ISPU.2.1.0
2026-01-05 13:23:42,661 [WARN] PackLoader:240 - Cannot read IP mode file for STMicroelectronics.X-CUBE-IPS.3.2.0
2026-01-05 13:23:42,669 [WARN] PackLoader:240 - Cannot read IP mode file for STMicroelectronics.X-CUBE-NFC12.1.0.0
2026-01-05 13:23:42,682 [WARN] PackLoader:240 - Cannot read IP mode file for STMicroelectronics.X-CUBE-AZRTOS-L5.2.0.0
2026-01-05 13:23:42,690 [WARN] PackLoader:240 - Cannot read IP mode file for STMicroelectronics.X-CUBE-NFC6.3.1.0
2026-01-05 13:23:42,718 [WARN] PackLoader:240 - Cannot read IP mode file for STMicroelectronics.X-CUBE-TOUCHGFX.4.26.0
2026-01-05 13:23:42,726 [WARN] PackLoader:240 - Cannot read IP mode file for STMicroelectronics.FP-SNS-STAIOTCFT.1.0.0
2026-01-05 13:23:42,731 [WARN] PackLoader:240 - Cannot read IP mode file for STMicroelectronics.X-CUBE-DPower.1.3.0
2026-01-05 13:23:42,747 [WARN] ConditionMgr:438 - getConditionDescription Invalid condition id : LAN8742 Phy interface Condition cause : null
2026-01-05 13:23:42,748 [WARN] PackLoader:240 - Cannot read IP mode file for STMicroelectronics.X-CUBE-AZRTOS-L4.2.0.0
2026-01-05 13:23:42,749 [WARN] ConditionMgr:1044 - genDependencies : Invalid condition id : LAN8742 Phy interface Condition cause : null
2026-01-05 13:23:42,749 [WARN] ConditionMgr:1044 - genDependencies : Invalid condition id : LAN8742 Phy interface Condition cause : null
2026-01-05 13:23:42,749 [WARN] ConditionMgr:1044 - genDependencies : Invalid condition id : LAN8742 Phy interface Condition cause : null
2026-01-05 13:23:42,755 [WARN] PackLoader:240 - Cannot read IP mode file for STMicroelectronics.X-CUBE-SFXS2LP1.4.0.0
2026-01-05 13:23:42,765 [WARN] PackLoader:240 - Cannot read IP mode file for STMicroelectronics.X-CUBE-BLEMGR.4.1.0
2026-01-05 13:23:42,775 [WARN] ConditionMgr:438 - getConditionDescription Invalid condition id : UX DEVICE CLASS RTOS Condition cause : null
2026-01-05 13:23:42,775 [WARN] ConditionMgr:438 - getConditionDescription Invalid condition id : UX DEVICE CLASS RTOS Condition cause : null
2026-01-05 13:23:42,777 [WARN] PackLoader:240 - Cannot read IP mode file for STMicroelectronics.X-CUBE-AZRTOS-WB.2.0.0
2026-01-05 13:23:42,777 [WARN] ConditionMgr:1044 - genDependencies : Invalid condition id : UX DEVICE CLASS RTOS Condition cause : null
2026-01-05 13:23:42,777 [WARN] ConditionMgr:1044 - genDependencies : Invalid condition id : UX DEVICE CLASS RTOS Condition cause : null
2026-01-05 13:23:42,777 [WARN] ConditionMgr:1044 - genDependencies : Invalid condition id : UX DEVICE CLASS RTOS Condition cause : null
2026-01-05 13:23:42,777 [WARN] ConditionMgr:1044 - genDependencies : Invalid condition id : UX DEVICE CLASS RTOS Condition cause : null
2026-01-05 13:23:42,777 [WARN] ConditionMgr:1044 - genDependencies : Invalid condition id : UX DEVICE CLASS RTOS Condition cause : null
2026-01-05 13:23:42,784 [WARN] ConditionMgr:438 - getConditionDescription Invalid condition id : Cortex-A Device cause : null
2026-01-05 13:23:42,792 [WARN] ConditionMgr:1044 - genDependencies : Invalid condition id : Cortex-A Device cause : null
2026-01-05 13:23:42,792 [WARN] ConditionMgr:1044 - genDependencies : Invalid condition id : Cortex-A Device cause : null
2026-01-05 13:23:42,792 [WARN] ConditionMgr:1044 - genDependencies : Invalid condition id : Cortex-A Device cause : null
2026-01-05 13:23:42,799 [WARN] PackLoader:240 - Cannot read IP mode file for STMicroelectronics.X-CUBE-SUBG2.5.0.0
2026-01-05 13:23:42,809 [WARN] PackLoader:240 - Cannot read IP mode file for STMicroelectronics.X-CUBE-AZRTOS-G4.2.0.0
2026-01-05 13:23:42,815 [WARN] PackLoader:240 - Cannot read IP mode file for wolfSSL.I-CUBE-wolfSSH.1.4.20
2026-01-05 13:23:42,822 [WARN] PackLoader:240 - Cannot read IP mode file for STMicroelectronics.X-CUBE-NFC7.2.0.0
2026-01-05 13:23:42,827 [WARN] PackLoader:240 - Cannot read IP mode file for STMicroelectronics.X-CUBE-ALS.1.0.2
2026-01-05 13:23:42,831 [WARN] PackLoader:240 - Cannot read IP mode file for STMicroelectronics.X-CUBE-STSE01.1.0.0
2026-01-05 13:23:42,840 [WARN] PackLoader:240 - Cannot read IP mode file for STMicroelectronics.X-CUBE-TOF1.3.4.3
2026-01-05 13:23:42,845 [INFO] ThirdParty:978 - Integrity check success = true
2026-01-05 13:23:42,846 [INFO] IntegrityCheckThread:100 - exiting critical section [integrity check]
2026-01-05 13:23:42,846 [INFO] IntegrityCheckThread:103 - End integrity checks thread
2026-01-05 13:23:42,846 [INFO] ThirdParty:873 - entering critical section [close project]
2026-01-05 13:23:42,847 [INFO] ThirdParty:883 - exiting critical section [close project]
2026-01-05 13:23:42,852 [INFO] PinOutPanel:1589 - setPackage(No Configuration,No Configuration)
2026-01-05 13:23:42,854 [INFO] UtilMem:75 - Begin LoadConfig() Used Memory: 187503456 Bytes (268435456)
2026-01-05 13:23:42,857 [INFO] MicroXplorer:468 - Change Database Path : 
2026-01-05 13:23:42,857 [INFO] MicroXplorer:498 - Change Database Version : DB.6.0.150
2026-01-05 13:23:42,857 [INFO] OpenFileManager:355 - Change cursor
2026-01-05 13:23:42,915 [INFO] Mcu:2029 - Initializing MCU STM32L412RBTxP STM32L412RBTxP STM32L412RBT6P
2026-01-05 13:23:44,120 [INFO] Context:786 - Trying to add GPIOservice into a context  which must be forbidden
2026-01-05 13:23:44,477 [INFO] ImportTextPane:234 - (OptionalMessage_ERROR) Pin17 (VP_RIF_VS_RIF1) cannot be retrieved for this MCU
2026-01-05 13:23:44,696 [INFO] RtosManager:558 - Registered RTOS mode: class=CMSIS, group=RTOS, mode=CMSIS_V1, owner=FREERTOS
2026-01-05 13:23:44,696 [INFO] RtosManager:558 - Registered RTOS mode: class=CMSIS, group=RTOS2, mode=CMSIS_V2, owner=FREERTOS
2026-01-05 13:23:44,696 [INFO] RtosManager:558 - Registered RTOS mode: class=RTOS, group=Core, mode=CMSIS_V1, owner=FREERTOS
2026-01-05 13:23:44,696 [INFO] RtosManager:558 - Registered RTOS mode: class=RTOS, group=Core, mode=CMSIS_V2, owner=FREERTOS
2026-01-05 13:23:44,696 [WARN] ModelIntegratedComponent:184 - Missing modes for component STMicroelectronics:FreeRTOS:0.0.1:STMicroelectronics:RTOS:FreeRTOS:Core:::10.2.0:
2026-01-05 13:23:44,707 [WARN] ModelIntegratedComponent:63 - No mode defined for component null
2026-01-05 13:23:44,707 [WARN] ModelIntegratedComponent:63 - No mode defined for component null
2026-01-05 13:23:44,707 [WARN] ModelIntegratedComponent:63 - No mode defined for component null
2026-01-05 13:23:44,707 [WARN] ModelIntegratedComponent:63 - No mode defined for component null
2026-01-05 13:23:44,707 [WARN] ModelIntegratedComponent:63 - No mode defined for component null
2026-01-05 13:23:44,707 [WARN] ModelIntegratedComponent:63 - No mode defined for component null
2026-01-05 13:23:44,707 [WARN] ModelIntegratedComponent:63 - No mode defined for component null
2026-01-05 13:23:44,707 [WARN] ModelIntegratedComponent:63 - No mode defined for component null
2026-01-05 13:23:44,707 [WARN] ModelIntegratedComponent:63 - No mode defined for component null
2026-01-05 13:23:44,707 [WARN] ModelIntegratedComponent:63 - No mode defined for component null
2026-01-05 13:23:44,707 [WARN] ModelIntegratedComponent:63 - No mode defined for component null
2026-01-05 13:23:44,707 [WARN] ModelIntegratedComponent:63 - No mode defined for component null
2026-01-05 13:23:44,707 [WARN] ModelIntegratedComponent:63 - No mode defined for component null
2026-01-05 13:23:44,707 [WARN] ModelIntegratedComponent:63 - No mode defined for component null
2026-01-05 13:23:44,707 [WARN] ModelIntegratedComponent:63 - No mode defined for component null
2026-01-05 13:23:44,708 [WARN] ModelIntegratedComponent:63 - No mode defined for component null
2026-01-05 13:23:44,708 [WARN] ModelIntegratedComponent:63 - No mode defined for component null
2026-01-05 13:23:44,708 [WARN] ModelIntegratedComponent:63 - No mode defined for component null
2026-01-05 13:23:44,708 [WARN] ModelIntegratedComponent:63 - No mode defined for component null
2026-01-05 13:23:44,708 [WARN] ModelIntegratedComponent:63 - No mode defined for component null
2026-01-05 13:23:44,708 [WARN] ModelIntegratedComponent:63 - No mode defined for component null
2026-01-05 13:23:44,708 [WARN] ModelIntegratedComponent:63 - No mode defined for component null
2026-01-05 13:23:44,708 [WARN] ModelIntegratedComponent:63 - No mode defined for component null
2026-01-05 13:23:44,708 [WARN] ModelIntegratedComponent:63 - No mode defined for component null
2026-01-05 13:23:44,708 [WARN] ModelIntegratedComponent:63 - No mode defined for component null
2026-01-05 13:23:44,708 [WARN] ModelIntegratedComponent:63 - No mode defined for component null
2026-01-05 13:23:44,708 [WARN] ModelIntegratedComponent:63 - No mode defined for component null
2026-01-05 13:23:44,708 [WARN] ModelIntegratedComponent:63 - No mode defined for component null
2026-01-05 13:23:44,708 [WARN] ModelIntegratedComponent:63 - No mode defined for component null
2026-01-05 13:23:44,708 [WARN] ModelIntegratedComponent:63 - No mode defined for component null
2026-01-05 13:23:44,708 [WARN] ModelIntegratedComponent:63 - No mode defined for component null
2026-01-05 13:23:44,708 [WARN] ModelIntegratedComponent:63 - No mode defined for component null
2026-01-05 13:23:44,708 [WARN] ModelIntegratedComponent:63 - No mode defined for component null
2026-01-05 13:23:44,708 [WARN] ModelIntegratedComponent:63 - No mode defined for component null
2026-01-05 13:23:44,708 [WARN] ModelIntegratedComponent:63 - No mode defined for component null
2026-01-05 13:23:44,708 [WARN] ModelPack:524 - Component already loaded: STMicroelectronics:HAL Drivers:0.0.0:STMicroelectronics:Device:STMicro_Driver:XSPI:HAL::0.0.1:HAL_XSPI
2026-01-05 13:23:44,727 [INFO] ThirdPartyModel:298 - Start build external matchings
2026-01-05 13:23:44,939 [INFO] ThirdPartyModel:316 - End build external matchings
2026-01-05 13:23:44,946 [INFO] ImportTextPane:234 - (OptionalMessage_ERROR) IP (ADC1) : Parameter (CommonPathInternal) has invalid value (null|null|null|null)
2026-01-05 13:23:44,947 [INFO] ImportTextPane:234 - (OptionalMessage_ERROR) IP (RCC) : Invalid parameter (FamilyName)
2026-01-05 13:23:44,948 [INFO] ImportTextPane:234 - (OptionalMessage_ERROR) IP (RCC) : Parameter (USBFreq_Value) has invalid value (4000000)
2026-01-05 13:23:45,356 [INFO] ApiDb:581 - Connected to CubeFinder SQLite database (C:\Users\CAMMSYS\.stmcufinder\plugins\mcufinder\mcu\cube-finder-db.db)
2026-01-05 13:23:45,422 [INFO] ApiDb:668 - CubeFinder database Data Model version=2.1
2026-01-05 13:23:45,422 [INFO] ApiDb:669 - CubeFinder database Configuration version=3.0.39
2026-01-05 13:23:45,422 [INFO] ApiDb:670 - CubeFinder database generation date=2025-12-22 (1766407740)
2026-01-05 13:23:45,422 [INFO] ApiDb:671 - CubeFinder database FW Pack versions=[FP-ATR-ASTRA1_V2.0.0, FP-SNS-FLIGHT1_V5.1.0, FP-SNS-MOTENV1_V5.1.0, FP-SNS-MOTENVWB1_V1.4.0, FP-SNS-SMARTAG2_V1.2.0, FP-SNS-STBOX1_V2.1.0, STM32Cube_FW_C0_V1.4.0, STM32Cube_FW_F4_V1.28.3, STM32Cube_FW_F7_V1.17.4, STM32Cube_FW_G0_V1.6.2, STM32Cube_FW_G4_V1.6.1, STM32Cube_FW_H5_V1.5.1, STM32Cube_FW_H7RS_V1.3.0, STM32Cube_FW_H7_V1.12.1, STM32Cube_FW_L0_V1.12.2, STM32Cube_FW_L4_V1.18.1, STM32Cube_FW_L5_V1.6.0, STM32Cube_FW_N6_V1.3.0, STM32Cube_FW_U0_V1.3.0, STM32Cube_FW_U3_V1.2.1, STM32Cube_FW_U5_V1.8.0, STM32Cube_FW_WB0_V1.4.0, STM32Cube_FW_WBA_V1.8.0, STM32Cube_FW_WB_V1.24.0, STM32Cube_FW_WL3_V1.3.0, STM32Cube_FW_WL_V1.4.0, X-CUBE-ALGOBUILD_V1.4.0, X-CUBE-ALS_V1.0.2, X-CUBE-AZRTOS-F4_V1.1.0, X-CUBE-AZRTOS-F7_V1.1.0, X-CUBE-AZRTOS-G0_V1.1.0, X-CUBE-AZRTOS-G4_V2.0.0, X-CUBE-AZRTOS-H7RS_V1.1.0, X-CUBE-AZRTOS-H7_V3.4.0, X-CUBE-AZRTOS-L4_V2.0.0, X-CUBE-AZRTOS-L5_V2.0.0, X-CUBE-AZRTOS-WB_V2.0.0, X-CUBE-AZRTOS-WL_V2.0.0, X-CUBE-BLE1_V7.1.0, X-CUBE-BLE2_V3.3.0, X-CUBE-BLEMGR_V4.1.0, X-CUBE-EEPRMA1_V5.2.0, X-CUBE-FREERTOS_V1.3.1, X-CUBE-GNSS1_V6.0.0, X-CUBE-MEMS1_V12.0.0, X-CUBE-NFC4_V3.0.0, X-CUBE-NFC7_V2.0.0, X-CUBE-SFXS2LP1_V4.0.0, X-CUBE-ST67W61_V1.1.0, X-CUBE-SUBG2_V5.0.0, X-CUBE-TOF1_V3.4.3]
2026-01-05 13:23:45,507 [INFO] DbBoardsSqlite:226 - include board P-NUCLEO-WB55-NUCLEO as a kit item of type 'Nucleo-64'
2026-01-05 13:23:45,507 [INFO] DbBoardsSqlite:226 - include board P-NUCLEO-WB55-USBDONGLE as a kit item of type 'Nucleo USB Dongle'
2026-01-05 13:23:45,508 [INFO] DbBoardsSqlite:226 - include board STEVAL-IDP005V1 as a kit item of type 'Evaluation Board'
2026-01-05 13:23:45,508 [INFO] DbBoardsSqlite:226 - include board STEVAL-IDP005V2 as a kit item of type 'Evaluation Board'
2026-01-05 13:23:45,726 [INFO] ApiDb:240 - Found 880 in-development CPN: [B-G473E-ZEST1S, B-WB1M-WPAN1, B-WBA5M-WPAN, B-WL5M-SUBG1, NUCLEO-C031C6, NUCLEO-C051C8, NUCLEO-C071RB, NUCLEO-C092RC, NUCLEO-H503RB, NUCLEO-H533RE, NUCLEO-H563ZI, NUCLEO-H7S3L8, NUCLEO-N657X0-Q, NUCLEO-U031R8, NUCLEO-U083RC, NUCLEO-U385RG-Q, NUCLEO-U545RE-Q, NUCLEO-U5A5ZJ-Q, NUCLEO-WB05KZ, NUCLEO-WB07CC, NUCLEO-WB09KE, NUCLEO-WBA52CG, NUCLEO-WBA55CG, NUCLEO-WL33CC1, NUCLEO-WL33CC2, STEVAL-PROTEUS1, STEVAL-SMARTAG2, STEVAL-STWINBX1, STM320518-EVAL, STM32C0116-DK, STM32C011D6Y3TR, STM32C011D6Y6TR, STM32C011F4P3, STM32C011F4P6, STM32C011F4U3, STM32C011F4U6TR, STM32C011F6P3, STM32C011F6P6, STM32C011F6U3, STM32C011F6U6TR, STM32C011J4M3, STM32C011J4M6, STM32C011J6M3, STM32C011J6M6, STM32C0316-DK, STM32C031C4T3, STM32C031C4T6, STM32C031C4U3, STM32C031C4U6, STM32C031C6T3, STM32C031C6T6, STM32C031C6U3, STM32C031C6U6, STM32C031F4P3, STM32C031F4P6, STM32C031F6P3, STM32C031F6P6, STM32C031G4U3, STM32C031G4U6, STM32C031G6U3, STM32C031G6U6, STM32C031K4T3, STM32C031K4T6, STM32C031K4U3, STM32C031K4U6, STM32C031K6T3, STM32C031K6T6, STM32C031K6U3, STM32C031K6U6, STM32C051C6T6, STM32C051C6U6, STM32C051C8T6, STM32C051C8U6, STM32C051D8Y6TR, STM32C051F6P6, STM32C051F8P6, STM32C051G6U6, STM32C051G8U6, STM32C051K6T6, STM32C051K6U6, STM32C051K8T6, STM32C071C8T6, STM32C071C8T6N, STM32C071C8U6, STM32C071C8U6N, STM32C071CBT6, STM32C071CBT6N, STM32C071CBU6, STM32C071CBU6N, STM32C071F8P6, STM32C071F8P6N, STM32C071FBP6, STM32C071FBP6N, STM32C071FBY6TR, STM32C071G8U6, STM32C071G8U6N, STM32C071GBU6, STM32C071GBU6N, STM32C071K8T6, STM32C071K8T6N, STM32C071K8U6, STM32C071K8U6N, STM32C071KBT6, STM32C071KBT6N, STM32C071KBU6, STM32C071KBU6N, STM32C071R8T6, STM32C071R8T6N, STM32C071RBI6N, STM32C071RBT6, STM32C071RBT6N, STM32C091CBT6, STM32C091CBU6, STM32C091CCT6, STM32C091CCU6, STM32C091ECY6TR, STM32C091FBP6, STM32C091FCP6, STM32C091GBU6, STM32C091GCU6, STM32C091KBT6, STM32C091KBU6, STM32C091KCT6, STM32C091KCU6, STM32C091RBT6, STM32C091RCI6, STM32C091RCT6, STM32C092CBT6, STM32C092CBU6, STM32C092CCT6, STM32C092CCU6, STM32C092ECY6TR, STM32C092FBP6, STM32C092FCP6, STM32C092GBU6, STM32C092GCU6, STM32C092KBT6, STM32C092KBU6, STM32C092KCT6, STM32C092KCU6, STM32C092RBT6, STM32C092RCI6, STM32C092RCT6, STM32G071K8TXN, STM32G071K8UXN, STM32G081GBU6N, STM32G081KBT6N, STM32G081KBUXN, STM32G0B1CCT6N, STM32G0B1KCT6, STM32G0B1NEY6TR, STM32G0B1RCT6N, STM32G0C1CCT6, STM32G0C1CCT6N, STM32G0C1CCU6N, STM32G0C1CET6N, STM32G0C1CEU6N, STM32G0C1KCT6, STM32G0C1NEY6TR, STM32G0C1RCI6N, STM32G0C1RCT6N, STM32G0C1REI6N, STM32G0C1RET6N, STM32G0C1VCI6, STM32G0C1VEI6, STM32G411C6T3, STM32G411C6T6, STM32G411C6U3, STM32G411C6U6, STM32G411C8T3, STM32G411C8T6, STM32G411C8U3, STM32G411C8U6, STM32G411CBT3, STM32G411CBT6, STM32G411CBU3, STM32G411CBU6, STM32G411K6T3, STM32G411K6T6, STM32G411K6U3, STM32G411K6U6, STM32G411K8T3, STM32G411K8T6, STM32G411K8U3, STM32G411K8U6, STM32G411KBT3, STM32G411KBT6, STM32G411KBU3, STM32G411KBU6, STM32G411M6T3, STM32G411M6T6, STM32G411M8T3, STM32G411M8T6, STM32G411MBT3, STM32G411MBT6, STM32G411R6T3, STM32G411R6T6, STM32G411R8T3, STM32G411R8T6, STM32G411RBT3, STM32G411RBT6, STM32G414CBT3, STM32G414CBT6, STM32G414CBU3, STM32G414CBU6, STM32G414CCT3, STM32G414CCT6, STM32G414CCU3, STM32G414CCU6, STM32G414MBT3, STM32G414MBT6, STM32G414MCT3, STM32G414MCT6, STM32G414RBT3, STM32G414RBT6, STM32G414RCT3, STM32G414RCT6, STM32G414VBT3, STM32G414VBT6, STM32G414VCT3, STM32G414VCT6, STM32G431CBT3Z, STM32G431RBT3Z, STM32G471CCT6, STM32G471CCU6, STM32G471CET3, STM32G471CET6, STM32G471CEU3, STM32G471CEU6, STM32G471MCT6, STM32G471MET3, STM32G471MET6, STM32G471MEY6TR, STM32G471QCT6, STM32G471QET3, STM32G471RCT6, STM32G471RET3, STM32G471RET6, STM32G471VCH6, STM32G471VCI6, STM32G471VCT6, STM32G471VEH3, STM32G471VEH6, STM32G471VEI3, STM32G471VEI6, STM32G471VET3, STM32G471VET6, STM32G473QET3Z, STM32G473RET3Z, STM32G474CCT6, STM32G491RET3Z, STM32H503CBT6, STM32H503CBU6, STM32H503EBY6TR, STM32H503KBU6, STM32H503RBT6, STM32H523CCT6, STM32H523CCU6, STM32H523CET6, STM32H523CEU6, STM32H523HEY6TR, STM32H523RCT6, STM32H523RET6, STM32H523VCI6, STM32H523VCT6, STM32H523VEI6, STM32H523VET6, STM32H523ZCJ6, STM32H523ZCT6, STM32H523ZEJ6, STM32H523ZET6, STM32H533CET6, STM32H533CEU6, STM32H533HEY6TR, STM32H533RET6, STM32H533VEI6, STM32H533VET6, STM32H533ZEJ6, STM32H533ZET6, STM32H562AGI6, STM32H562AII6, STM32H562IGK6, STM32H562IGT6, STM32H562IIK6, STM32H562IIT6, STM32H562RGT6, STM32H562RGV6, STM32H562RIT6, STM32H562RIV6, STM32H562VGT6, STM32H562VIT6, STM32H562ZGT6, STM32H562ZIT6, STM32H563AGI6, STM32H563AII3Q, STM32H563AII6, STM32H563IGK6, STM32H563IGT6, STM32H563IIK3Q, STM32H563IIK6, STM32H563IIT3Q, STM32H563IIT6, STM32H563MIY3QTR, STM32H563RGT6, STM32H563RGV6, STM32H563RIT6, STM32H563RIV6, STM32H563VGT6, STM32H563VIT3Q, STM32H563VIT6, STM32H563ZGT6, STM32H563ZIT3Q, STM32H563ZIT6, STM32H573AII3Q, STM32H573AII6, STM32H573I-DK, STM32H573IIK3Q, STM32H573IIK6, STM32H573IIT3Q, STM32H573IIT6, STM32H573MIY3QTR, STM32H573RIT6, STM32H573RIV6, STM32H573VIT3Q, STM32H573VIT6, STM32H573ZIT3Q, STM32H573ZIT6, STM32H7R3A8I6, STM32H7R3I8K6, STM32H7R3I8T6, STM32H7R3L8H6, STM32H7R3L8H6H, STM32H7R3R8V6, STM32H7R3V8H6, STM32H7R3V8T6, STM32H7R3V8Y6TR, STM32H7R3Z8J6, STM32H7R3Z8T6, STM32H7R7A8I6, STM32H7R7I8K6, STM32H7R7I8T6, STM32H7R7L8H6, STM32H7R7L8H6H, STM32H7R7Z8J6, STM32H7S3A8I6, STM32H7S3I8K6, STM32H7S3I8T6, STM32H7S3L8H6, STM32H7S3L8H6H, STM32H7S3R8V6, STM32H7S3V8H6, STM32H7S3V8T6, STM32H7S3V8Y6TR, STM32H7S3Z8J6, STM32H7S3Z8T6, STM32H7S78-DK, STM32H7S7A8I6, STM32H7S7I8K6, STM32H7S7I8T6, STM32H7S7L8H6, STM32H7S7L8H6H, STM32H7S7Z8J6, STM32L4R5QGI6STR, STM32MP131AAE3, STM32MP131AAF3, STM32MP131AAG3, STM32MP131CAE3, STM32MP131CAF3, STM32MP131CAG3, STM32MP131DAE7, STM32MP131DAF7, STM32MP131DAG7, STM32MP131FAE7, STM32MP131FAF7, STM32MP131FAG7, STM32MP133AAE3, STM32MP133AAF3, STM32MP133AAG3, STM32MP133CAE3, STM32MP133CAF3, STM32MP133CAG3, STM32MP133DAE7, STM32MP133DAF7, STM32MP133DAG7, STM32MP133FAE7, STM32MP133FAF7, STM32MP133FAG7, STM32MP135AAE3, STM32MP135AAF3, STM32MP135AAG3, STM32MP135CAE3, STM32MP135CAF3, STM32MP135CAG3, STM32MP135DAE7, STM32MP135DAF7, STM32MP135DAG7, STM32MP135F-DK, STM32MP135FAE7, STM32MP135FAF7, STM32MP135FAF7T, STM32MP135FAF7U, STM32MP135FAG7, STM32MP211AAL3, STM32MP211AAM3, STM32MP211AAN3, STM32MP211AAO3, STM32MP211CAL3, STM32MP211CAM3, STM32MP211CAN3, STM32MP211CAO3, STM32MP211DAL3, STM32MP211DAM3, STM32MP211DAN3, STM32MP211DAO3, STM32MP211FAL3, STM32MP211FAM3, STM32MP211FAN3, STM32MP211FAO3, STM32MP213AAL3, STM32MP213AAM3, STM32MP213AAN3, STM32MP213AAO3, STM32MP213CAL3, STM32MP213CAM3, STM32MP213CAN3, STM32MP213CAO3, STM32MP213DAL3, STM32MP213DAM3, STM32MP213DAN3, STM32MP213DAO3, STM32MP213FAL3, STM32MP213FAM3, STM32MP213FAN3, STM32MP213FAO3, STM32MP215AAL3, STM32MP215AAM3, STM32MP215AAN3, STM32MP215AAO3, STM32MP215CAL3, STM32MP215CAM3, STM32MP215CAN3, STM32MP215CAO3, STM32MP215DAL3, STM32MP215DAM3, STM32MP215DAN3, STM32MP215DAO3, STM32MP215F-DK, STM32MP215FAL3, STM32MP215FAM3, STM32MP215FAN3, STM32MP215FAO3, STM32MP231AAJ3, STM32MP231AAK3, STM32MP231AAL3, STM32MP231CAJ3, STM32MP231CAK3, STM32MP231CAL3, STM32MP231DAJ3, STM32MP231DAK3, STM32MP231DAL3, STM32MP231FAJ3, STM32MP231FAK3, STM32MP231FAL3, STM32MP233AAJ3, STM32MP233AAK3, STM32MP233AAL3, STM32MP233CAJ3, STM32MP233CAK3, STM32MP233CAL3, STM32MP233DAJ3, STM32MP233DAK3, STM32MP233DAL3, STM32MP233FAJ3, STM32MP233FAK3, STM32MP233FAL3, STM32MP235AAJ3, STM32MP235AAK3, STM32MP235AAL3, STM32MP235CAJ3, STM32MP235CAK3, STM32MP235CAL3, STM32MP235DAJ3, STM32MP235DAK3, STM32MP235DAL3, STM32MP235FAJ3, STM32MP235FAK3, STM32MP235FAL3, STM32MP251AAI3, STM32MP251AAK3, STM32MP251AAL3, STM32MP251CAI3, STM32MP251CAK3, STM32MP251CAL3, STM32MP251DAI3, STM32MP251DAK3, STM32MP251DAL3, STM32MP251FAI3, STM32MP251FAK3, STM32MP251FAL3, STM32MP253AAI3, STM32MP253AAK3, STM32MP253AAL3, STM32MP253CAI3, STM32MP253CAK3, STM32MP253CAL3, STM32MP253DAI3, STM32MP253DAK3, STM32MP253DAL3, STM32MP253FAI3, STM32MP253FAK3, STM32MP253FAL3, STM32MP255AAI3, STM32MP255AAK3, STM32MP255AAL3, STM32MP255CAI3, STM32MP255CAK3, STM32MP255CAL3, STM32MP255DAI3, STM32MP255DAK3, STM32MP255DAL3, STM32MP255FAI3, STM32MP255FAK3, STM32MP255FAL3, STM32MP257AAI3, STM32MP257AAK3, STM32MP257AAL3, STM32MP257CAI3, STM32MP257CAK3, STM32MP257CAL3, STM32MP257DAI3, STM32MP257DAK3, STM32MP257DAL3, STM32MP257F-DK, STM32MP257F-EV1, STM32MP257FAI3, STM32MP257FAK3, STM32MP257FAL3, STM32N645A0H3Q, STM32N645B0H3Q, STM32N645I0H3Q, STM32N645L0H3Q, STM32N645X0H3Q, STM32N645Z0H3Q, STM32N647A0H3Q, STM32N647B0H3Q, STM32N647I0H3Q, STM32N647L0H3Q, STM32N647X0H3Q, STM32N647Z0H3Q, STM32N655A0H3Q, STM32N655B0H3Q, STM32N655I0H3Q, STM32N655L0H3Q, STM32N655X0H3Q, STM32N655Z0H3Q, STM32N6570-DK, STM32N657A0H3Q, STM32N657B0H3Q, STM32N657I0H3Q, STM32N657L0H3Q, STM32N657X0H3Q, STM32N657Z0H3Q, STM32U031C6T6, STM32U031C6U6, STM32U031C8T6, STM32U031C8U6, STM32U031F4P6, STM32U031F6P6, STM32U031F8P6, STM32U031G6Y6TR, STM32U031G8Y6TR, STM32U031K4U6, STM32U031K6U6, STM32U031K8U6, STM32U031R6I6, STM32U031R6T6, STM32U031R8I6, STM32U031R8T6, STM32U073C8T6, STM32U073C8U6, STM32U073CBT6, STM32U073CBU6, STM32U073CCT6, STM32U073CCU6, STM32U073H8Y6TR, STM32U073HBY6TR, STM32U073HCY6TR, STM32U073K8U6, STM32U073KBU6, STM32U073KCU6, STM32U073M8I6, STM32U073M8T6, STM32U073MBI6, STM32U073MBT6, STM32U073MCI6, STM32U073MCT6, STM32U073R8I6, STM32U073R8T6, STM32U073RBI6, STM32U073RBT6, STM32U073RCI6, STM32U073RCT6, STM32U083C-DK, STM32U083CCT6, STM32U083CCU6, STM32U083HCY6TR, STM32U083KCU6, STM32U083MCI6, STM32U083MCT6, STM32U083RCI6, STM32U083RCT6, STM32U375CET6, STM32U375CET6Q, STM32U375CEU6, STM32U375CEU6Q, STM32U375CEY6QTR, STM32U375CGT6, STM32U375CGT6Q, STM32U375CGU6, STM32U375CGU6Q, STM32U375CGY6QTR, STM32U375KEU6, STM32U375KGU6, STM32U375REI6, STM32U375REI6Q, STM32U375RET6, STM32U375RET6Q, STM32U375REY6GTR, STM32U375REY6QTR, STM32U375RGI6, STM32U375RGI6Q, STM32U375RGT6, STM32U375RGT6Q, STM32U375RGY6GTR, STM32U375RGY6QTR, STM32U375VEI6, STM32U375VEI6Q, STM32U375VET6, STM32U375VET6Q, STM32U375VGI6, STM32U375VGI6Q, STM32U375VGT6, STM32U375VGT6Q, STM32U385CGT6, STM32U385CGT6Q, STM32U385CGU6, STM32U385CGU6Q, STM32U385CGY6QTR, STM32U385KGU6, STM32U385RGI6, STM32U385RGI6Q, STM32U385RGT6, STM32U385RGT6Q, STM32U385RGY6GTR, STM32U385RGY6QTR, STM32U385VGI6, STM32U385VGI6Q, STM32U385VGT6, STM32U385VGT6Q, STM32U535CBT6, STM32U535CBT6Q, STM32U535CBU6, STM32U535CBU6Q, STM32U535CCT6, STM32U535CCT6Q, STM32U535CCU6, STM32U535CCU6Q, STM32U535CET6, STM32U535CET6Q, STM32U535CEU6, STM32U535CEU6Q, STM32U535JEY6QTR, STM32U535NCY6QTR, STM32U535NEY6QTR, STM32U535RBI6, STM32U535RBI6Q, STM32U535RBT6, STM32U535RBT6Q, STM32U535RCI6, STM32U535RCI6Q, STM32U535RCT6, STM32U535RCT6Q, STM32U535REI6, STM32U535REI6Q, STM32U535RET6, STM32U535RET6Q, STM32U535VCI6, STM32U535VCI6Q, STM32U535VCT6, STM32U535VCT6Q, STM32U535VEI6, STM32U535VEI6Q, STM32U535VET6, STM32U535VET6Q, STM32U545CET6, STM32U545CET6Q, STM32U545CEU6, STM32U545CEU6Q, STM32U545JEY6QTR, STM32U545NEY6QTR, STM32U545REI6, STM32U545REI6Q, STM32U545RET6, STM32U545RET6Q, STM32U545VEI6, STM32U545VEI6Q, STM32U545VET6, STM32U545VET6Q, STM32U595AIH6, STM32U595AIH6Q, STM32U595AJH6, STM32U595AJH6Q, STM32U595QII6, STM32U595QII6Q, STM32U595QJI6, STM32U595QJI6Q, STM32U595RIT6, STM32U595RIT6Q, STM32U595RJT6, STM32U595RJT6Q, STM32U595VIT6, STM32U595VIT6Q, STM32U595VJT6, STM32U595VJT6Q, STM32U595ZIT6, STM32U595ZIT6Q, STM32U595ZIY6QTR, STM32U595ZJT6, STM32U595ZJT6Q, STM32U595ZJY6QTR, STM32U599BJY6QTR, STM32U599NIH6Q, STM32U599NJH6Q, STM32U599VIT6Q, STM32U599VJT6, STM32U599VJT6Q, STM32U599ZIT6Q, STM32U599ZIY6QTR, STM32U599ZJT6Q, STM32U599ZJY6QTR, STM32U5A5AJH6, STM32U5A5AJH6Q, STM32U5A5QII3Q , STM32U5A5QJI6, STM32U5A5QJI6Q, STM32U5A5RJT6, STM32U5A5RJT6Q, STM32U5A5VJT6, STM32U5A5VJT6Q, STM32U5A5ZJT6, STM32U5A5ZJT6Q, STM32U5A5ZJY6QTR, STM32U5A9BJY6QTR, STM32U5A9J-DK, STM32U5A9NJH6Q, STM32U5A9VJT6Q, STM32U5A9ZJT6Q, STM32U5A9ZJY6QTR, STM32U5F7VIT6, STM32U5F7VIT6Q, STM32U5F7VJT6, STM32U5F7VJT6Q, STM32U5F9BJY6QTR, STM32U5F9NJH6Q, STM32U5F9VIT6Q, STM32U5F9VJT6Q, STM32U5F9ZIJ6QTR, STM32U5F9ZIT6Q, STM32U5F9ZJJ6QTR, STM32U5F9ZJT6Q, STM32U5G7VJT6, STM32U5G7VJT6Q, STM32U5G9BJY6QTR, STM32U5G9J-DK1, STM32U5G9J-DK2, STM32U5G9NJH6Q, STM32U5G9VJT6Q, STM32U5G9ZJJ6QTR, STM32U5G9ZJT6Q, STM32WB05KZV6TR, STM32WB05KZV7TR, STM32WB05TZF6TR, STM32WB05TZF7TR, STM32WB06CCF6TR, STM32WB06CCF7TR, STM32WB06CCV6TR, STM32WB06CCV7TR, STM32WB06KCV6TR, STM32WB06KCV7TR, STM32WB07CCF6TR, STM32WB07CCF7TR, STM32WB07CCV6TR, STM32WB07CCV7TR, STM32WB07KCV6TR, STM32WB07KCV7TR, STM32WB09KEV6TR, STM32WB09KEV7TR, STM32WB09TEF6TR, STM32WB09TEF7TR, STM32WB1MMCH6, STM32WBA50KGU6, STM32WBA50KGU6TR, STM32WBA52CEU6, STM32WBA52CEU6TR, STM32WBA52CEU7, STM32WBA52CEU7TR, STM32WBA52CGU6, STM32WBA52CGU6TR, STM32WBA52CGU6U, STM32WBA52CGU7, STM32WBA52CGU7TR, STM32WBA52KEU6, STM32WBA52KEU6TR, STM32WBA52KGU6, STM32WBA52KGU6TR, STM32WBA54CEU6, STM32WBA54CEU6TR, STM32WBA54CEU7, STM32WBA54CEU7TR, STM32WBA54CGU6, STM32WBA54CGU6TR, STM32WBA54CGU7, STM32WBA54CGU7TR, STM32WBA54KEU6, STM32WBA54KEU6TR, STM32WBA54KEU7, STM32WBA54KEU7TR, STM32WBA54KGU6, STM32WBA54KGU6TR, STM32WBA54KGU7, STM32WBA54KGU7TR, STM32WBA55CEU6, STM32WBA55CEU6TR, STM32WBA55CEU7, STM32WBA55CEU7TR, STM32WBA55CGU6, STM32WBA55CGU6TR, STM32WBA55CGU6U, STM32WBA55CGU7, STM32WBA55CGU7TR, STM32WBA55G-DK1, STM32WBA55HEF6, STM32WBA55HEF7, STM32WBA55HGF6, STM32WBA55HGF7, STM32WBA55UEI6, STM32WBA55UEI6TR, STM32WBA55UEI7, STM32WBA55UEI7TR, STM32WBA55UGI6, STM32WBA55UGI6TR, STM32WBA55UGI7, STM32WBA55UGI7TR, STM32WBA5MMGH6TR, STM32WBA62MGF6, STM32WBA62MIF6, STM32WBA65MGF7, STM32WBA65MIF6, STM32WBA65MIF7, STM32WL30K8V6, STM32WL30KBV6, STM32WL31C8V6, STM32WL31CBV6, STM32WL31K8V6, STM32WL31KBV6, STM32WL33C8V6, STM32WL33C8V6X, STM32WL33CBV6, STM32WL33CBV6X, STM32WL33CCV6, STM32WL33CCV6A, STM32WL33CCV6X, STM32WL33K8V7, STM32WL33K8V7X, STM32WL33KBV7 , STM32WL33KBV7X, STM32WL33KCV7, STM32WL33KCV7X, STM32WL5MOCH6, STM32WL5MOCH6TR]
2026-01-05 13:23:45,729 [INFO] ApiDb:668 - CubeFinder database Data Model version=2.1
2026-01-05 13:23:45,729 [INFO] ApiDb:669 - CubeFinder database Configuration version=3.0.39
2026-01-05 13:23:45,729 [INFO] ApiDb:670 - CubeFinder database generation date=2025-12-22 (1766407740)
2026-01-05 13:23:45,729 [INFO] ApiDb:671 - CubeFinder database FW Pack versions=[FP-ATR-ASTRA1_V2.0.0, FP-SNS-FLIGHT1_V5.1.0, FP-SNS-MOTENV1_V5.1.0, FP-SNS-MOTENVWB1_V1.4.0, FP-SNS-SMARTAG2_V1.2.0, FP-SNS-STBOX1_V2.1.0, STM32Cube_FW_C0_V1.4.0, STM32Cube_FW_F4_V1.28.3, STM32Cube_FW_F7_V1.17.4, STM32Cube_FW_G0_V1.6.2, STM32Cube_FW_G4_V1.6.1, STM32Cube_FW_H5_V1.5.1, STM32Cube_FW_H7RS_V1.3.0, STM32Cube_FW_H7_V1.12.1, STM32Cube_FW_L0_V1.12.2, STM32Cube_FW_L4_V1.18.1, STM32Cube_FW_L5_V1.6.0, STM32Cube_FW_N6_V1.3.0, STM32Cube_FW_U0_V1.3.0, STM32Cube_FW_U3_V1.2.1, STM32Cube_FW_U5_V1.8.0, STM32Cube_FW_WB0_V1.4.0, STM32Cube_FW_WBA_V1.8.0, STM32Cube_FW_WB_V1.24.0, STM32Cube_FW_WL3_V1.3.0, STM32Cube_FW_WL_V1.4.0, X-CUBE-ALGOBUILD_V1.4.0, X-CUBE-ALS_V1.0.2, X-CUBE-AZRTOS-F4_V1.1.0, X-CUBE-AZRTOS-F7_V1.1.0, X-CUBE-AZRTOS-G0_V1.1.0, X-CUBE-AZRTOS-G4_V2.0.0, X-CUBE-AZRTOS-H7RS_V1.1.0, X-CUBE-AZRTOS-H7_V3.4.0, X-CUBE-AZRTOS-L4_V2.0.0, X-CUBE-AZRTOS-L5_V2.0.0, X-CUBE-AZRTOS-WB_V2.0.0, X-CUBE-AZRTOS-WL_V2.0.0, X-CUBE-BLE1_V7.1.0, X-CUBE-BLE2_V3.3.0, X-CUBE-BLEMGR_V4.1.0, X-CUBE-EEPRMA1_V5.2.0, X-CUBE-FREERTOS_V1.3.1, X-CUBE-GNSS1_V6.0.0, X-CUBE-MEMS1_V12.0.0, X-CUBE-NFC4_V3.0.0, X-CUBE-NFC7_V2.0.0, X-CUBE-SFXS2LP1_V4.0.0, X-CUBE-ST67W61_V1.1.0, X-CUBE-SUBG2_V5.0.0, X-CUBE-TOF1_V3.4.3]
2026-01-05 13:23:47,004 [INFO] ApiDb:240 - Found 880 in-development CPN: [B-G473E-ZEST1S, B-WB1M-WPAN1, B-WBA5M-WPAN, B-WL5M-SUBG1, NUCLEO-C031C6, NUCLEO-C051C8, NUCLEO-C071RB, NUCLEO-C092RC, NUCLEO-H503RB, NUCLEO-H533RE, NUCLEO-H563ZI, NUCLEO-H7S3L8, NUCLEO-N657X0-Q, NUCLEO-U031R8, NUCLEO-U083RC, NUCLEO-U385RG-Q, NUCLEO-U545RE-Q, NUCLEO-U5A5ZJ-Q, NUCLEO-WB05KZ, NUCLEO-WB07CC, NUCLEO-WB09KE, NUCLEO-WBA52CG, NUCLEO-WBA55CG, NUCLEO-WL33CC1, NUCLEO-WL33CC2, STEVAL-PROTEUS1, STEVAL-SMARTAG2, STEVAL-STWINBX1, STM320518-EVAL, STM32C0116-DK, STM32C011D6Y3TR, STM32C011D6Y6TR, STM32C011F4P3, STM32C011F4P6, STM32C011F4U3, STM32C011F4U6TR, STM32C011F6P3, STM32C011F6P6, STM32C011F6U3, STM32C011F6U6TR, STM32C011J4M3, STM32C011J4M6, STM32C011J6M3, STM32C011J6M6, STM32C0316-DK, STM32C031C4T3, STM32C031C4T6, STM32C031C4U3, STM32C031C4U6, STM32C031C6T3, STM32C031C6T6, STM32C031C6U3, STM32C031C6U6, STM32C031F4P3, STM32C031F4P6, STM32C031F6P3, STM32C031F6P6, STM32C031G4U3, STM32C031G4U6, STM32C031G6U3, STM32C031G6U6, STM32C031K4T3, STM32C031K4T6, STM32C031K4U3, STM32C031K4U6, STM32C031K6T3, STM32C031K6T6, STM32C031K6U3, STM32C031K6U6, STM32C051C6T6, STM32C051C6U6, STM32C051C8T6, STM32C051C8U6, STM32C051D8Y6TR, STM32C051F6P6, STM32C051F8P6, STM32C051G6U6, STM32C051G8U6, STM32C051K6T6, STM32C051K6U6, STM32C051K8T6, STM32C071C8T6, STM32C071C8T6N, STM32C071C8U6, STM32C071C8U6N, STM32C071CBT6, STM32C071CBT6N, STM32C071CBU6, STM32C071CBU6N, STM32C071F8P6, STM32C071F8P6N, STM32C071FBP6, STM32C071FBP6N, STM32C071FBY6TR, STM32C071G8U6, STM32C071G8U6N, STM32C071GBU6, STM32C071GBU6N, STM32C071K8T6, STM32C071K8T6N, STM32C071K8U6, STM32C071K8U6N, STM32C071KBT6, STM32C071KBT6N, STM32C071KBU6, STM32C071KBU6N, STM32C071R8T6, STM32C071R8T6N, STM32C071RBI6N, STM32C071RBT6, STM32C071RBT6N, STM32C091CBT6, STM32C091CBU6, STM32C091CCT6, STM32C091CCU6, STM32C091ECY6TR, STM32C091FBP6, STM32C091FCP6, STM32C091GBU6, STM32C091GCU6, STM32C091KBT6, STM32C091KBU6, STM32C091KCT6, STM32C091KCU6, STM32C091RBT6, STM32C091RCI6, STM32C091RCT6, STM32C092CBT6, STM32C092CBU6, STM32C092CCT6, STM32C092CCU6, STM32C092ECY6TR, STM32C092FBP6, STM32C092FCP6, STM32C092GBU6, STM32C092GCU6, STM32C092KBT6, STM32C092KBU6, STM32C092KCT6, STM32C092KCU6, STM32C092RBT6, STM32C092RCI6, STM32C092RCT6, STM32G071K8TXN, STM32G071K8UXN, STM32G081GBU6N, STM32G081KBT6N, STM32G081KBUXN, STM32G0B1CCT6N, STM32G0B1KCT6, STM32G0B1NEY6TR, STM32G0B1RCT6N, STM32G0C1CCT6, STM32G0C1CCT6N, STM32G0C1CCU6N, STM32G0C1CET6N, STM32G0C1CEU6N, STM32G0C1KCT6, STM32G0C1NEY6TR, STM32G0C1RCI6N, STM32G0C1RCT6N, STM32G0C1REI6N, STM32G0C1RET6N, STM32G0C1VCI6, STM32G0C1VEI6, STM32G411C6T3, STM32G411C6T6, STM32G411C6U3, STM32G411C6U6, STM32G411C8T3, STM32G411C8T6, STM32G411C8U3, STM32G411C8U6, STM32G411CBT3, STM32G411CBT6, STM32G411CBU3, STM32G411CBU6, STM32G411K6T3, STM32G411K6T6, STM32G411K6U3, STM32G411K6U6, STM32G411K8T3, STM32G411K8T6, STM32G411K8U3, STM32G411K8U6, STM32G411KBT3, STM32G411KBT6, STM32G411KBU3, STM32G411KBU6, STM32G411M6T3, STM32G411M6T6, STM32G411M8T3, STM32G411M8T6, STM32G411MBT3, STM32G411MBT6, STM32G411R6T3, STM32G411R6T6, STM32G411R8T3, STM32G411R8T6, STM32G411RBT3, STM32G411RBT6, STM32G414CBT3, STM32G414CBT6, STM32G414CBU3, STM32G414CBU6, STM32G414CCT3, STM32G414CCT6, STM32G414CCU3, STM32G414CCU6, STM32G414MBT3, STM32G414MBT6, STM32G414MCT3, STM32G414MCT6, STM32G414RBT3, STM32G414RBT6, STM32G414RCT3, STM32G414RCT6, STM32G414VBT3, STM32G414VBT6, STM32G414VCT3, STM32G414VCT6, STM32G431CBT3Z, STM32G431RBT3Z, STM32G471CCT6, STM32G471CCU6, STM32G471CET3, STM32G471CET6, STM32G471CEU3, STM32G471CEU6, STM32G471MCT6, STM32G471MET3, STM32G471MET6, STM32G471MEY6TR, STM32G471QCT6, STM32G471QET3, STM32G471RCT6, STM32G471RET3, STM32G471RET6, STM32G471VCH6, STM32G471VCI6, STM32G471VCT6, STM32G471VEH3, STM32G471VEH6, STM32G471VEI3, STM32G471VEI6, STM32G471VET3, STM32G471VET6, STM32G473QET3Z, STM32G473RET3Z, STM32G474CCT6, STM32G491RET3Z, STM32H503CBT6, STM32H503CBU6, STM32H503EBY6TR, STM32H503KBU6, STM32H503RBT6, STM32H523CCT6, STM32H523CCU6, STM32H523CET6, STM32H523CEU6, STM32H523HEY6TR, STM32H523RCT6, STM32H523RET6, STM32H523VCI6, STM32H523VCT6, STM32H523VEI6, STM32H523VET6, STM32H523ZCJ6, STM32H523ZCT6, STM32H523ZEJ6, STM32H523ZET6, STM32H533CET6, STM32H533CEU6, STM32H533HEY6TR, STM32H533RET6, STM32H533VEI6, STM32H533VET6, STM32H533ZEJ6, STM32H533ZET6, STM32H562AGI6, STM32H562AII6, STM32H562IGK6, STM32H562IGT6, STM32H562IIK6, STM32H562IIT6, STM32H562RGT6, STM32H562RGV6, STM32H562RIT6, STM32H562RIV6, STM32H562VGT6, STM32H562VIT6, STM32H562ZGT6, STM32H562ZIT6, STM32H563AGI6, STM32H563AII3Q, STM32H563AII6, STM32H563IGK6, STM32H563IGT6, STM32H563IIK3Q, STM32H563IIK6, STM32H563IIT3Q, STM32H563IIT6, STM32H563MIY3QTR, STM32H563RGT6, STM32H563RGV6, STM32H563RIT6, STM32H563RIV6, STM32H563VGT6, STM32H563VIT3Q, STM32H563VIT6, STM32H563ZGT6, STM32H563ZIT3Q, STM32H563ZIT6, STM32H573AII3Q, STM32H573AII6, STM32H573I-DK, STM32H573IIK3Q, STM32H573IIK6, STM32H573IIT3Q, STM32H573IIT6, STM32H573MIY3QTR, STM32H573RIT6, STM32H573RIV6, STM32H573VIT3Q, STM32H573VIT6, STM32H573ZIT3Q, STM32H573ZIT6, STM32H7R3A8I6, STM32H7R3I8K6, STM32H7R3I8T6, STM32H7R3L8H6, STM32H7R3L8H6H, STM32H7R3R8V6, STM32H7R3V8H6, STM32H7R3V8T6, STM32H7R3V8Y6TR, STM32H7R3Z8J6, STM32H7R3Z8T6, STM32H7R7A8I6, STM32H7R7I8K6, STM32H7R7I8T6, STM32H7R7L8H6, STM32H7R7L8H6H, STM32H7R7Z8J6, STM32H7S3A8I6, STM32H7S3I8K6, STM32H7S3I8T6, STM32H7S3L8H6, STM32H7S3L8H6H, STM32H7S3R8V6, STM32H7S3V8H6, STM32H7S3V8T6, STM32H7S3V8Y6TR, STM32H7S3Z8J6, STM32H7S3Z8T6, STM32H7S78-DK, STM32H7S7A8I6, STM32H7S7I8K6, STM32H7S7I8T6, STM32H7S7L8H6, STM32H7S7L8H6H, STM32H7S7Z8J6, STM32L4R5QGI6STR, STM32MP131AAE3, STM32MP131AAF3, STM32MP131AAG3, STM32MP131CAE3, STM32MP131CAF3, STM32MP131CAG3, STM32MP131DAE7, STM32MP131DAF7, STM32MP131DAG7, STM32MP131FAE7, STM32MP131FAF7, STM32MP131FAG7, STM32MP133AAE3, STM32MP133AAF3, STM32MP133AAG3, STM32MP133CAE3, STM32MP133CAF3, STM32MP133CAG3, STM32MP133DAE7, STM32MP133DAF7, STM32MP133DAG7, STM32MP133FAE7, STM32MP133FAF7, STM32MP133FAG7, STM32MP135AAE3, STM32MP135AAF3, STM32MP135AAG3, STM32MP135CAE3, STM32MP135CAF3, STM32MP135CAG3, STM32MP135DAE7, STM32MP135DAF7, STM32MP135DAG7, STM32MP135F-DK, STM32MP135FAE7, STM32MP135FAF7, STM32MP135FAF7T, STM32MP135FAF7U, STM32MP135FAG7, STM32MP211AAL3, STM32MP211AAM3, STM32MP211AAN3, STM32MP211AAO3, STM32MP211CAL3, STM32MP211CAM3, STM32MP211CAN3, STM32MP211CAO3, STM32MP211DAL3, STM32MP211DAM3, STM32MP211DAN3, STM32MP211DAO3, STM32MP211FAL3, STM32MP211FAM3, STM32MP211FAN3, STM32MP211FAO3, STM32MP213AAL3, STM32MP213AAM3, STM32MP213AAN3, STM32MP213AAO3, STM32MP213CAL3, STM32MP213CAM3, STM32MP213CAN3, STM32MP213CAO3, STM32MP213DAL3, STM32MP213DAM3, STM32MP213DAN3, STM32MP213DAO3, STM32MP213FAL3, STM32MP213FAM3, STM32MP213FAN3, STM32MP213FAO3, STM32MP215AAL3, STM32MP215AAM3, STM32MP215AAN3, STM32MP215AAO3, STM32MP215CAL3, STM32MP215CAM3, STM32MP215CAN3, STM32MP215CAO3, STM32MP215DAL3, STM32MP215DAM3, STM32MP215DAN3, STM32MP215DAO3, STM32MP215F-DK, STM32MP215FAL3, STM32MP215FAM3, STM32MP215FAN3, STM32MP215FAO3, STM32MP231AAJ3, STM32MP231AAK3, STM32MP231AAL3, STM32MP231CAJ3, STM32MP231CAK3, STM32MP231CAL3, STM32MP231DAJ3, STM32MP231DAK3, STM32MP231DAL3, STM32MP231FAJ3, STM32MP231FAK3, STM32MP231FAL3, STM32MP233AAJ3, STM32MP233AAK3, STM32MP233AAL3, STM32MP233CAJ3, STM32MP233CAK3, STM32MP233CAL3, STM32MP233DAJ3, STM32MP233DAK3, STM32MP233DAL3, STM32MP233FAJ3, STM32MP233FAK3, STM32MP233FAL3, STM32MP235AAJ3, STM32MP235AAK3, STM32MP235AAL3, STM32MP235CAJ3, STM32MP235CAK3, STM32MP235CAL3, STM32MP235DAJ3, STM32MP235DAK3, STM32MP235DAL3, STM32MP235FAJ3, STM32MP235FAK3, STM32MP235FAL3, STM32MP251AAI3, STM32MP251AAK3, STM32MP251AAL3, STM32MP251CAI3, STM32MP251CAK3, STM32MP251CAL3, STM32MP251DAI3, STM32MP251DAK3, STM32MP251DAL3, STM32MP251FAI3, STM32MP251FAK3, STM32MP251FAL3, STM32MP253AAI3, STM32MP253AAK3, STM32MP253AAL3, STM32MP253CAI3, STM32MP253CAK3, STM32MP253CAL3, STM32MP253DAI3, STM32MP253DAK3, STM32MP253DAL3, STM32MP253FAI3, STM32MP253FAK3, STM32MP253FAL3, STM32MP255AAI3, STM32MP255AAK3, STM32MP255AAL3, STM32MP255CAI3, STM32MP255CAK3, STM32MP255CAL3, STM32MP255DAI3, STM32MP255DAK3, STM32MP255DAL3, STM32MP255FAI3, STM32MP255FAK3, STM32MP255FAL3, STM32MP257AAI3, STM32MP257AAK3, STM32MP257AAL3, STM32MP257CAI3, STM32MP257CAK3, STM32MP257CAL3, STM32MP257DAI3, STM32MP257DAK3, STM32MP257DAL3, STM32MP257F-DK, STM32MP257F-EV1, STM32MP257FAI3, STM32MP257FAK3, STM32MP257FAL3, STM32N645A0H3Q, STM32N645B0H3Q, STM32N645I0H3Q, STM32N645L0H3Q, STM32N645X0H3Q, STM32N645Z0H3Q, STM32N647A0H3Q, STM32N647B0H3Q, STM32N647I0H3Q, STM32N647L0H3Q, STM32N647X0H3Q, STM32N647Z0H3Q, STM32N655A0H3Q, STM32N655B0H3Q, STM32N655I0H3Q, STM32N655L0H3Q, STM32N655X0H3Q, STM32N655Z0H3Q, STM32N6570-DK, STM32N657A0H3Q, STM32N657B0H3Q, STM32N657I0H3Q, STM32N657L0H3Q, STM32N657X0H3Q, STM32N657Z0H3Q, STM32U031C6T6, STM32U031C6U6, STM32U031C8T6, STM32U031C8U6, STM32U031F4P6, STM32U031F6P6, STM32U031F8P6, STM32U031G6Y6TR, STM32U031G8Y6TR, STM32U031K4U6, STM32U031K6U6, STM32U031K8U6, STM32U031R6I6, STM32U031R6T6, STM32U031R8I6, STM32U031R8T6, STM32U073C8T6, STM32U073C8U6, STM32U073CBT6, STM32U073CBU6, STM32U073CCT6, STM32U073CCU6, STM32U073H8Y6TR, STM32U073HBY6TR, STM32U073HCY6TR, STM32U073K8U6, STM32U073KBU6, STM32U073KCU6, STM32U073M8I6, STM32U073M8T6, STM32U073MBI6, STM32U073MBT6, STM32U073MCI6, STM32U073MCT6, STM32U073R8I6, STM32U073R8T6, STM32U073RBI6, STM32U073RBT6, STM32U073RCI6, STM32U073RCT6, STM32U083C-DK, STM32U083CCT6, STM32U083CCU6, STM32U083HCY6TR, STM32U083KCU6, STM32U083MCI6, STM32U083MCT6, STM32U083RCI6, STM32U083RCT6, STM32U375CET6, STM32U375CET6Q, STM32U375CEU6, STM32U375CEU6Q, STM32U375CEY6QTR, STM32U375CGT6, STM32U375CGT6Q, STM32U375CGU6, STM32U375CGU6Q, STM32U375CGY6QTR, STM32U375KEU6, STM32U375KGU6, STM32U375REI6, STM32U375REI6Q, STM32U375RET6, STM32U375RET6Q, STM32U375REY6GTR, STM32U375REY6QTR, STM32U375RGI6, STM32U375RGI6Q, STM32U375RGT6, STM32U375RGT6Q, STM32U375RGY6GTR, STM32U375RGY6QTR, STM32U375VEI6, STM32U375VEI6Q, STM32U375VET6, STM32U375VET6Q, STM32U375VGI6, STM32U375VGI6Q, STM32U375VGT6, STM32U375VGT6Q, STM32U385CGT6, STM32U385CGT6Q, STM32U385CGU6, STM32U385CGU6Q, STM32U385CGY6QTR, STM32U385KGU6, STM32U385RGI6, STM32U385RGI6Q, STM32U385RGT6, STM32U385RGT6Q, STM32U385RGY6GTR, STM32U385RGY6QTR, STM32U385VGI6, STM32U385VGI6Q, STM32U385VGT6, STM32U385VGT6Q, STM32U535CBT6, STM32U535CBT6Q, STM32U535CBU6, STM32U535CBU6Q, STM32U535CCT6, STM32U535CCT6Q, STM32U535CCU6, STM32U535CCU6Q, STM32U535CET6, STM32U535CET6Q, STM32U535CEU6, STM32U535CEU6Q, STM32U535JEY6QTR, STM32U535NCY6QTR, STM32U535NEY6QTR, STM32U535RBI6, STM32U535RBI6Q, STM32U535RBT6, STM32U535RBT6Q, STM32U535RCI6, STM32U535RCI6Q, STM32U535RCT6, STM32U535RCT6Q, STM32U535REI6, STM32U535REI6Q, STM32U535RET6, STM32U535RET6Q, STM32U535VCI6, STM32U535VCI6Q, STM32U535VCT6, STM32U535VCT6Q, STM32U535VEI6, STM32U535VEI6Q, STM32U535VET6, STM32U535VET6Q, STM32U545CET6, STM32U545CET6Q, STM32U545CEU6, STM32U545CEU6Q, STM32U545JEY6QTR, STM32U545NEY6QTR, STM32U545REI6, STM32U545REI6Q, STM32U545RET6, STM32U545RET6Q, STM32U545VEI6, STM32U545VEI6Q, STM32U545VET6, STM32U545VET6Q, STM32U595AIH6, STM32U595AIH6Q, STM32U595AJH6, STM32U595AJH6Q, STM32U595QII6, STM32U595QII6Q, STM32U595QJI6, STM32U595QJI6Q, STM32U595RIT6, STM32U595RIT6Q, STM32U595RJT6, STM32U595RJT6Q, STM32U595VIT6, STM32U595VIT6Q, STM32U595VJT6, STM32U595VJT6Q, STM32U595ZIT6, STM32U595ZIT6Q, STM32U595ZIY6QTR, STM32U595ZJT6, STM32U595ZJT6Q, STM32U595ZJY6QTR, STM32U599BJY6QTR, STM32U599NIH6Q, STM32U599NJH6Q, STM32U599VIT6Q, STM32U599VJT6, STM32U599VJT6Q, STM32U599ZIT6Q, STM32U599ZIY6QTR, STM32U599ZJT6Q, STM32U599ZJY6QTR, STM32U5A5AJH6, STM32U5A5AJH6Q, STM32U5A5QII3Q , STM32U5A5QJI6, STM32U5A5QJI6Q, STM32U5A5RJT6, STM32U5A5RJT6Q, STM32U5A5VJT6, STM32U5A5VJT6Q, STM32U5A5ZJT6, STM32U5A5ZJT6Q, STM32U5A5ZJY6QTR, STM32U5A9BJY6QTR, STM32U5A9J-DK, STM32U5A9NJH6Q, STM32U5A9VJT6Q, STM32U5A9ZJT6Q, STM32U5A9ZJY6QTR, STM32U5F7VIT6, STM32U5F7VIT6Q, STM32U5F7VJT6, STM32U5F7VJT6Q, STM32U5F9BJY6QTR, STM32U5F9NJH6Q, STM32U5F9VIT6Q, STM32U5F9VJT6Q, STM32U5F9ZIJ6QTR, STM32U5F9ZIT6Q, STM32U5F9ZJJ6QTR, STM32U5F9ZJT6Q, STM32U5G7VJT6, STM32U5G7VJT6Q, STM32U5G9BJY6QTR, STM32U5G9J-DK1, STM32U5G9J-DK2, STM32U5G9NJH6Q, STM32U5G9VJT6Q, STM32U5G9ZJJ6QTR, STM32U5G9ZJT6Q, STM32WB05KZV6TR, STM32WB05KZV7TR, STM32WB05TZF6TR, STM32WB05TZF7TR, STM32WB06CCF6TR, STM32WB06CCF7TR, STM32WB06CCV6TR, STM32WB06CCV7TR, STM32WB06KCV6TR, STM32WB06KCV7TR, STM32WB07CCF6TR, STM32WB07CCF7TR, STM32WB07CCV6TR, STM32WB07CCV7TR, STM32WB07KCV6TR, STM32WB07KCV7TR, STM32WB09KEV6TR, STM32WB09KEV7TR, STM32WB09TEF6TR, STM32WB09TEF7TR, STM32WB1MMCH6, STM32WBA50KGU6, STM32WBA50KGU6TR, STM32WBA52CEU6, STM32WBA52CEU6TR, STM32WBA52CEU7, STM32WBA52CEU7TR, STM32WBA52CGU6, STM32WBA52CGU6TR, STM32WBA52CGU6U, STM32WBA52CGU7, STM32WBA52CGU7TR, STM32WBA52KEU6, STM32WBA52KEU6TR, STM32WBA52KGU6, STM32WBA52KGU6TR, STM32WBA54CEU6, STM32WBA54CEU6TR, STM32WBA54CEU7, STM32WBA54CEU7TR, STM32WBA54CGU6, STM32WBA54CGU6TR, STM32WBA54CGU7, STM32WBA54CGU7TR, STM32WBA54KEU6, STM32WBA54KEU6TR, STM32WBA54KEU7, STM32WBA54KEU7TR, STM32WBA54KGU6, STM32WBA54KGU6TR, STM32WBA54KGU7, STM32WBA54KGU7TR, STM32WBA55CEU6, STM32WBA55CEU6TR, STM32WBA55CEU7, STM32WBA55CEU7TR, STM32WBA55CGU6, STM32WBA55CGU6TR, STM32WBA55CGU6U, STM32WBA55CGU7, STM32WBA55CGU7TR, STM32WBA55G-DK1, STM32WBA55HEF6, STM32WBA55HEF7, STM32WBA55HGF6, STM32WBA55HGF7, STM32WBA55UEI6, STM32WBA55UEI6TR, STM32WBA55UEI7, STM32WBA55UEI7TR, STM32WBA55UGI6, STM32WBA55UGI6TR, STM32WBA55UGI7, STM32WBA55UGI7TR, STM32WBA5MMGH6TR, STM32WBA62MGF6, STM32WBA62MIF6, STM32WBA65MGF7, STM32WBA65MIF6, STM32WBA65MIF7, STM32WL30K8V6, STM32WL30KBV6, STM32WL31C8V6, STM32WL31CBV6, STM32WL31K8V6, STM32WL31KBV6, STM32WL33C8V6, STM32WL33C8V6X, STM32WL33CBV6, STM32WL33CBV6X, STM32WL33CCV6, STM32WL33CCV6A, STM32WL33CCV6X, STM32WL33K8V7, STM32WL33K8V7X, STM32WL33KBV7 , STM32WL33KBV7X, STM32WL33KCV7, STM32WL33KCV7X, STM32WL5MOCH6, STM32WL5MOCH6TR]
2026-01-05 13:23:47,010 [INFO] DbMcus:218 - Found 4876 MCUs, 4876 are supported
2026-01-05 13:23:47,012 [INFO] ApiDb:423 - Load user favorites file C:\Users\CAMMSYS/.stm32cubeide/favorites.mcus.txt: 0 item(s)
2026-01-05 13:23:47,013 [INFO] ApiDb:427 - User favorites MCUs=[]
2026-01-05 13:23:47,013 [INFO] DbMcus:224 - Set 0 / 0 favorites MCUs
2026-01-05 13:23:47,436 [INFO] BoardInfo:889 - No configuration file found for board P-NUCLEO-WB55
2026-01-05 13:23:47,437 [INFO] DbBoards:161 - Kit is not supported: P-NUCLEO-WB55
2026-01-05 13:23:47,442 [INFO] BoardInfo:889 - No configuration file found for board STEVAL-BFA001V1B
2026-01-05 13:23:47,443 [INFO] DbBoards:161 - Kit is not supported: STEVAL-BFA001V1B
2026-01-05 13:23:47,444 [INFO] BoardInfo:889 - No configuration file found for board STEVAL-BFA001V2B
2026-01-05 13:23:47,444 [INFO] DbBoards:161 - Kit is not supported: STEVAL-BFA001V2B
2026-01-05 13:23:47,656 [INFO] DbBoards:168 - Found 212 boards, 209 are supported
2026-01-05 13:23:47,656 [INFO] DbBoards:169 - Found 212 boards, 43 of them is supported for  Bsp
2026-01-05 13:23:47,660 [INFO] ApiDb:423 - Load user favorites file C:\Users\CAMMSYS/.stm32cubeide/favorites.boards.txt: 0 item(s)
2026-01-05 13:23:47,660 [INFO] ApiDb:427 - User favorites Boards=[]
2026-01-05 13:23:47,660 [INFO] DbBoards:198 - Set 0 / 0 favorites Boards
2026-01-05 13:23:47,706 [INFO] UtilMem:75 - End LoadConfig() Used Memory: 184052272 Bytes (271581184)
2026-01-05 13:23:47,800 [WARN] ThirdParty:833 - waiting for thirdparty lock release [change project]
2026-01-05 13:23:47,800 [INFO] ThirdParty:835 - entering critical section [change project]
2026-01-05 13:23:47,801 [INFO] ThirdParty:1030 - CMSIS Pack Vendor :STMicroelectronics X-CUBE-PM33A1 1.0.0
2026-01-05 13:23:47,801 [INFO] ThirdParty:1030 - CMSIS Pack Vendor :STMicroelectronics USBPD 4.1
2026-01-05 13:23:47,801 [INFO] ThirdParty:1030 - CMSIS Pack Vendor :STMicroelectronics X-CUBE-NFC9 1.0.0
2026-01-05 13:23:47,801 [INFO] ThirdParty:1030 - CMSIS Pack Vendor :STMicroelectronics USB_HOST 2.0.0
2026-01-05 13:23:47,801 [INFO] ThirdParty:1030 - CMSIS Pack Vendor :STMicroelectronics FP-SNS-MOTENVWB1 1.4.0
2026-01-05 13:23:47,801 [INFO] ThirdParty:1030 - CMSIS Pack Vendor :STMicroelectronics X-CUBE-AZRTOS-F4 1.1.0
2026-01-05 13:23:47,801 [INFO] ThirdParty:1030 - CMSIS Pack Vendor :STMicroelectronics LIBJPEG 8.0.0
2026-01-05 13:23:47,801 [INFO] ThirdParty:1030 - CMSIS Pack Vendor :STMicroelectronics FP-ATR-ASTRA1 2.0.2
2026-01-05 13:23:47,801 [INFO] ThirdParty:1030 - CMSIS Pack Vendor :STMicroelectronics X-CUBE-BLE1 7.1.0
2026-01-05 13:23:47,801 [INFO] ThirdParty:1030 - CMSIS Pack Vendor :STMicroelectronics X-CUBE-SMBUS 2.1.0
2026-01-05 13:23:47,801 [INFO] ThirdParty:1030 - CMSIS Pack Vendor :wolfSSL I-CUBE-wolfMQTT 1.19.2
2026-01-05 13:23:47,801 [INFO] ThirdParty:1030 - CMSIS Pack Vendor :STMicroelectronics USB_DEVICE 3.0.0
2026-01-05 13:23:47,801 [INFO] ThirdParty:1030 - CMSIS Pack Vendor :STMicroelectronics X-CUBE-ISPU 2.1.0
2026-01-05 13:23:47,801 [INFO] ThirdParty:1030 - CMSIS Pack Vendor :STMicroelectronics X-CUBE-FREERTOS 1.4.0
2026-01-05 13:23:47,801 [INFO] ThirdParty:1030 - CMSIS Pack Vendor :STMicroelectronics X-CUBE-EEPRMA1 5.2.0
2026-01-05 13:23:47,801 [INFO] ThirdParty:1030 - CMSIS Pack Vendor :STMicroelectronics X-CUBE-IPS 3.2.0
2026-01-05 13:23:47,801 [INFO] ThirdParty:1030 - CMSIS Pack Vendor :STMicroelectronics X-CUBE-BLEMGR 4.1.0
2026-01-05 13:23:47,801 [INFO] ThirdParty:1030 - CMSIS Pack Vendor :STMicroelectronics X-CUBE-AZRTOS-WB 2.0.0
2026-01-05 13:23:47,801 [INFO] ThirdParty:1030 - CMSIS Pack Vendor :wolfSSL I-CUBE-wolfSSL 5.8.4
2026-01-05 13:23:47,801 [INFO] ThirdParty:1030 - CMSIS Pack Vendor :Cesanta I-CUBE-Mongoose 7.20.0
2026-01-05 13:23:47,801 [INFO] ThirdParty:1030 - CMSIS Pack Vendor :STMicroelectronics X-CUBE-NFC12 1.0.0
2026-01-05 13:23:47,801 [INFO] ThirdParty:1030 - CMSIS Pack Vendor :STMicroelectronics X-CUBE-AZRTOS-F7 1.1.0
2026-01-05 13:23:47,801 [INFO] ThirdParty:1030 - CMSIS Pack Vendor :STMicroelectronics X-CUBE-AZRTOS-L5 2.0.0
2026-01-05 13:23:47,801 [INFO] ThirdParty:1030 - CMSIS Pack Vendor :STMicroelectronics USB_DEVICE 2.0.0
2026-01-05 13:23:47,801 [INFO] ThirdParty:1030 - CMSIS Pack Vendor :STMicroelectronics X-CUBE-NFC6 3.1.0
2026-01-05 13:23:47,801 [INFO] ThirdParty:1030 - CMSIS Pack Vendor :STMicroelectronics X-CUBE-ST67W61 1.1.0
2026-01-05 13:23:47,801 [INFO] ThirdParty:1030 - CMSIS Pack Vendor :quantropi X-CUBE-qispace-sdk-base 2.1.0
2026-01-05 13:23:47,801 [INFO] ThirdParty:1030 - CMSIS Pack Vendor :STMicroelectronics X-CUBE-MEMS1 12.0.0
2026-01-05 13:23:47,801 [INFO] ThirdParty:1030 - CMSIS Pack Vendor :STMicroelectronics FP-SNS-MOTENV1 5.1.0
2026-01-05 13:23:47,801 [INFO] ThirdParty:1030 - CMSIS Pack Vendor :STMicroelectronics FreeRTOS 0.0.1
2026-01-05 13:23:47,801 [INFO] ThirdParty:1030 - CMSIS Pack Vendor :STMicroelectronics X-CUBE-AZRTOS-G0 1.1.0
2026-01-05 13:23:47,801 [INFO] ThirdParty:1030 - CMSIS Pack Vendor :STMicroelectronics X-CUBE-NFC4 3.0.0
2026-01-05 13:23:47,801 [INFO] ThirdParty:1030 - CMSIS Pack Vendor :STMicroelectronics X-CUBE-SUBG2 5.0.0
2026-01-05 13:23:47,801 [INFO] ThirdParty:1030 - CMSIS Pack Vendor :STMicroelectronics STM32_WPAN 1.0.0
2026-01-05 13:23:47,801 [INFO] ThirdParty:1030 - CMSIS Pack Vendor :EmbeddedOffice I-CUBE-FS-RTOS 1.0.1
2026-01-05 13:23:47,801 [INFO] ThirdParty:1030 - CMSIS Pack Vendor :STMicroelectronics lwIP 2.0.3
2026-01-05 13:23:47,801 [INFO] ThirdParty:1030 - CMSIS Pack Vendor :WES I-CUBE-Cesium 1.4.0
2026-01-05 13:23:47,802 [INFO] ThirdParty:1030 - CMSIS Pack Vendor :STMicroelectronics USB_HOST 1.0.0
2026-01-05 13:23:47,802 [INFO] ThirdParty:1030 - CMSIS Pack Vendor :STMicroelectronics X-CUBE-AZRTOS-G4 2.0.0
2026-01-05 13:23:47,802 [INFO] ThirdParty:1030 - CMSIS Pack Vendor :STMicroelectronics X-CUBE-WB05N 2.0.0
2026-01-05 13:23:47,802 [INFO] ThirdParty:1030 - CMSIS Pack Vendor :STMicroelectronics PDM2PCM 3.1.0
2026-01-05 13:23:47,802 [INFO] ThirdParty:1030 - CMSIS Pack Vendor :STMicroelectronics PDM2PCM 3.3.0
2026-01-05 13:23:47,802 [INFO] ThirdParty:1030 - CMSIS Pack Vendor :wolfSSL I-CUBE-wolfTPM 3.8.0
2026-01-05 13:23:47,802 [INFO] ThirdParty:1030 - CMSIS Pack Vendor :STMicroelectronics X-CUBE-AZRTOS-H7 3.4.0
2026-01-05 13:23:47,802 [INFO] ThirdParty:1030 - CMSIS Pack Vendor :STMicroelectronics X-CUBE-DISPLAY 3.0.0
2026-01-05 13:23:47,802 [INFO] ThirdParty:1030 - CMSIS Pack Vendor :wolfSSL I-CUBE-wolfSSH 1.4.20
2026-01-05 13:23:47,802 [INFO] ThirdParty:1030 - CMSIS Pack Vendor :STMicroelectronics X-CUBE-NFC7 2.0.0
2026-01-05 13:23:47,802 [INFO] ThirdParty:1030 - CMSIS Pack Vendor :STMicroelectronics X-CUBE-TCPP 4.2.0
2026-01-05 13:23:47,802 [INFO] ThirdParty:1030 - CMSIS Pack Vendor :RealThread X-CUBE-RT-Thread_Nano 4.1.1
2026-01-05 13:23:47,802 [INFO] ThirdParty:1030 - CMSIS Pack Vendor :STMicroelectronics FP-ATR-SIGFOX1 3.2.0
2026-01-05 13:23:47,802 [INFO] ThirdParty:1030 - CMSIS Pack Vendor :STMicroelectronics X-CUBE-NFC10 1.0.0
2026-01-05 13:23:47,802 [INFO] ThirdParty:1030 - CMSIS Pack Vendor :STMicroelectronics HAL Drivers 0.0.0
2026-01-05 13:23:47,802 [INFO] ThirdParty:1030 - CMSIS Pack Vendor :STMicroelectronics MBEDTLS 2.16.2
2026-01-05 13:23:47,802 [INFO] ThirdParty:1030 - CMSIS Pack Vendor :STMicroelectronics X-CUBE-ST60 1.1.0
2026-01-05 13:23:47,802 [INFO] ThirdParty:1030 - CMSIS Pack Vendor :STMicroelectronics X-CUBE-ALS 1.0.2
2026-01-05 13:23:47,802 [INFO] ThirdParty:1030 - CMSIS Pack Vendor :emotas I-CUBE-CANOPEN 1.3.0
2026-01-05 13:23:47,802 [INFO] ThirdParty:1030 - CMSIS Pack Vendor :STMicroelectronics MBEDTLS 2.14.1
2026-01-05 13:23:47,802 [INFO] ThirdParty:1030 - CMSIS Pack Vendor :STMicroelectronics X-CUBE-GNSS1 7.1.0
2026-01-05 13:23:47,802 [INFO] ThirdParty:1030 - CMSIS Pack Vendor :ITTIA_DB I-CUBE-ITTIADB 8.9.0
2026-01-05 13:23:47,802 [INFO] ThirdParty:1030 - CMSIS Pack Vendor :STMicroelectronics X-CUBE-TOUCHGFX 4.26.0
2026-01-05 13:23:47,802 [INFO] ThirdParty:1030 - CMSIS Pack Vendor :STMicroelectronics X-CUBE-STSE01 1.0.0
2026-01-05 13:23:47,802 [INFO] ThirdParty:1030 - CMSIS Pack Vendor :STMicroelectronics FP-SNS-STBOX1 2.1.0
2026-01-05 13:23:47,803 [INFO] ThirdParty:1030 - CMSIS Pack Vendor :STMicroelectronics X-CUBE-AI 10.2.0
2026-01-05 13:23:47,803 [INFO] ThirdParty:1030 - CMSIS Pack Vendor :STMicroelectronics FP-SNS-STAIOTCFT 1.0.0
2026-01-05 13:23:47,803 [INFO] ThirdParty:1030 - CMSIS Pack Vendor :STMicroelectronics ThreadX 1.0.0
2026-01-05 13:23:47,803 [INFO] ThirdParty:1030 - CMSIS Pack Vendor :STMicroelectronics FP-SNS-SMARTAG2 1.2.0
2026-01-05 13:23:47,803 [INFO] ThirdParty:1030 - CMSIS Pack Vendor :STMicroelectronics FP-SNS-FLIGHT1 5.1.0
2026-01-05 13:23:47,803 [INFO] ThirdParty:1030 - CMSIS Pack Vendor :STMicroelectronics X-CUBE-AZRTOS-WL 2.0.0
2026-01-05 13:23:47,803 [INFO] ThirdParty:1030 - CMSIS Pack Vendor :SEGGER I-CUBE-embOS 1.3.1
2026-01-05 13:23:47,803 [INFO] ThirdParty:1030 - CMSIS Pack Vendor :STMicroelectronics X-CUBE-ALGOBUILD 1.4.0
2026-01-05 13:23:47,803 [INFO] ThirdParty:1030 - CMSIS Pack Vendor :STMicroelectronics X-CUBE-DPower 1.3.0
2026-01-05 13:23:47,803 [INFO] ThirdParty:1030 - CMSIS Pack Vendor :STMicroelectronics USB_DEVICE 1.0.0
2026-01-05 13:23:47,803 [INFO] ThirdParty:1030 - CMSIS Pack Vendor :STMicroelectronics X-CUBE-AZRTOS-H7RS 1.2.0
2026-01-05 13:23:47,803 [INFO] ThirdParty:1030 - CMSIS Pack Vendor :STMicroelectronics X-CUBE-AZRTOS-L4 2.0.0
2026-01-05 13:23:47,803 [INFO] ThirdParty:1030 - CMSIS Pack Vendor :STMicroelectronics ThreadX 0.0.2
2026-01-05 13:23:47,803 [INFO] ThirdParty:1030 - CMSIS Pack Vendor :STMicroelectronics lwIP 2.1.2
2026-01-05 13:23:47,803 [INFO] ThirdParty:1030 - CMSIS Pack Vendor :STMicroelectronics X-CUBE-SFXS2LP1 4.0.0
2026-01-05 13:23:47,803 [INFO] ThirdParty:1030 - CMSIS Pack Vendor :STMicroelectronics X-CUBE-BLE2 3.3.0
2026-01-05 13:23:47,803 [INFO] ThirdParty:1030 - CMSIS Pack Vendor :Avnet-IOTCONNECT X-CUBE-iotc-st67-sdk 1.0.0
2026-01-05 13:23:47,803 [INFO] ThirdParty:1030 - CMSIS Pack Vendor :STMicroelectronics X-CUBE-TOF1 3.4.3
2026-01-05 13:23:47,803 [INFO] ThirdParty:1030 - CMSIS Pack Vendor :Infineon AIROC-Wi-Fi-Bluetooth-STM32 1.8.0
2026-01-05 13:23:47,803 [INFO] ThirdParty:1030 - CMSIS Pack Vendor :STMicroelectronics PDM2PCM 3.2.0
2026-01-05 13:23:47,803 [INFO] ThirdParty:841 - exiting critical section [change project]
2026-01-05 13:23:48,077 [INFO] PinOutPanel:1589 - setPackage(No Configuration,No Configuration)
2026-01-05 13:23:48,079 [INFO] PinOutPanel:1589 - setPackage(STM32L412RBTxP,LQFP64)
2026-01-05 13:23:48,523 [INFO] UtilMem:75 - Before build in PCC Used Memory: 164244880 Bytes (271581184)
2026-01-05 13:23:49,509 [INFO] UtilMem:75 - After build in PCC Used Memory: 239989216 Bytes (276824064)
2026-01-05 13:23:49,550 [INFO] IPUIPlugin:80 - create IPUIPlugin
2026-01-05 13:23:49,550 [INFO] IPUIPlugin:80 - create IPUIPlugin
2026-01-05 13:23:49,550 [INFO] IPUIPlugin:80 - create IPUIPlugin
2026-01-05 13:23:49,550 [INFO] IPUIPlugin:80 - create IPUIPlugin
2026-01-05 13:23:49,550 [INFO] IPUIPlugin:80 - create IPUIPlugin
2026-01-05 13:23:49,550 [INFO] IPUIPlugin:80 - create IPUIPlugin
2026-01-05 13:23:49,550 [INFO] IPUIPlugin:80 - create IPUIPlugin
2026-01-05 13:23:49,550 [INFO] IPUIPlugin:80 - create IPUIPlugin
2026-01-05 13:23:49,551 [INFO] IPUIPlugin:80 - create IPUIPlugin
2026-01-05 13:23:49,551 [INFO] IPUIPlugin:80 - create IPUIPlugin
2026-01-05 13:23:49,551 [INFO] IPUIPlugin:80 - create IPUIPlugin
2026-01-05 13:23:49,551 [INFO] IPUIPlugin:80 - create IPUIPlugin
2026-01-05 13:23:49,551 [INFO] IPUIPlugin:80 - create IPUIPlugin
2026-01-05 13:23:49,551 [INFO] IPUIPlugin:80 - create IPUIPlugin
2026-01-05 13:23:49,551 [INFO] IPUIPlugin:80 - create IPUIPlugin
2026-01-05 13:23:49,551 [INFO] IPUIPlugin:80 - create IPUIPlugin
2026-01-05 13:23:49,551 [INFO] IPUIPlugin:80 - create IPUIPlugin
2026-01-05 13:23:49,551 [INFO] IPUIPlugin:80 - create IPUIPlugin
2026-01-05 13:23:49,551 [INFO] IPUIPlugin:80 - create IPUIPlugin
2026-01-05 13:23:49,551 [INFO] IPUIPlugin:80 - create IPUIPlugin
2026-01-05 13:23:49,551 [INFO] IPUIPlugin:80 - create IPUIPlugin
2026-01-05 13:23:49,552 [INFO] IPUIPlugin:80 - create IPUIPlugin
2026-01-05 13:23:49,552 [INFO] IPUIPlugin:80 - create IPUIPlugin
2026-01-05 13:23:49,552 [INFO] IPUIPlugin:80 - create IPUIPlugin
2026-01-05 13:23:49,552 [INFO] IPUIPlugin:80 - create IPUIPlugin
2026-01-05 13:23:49,552 [INFO] IPUIPlugin:80 - create IPUIPlugin
2026-01-05 13:23:49,552 [INFO] IPUIPlugin:80 - create IPUIPlugin
2026-01-05 13:23:49,552 [INFO] IPUIPlugin:80 - create IPUIPlugin
2026-01-05 13:23:49,552 [INFO] IPUIPlugin:80 - create IPUIPlugin
2026-01-05 13:23:49,552 [INFO] IPUIPlugin:80 - create IPUIPlugin
2026-01-05 13:23:49,552 [INFO] IPUIPlugin:80 - create IPUIPlugin
2026-01-05 13:23:49,553 [INFO] IPUIPlugin:80 - create IPUIPlugin
2026-01-05 13:23:49,553 [INFO] IPUIPlugin:80 - create IPUIPlugin
2026-01-05 13:23:49,553 [INFO] IPUIPlugin:80 - create IPUIPlugin
2026-01-05 13:23:49,553 [INFO] IPUIPlugin:80 - create IPUIPlugin
2026-01-05 13:23:49,553 [INFO] IPUIPlugin:80 - create IPUIPlugin
2026-01-05 13:23:49,553 [INFO] IPUIPlugin:80 - create IPUIPlugin
2026-01-05 13:23:49,553 [INFO] IPUIPlugin:80 - create IPUIPlugin
2026-01-05 13:23:49,793 [INFO] CADModel:165 - CPN selected for project levelSTM32L412RBT6P
2026-01-05 13:23:49,793 [INFO] CADModel:114 - Register for checkConnection events
2026-01-05 13:23:49,844 [INFO] OpenFileManager:386 - Restore cursor
2026-01-05 13:23:51,383 [INFO] LogOutputStream:77 - [STDOUT_REDIRECT] 
2026-01-05 13:23:53,084 [INFO] McuFinderGlobals:63 - Set McuFinder mode to 2 (CubeIDE integrated)
2026-01-05 13:23:53,084 [INFO] UserAuth:171 - activating auth plugin
2026-01-05 13:23:53,086 [INFO] UserAuth:487 - Internet connection configuration mode: 1
2026-01-05 13:23:53,101 [INFO] JxBrowserEngine:152 - Initiate JxBrowser Engine with user profile folder
2026-01-05 13:23:53,707 [INFO] WebApp:169 - Instantiating new browser for Auth
2026-01-05 13:23:54,319 [INFO] WebApp:463 - Apply proxy settings
2026-01-05 13:23:54,319 [INFO] WebApp:548 - Chromium requires no authentication
2026-01-05 13:23:54,329 [INFO] WebApp:491 - Direct internet connection detected
2026-01-05 13:23:54,354 [INFO] WebApp:900 - Register for checkConnection events
2026-01-05 13:23:54,355 [INFO] WebApp:463 - Apply proxy settings
2026-01-05 13:23:54,355 [INFO] WebApp:548 - Chromium requires no authentication
2026-01-05 13:23:54,356 [INFO] WebApp:491 - Direct internet connection detected
2026-01-05 13:23:54,488 [INFO] WebApp:225 - Starting web application
2026-01-05 13:23:54,488 [INFO] WebApp:593 - Web application path used C:\ST\STM32CubeIDE_1.19.0\STM32CubeIDE\plugins\com.st.stm32cube.common.mx_6.15.0.202507011659\db\plugins\mcufinder\reactClient1\index.html
2026-01-05 13:23:54,642 [INFO] WebApp:191 - Connection restablished
2026-01-05 13:25:48,559 [INFO] MainUpdater:2872 - connection check result : 10
2026-01-05 13:25:48,561 [INFO] McuFinderGlobals:76 - Set McuFinderConnectedMode to true
2026-01-05 13:25:48,704 [INFO] ServerAccessManage:452 - Complete download http(s) 200
2026-01-05 13:25:48,704 [INFO] ServerAccessManage:509 - Download File mcusAds.json._tmp_
2026-01-05 13:25:48,842 [INFO] LoadUrlFilesThread:156 - End of LoadUrlFiles Thread
2026-01-05 13:25:49,369 [INFO] ServerAccessManage:452 - Complete download http(s) 200
2026-01-05 13:25:49,370 [INFO] ServerAccessManage:509 - Download File cube-finder-db.zip
2026-01-05 13:25:51,813 [INFO] FileExtend:248 - Unzip File : cube-finder-db.zip
2026-01-05 13:25:51,813 [INFO] FileExtend:263 - Standard Zip Deflate
2026-01-05 13:25:52,573 [INFO] LoadUrlFilesThread:156 - End of LoadUrlFiles Thread
2026-01-05 13:25:53,771 [INFO] ServerAccessManage:452 - Complete download http(s) 200
2026-01-05 13:25:53,772 [INFO] ServerAccessManage:509 - Download File crdb.zip
2026-01-05 13:25:55,353 [INFO] FileExtend:248 - Unzip File : crdb.zip
2026-01-05 13:25:55,354 [INFO] FileExtend:263 - Standard Zip Deflate
2026-01-05 13:25:55,487 [INFO] LoadUrlFilesThread:156 - End of LoadUrlFiles Thread
2026-01-05 13:25:55,735 [INFO] ServerAccessManage:452 - Complete download http(s) 200
2026-01-05 13:25:55,736 [INFO] ServerAccessManage:509 - Download File tutoVideoDB.zip
2026-01-05 13:25:55,745 [INFO] FileExtend:248 - Unzip File : tutoVideoDB.zip
2026-01-05 13:25:55,746 [INFO] FileExtend:263 - Standard Zip Deflate
2026-01-05 13:25:55,868 [INFO] LoadUrlFilesThread:156 - End of LoadUrlFiles Thread
2026-01-05 13:25:55,870 [WARN] DbFile:41 - Overriding database path with different value: C:\Users\CAMMSYS\.stmcufinder\plugins\mcufinder/ => C:\Users\CAMMSYS\.stmcufinder\plugins\mcufinder
2026-01-05 13:25:56,156 [INFO] ServerAccessManage:452 - Complete download http(s) 200
2026-01-05 13:25:56,156 [INFO] ServerAccessManage:509 - Download File api_config.json
2026-01-05 13:25:56,291 [INFO] LoadUrlFilesThread:156 - End of LoadUrlFiles Thread
2026-01-05 13:25:56,292 [INFO] DbMcusAds:53 - JSON generation date=Tue Dec 16 08:11:46 KST 2025 (1765840306612)
2026-01-05 13:25:56,295 [INFO] ApiDb:448 - Save user favorites file C:\Users\CAMMSYS/.stm32cubeide/favorites.mcus.txt: 0 item(s)
2026-01-05 13:25:56,295 [INFO] ApiDb:452 - User favorites MCUs=[]
2026-01-05 13:25:56,297 [INFO] ApiDb:581 - Connected to CubeFinder SQLite database (C:\Users\CAMMSYS\.stmcufinder\plugins\mcufinder\mcu\cube-finder-db.db)
2026-01-05 13:25:56,359 [INFO] ApiDb:668 - CubeFinder database Data Model version=2.1
2026-01-05 13:25:56,360 [INFO] ApiDb:669 - CubeFinder database Configuration version=3.0.39
2026-01-05 13:25:56,360 [INFO] ApiDb:670 - CubeFinder database generation date=2025-12-22 (1766407740)
2026-01-05 13:25:56,360 [INFO] ApiDb:671 - CubeFinder database FW Pack versions=[FP-ATR-ASTRA1_V2.0.0, FP-SNS-FLIGHT1_V5.1.0, FP-SNS-MOTENV1_V5.1.0, FP-SNS-MOTENVWB1_V1.4.0, FP-SNS-SMARTAG2_V1.2.0, FP-SNS-STBOX1_V2.1.0, STM32Cube_FW_C0_V1.4.0, STM32Cube_FW_F4_V1.28.3, STM32Cube_FW_F7_V1.17.4, STM32Cube_FW_G0_V1.6.2, STM32Cube_FW_G4_V1.6.1, STM32Cube_FW_H5_V1.5.1, STM32Cube_FW_H7RS_V1.3.0, STM32Cube_FW_H7_V1.12.1, STM32Cube_FW_L0_V1.12.2, STM32Cube_FW_L4_V1.18.1, STM32Cube_FW_L5_V1.6.0, STM32Cube_FW_N6_V1.3.0, STM32Cube_FW_U0_V1.3.0, STM32Cube_FW_U3_V1.2.1, STM32Cube_FW_U5_V1.8.0, STM32Cube_FW_WB0_V1.4.0, STM32Cube_FW_WBA_V1.8.0, STM32Cube_FW_WB_V1.24.0, STM32Cube_FW_WL3_V1.3.0, STM32Cube_FW_WL_V1.4.0, X-CUBE-ALGOBUILD_V1.4.0, X-CUBE-ALS_V1.0.2, X-CUBE-AZRTOS-F4_V1.1.0, X-CUBE-AZRTOS-F7_V1.1.0, X-CUBE-AZRTOS-G0_V1.1.0, X-CUBE-AZRTOS-G4_V2.0.0, X-CUBE-AZRTOS-H7RS_V1.1.0, X-CUBE-AZRTOS-H7_V3.4.0, X-CUBE-AZRTOS-L4_V2.0.0, X-CUBE-AZRTOS-L5_V2.0.0, X-CUBE-AZRTOS-WB_V2.0.0, X-CUBE-AZRTOS-WL_V2.0.0, X-CUBE-BLE1_V7.1.0, X-CUBE-BLE2_V3.3.0, X-CUBE-BLEMGR_V4.1.0, X-CUBE-EEPRMA1_V5.2.0, X-CUBE-FREERTOS_V1.3.1, X-CUBE-GNSS1_V6.0.0, X-CUBE-MEMS1_V12.0.0, X-CUBE-NFC4_V3.0.0, X-CUBE-NFC7_V2.0.0, X-CUBE-SFXS2LP1_V4.0.0, X-CUBE-ST67W61_V1.1.0, X-CUBE-SUBG2_V5.0.0, X-CUBE-TOF1_V3.4.3]
2026-01-05 13:25:57,838 [INFO] ApiDb:240 - Found 880 in-development CPN: [B-G473E-ZEST1S, B-WB1M-WPAN1, B-WBA5M-WPAN, B-WL5M-SUBG1, NUCLEO-C031C6, NUCLEO-C051C8, NUCLEO-C071RB, NUCLEO-C092RC, NUCLEO-H503RB, NUCLEO-H533RE, NUCLEO-H563ZI, NUCLEO-H7S3L8, NUCLEO-N657X0-Q, NUCLEO-U031R8, NUCLEO-U083RC, NUCLEO-U385RG-Q, NUCLEO-U545RE-Q, NUCLEO-U5A5ZJ-Q, NUCLEO-WB05KZ, NUCLEO-WB07CC, NUCLEO-WB09KE, NUCLEO-WBA52CG, NUCLEO-WBA55CG, NUCLEO-WL33CC1, NUCLEO-WL33CC2, STEVAL-PROTEUS1, STEVAL-SMARTAG2, STEVAL-STWINBX1, STM320518-EVAL, STM32C0116-DK, STM32C011D6Y3TR, STM32C011D6Y6TR, STM32C011F4P3, STM32C011F4P6, STM32C011F4U3, STM32C011F4U6TR, STM32C011F6P3, STM32C011F6P6, STM32C011F6U3, STM32C011F6U6TR, STM32C011J4M3, STM32C011J4M6, STM32C011J6M3, STM32C011J6M6, STM32C0316-DK, STM32C031C4T3, STM32C031C4T6, STM32C031C4U3, STM32C031C4U6, STM32C031C6T3, STM32C031C6T6, STM32C031C6U3, STM32C031C6U6, STM32C031F4P3, STM32C031F4P6, STM32C031F6P3, STM32C031F6P6, STM32C031G4U3, STM32C031G4U6, STM32C031G6U3, STM32C031G6U6, STM32C031K4T3, STM32C031K4T6, STM32C031K4U3, STM32C031K4U6, STM32C031K6T3, STM32C031K6T6, STM32C031K6U3, STM32C031K6U6, STM32C051C6T6, STM32C051C6U6, STM32C051C8T6, STM32C051C8U6, STM32C051D8Y6TR, STM32C051F6P6, STM32C051F8P6, STM32C051G6U6, STM32C051G8U6, STM32C051K6T6, STM32C051K6U6, STM32C051K8T6, STM32C071C8T6, STM32C071C8T6N, STM32C071C8U6, STM32C071C8U6N, STM32C071CBT6, STM32C071CBT6N, STM32C071CBU6, STM32C071CBU6N, STM32C071F8P6, STM32C071F8P6N, STM32C071FBP6, STM32C071FBP6N, STM32C071FBY6TR, STM32C071G8U6, STM32C071G8U6N, STM32C071GBU6, STM32C071GBU6N, STM32C071K8T6, STM32C071K8T6N, STM32C071K8U6, STM32C071K8U6N, STM32C071KBT6, STM32C071KBT6N, STM32C071KBU6, STM32C071KBU6N, STM32C071R8T6, STM32C071R8T6N, STM32C071RBI6N, STM32C071RBT6, STM32C071RBT6N, STM32C091CBT6, STM32C091CBU6, STM32C091CCT6, STM32C091CCU6, STM32C091ECY6TR, STM32C091FBP6, STM32C091FCP6, STM32C091GBU6, STM32C091GCU6, STM32C091KBT6, STM32C091KBU6, STM32C091KCT6, STM32C091KCU6, STM32C091RBT6, STM32C091RCI6, STM32C091RCT6, STM32C092CBT6, STM32C092CBU6, STM32C092CCT6, STM32C092CCU6, STM32C092ECY6TR, STM32C092FBP6, STM32C092FCP6, STM32C092GBU6, STM32C092GCU6, STM32C092KBT6, STM32C092KBU6, STM32C092KCT6, STM32C092KCU6, STM32C092RBT6, STM32C092RCI6, STM32C092RCT6, STM32G071K8TXN, STM32G071K8UXN, STM32G081GBU6N, STM32G081KBT6N, STM32G081KBUXN, STM32G0B1CCT6N, STM32G0B1KCT6, STM32G0B1NEY6TR, STM32G0B1RCT6N, STM32G0C1CCT6, STM32G0C1CCT6N, STM32G0C1CCU6N, STM32G0C1CET6N, STM32G0C1CEU6N, STM32G0C1KCT6, STM32G0C1NEY6TR, STM32G0C1RCI6N, STM32G0C1RCT6N, STM32G0C1REI6N, STM32G0C1RET6N, STM32G0C1VCI6, STM32G0C1VEI6, STM32G411C6T3, STM32G411C6T6, STM32G411C6U3, STM32G411C6U6, STM32G411C8T3, STM32G411C8T6, STM32G411C8U3, STM32G411C8U6, STM32G411CBT3, STM32G411CBT6, STM32G411CBU3, STM32G411CBU6, STM32G411K6T3, STM32G411K6T6, STM32G411K6U3, STM32G411K6U6, STM32G411K8T3, STM32G411K8T6, STM32G411K8U3, STM32G411K8U6, STM32G411KBT3, STM32G411KBT6, STM32G411KBU3, STM32G411KBU6, STM32G411M6T3, STM32G411M6T6, STM32G411M8T3, STM32G411M8T6, STM32G411MBT3, STM32G411MBT6, STM32G411R6T3, STM32G411R6T6, STM32G411R8T3, STM32G411R8T6, STM32G411RBT3, STM32G411RBT6, STM32G414CBT3, STM32G414CBT6, STM32G414CBU3, STM32G414CBU6, STM32G414CCT3, STM32G414CCT6, STM32G414CCU3, STM32G414CCU6, STM32G414MBT3, STM32G414MBT6, STM32G414MCT3, STM32G414MCT6, STM32G414RBT3, STM32G414RBT6, STM32G414RCT3, STM32G414RCT6, STM32G414VBT3, STM32G414VBT6, STM32G414VCT3, STM32G414VCT6, STM32G431CBT3Z, STM32G431RBT3Z, STM32G471CCT6, STM32G471CCU6, STM32G471CET3, STM32G471CET6, STM32G471CEU3, STM32G471CEU6, STM32G471MCT6, STM32G471MET3, STM32G471MET6, STM32G471MEY6TR, STM32G471QCT6, STM32G471QET3, STM32G471RCT6, STM32G471RET3, STM32G471RET6, STM32G471VCH6, STM32G471VCI6, STM32G471VCT6, STM32G471VEH3, STM32G471VEH6, STM32G471VEI3, STM32G471VEI6, STM32G471VET3, STM32G471VET6, STM32G473QET3Z, STM32G473RET3Z, STM32G474CCT6, STM32G491RET3Z, STM32H503CBT6, STM32H503CBU6, STM32H503EBY6TR, STM32H503KBU6, STM32H503RBT6, STM32H523CCT6, STM32H523CCU6, STM32H523CET6, STM32H523CEU6, STM32H523HEY6TR, STM32H523RCT6, STM32H523RET6, STM32H523VCI6, STM32H523VCT6, STM32H523VEI6, STM32H523VET6, STM32H523ZCJ6, STM32H523ZCT6, STM32H523ZEJ6, STM32H523ZET6, STM32H533CET6, STM32H533CEU6, STM32H533HEY6TR, STM32H533RET6, STM32H533VEI6, STM32H533VET6, STM32H533ZEJ6, STM32H533ZET6, STM32H562AGI6, STM32H562AII6, STM32H562IGK6, STM32H562IGT6, STM32H562IIK6, STM32H562IIT6, STM32H562RGT6, STM32H562RGV6, STM32H562RIT6, STM32H562RIV6, STM32H562VGT6, STM32H562VIT6, STM32H562ZGT6, STM32H562ZIT6, STM32H563AGI6, STM32H563AII3Q, STM32H563AII6, STM32H563IGK6, STM32H563IGT6, STM32H563IIK3Q, STM32H563IIK6, STM32H563IIT3Q, STM32H563IIT6, STM32H563MIY3QTR, STM32H563RGT6, STM32H563RGV6, STM32H563RIT6, STM32H563RIV6, STM32H563VGT6, STM32H563VIT3Q, STM32H563VIT6, STM32H563ZGT6, STM32H563ZIT3Q, STM32H563ZIT6, STM32H573AII3Q, STM32H573AII6, STM32H573I-DK, STM32H573IIK3Q, STM32H573IIK6, STM32H573IIT3Q, STM32H573IIT6, STM32H573MIY3QTR, STM32H573RIT6, STM32H573RIV6, STM32H573VIT3Q, STM32H573VIT6, STM32H573ZIT3Q, STM32H573ZIT6, STM32H7R3A8I6, STM32H7R3I8K6, STM32H7R3I8T6, STM32H7R3L8H6, STM32H7R3L8H6H, STM32H7R3R8V6, STM32H7R3V8H6, STM32H7R3V8T6, STM32H7R3V8Y6TR, STM32H7R3Z8J6, STM32H7R3Z8T6, STM32H7R7A8I6, STM32H7R7I8K6, STM32H7R7I8T6, STM32H7R7L8H6, STM32H7R7L8H6H, STM32H7R7Z8J6, STM32H7S3A8I6, STM32H7S3I8K6, STM32H7S3I8T6, STM32H7S3L8H6, STM32H7S3L8H6H, STM32H7S3R8V6, STM32H7S3V8H6, STM32H7S3V8T6, STM32H7S3V8Y6TR, STM32H7S3Z8J6, STM32H7S3Z8T6, STM32H7S78-DK, STM32H7S7A8I6, STM32H7S7I8K6, STM32H7S7I8T6, STM32H7S7L8H6, STM32H7S7L8H6H, STM32H7S7Z8J6, STM32L4R5QGI6STR, STM32MP131AAE3, STM32MP131AAF3, STM32MP131AAG3, STM32MP131CAE3, STM32MP131CAF3, STM32MP131CAG3, STM32MP131DAE7, STM32MP131DAF7, STM32MP131DAG7, STM32MP131FAE7, STM32MP131FAF7, STM32MP131FAG7, STM32MP133AAE3, STM32MP133AAF3, STM32MP133AAG3, STM32MP133CAE3, STM32MP133CAF3, STM32MP133CAG3, STM32MP133DAE7, STM32MP133DAF7, STM32MP133DAG7, STM32MP133FAE7, STM32MP133FAF7, STM32MP133FAG7, STM32MP135AAE3, STM32MP135AAF3, STM32MP135AAG3, STM32MP135CAE3, STM32MP135CAF3, STM32MP135CAG3, STM32MP135DAE7, STM32MP135DAF7, STM32MP135DAG7, STM32MP135F-DK, STM32MP135FAE7, STM32MP135FAF7, STM32MP135FAF7T, STM32MP135FAF7U, STM32MP135FAG7, STM32MP211AAL3, STM32MP211AAM3, STM32MP211AAN3, STM32MP211AAO3, STM32MP211CAL3, STM32MP211CAM3, STM32MP211CAN3, STM32MP211CAO3, STM32MP211DAL3, STM32MP211DAM3, STM32MP211DAN3, STM32MP211DAO3, STM32MP211FAL3, STM32MP211FAM3, STM32MP211FAN3, STM32MP211FAO3, STM32MP213AAL3, STM32MP213AAM3, STM32MP213AAN3, STM32MP213AAO3, STM32MP213CAL3, STM32MP213CAM3, STM32MP213CAN3, STM32MP213CAO3, STM32MP213DAL3, STM32MP213DAM3, STM32MP213DAN3, STM32MP213DAO3, STM32MP213FAL3, STM32MP213FAM3, STM32MP213FAN3, STM32MP213FAO3, STM32MP215AAL3, STM32MP215AAM3, STM32MP215AAN3, STM32MP215AAO3, STM32MP215CAL3, STM32MP215CAM3, STM32MP215CAN3, STM32MP215CAO3, STM32MP215DAL3, STM32MP215DAM3, STM32MP215DAN3, STM32MP215DAO3, STM32MP215F-DK, STM32MP215FAL3, STM32MP215FAM3, STM32MP215FAN3, STM32MP215FAO3, STM32MP231AAJ3, STM32MP231AAK3, STM32MP231AAL3, STM32MP231CAJ3, STM32MP231CAK3, STM32MP231CAL3, STM32MP231DAJ3, STM32MP231DAK3, STM32MP231DAL3, STM32MP231FAJ3, STM32MP231FAK3, STM32MP231FAL3, STM32MP233AAJ3, STM32MP233AAK3, STM32MP233AAL3, STM32MP233CAJ3, STM32MP233CAK3, STM32MP233CAL3, STM32MP233DAJ3, STM32MP233DAK3, STM32MP233DAL3, STM32MP233FAJ3, STM32MP233FAK3, STM32MP233FAL3, STM32MP235AAJ3, STM32MP235AAK3, STM32MP235AAL3, STM32MP235CAJ3, STM32MP235CAK3, STM32MP235CAL3, STM32MP235DAJ3, STM32MP235DAK3, STM32MP235DAL3, STM32MP235FAJ3, STM32MP235FAK3, STM32MP235FAL3, STM32MP251AAI3, STM32MP251AAK3, STM32MP251AAL3, STM32MP251CAI3, STM32MP251CAK3, STM32MP251CAL3, STM32MP251DAI3, STM32MP251DAK3, STM32MP251DAL3, STM32MP251FAI3, STM32MP251FAK3, STM32MP251FAL3, STM32MP253AAI3, STM32MP253AAK3, STM32MP253AAL3, STM32MP253CAI3, STM32MP253CAK3, STM32MP253CAL3, STM32MP253DAI3, STM32MP253DAK3, STM32MP253DAL3, STM32MP253FAI3, STM32MP253FAK3, STM32MP253FAL3, STM32MP255AAI3, STM32MP255AAK3, STM32MP255AAL3, STM32MP255CAI3, STM32MP255CAK3, STM32MP255CAL3, STM32MP255DAI3, STM32MP255DAK3, STM32MP255DAL3, STM32MP255FAI3, STM32MP255FAK3, STM32MP255FAL3, STM32MP257AAI3, STM32MP257AAK3, STM32MP257AAL3, STM32MP257CAI3, STM32MP257CAK3, STM32MP257CAL3, STM32MP257DAI3, STM32MP257DAK3, STM32MP257DAL3, STM32MP257F-DK, STM32MP257F-EV1, STM32MP257FAI3, STM32MP257FAK3, STM32MP257FAL3, STM32N645A0H3Q, STM32N645B0H3Q, STM32N645I0H3Q, STM32N645L0H3Q, STM32N645X0H3Q, STM32N645Z0H3Q, STM32N647A0H3Q, STM32N647B0H3Q, STM32N647I0H3Q, STM32N647L0H3Q, STM32N647X0H3Q, STM32N647Z0H3Q, STM32N655A0H3Q, STM32N655B0H3Q, STM32N655I0H3Q, STM32N655L0H3Q, STM32N655X0H3Q, STM32N655Z0H3Q, STM32N6570-DK, STM32N657A0H3Q, STM32N657B0H3Q, STM32N657I0H3Q, STM32N657L0H3Q, STM32N657X0H3Q, STM32N657Z0H3Q, STM32U031C6T6, STM32U031C6U6, STM32U031C8T6, STM32U031C8U6, STM32U031F4P6, STM32U031F6P6, STM32U031F8P6, STM32U031G6Y6TR, STM32U031G8Y6TR, STM32U031K4U6, STM32U031K6U6, STM32U031K8U6, STM32U031R6I6, STM32U031R6T6, STM32U031R8I6, STM32U031R8T6, STM32U073C8T6, STM32U073C8U6, STM32U073CBT6, STM32U073CBU6, STM32U073CCT6, STM32U073CCU6, STM32U073H8Y6TR, STM32U073HBY6TR, STM32U073HCY6TR, STM32U073K8U6, STM32U073KBU6, STM32U073KCU6, STM32U073M8I6, STM32U073M8T6, STM32U073MBI6, STM32U073MBT6, STM32U073MCI6, STM32U073MCT6, STM32U073R8I6, STM32U073R8T6, STM32U073RBI6, STM32U073RBT6, STM32U073RCI6, STM32U073RCT6, STM32U083C-DK, STM32U083CCT6, STM32U083CCU6, STM32U083HCY6TR, STM32U083KCU6, STM32U083MCI6, STM32U083MCT6, STM32U083RCI6, STM32U083RCT6, STM32U375CET6, STM32U375CET6Q, STM32U375CEU6, STM32U375CEU6Q, STM32U375CEY6QTR, STM32U375CGT6, STM32U375CGT6Q, STM32U375CGU6, STM32U375CGU6Q, STM32U375CGY6QTR, STM32U375KEU6, STM32U375KGU6, STM32U375REI6, STM32U375REI6Q, STM32U375RET6, STM32U375RET6Q, STM32U375REY6GTR, STM32U375REY6QTR, STM32U375RGI6, STM32U375RGI6Q, STM32U375RGT6, STM32U375RGT6Q, STM32U375RGY6GTR, STM32U375RGY6QTR, STM32U375VEI6, STM32U375VEI6Q, STM32U375VET6, STM32U375VET6Q, STM32U375VGI6, STM32U375VGI6Q, STM32U375VGT6, STM32U375VGT6Q, STM32U385CGT6, STM32U385CGT6Q, STM32U385CGU6, STM32U385CGU6Q, STM32U385CGY6QTR, STM32U385KGU6, STM32U385RGI6, STM32U385RGI6Q, STM32U385RGT6, STM32U385RGT6Q, STM32U385RGY6GTR, STM32U385RGY6QTR, STM32U385VGI6, STM32U385VGI6Q, STM32U385VGT6, STM32U385VGT6Q, STM32U535CBT6, STM32U535CBT6Q, STM32U535CBU6, STM32U535CBU6Q, STM32U535CCT6, STM32U535CCT6Q, STM32U535CCU6, STM32U535CCU6Q, STM32U535CET6, STM32U535CET6Q, STM32U535CEU6, STM32U535CEU6Q, STM32U535JEY6QTR, STM32U535NCY6QTR, STM32U535NEY6QTR, STM32U535RBI6, STM32U535RBI6Q, STM32U535RBT6, STM32U535RBT6Q, STM32U535RCI6, STM32U535RCI6Q, STM32U535RCT6, STM32U535RCT6Q, STM32U535REI6, STM32U535REI6Q, STM32U535RET6, STM32U535RET6Q, STM32U535VCI6, STM32U535VCI6Q, STM32U535VCT6, STM32U535VCT6Q, STM32U535VEI6, STM32U535VEI6Q, STM32U535VET6, STM32U535VET6Q, STM32U545CET6, STM32U545CET6Q, STM32U545CEU6, STM32U545CEU6Q, STM32U545JEY6QTR, STM32U545NEY6QTR, STM32U545REI6, STM32U545REI6Q, STM32U545RET6, STM32U545RET6Q, STM32U545VEI6, STM32U545VEI6Q, STM32U545VET6, STM32U545VET6Q, STM32U595AIH6, STM32U595AIH6Q, STM32U595AJH6, STM32U595AJH6Q, STM32U595QII6, STM32U595QII6Q, STM32U595QJI6, STM32U595QJI6Q, STM32U595RIT6, STM32U595RIT6Q, STM32U595RJT6, STM32U595RJT6Q, STM32U595VIT6, STM32U595VIT6Q, STM32U595VJT6, STM32U595VJT6Q, STM32U595ZIT6, STM32U595ZIT6Q, STM32U595ZIY6QTR, STM32U595ZJT6, STM32U595ZJT6Q, STM32U595ZJY6QTR, STM32U599BJY6QTR, STM32U599NIH6Q, STM32U599NJH6Q, STM32U599VIT6Q, STM32U599VJT6, STM32U599VJT6Q, STM32U599ZIT6Q, STM32U599ZIY6QTR, STM32U599ZJT6Q, STM32U599ZJY6QTR, STM32U5A5AJH6, STM32U5A5AJH6Q, STM32U5A5QII3Q , STM32U5A5QJI6, STM32U5A5QJI6Q, STM32U5A5RJT6, STM32U5A5RJT6Q, STM32U5A5VJT6, STM32U5A5VJT6Q, STM32U5A5ZJT6, STM32U5A5ZJT6Q, STM32U5A5ZJY6QTR, STM32U5A9BJY6QTR, STM32U5A9J-DK, STM32U5A9NJH6Q, STM32U5A9VJT6Q, STM32U5A9ZJT6Q, STM32U5A9ZJY6QTR, STM32U5F7VIT6, STM32U5F7VIT6Q, STM32U5F7VJT6, STM32U5F7VJT6Q, STM32U5F9BJY6QTR, STM32U5F9NJH6Q, STM32U5F9VIT6Q, STM32U5F9VJT6Q, STM32U5F9ZIJ6QTR, STM32U5F9ZIT6Q, STM32U5F9ZJJ6QTR, STM32U5F9ZJT6Q, STM32U5G7VJT6, STM32U5G7VJT6Q, STM32U5G9BJY6QTR, STM32U5G9J-DK1, STM32U5G9J-DK2, STM32U5G9NJH6Q, STM32U5G9VJT6Q, STM32U5G9ZJJ6QTR, STM32U5G9ZJT6Q, STM32WB05KZV6TR, STM32WB05KZV7TR, STM32WB05TZF6TR, STM32WB05TZF7TR, STM32WB06CCF6TR, STM32WB06CCF7TR, STM32WB06CCV6TR, STM32WB06CCV7TR, STM32WB06KCV6TR, STM32WB06KCV7TR, STM32WB07CCF6TR, STM32WB07CCF7TR, STM32WB07CCV6TR, STM32WB07CCV7TR, STM32WB07KCV6TR, STM32WB07KCV7TR, STM32WB09KEV6TR, STM32WB09KEV7TR, STM32WB09TEF6TR, STM32WB09TEF7TR, STM32WB1MMCH6, STM32WBA50KGU6, STM32WBA50KGU6TR, STM32WBA52CEU6, STM32WBA52CEU6TR, STM32WBA52CEU7, STM32WBA52CEU7TR, STM32WBA52CGU6, STM32WBA52CGU6TR, STM32WBA52CGU6U, STM32WBA52CGU7, STM32WBA52CGU7TR, STM32WBA52KEU6, STM32WBA52KEU6TR, STM32WBA52KGU6, STM32WBA52KGU6TR, STM32WBA54CEU6, STM32WBA54CEU6TR, STM32WBA54CEU7, STM32WBA54CEU7TR, STM32WBA54CGU6, STM32WBA54CGU6TR, STM32WBA54CGU7, STM32WBA54CGU7TR, STM32WBA54KEU6, STM32WBA54KEU6TR, STM32WBA54KEU7, STM32WBA54KEU7TR, STM32WBA54KGU6, STM32WBA54KGU6TR, STM32WBA54KGU7, STM32WBA54KGU7TR, STM32WBA55CEU6, STM32WBA55CEU6TR, STM32WBA55CEU7, STM32WBA55CEU7TR, STM32WBA55CGU6, STM32WBA55CGU6TR, STM32WBA55CGU6U, STM32WBA55CGU7, STM32WBA55CGU7TR, STM32WBA55G-DK1, STM32WBA55HEF6, STM32WBA55HEF7, STM32WBA55HGF6, STM32WBA55HGF7, STM32WBA55UEI6, STM32WBA55UEI6TR, STM32WBA55UEI7, STM32WBA55UEI7TR, STM32WBA55UGI6, STM32WBA55UGI6TR, STM32WBA55UGI7, STM32WBA55UGI7TR, STM32WBA5MMGH6TR, STM32WBA62MGF6, STM32WBA62MIF6, STM32WBA65MGF7, STM32WBA65MIF6, STM32WBA65MIF7, STM32WL30K8V6, STM32WL30KBV6, STM32WL31C8V6, STM32WL31CBV6, STM32WL31K8V6, STM32WL31KBV6, STM32WL33C8V6, STM32WL33C8V6X, STM32WL33CBV6, STM32WL33CBV6X, STM32WL33CCV6, STM32WL33CCV6A, STM32WL33CCV6X, STM32WL33K8V7, STM32WL33K8V7X, STM32WL33KBV7 , STM32WL33KBV7X, STM32WL33KCV7, STM32WL33KCV7X, STM32WL5MOCH6, STM32WL5MOCH6TR]
2026-01-05 13:25:57,842 [INFO] DbMcus:218 - Found 4876 MCUs, 4876 are supported
2026-01-05 13:25:57,843 [INFO] ApiDb:423 - Load user favorites file C:\Users\CAMMSYS/.stm32cubeide/favorites.mcus.txt: 0 item(s)
2026-01-05 13:25:57,843 [INFO] ApiDb:427 - User favorites MCUs=[]
2026-01-05 13:25:57,843 [INFO] DbMcus:224 - Set 0 / 0 favorites MCUs
2026-01-05 13:25:58,116 [INFO] ApiDb:448 - Save user favorites file C:\Users\CAMMSYS/.stm32cubeide/favorites.boards.txt: 0 item(s)
2026-01-05 13:25:58,116 [INFO] ApiDb:452 - User favorites Boards=[]
2026-01-05 13:25:58,118 [INFO] ApiDb:581 - Connected to CubeFinder SQLite database (C:\Users\CAMMSYS\.stmcufinder\plugins\mcufinder\mcu\cube-finder-db.db)
2026-01-05 13:25:58,176 [INFO] ApiDb:668 - CubeFinder database Data Model version=2.1
2026-01-05 13:25:58,176 [INFO] ApiDb:669 - CubeFinder database Configuration version=3.0.39
2026-01-05 13:25:58,176 [INFO] ApiDb:670 - CubeFinder database generation date=2025-12-22 (1766407740)
2026-01-05 13:25:58,176 [INFO] ApiDb:671 - CubeFinder database FW Pack versions=[FP-ATR-ASTRA1_V2.0.0, FP-SNS-FLIGHT1_V5.1.0, FP-SNS-MOTENV1_V5.1.0, FP-SNS-MOTENVWB1_V1.4.0, FP-SNS-SMARTAG2_V1.2.0, FP-SNS-STBOX1_V2.1.0, STM32Cube_FW_C0_V1.4.0, STM32Cube_FW_F4_V1.28.3, STM32Cube_FW_F7_V1.17.4, STM32Cube_FW_G0_V1.6.2, STM32Cube_FW_G4_V1.6.1, STM32Cube_FW_H5_V1.5.1, STM32Cube_FW_H7RS_V1.3.0, STM32Cube_FW_H7_V1.12.1, STM32Cube_FW_L0_V1.12.2, STM32Cube_FW_L4_V1.18.1, STM32Cube_FW_L5_V1.6.0, STM32Cube_FW_N6_V1.3.0, STM32Cube_FW_U0_V1.3.0, STM32Cube_FW_U3_V1.2.1, STM32Cube_FW_U5_V1.8.0, STM32Cube_FW_WB0_V1.4.0, STM32Cube_FW_WBA_V1.8.0, STM32Cube_FW_WB_V1.24.0, STM32Cube_FW_WL3_V1.3.0, STM32Cube_FW_WL_V1.4.0, X-CUBE-ALGOBUILD_V1.4.0, X-CUBE-ALS_V1.0.2, X-CUBE-AZRTOS-F4_V1.1.0, X-CUBE-AZRTOS-F7_V1.1.0, X-CUBE-AZRTOS-G0_V1.1.0, X-CUBE-AZRTOS-G4_V2.0.0, X-CUBE-AZRTOS-H7RS_V1.1.0, X-CUBE-AZRTOS-H7_V3.4.0, X-CUBE-AZRTOS-L4_V2.0.0, X-CUBE-AZRTOS-L5_V2.0.0, X-CUBE-AZRTOS-WB_V2.0.0, X-CUBE-AZRTOS-WL_V2.0.0, X-CUBE-BLE1_V7.1.0, X-CUBE-BLE2_V3.3.0, X-CUBE-BLEMGR_V4.1.0, X-CUBE-EEPRMA1_V5.2.0, X-CUBE-FREERTOS_V1.3.1, X-CUBE-GNSS1_V6.0.0, X-CUBE-MEMS1_V12.0.0, X-CUBE-NFC4_V3.0.0, X-CUBE-NFC7_V2.0.0, X-CUBE-SFXS2LP1_V4.0.0, X-CUBE-ST67W61_V1.1.0, X-CUBE-SUBG2_V5.0.0, X-CUBE-TOF1_V3.4.3]
2026-01-05 13:25:58,209 [INFO] DbBoardsSqlite:226 - include board P-NUCLEO-WB55-NUCLEO as a kit item of type 'Nucleo-64'
2026-01-05 13:25:58,209 [INFO] DbBoardsSqlite:226 - include board P-NUCLEO-WB55-USBDONGLE as a kit item of type 'Nucleo USB Dongle'
2026-01-05 13:25:58,210 [INFO] DbBoardsSqlite:226 - include board STEVAL-IDP005V1 as a kit item of type 'Evaluation Board'
2026-01-05 13:25:58,210 [INFO] DbBoardsSqlite:226 - include board STEVAL-IDP005V2 as a kit item of type 'Evaluation Board'
2026-01-05 13:25:58,262 [INFO] ApiDb:240 - Found 880 in-development CPN: [B-G473E-ZEST1S, B-WB1M-WPAN1, B-WBA5M-WPAN, B-WL5M-SUBG1, NUCLEO-C031C6, NUCLEO-C051C8, NUCLEO-C071RB, NUCLEO-C092RC, NUCLEO-H503RB, NUCLEO-H533RE, NUCLEO-H563ZI, NUCLEO-H7S3L8, NUCLEO-N657X0-Q, NUCLEO-U031R8, NUCLEO-U083RC, NUCLEO-U385RG-Q, NUCLEO-U545RE-Q, NUCLEO-U5A5ZJ-Q, NUCLEO-WB05KZ, NUCLEO-WB07CC, NUCLEO-WB09KE, NUCLEO-WBA52CG, NUCLEO-WBA55CG, NUCLEO-WL33CC1, NUCLEO-WL33CC2, STEVAL-PROTEUS1, STEVAL-SMARTAG2, STEVAL-STWINBX1, STM320518-EVAL, STM32C0116-DK, STM32C011D6Y3TR, STM32C011D6Y6TR, STM32C011F4P3, STM32C011F4P6, STM32C011F4U3, STM32C011F4U6TR, STM32C011F6P3, STM32C011F6P6, STM32C011F6U3, STM32C011F6U6TR, STM32C011J4M3, STM32C011J4M6, STM32C011J6M3, STM32C011J6M6, STM32C0316-DK, STM32C031C4T3, STM32C031C4T6, STM32C031C4U3, STM32C031C4U6, STM32C031C6T3, STM32C031C6T6, STM32C031C6U3, STM32C031C6U6, STM32C031F4P3, STM32C031F4P6, STM32C031F6P3, STM32C031F6P6, STM32C031G4U3, STM32C031G4U6, STM32C031G6U3, STM32C031G6U6, STM32C031K4T3, STM32C031K4T6, STM32C031K4U3, STM32C031K4U6, STM32C031K6T3, STM32C031K6T6, STM32C031K6U3, STM32C031K6U6, STM32C051C6T6, STM32C051C6U6, STM32C051C8T6, STM32C051C8U6, STM32C051D8Y6TR, STM32C051F6P6, STM32C051F8P6, STM32C051G6U6, STM32C051G8U6, STM32C051K6T6, STM32C051K6U6, STM32C051K8T6, STM32C071C8T6, STM32C071C8T6N, STM32C071C8U6, STM32C071C8U6N, STM32C071CBT6, STM32C071CBT6N, STM32C071CBU6, STM32C071CBU6N, STM32C071F8P6, STM32C071F8P6N, STM32C071FBP6, STM32C071FBP6N, STM32C071FBY6TR, STM32C071G8U6, STM32C071G8U6N, STM32C071GBU6, STM32C071GBU6N, STM32C071K8T6, STM32C071K8T6N, STM32C071K8U6, STM32C071K8U6N, STM32C071KBT6, STM32C071KBT6N, STM32C071KBU6, STM32C071KBU6N, STM32C071R8T6, STM32C071R8T6N, STM32C071RBI6N, STM32C071RBT6, STM32C071RBT6N, STM32C091CBT6, STM32C091CBU6, STM32C091CCT6, STM32C091CCU6, STM32C091ECY6TR, STM32C091FBP6, STM32C091FCP6, STM32C091GBU6, STM32C091GCU6, STM32C091KBT6, STM32C091KBU6, STM32C091KCT6, STM32C091KCU6, STM32C091RBT6, STM32C091RCI6, STM32C091RCT6, STM32C092CBT6, STM32C092CBU6, STM32C092CCT6, STM32C092CCU6, STM32C092ECY6TR, STM32C092FBP6, STM32C092FCP6, STM32C092GBU6, STM32C092GCU6, STM32C092KBT6, STM32C092KBU6, STM32C092KCT6, STM32C092KCU6, STM32C092RBT6, STM32C092RCI6, STM32C092RCT6, STM32G071K8TXN, STM32G071K8UXN, STM32G081GBU6N, STM32G081KBT6N, STM32G081KBUXN, STM32G0B1CCT6N, STM32G0B1KCT6, STM32G0B1NEY6TR, STM32G0B1RCT6N, STM32G0C1CCT6, STM32G0C1CCT6N, STM32G0C1CCU6N, STM32G0C1CET6N, STM32G0C1CEU6N, STM32G0C1KCT6, STM32G0C1NEY6TR, STM32G0C1RCI6N, STM32G0C1RCT6N, STM32G0C1REI6N, STM32G0C1RET6N, STM32G0C1VCI6, STM32G0C1VEI6, STM32G411C6T3, STM32G411C6T6, STM32G411C6U3, STM32G411C6U6, STM32G411C8T3, STM32G411C8T6, STM32G411C8U3, STM32G411C8U6, STM32G411CBT3, STM32G411CBT6, STM32G411CBU3, STM32G411CBU6, STM32G411K6T3, STM32G411K6T6, STM32G411K6U3, STM32G411K6U6, STM32G411K8T3, STM32G411K8T6, STM32G411K8U3, STM32G411K8U6, STM32G411KBT3, STM32G411KBT6, STM32G411KBU3, STM32G411KBU6, STM32G411M6T3, STM32G411M6T6, STM32G411M8T3, STM32G411M8T6, STM32G411MBT3, STM32G411MBT6, STM32G411R6T3, STM32G411R6T6, STM32G411R8T3, STM32G411R8T6, STM32G411RBT3, STM32G411RBT6, STM32G414CBT3, STM32G414CBT6, STM32G414CBU3, STM32G414CBU6, STM32G414CCT3, STM32G414CCT6, STM32G414CCU3, STM32G414CCU6, STM32G414MBT3, STM32G414MBT6, STM32G414MCT3, STM32G414MCT6, STM32G414RBT3, STM32G414RBT6, STM32G414RCT3, STM32G414RCT6, STM32G414VBT3, STM32G414VBT6, STM32G414VCT3, STM32G414VCT6, STM32G431CBT3Z, STM32G431RBT3Z, STM32G471CCT6, STM32G471CCU6, STM32G471CET3, STM32G471CET6, STM32G471CEU3, STM32G471CEU6, STM32G471MCT6, STM32G471MET3, STM32G471MET6, STM32G471MEY6TR, STM32G471QCT6, STM32G471QET3, STM32G471RCT6, STM32G471RET3, STM32G471RET6, STM32G471VCH6, STM32G471VCI6, STM32G471VCT6, STM32G471VEH3, STM32G471VEH6, STM32G471VEI3, STM32G471VEI6, STM32G471VET3, STM32G471VET6, STM32G473QET3Z, STM32G473RET3Z, STM32G474CCT6, STM32G491RET3Z, STM32H503CBT6, STM32H503CBU6, STM32H503EBY6TR, STM32H503KBU6, STM32H503RBT6, STM32H523CCT6, STM32H523CCU6, STM32H523CET6, STM32H523CEU6, STM32H523HEY6TR, STM32H523RCT6, STM32H523RET6, STM32H523VCI6, STM32H523VCT6, STM32H523VEI6, STM32H523VET6, STM32H523ZCJ6, STM32H523ZCT6, STM32H523ZEJ6, STM32H523ZET6, STM32H533CET6, STM32H533CEU6, STM32H533HEY6TR, STM32H533RET6, STM32H533VEI6, STM32H533VET6, STM32H533ZEJ6, STM32H533ZET6, STM32H562AGI6, STM32H562AII6, STM32H562IGK6, STM32H562IGT6, STM32H562IIK6, STM32H562IIT6, STM32H562RGT6, STM32H562RGV6, STM32H562RIT6, STM32H562RIV6, STM32H562VGT6, STM32H562VIT6, STM32H562ZGT6, STM32H562ZIT6, STM32H563AGI6, STM32H563AII3Q, STM32H563AII6, STM32H563IGK6, STM32H563IGT6, STM32H563IIK3Q, STM32H563IIK6, STM32H563IIT3Q, STM32H563IIT6, STM32H563MIY3QTR, STM32H563RGT6, STM32H563RGV6, STM32H563RIT6, STM32H563RIV6, STM32H563VGT6, STM32H563VIT3Q, STM32H563VIT6, STM32H563ZGT6, STM32H563ZIT3Q, STM32H563ZIT6, STM32H573AII3Q, STM32H573AII6, STM32H573I-DK, STM32H573IIK3Q, STM32H573IIK6, STM32H573IIT3Q, STM32H573IIT6, STM32H573MIY3QTR, STM32H573RIT6, STM32H573RIV6, STM32H573VIT3Q, STM32H573VIT6, STM32H573ZIT3Q, STM32H573ZIT6, STM32H7R3A8I6, STM32H7R3I8K6, STM32H7R3I8T6, STM32H7R3L8H6, STM32H7R3L8H6H, STM32H7R3R8V6, STM32H7R3V8H6, STM32H7R3V8T6, STM32H7R3V8Y6TR, STM32H7R3Z8J6, STM32H7R3Z8T6, STM32H7R7A8I6, STM32H7R7I8K6, STM32H7R7I8T6, STM32H7R7L8H6, STM32H7R7L8H6H, STM32H7R7Z8J6, STM32H7S3A8I6, STM32H7S3I8K6, STM32H7S3I8T6, STM32H7S3L8H6, STM32H7S3L8H6H, STM32H7S3R8V6, STM32H7S3V8H6, STM32H7S3V8T6, STM32H7S3V8Y6TR, STM32H7S3Z8J6, STM32H7S3Z8T6, STM32H7S78-DK, STM32H7S7A8I6, STM32H7S7I8K6, STM32H7S7I8T6, STM32H7S7L8H6, STM32H7S7L8H6H, STM32H7S7Z8J6, STM32L4R5QGI6STR, STM32MP131AAE3, STM32MP131AAF3, STM32MP131AAG3, STM32MP131CAE3, STM32MP131CAF3, STM32MP131CAG3, STM32MP131DAE7, STM32MP131DAF7, STM32MP131DAG7, STM32MP131FAE7, STM32MP131FAF7, STM32MP131FAG7, STM32MP133AAE3, STM32MP133AAF3, STM32MP133AAG3, STM32MP133CAE3, STM32MP133CAF3, STM32MP133CAG3, STM32MP133DAE7, STM32MP133DAF7, STM32MP133DAG7, STM32MP133FAE7, STM32MP133FAF7, STM32MP133FAG7, STM32MP135AAE3, STM32MP135AAF3, STM32MP135AAG3, STM32MP135CAE3, STM32MP135CAF3, STM32MP135CAG3, STM32MP135DAE7, STM32MP135DAF7, STM32MP135DAG7, STM32MP135F-DK, STM32MP135FAE7, STM32MP135FAF7, STM32MP135FAF7T, STM32MP135FAF7U, STM32MP135FAG7, STM32MP211AAL3, STM32MP211AAM3, STM32MP211AAN3, STM32MP211AAO3, STM32MP211CAL3, STM32MP211CAM3, STM32MP211CAN3, STM32MP211CAO3, STM32MP211DAL3, STM32MP211DAM3, STM32MP211DAN3, STM32MP211DAO3, STM32MP211FAL3, STM32MP211FAM3, STM32MP211FAN3, STM32MP211FAO3, STM32MP213AAL3, STM32MP213AAM3, STM32MP213AAN3, STM32MP213AAO3, STM32MP213CAL3, STM32MP213CAM3, STM32MP213CAN3, STM32MP213CAO3, STM32MP213DAL3, STM32MP213DAM3, STM32MP213DAN3, STM32MP213DAO3, STM32MP213FAL3, STM32MP213FAM3, STM32MP213FAN3, STM32MP213FAO3, STM32MP215AAL3, STM32MP215AAM3, STM32MP215AAN3, STM32MP215AAO3, STM32MP215CAL3, STM32MP215CAM3, STM32MP215CAN3, STM32MP215CAO3, STM32MP215DAL3, STM32MP215DAM3, STM32MP215DAN3, STM32MP215DAO3, STM32MP215F-DK, STM32MP215FAL3, STM32MP215FAM3, STM32MP215FAN3, STM32MP215FAO3, STM32MP231AAJ3, STM32MP231AAK3, STM32MP231AAL3, STM32MP231CAJ3, STM32MP231CAK3, STM32MP231CAL3, STM32MP231DAJ3, STM32MP231DAK3, STM32MP231DAL3, STM32MP231FAJ3, STM32MP231FAK3, STM32MP231FAL3, STM32MP233AAJ3, STM32MP233AAK3, STM32MP233AAL3, STM32MP233CAJ3, STM32MP233CAK3, STM32MP233CAL3, STM32MP233DAJ3, STM32MP233DAK3, STM32MP233DAL3, STM32MP233FAJ3, STM32MP233FAK3, STM32MP233FAL3, STM32MP235AAJ3, STM32MP235AAK3, STM32MP235AAL3, STM32MP235CAJ3, STM32MP235CAK3, STM32MP235CAL3, STM32MP235DAJ3, STM32MP235DAK3, STM32MP235DAL3, STM32MP235FAJ3, STM32MP235FAK3, STM32MP235FAL3, STM32MP251AAI3, STM32MP251AAK3, STM32MP251AAL3, STM32MP251CAI3, STM32MP251CAK3, STM32MP251CAL3, STM32MP251DAI3, STM32MP251DAK3, STM32MP251DAL3, STM32MP251FAI3, STM32MP251FAK3, STM32MP251FAL3, STM32MP253AAI3, STM32MP253AAK3, STM32MP253AAL3, STM32MP253CAI3, STM32MP253CAK3, STM32MP253CAL3, STM32MP253DAI3, STM32MP253DAK3, STM32MP253DAL3, STM32MP253FAI3, STM32MP253FAK3, STM32MP253FAL3, STM32MP255AAI3, STM32MP255AAK3, STM32MP255AAL3, STM32MP255CAI3, STM32MP255CAK3, STM32MP255CAL3, STM32MP255DAI3, STM32MP255DAK3, STM32MP255DAL3, STM32MP255FAI3, STM32MP255FAK3, STM32MP255FAL3, STM32MP257AAI3, STM32MP257AAK3, STM32MP257AAL3, STM32MP257CAI3, STM32MP257CAK3, STM32MP257CAL3, STM32MP257DAI3, STM32MP257DAK3, STM32MP257DAL3, STM32MP257F-DK, STM32MP257F-EV1, STM32MP257FAI3, STM32MP257FAK3, STM32MP257FAL3, STM32N645A0H3Q, STM32N645B0H3Q, STM32N645I0H3Q, STM32N645L0H3Q, STM32N645X0H3Q, STM32N645Z0H3Q, STM32N647A0H3Q, STM32N647B0H3Q, STM32N647I0H3Q, STM32N647L0H3Q, STM32N647X0H3Q, STM32N647Z0H3Q, STM32N655A0H3Q, STM32N655B0H3Q, STM32N655I0H3Q, STM32N655L0H3Q, STM32N655X0H3Q, STM32N655Z0H3Q, STM32N6570-DK, STM32N657A0H3Q, STM32N657B0H3Q, STM32N657I0H3Q, STM32N657L0H3Q, STM32N657X0H3Q, STM32N657Z0H3Q, STM32U031C6T6, STM32U031C6U6, STM32U031C8T6, STM32U031C8U6, STM32U031F4P6, STM32U031F6P6, STM32U031F8P6, STM32U031G6Y6TR, STM32U031G8Y6TR, STM32U031K4U6, STM32U031K6U6, STM32U031K8U6, STM32U031R6I6, STM32U031R6T6, STM32U031R8I6, STM32U031R8T6, STM32U073C8T6, STM32U073C8U6, STM32U073CBT6, STM32U073CBU6, STM32U073CCT6, STM32U073CCU6, STM32U073H8Y6TR, STM32U073HBY6TR, STM32U073HCY6TR, STM32U073K8U6, STM32U073KBU6, STM32U073KCU6, STM32U073M8I6, STM32U073M8T6, STM32U073MBI6, STM32U073MBT6, STM32U073MCI6, STM32U073MCT6, STM32U073R8I6, STM32U073R8T6, STM32U073RBI6, STM32U073RBT6, STM32U073RCI6, STM32U073RCT6, STM32U083C-DK, STM32U083CCT6, STM32U083CCU6, STM32U083HCY6TR, STM32U083KCU6, STM32U083MCI6, STM32U083MCT6, STM32U083RCI6, STM32U083RCT6, STM32U375CET6, STM32U375CET6Q, STM32U375CEU6, STM32U375CEU6Q, STM32U375CEY6QTR, STM32U375CGT6, STM32U375CGT6Q, STM32U375CGU6, STM32U375CGU6Q, STM32U375CGY6QTR, STM32U375KEU6, STM32U375KGU6, STM32U375REI6, STM32U375REI6Q, STM32U375RET6, STM32U375RET6Q, STM32U375REY6GTR, STM32U375REY6QTR, STM32U375RGI6, STM32U375RGI6Q, STM32U375RGT6, STM32U375RGT6Q, STM32U375RGY6GTR, STM32U375RGY6QTR, STM32U375VEI6, STM32U375VEI6Q, STM32U375VET6, STM32U375VET6Q, STM32U375VGI6, STM32U375VGI6Q, STM32U375VGT6, STM32U375VGT6Q, STM32U385CGT6, STM32U385CGT6Q, STM32U385CGU6, STM32U385CGU6Q, STM32U385CGY6QTR, STM32U385KGU6, STM32U385RGI6, STM32U385RGI6Q, STM32U385RGT6, STM32U385RGT6Q, STM32U385RGY6GTR, STM32U385RGY6QTR, STM32U385VGI6, STM32U385VGI6Q, STM32U385VGT6, STM32U385VGT6Q, STM32U535CBT6, STM32U535CBT6Q, STM32U535CBU6, STM32U535CBU6Q, STM32U535CCT6, STM32U535CCT6Q, STM32U535CCU6, STM32U535CCU6Q, STM32U535CET6, STM32U535CET6Q, STM32U535CEU6, STM32U535CEU6Q, STM32U535JEY6QTR, STM32U535NCY6QTR, STM32U535NEY6QTR, STM32U535RBI6, STM32U535RBI6Q, STM32U535RBT6, STM32U535RBT6Q, STM32U535RCI6, STM32U535RCI6Q, STM32U535RCT6, STM32U535RCT6Q, STM32U535REI6, STM32U535REI6Q, STM32U535RET6, STM32U535RET6Q, STM32U535VCI6, STM32U535VCI6Q, STM32U535VCT6, STM32U535VCT6Q, STM32U535VEI6, STM32U535VEI6Q, STM32U535VET6, STM32U535VET6Q, STM32U545CET6, STM32U545CET6Q, STM32U545CEU6, STM32U545CEU6Q, STM32U545JEY6QTR, STM32U545NEY6QTR, STM32U545REI6, STM32U545REI6Q, STM32U545RET6, STM32U545RET6Q, STM32U545VEI6, STM32U545VEI6Q, STM32U545VET6, STM32U545VET6Q, STM32U595AIH6, STM32U595AIH6Q, STM32U595AJH6, STM32U595AJH6Q, STM32U595QII6, STM32U595QII6Q, STM32U595QJI6, STM32U595QJI6Q, STM32U595RIT6, STM32U595RIT6Q, STM32U595RJT6, STM32U595RJT6Q, STM32U595VIT6, STM32U595VIT6Q, STM32U595VJT6, STM32U595VJT6Q, STM32U595ZIT6, STM32U595ZIT6Q, STM32U595ZIY6QTR, STM32U595ZJT6, STM32U595ZJT6Q, STM32U595ZJY6QTR, STM32U599BJY6QTR, STM32U599NIH6Q, STM32U599NJH6Q, STM32U599VIT6Q, STM32U599VJT6, STM32U599VJT6Q, STM32U599ZIT6Q, STM32U599ZIY6QTR, STM32U599ZJT6Q, STM32U599ZJY6QTR, STM32U5A5AJH6, STM32U5A5AJH6Q, STM32U5A5QII3Q , STM32U5A5QJI6, STM32U5A5QJI6Q, STM32U5A5RJT6, STM32U5A5RJT6Q, STM32U5A5VJT6, STM32U5A5VJT6Q, STM32U5A5ZJT6, STM32U5A5ZJT6Q, STM32U5A5ZJY6QTR, STM32U5A9BJY6QTR, STM32U5A9J-DK, STM32U5A9NJH6Q, STM32U5A9VJT6Q, STM32U5A9ZJT6Q, STM32U5A9ZJY6QTR, STM32U5F7VIT6, STM32U5F7VIT6Q, STM32U5F7VJT6, STM32U5F7VJT6Q, STM32U5F9BJY6QTR, STM32U5F9NJH6Q, STM32U5F9VIT6Q, STM32U5F9VJT6Q, STM32U5F9ZIJ6QTR, STM32U5F9ZIT6Q, STM32U5F9ZJJ6QTR, STM32U5F9ZJT6Q, STM32U5G7VJT6, STM32U5G7VJT6Q, STM32U5G9BJY6QTR, STM32U5G9J-DK1, STM32U5G9J-DK2, STM32U5G9NJH6Q, STM32U5G9VJT6Q, STM32U5G9ZJJ6QTR, STM32U5G9ZJT6Q, STM32WB05KZV6TR, STM32WB05KZV7TR, STM32WB05TZF6TR, STM32WB05TZF7TR, STM32WB06CCF6TR, STM32WB06CCF7TR, STM32WB06CCV6TR, STM32WB06CCV7TR, STM32WB06KCV6TR, STM32WB06KCV7TR, STM32WB07CCF6TR, STM32WB07CCF7TR, STM32WB07CCV6TR, STM32WB07CCV7TR, STM32WB07KCV6TR, STM32WB07KCV7TR, STM32WB09KEV6TR, STM32WB09KEV7TR, STM32WB09TEF6TR, STM32WB09TEF7TR, STM32WB1MMCH6, STM32WBA50KGU6, STM32WBA50KGU6TR, STM32WBA52CEU6, STM32WBA52CEU6TR, STM32WBA52CEU7, STM32WBA52CEU7TR, STM32WBA52CGU6, STM32WBA52CGU6TR, STM32WBA52CGU6U, STM32WBA52CGU7, STM32WBA52CGU7TR, STM32WBA52KEU6, STM32WBA52KEU6TR, STM32WBA52KGU6, STM32WBA52KGU6TR, STM32WBA54CEU6, STM32WBA54CEU6TR, STM32WBA54CEU7, STM32WBA54CEU7TR, STM32WBA54CGU6, STM32WBA54CGU6TR, STM32WBA54CGU7, STM32WBA54CGU7TR, STM32WBA54KEU6, STM32WBA54KEU6TR, STM32WBA54KEU7, STM32WBA54KEU7TR, STM32WBA54KGU6, STM32WBA54KGU6TR, STM32WBA54KGU7, STM32WBA54KGU7TR, STM32WBA55CEU6, STM32WBA55CEU6TR, STM32WBA55CEU7, STM32WBA55CEU7TR, STM32WBA55CGU6, STM32WBA55CGU6TR, STM32WBA55CGU6U, STM32WBA55CGU7, STM32WBA55CGU7TR, STM32WBA55G-DK1, STM32WBA55HEF6, STM32WBA55HEF7, STM32WBA55HGF6, STM32WBA55HGF7, STM32WBA55UEI6, STM32WBA55UEI6TR, STM32WBA55UEI7, STM32WBA55UEI7TR, STM32WBA55UGI6, STM32WBA55UGI6TR, STM32WBA55UGI7, STM32WBA55UGI7TR, STM32WBA5MMGH6TR, STM32WBA62MGF6, STM32WBA62MIF6, STM32WBA65MGF7, STM32WBA65MIF6, STM32WBA65MIF7, STM32WL30K8V6, STM32WL30KBV6, STM32WL31C8V6, STM32WL31CBV6, STM32WL31K8V6, STM32WL31KBV6, STM32WL33C8V6, STM32WL33C8V6X, STM32WL33CBV6, STM32WL33CBV6X, STM32WL33CCV6, STM32WL33CCV6A, STM32WL33CCV6X, STM32WL33K8V7, STM32WL33K8V7X, STM32WL33KBV7 , STM32WL33KBV7X, STM32WL33KCV7, STM32WL33KCV7X, STM32WL5MOCH6, STM32WL5MOCH6TR]
2026-01-05 13:25:58,483 [INFO] BoardInfo:889 - No configuration file found for board P-NUCLEO-WB55
2026-01-05 13:25:58,484 [INFO] DbBoards:161 - Kit is not supported: P-NUCLEO-WB55
2026-01-05 13:25:58,491 [INFO] BoardInfo:889 - No configuration file found for board STEVAL-BFA001V1B
2026-01-05 13:25:58,492 [INFO] DbBoards:161 - Kit is not supported: STEVAL-BFA001V1B
2026-01-05 13:25:58,493 [INFO] BoardInfo:889 - No configuration file found for board STEVAL-BFA001V2B
2026-01-05 13:25:58,494 [INFO] DbBoards:161 - Kit is not supported: STEVAL-BFA001V2B
2026-01-05 13:25:58,666 [INFO] DbBoards:168 - Found 212 boards, 209 are supported
2026-01-05 13:25:58,666 [INFO] DbBoards:169 - Found 212 boards, 43 of them is supported for  Bsp
2026-01-05 13:25:58,668 [INFO] ApiDb:423 - Load user favorites file C:\Users\CAMMSYS/.stm32cubeide/favorites.boards.txt: 0 item(s)
2026-01-05 13:25:58,668 [INFO] ApiDb:427 - User favorites Boards=[]
2026-01-05 13:25:58,668 [INFO] DbBoards:198 - Set 0 / 0 favorites Boards
2026-01-05 13:25:58,684 [INFO] LoadUrlFilesThread:185 - End of LoadServerUrlFiles without Thread
2026-01-05 13:25:58,685 [INFO] TargetSelectorAdapter:259 - Refresh data is successful
2026-01-05 13:25:58,688 [INFO] ApiDb:668 - CubeFinder database Data Model version=2.1
2026-01-05 13:25:58,688 [INFO] ApiDb:669 - CubeFinder database Configuration version=3.0.39
2026-01-05 13:25:58,688 [INFO] ApiDb:670 - CubeFinder database generation date=2025-12-22 (1766407740)
2026-01-05 13:25:58,689 [INFO] ApiDb:671 - CubeFinder database FW Pack versions=[FP-ATR-ASTRA1_V2.0.0, FP-SNS-FLIGHT1_V5.1.0, FP-SNS-MOTENV1_V5.1.0, FP-SNS-MOTENVWB1_V1.4.0, FP-SNS-SMARTAG2_V1.2.0, FP-SNS-STBOX1_V2.1.0, STM32Cube_FW_C0_V1.4.0, STM32Cube_FW_F4_V1.28.3, STM32Cube_FW_F7_V1.17.4, STM32Cube_FW_G0_V1.6.2, STM32Cube_FW_G4_V1.6.1, STM32Cube_FW_H5_V1.5.1, STM32Cube_FW_H7RS_V1.3.0, STM32Cube_FW_H7_V1.12.1, STM32Cube_FW_L0_V1.12.2, STM32Cube_FW_L4_V1.18.1, STM32Cube_FW_L5_V1.6.0, STM32Cube_FW_N6_V1.3.0, STM32Cube_FW_U0_V1.3.0, STM32Cube_FW_U3_V1.2.1, STM32Cube_FW_U5_V1.8.0, STM32Cube_FW_WB0_V1.4.0, STM32Cube_FW_WBA_V1.8.0, STM32Cube_FW_WB_V1.24.0, STM32Cube_FW_WL3_V1.3.0, STM32Cube_FW_WL_V1.4.0, X-CUBE-ALGOBUILD_V1.4.0, X-CUBE-ALS_V1.0.2, X-CUBE-AZRTOS-F4_V1.1.0, X-CUBE-AZRTOS-F7_V1.1.0, X-CUBE-AZRTOS-G0_V1.1.0, X-CUBE-AZRTOS-G4_V2.0.0, X-CUBE-AZRTOS-H7RS_V1.1.0, X-CUBE-AZRTOS-H7_V3.4.0, X-CUBE-AZRTOS-L4_V2.0.0, X-CUBE-AZRTOS-L5_V2.0.0, X-CUBE-AZRTOS-WB_V2.0.0, X-CUBE-AZRTOS-WL_V2.0.0, X-CUBE-BLE1_V7.1.0, X-CUBE-BLE2_V3.3.0, X-CUBE-BLEMGR_V4.1.0, X-CUBE-EEPRMA1_V5.2.0, X-CUBE-FREERTOS_V1.3.1, X-CUBE-GNSS1_V6.0.0, X-CUBE-MEMS1_V12.0.0, X-CUBE-NFC4_V3.0.0, X-CUBE-NFC7_V2.0.0, X-CUBE-SFXS2LP1_V4.0.0, X-CUBE-ST67W61_V1.1.0, X-CUBE-SUBG2_V5.0.0, X-CUBE-TOF1_V3.4.3]
2026-01-05 13:25:59,109 [ERROR] DbExamplesSqlite:437 - Missing JSON key: board_cpn
2026-01-05 13:25:59,109 [ERROR] DbExamplesSqlite:437 - Missing JSON key: board_cpn
2026-01-05 13:25:59,109 [ERROR] DbExamplesSqlite:437 - Missing JSON key: board_cpn
2026-01-05 13:25:59,109 [ERROR] DbExamplesSqlite:437 - Missing JSON key: board_cpn
2026-01-05 13:25:59,297 [ERROR] DbExamplesSqlite:437 - Missing JSON key: board_cpn
2026-01-05 13:25:59,297 [ERROR] DbExamplesSqlite:437 - Missing JSON key: board_cpn
2026-01-05 13:25:59,307 [INFO] DbExamplesSqlite:395 - Ignored 42 examples not supported by CubeIDE
2026-01-05 13:25:59,308 [INFO] DbExamplesSqlite:396 - Found 10819 examples active
2026-01-05 13:25:59,308 [INFO] DbExamplesSqlite:397 - Found 0 examples obsolete
2026-01-05 13:25:59,308 [INFO] DbExamplesSqlite:398 - Found 0 examples under development
2026-01-05 13:25:59,308 [INFO] DbExamplesSqlite:399 - Found 85 examples not building
2026-01-05 13:25:59,310 [INFO] DbExamples:125 - Found 10862 examples
2026-01-05 13:25:59,331 [ERROR] DbExamples:208 - Found 73 examples with invalid data (board or MCU)
2026-01-05 13:25:59,331 [INFO] DbExamples:222 - Found 134 boards with related examples
2026-01-05 13:25:59,332 [INFO] DbExamples:235 - Found 111 MCUs with related examples
2026-01-05 13:25:59,347 [INFO] ApiDb:423 - Load user favorites file C:\Users\CAMMSYS/.stm32cubeide/favorites.examples.txt: 0 item(s)
2026-01-05 13:25:59,347 [INFO] ApiDb:427 - User favorites Examples=[]
2026-01-05 13:25:59,347 [INFO] DbExamples:250 - Set 0 / 0 favorites Examples
2026-01-05 13:25:59,451 [INFO] McuFinderGlobals:76 - Set McuFinderConnectedMode to true
2026-01-05 13:25:59,459 [INFO] MultiScanPanel:200 - Auto-refresh data requested => check proxy status ongoing
2026-01-05 13:25:59,462 [INFO] FinderPluginLoader:96 - Searching for filters in installed packs
2026-01-05 13:26:00,641 [INFO] LoadUrlFilesThread:185 - End of LoadServerUrlFiles without Thread
2026-01-05 13:26:00,662 [INFO] DetailPanel:341 - Set advertising image to C:/Users/CAMMSYS/STM32Cube/Repository/\en.prom-st67w-expansion-board.png
2026-01-05 13:26:06,648 [INFO] MultiScanPanel:200 - Auto-refresh data requested => check proxy status ongoing
2026-01-05 13:26:06,729 [INFO] LoadUrlFilesThread:185 - End of LoadServerUrlFiles without Thread
2026-01-05 13:26:06,730 [INFO] DetailPanel:341 - Set advertising image to C:/Users/CAMMSYS/STM32Cube/Repository/\en.prom-st67w-expansion-board.png
2026-01-05 13:26:06,738 [INFO] DbBoards:642 - Loading board mini-images...
2026-01-05 13:26:08,217 [ERROR] DbBoards:659 - Image file not found for board STM32MP215F-DK: C:\Users\CAMMSYS\.stmcufinder\plugins\mcufinder//mcu//boards_images/STM32MP215F-DK.jpg
2026-01-05 13:26:08,283 [INFO] DbBoards:665 - Loaded 211 board mini-images
2026-01-05 13:27:29,029 [INFO] MainUpdater:2872 - connection check result : 10
2026-01-05 13:27:29,029 [INFO] MainUpdater:2872 - connection check result : 10
2026-01-05 13:27:29,165 [INFO] MicroXplorer:468 - Change Database Path : 
2026-01-05 13:27:29,165 [INFO] MicroXplorer:498 - Change Database Version : DB.6.0.150
2026-01-05 13:27:29,199 [ERROR] ProjectManagerView:395 - 
java.lang.NullPointerException: Cannot invoke "javax.swing.JTextField.getText()" because the return value of "java.util.List.get(int)" is null
	at com.st.microxplorer.plugins.projectmanager.gui.ProjectChoiceTab$9.caretUpdate(ProjectChoiceTab.java:2706) ~[filemanager.jar:?]
	at javax.swing.text.JTextComponent.fireCaretUpdate(JTextComponent.java:408) ~[?:?]
	at javax.swing.text.JTextComponent$MutableCaretEvent.fire(JTextComponent.java:4484) ~[?:?]
	at javax.swing.text.JTextComponent$MutableCaretEvent.stateChanged(JTextComponent.java:4506) ~[?:?]
	at javax.swing.text.DefaultCaret.fireStateChanged(DefaultCaret.java:857) ~[?:?]
	at javax.swing.text.DefaultCaret.changeCaretPosition(DefaultCaret.java:1343) ~[?:?]
	at javax.swing.text.DefaultCaret.handleSetDot(DefaultCaret.java:1242) ~[?:?]
	at javax.swing.text.DefaultCaret.setDot(DefaultCaret.java:1223) ~[?:?]
	at javax.swing.text.DefaultCaret$Handler.insertUpdate(DefaultCaret.java:1819) ~[?:?]
	at javax.swing.text.AbstractDocument.fireInsertUpdate(AbstractDocument.java:227) ~[?:?]
	at javax.swing.text.AbstractDocument.handleInsertString(AbstractDocument.java:781) ~[?:?]
	at javax.swing.text.AbstractDocument.insertString(AbstractDocument.java:740) ~[?:?]
	at javax.swing.text.PlainDocument.insertString(PlainDocument.java:131) ~[?:?]
	at javax.swing.text.AbstractDocument.replace(AbstractDocument.java:699) ~[?:?]
	at javax.swing.text.JTextComponent.setText(JTextComponent.java:1725) ~[?:?]
	at com.st.microxplorer.plugins.projectmanager.gui.ProjectChoiceTab.createHeapStackFields(ProjectChoiceTab.java:993) ~[filemanager.jar:?]
	at com.st.microxplorer.plugins.projectmanager.gui.ProjectChoiceTab.buildLinkSettingsPanel(ProjectChoiceTab.java:3813) ~[filemanager.jar:?]
	at com.st.microxplorer.plugins.projectmanager.gui.ProjectChoiceTab.defineWindowsFields(ProjectChoiceTab.java:1987) ~[filemanager.jar:?]
	at com.st.microxplorer.plugins.projectmanager.gui.ProjectChoiceTab.updateSettings(ProjectChoiceTab.java:558) ~[filemanager.jar:?]
	at com.st.microxplorer.plugins.projectmanager.gui.ProjectSettingsPanel.UpdateDialog(ProjectSettingsPanel.java:247) ~[filemanager.jar:?]
	at com.st.microxplorer.plugins.projectmanager.ProjectManagerView.propertyChange(ProjectManagerView.java:392) ~[filemanager.jar:?]
	at java.beans.PropertyChangeSupport.fire(PropertyChangeSupport.java:343) ~[?:?]
	at java.beans.PropertyChangeSupport.firePropertyChange(PropertyChangeSupport.java:335) ~[?:?]
	at java.beans.PropertyChangeSupport.firePropertyChange(PropertyChangeSupport.java:268) ~[?:?]
	at com.st.microxplorer.util.MXPropertyChangeSupport.firePropertyChange(MXPropertyChangeSupport.java:54) ~[STM32CubeMX.jar:?]
	at com.st.microxplorer.mxsystem.MxSystem.closeConfig(MxSystem.java:899) ~[STM32CubeMX.jar:?]
	at com.st.microxplorer.maingui.MainPanel.closeConfig(MainPanel.java:792) ~[STM32CubeMX.jar:?]
	at com.st.microxplorer.plugins.filemanager.engine.OpenFileManager.loadConfigurationFile(OpenFileManager.java:288) ~[filemanager.jar:?]
	at com.st.microxplorer.plugins.filemanager.engine.MainFileManager.userLoadConfig(MainFileManager.java:364) ~[filemanager.jar:?]
	at com.st.microxplorer.plugins.filemanager.FileManagerView.getSpecificTask(FileManagerView.java:268) ~[filemanager.jar:?]
	at com.st.stm32cube.common.mx.editor.CubeMxEditor.getMxTabbedPaneInstance(CubeMxEditor.java:1191) ~[com.st.stm32cube.common.mx_6.15.0.202507011659/:?]
	at com.st.stm32cube.common.mx.editor.CubeMxEditor$12$1.createSwingComponent(CubeMxEditor.java:1068) ~[com.st.stm32cube.common.mx_6.15.0.202507011659/:?]
	at com.st.stm32cube.common.mx.oss.core.awtswtbridge.EmbeddedSwingComposite.doComponentCreation(EmbeddedSwingComposite.java:492) ~[com.st.stm32cube.common.mx.oss_6.15.0.202507011659/:?]
	at com.st.stm32cube.common.mx.oss.core.awtswtbridge.EmbeddedSwingComposite$4.run(EmbeddedSwingComposite.java:291) ~[com.st.stm32cube.common.mx.oss_6.15.0.202507011659/:?]
	at com.st.stm32cube.common.mx.oss.core.awtswtbridge.AwtEnvironment$2.run(AwtEnvironment.java:166) ~[com.st.stm32cube.common.mx.oss_6.15.0.202507011659/:?]
	at java.awt.event.InvocationEvent.dispatch(InvocationEvent.java:318) ~[?:?]
	at java.awt.EventQueue.dispatchEventImpl(EventQueue.java:773) ~[?:?]
	at java.awt.EventQueue$4.run(EventQueue.java:720) ~[?:?]
	at java.awt.EventQueue$4.run(EventQueue.java:714) ~[?:?]
	at java.security.AccessController.doPrivileged(AccessController.java:400) ~[?:?]
	at java.security.ProtectionDomain$JavaSecurityAccessImpl.doIntersectionPrivilege(ProtectionDomain.java:87) ~[?:?]
	at java.awt.EventQueue.dispatchEvent(EventQueue.java:742) ~[?:?]
	at java.awt.EventDispatchThread.pumpOneEventForFilters(EventDispatchThread.java:203) ~[?:?]
	at java.awt.EventDispatchThread.pumpEventsForFilter(EventDispatchThread.java:124) ~[?:?]
	at java.awt.EventDispatchThread.pumpEventsForHierarchy(EventDispatchThread.java:113) ~[?:?]
	at java.awt.EventDispatchThread.pumpEvents(EventDispatchThread.java:109) ~[?:?]
	at java.awt.EventDispatchThread.pumpEvents(EventDispatchThread.java:101) ~[?:?]
	at java.awt.EventDispatchThread.run(EventDispatchThread.java:90) ~[?:?]
2026-01-05 13:27:29,216 [WARN] ThirdParty:871 - waiting for thirdparty lock release [close project]
2026-01-05 13:27:29,216 [INFO] ThirdParty:873 - entering critical section [close project]
2026-01-05 13:27:29,216 [INFO] ThirdParty:883 - exiting critical section [close project]
2026-01-05 13:27:29,217 [INFO] PinOutPanel:1589 - setPackage(No Configuration,No Configuration)
2026-01-05 13:27:29,230 [INFO] UtilMem:75 - Begin LoadConfig() Used Memory: 902110464 Bytes (1073741824)
2026-01-05 13:27:29,236 [INFO] MicroXplorer:468 - Change Database Path : 
2026-01-05 13:27:29,236 [INFO] MicroXplorer:498 - Change Database Version : DB.6.0.150
2026-01-05 13:27:29,236 [INFO] OpenFileManager:355 - Change cursor
2026-01-05 13:27:29,253 [INFO] Mcu:2029 - Initializing MCU STM32L412RBTxP STM32L412RBTxP STM32L412RBT6P
2026-01-05 13:27:30,281 [INFO] Context:786 - Trying to add GPIOservice into a context  which must be forbidden
2026-01-05 13:27:30,560 [INFO] Rule:233 - rule Adapt Old IOC before rework replace old CORTEX_M33/CORTEX_M55 attributes by the new one. is applicable
2026-01-05 13:27:30,560 [INFO] Rule:233 - rule Rename parametre of RCC RCC_APBDBG_DIV2 to RCC_TIMPRES_DIV2 is applicable
2026-01-05 13:27:30,560 [INFO] Rule:233 - rule Rename DIE493 pin PA10 [PA12] -> PA10 is applicable
2026-01-05 13:27:30,560 [INFO] Rule:233 - rule Rename DIE493 pin PA9 [PA11] -> PA9 is applicable
2026-01-05 13:27:30,560 [INFO] Rule:233 - rule Rename DIE492 PartNumber CPN STM32WBA5MJGHx -> STM32WBA5MMGHx is applicable
2026-01-05 13:27:30,560 [INFO] Rule:233 - rule Rename DIE492 PartNumber  Name STM32WBA5MJGHx -> STM32WBA5MMGHx is applicable
2026-01-05 13:27:30,560 [INFO] Rule:233 - rule Rename DIE492 PartNumber UserName STM32WBA5MJGHx -> STM32WBA5MMGHx is applicable
2026-01-05 13:27:30,560 [INFO] Rule:233 - rule Rename DIE492 PartNumber DeviceId STM32WBA5MJGHx -> STM32WBA5MMGHx is applicable
2026-01-05 13:27:30,560 [INFO] Rule:233 - rule Adapt Old IOC CSI. is applicable
2026-01-05 13:27:30,560 [INFO] Rule:233 - rule Adapt Old IOC DCMIPP. is applicable
2026-01-05 13:27:30,560 [INFO] Rule:233 - rule Adapt Old IOC DCMIPP Mode Parallel. is applicable
2026-01-05 13:27:30,560 [INFO] Rule:233 - rule Adapt Old IOC LTDC. is applicable
2026-01-05 13:27:30,560 [INFO] Rule:233 - rule Rename STM32MP2 RIF Peripheral LTDC RIF.RISUP.LTDC_L0L1.Privilege -> RIF.RISUP.LTDC_L1L2.Privilege is applicable
2026-01-05 13:27:30,560 [INFO] Rule:233 - rule Rename STM32MP2 RIF Peripheral LTDC RIF.RISUP.LTDC_L0L1.Privilege -> RIF.RISUP.LTDC_L1L2.Privilege is applicable
2026-01-05 13:27:30,560 [INFO] Rule:233 - rule Rename STM32MP2 RIF Peripheral LTDC RIF.RISUP.LTDC_L0L1.Lock -> RIF.RISUP.LTDC_L1L2.Lock is applicable
2026-01-05 13:27:30,560 [INFO] Rule:233 - rule Rename STM32MP2 RIF Peripheral LTDC RIF.RISUP.LTDC_L2.Lock -> RIF.RISUP.LTDC_L3.Lock is applicable
2026-01-05 13:27:30,560 [INFO] Rule:233 - rule Adapt the old IOC example for updating the SYS when it is misconfigured. is applicable
2026-01-05 13:27:30,560 [INFO] Rule:233 - rule Rename STM32C09 Mcu.Package LQFP64 -> LQFP48 is applicable
2026-01-05 13:27:30,560 [INFO] Rule:233 - rule Adapt the old IOC example for updating the SYS when it is misconfigured. is applicable
2026-01-05 13:27:30,560 [INFO] Rule:233 - rule Adapt the old IOC example for updating the SYS when it is misconfigured. is applicable
2026-01-05 13:27:30,564 [INFO] DbConfProperties:307 - Apply Compatibility (4/20 Rules)
2026-01-05 13:27:30,574 [INFO] ImportTextPane:234 - (OptionalMessage_ERROR) Pin16 (VP_RIF_VS_RIF1) cannot be retrieved for this MCU
2026-01-05 13:27:30,711 [INFO] RtosManager:558 - Registered RTOS mode: class=CMSIS, group=RTOS, mode=CMSIS_V1, owner=FREERTOS
2026-01-05 13:27:30,711 [INFO] RtosManager:558 - Registered RTOS mode: class=CMSIS, group=RTOS2, mode=CMSIS_V2, owner=FREERTOS
2026-01-05 13:27:30,711 [INFO] RtosManager:558 - Registered RTOS mode: class=RTOS, group=Core, mode=CMSIS_V1, owner=FREERTOS
2026-01-05 13:27:30,711 [INFO] RtosManager:558 - Registered RTOS mode: class=RTOS, group=Core, mode=CMSIS_V2, owner=FREERTOS
2026-01-05 13:27:30,711 [WARN] ModelIntegratedComponent:184 - Missing modes for component STMicroelectronics:FreeRTOS:0.0.1:STMicroelectronics:RTOS:FreeRTOS:Core:::10.2.0:
2026-01-05 13:27:30,717 [WARN] ModelIntegratedComponent:63 - No mode defined for component null
2026-01-05 13:27:30,717 [WARN] ModelIntegratedComponent:63 - No mode defined for component null
2026-01-05 13:27:30,717 [WARN] ModelIntegratedComponent:63 - No mode defined for component null
2026-01-05 13:27:30,717 [WARN] ModelIntegratedComponent:63 - No mode defined for component null
2026-01-05 13:27:30,717 [WARN] ModelIntegratedComponent:63 - No mode defined for component null
2026-01-05 13:27:30,717 [WARN] ModelIntegratedComponent:63 - No mode defined for component null
2026-01-05 13:27:30,717 [WARN] ModelIntegratedComponent:63 - No mode defined for component null
2026-01-05 13:27:30,717 [WARN] ModelIntegratedComponent:63 - No mode defined for component null
2026-01-05 13:27:30,717 [WARN] ModelIntegratedComponent:63 - No mode defined for component null
2026-01-05 13:27:30,717 [WARN] ModelIntegratedComponent:63 - No mode defined for component null
2026-01-05 13:27:30,717 [WARN] ModelIntegratedComponent:63 - No mode defined for component null
2026-01-05 13:27:30,717 [WARN] ModelIntegratedComponent:63 - No mode defined for component null
2026-01-05 13:27:30,717 [WARN] ModelIntegratedComponent:63 - No mode defined for component null
2026-01-05 13:27:30,717 [WARN] ModelIntegratedComponent:63 - No mode defined for component null
2026-01-05 13:27:30,717 [WARN] ModelIntegratedComponent:63 - No mode defined for component null
2026-01-05 13:27:30,717 [WARN] ModelIntegratedComponent:63 - No mode defined for component null
2026-01-05 13:27:30,717 [WARN] ModelIntegratedComponent:63 - No mode defined for component null
2026-01-05 13:27:30,717 [WARN] ModelIntegratedComponent:63 - No mode defined for component null
2026-01-05 13:27:30,717 [WARN] ModelIntegratedComponent:63 - No mode defined for component null
2026-01-05 13:27:30,717 [WARN] ModelIntegratedComponent:63 - No mode defined for component null
2026-01-05 13:27:30,718 [WARN] ModelIntegratedComponent:63 - No mode defined for component null
2026-01-05 13:27:30,718 [WARN] ModelIntegratedComponent:63 - No mode defined for component null
2026-01-05 13:27:30,718 [WARN] ModelIntegratedComponent:63 - No mode defined for component null
2026-01-05 13:27:30,718 [WARN] ModelIntegratedComponent:63 - No mode defined for component null
2026-01-05 13:27:30,718 [WARN] ModelIntegratedComponent:63 - No mode defined for component null
2026-01-05 13:27:30,718 [WARN] ModelIntegratedComponent:63 - No mode defined for component null
2026-01-05 13:27:30,718 [WARN] ModelIntegratedComponent:63 - No mode defined for component null
2026-01-05 13:27:30,718 [WARN] ModelIntegratedComponent:63 - No mode defined for component null
2026-01-05 13:27:30,718 [WARN] ModelIntegratedComponent:63 - No mode defined for component null
2026-01-05 13:27:30,718 [WARN] ModelIntegratedComponent:63 - No mode defined for component null
2026-01-05 13:27:30,718 [WARN] ModelIntegratedComponent:63 - No mode defined for component null
2026-01-05 13:27:30,718 [WARN] ModelIntegratedComponent:63 - No mode defined for component null
2026-01-05 13:27:30,718 [WARN] ModelIntegratedComponent:63 - No mode defined for component null
2026-01-05 13:27:30,718 [WARN] ModelIntegratedComponent:63 - No mode defined for component null
2026-01-05 13:27:30,718 [WARN] ModelIntegratedComponent:63 - No mode defined for component null
2026-01-05 13:27:30,718 [WARN] ModelPack:524 - Component already loaded: STMicroelectronics:HAL Drivers:0.0.0:STMicroelectronics:Device:STMicro_Driver:XSPI:HAL::0.0.1:HAL_XSPI
2026-01-05 13:27:30,732 [INFO] ThirdPartyModel:298 - Start build external matchings
2026-01-05 13:27:31,010 [INFO] ThirdPartyModel:316 - End build external matchings
2026-01-05 13:27:31,021 [INFO] ImportTextPane:234 - (OptionalMessage_ERROR) IP (RCC) : Invalid parameter (FamilyName)
2026-01-05 13:27:31,022 [INFO] ImportTextPane:234 - (OptionalMessage_ERROR) IP (RCC) : Parameter (USBFreq_Value) has invalid value (4000000)
2026-01-05 13:27:31,209 [INFO] UtilMem:75 - End LoadConfig() Used Memory: 983578008 Bytes (1073741824)
2026-01-05 13:27:31,318 [WARN] ThirdParty:833 - waiting for thirdparty lock release [change project]
2026-01-05 13:27:31,318 [INFO] ThirdParty:835 - entering critical section [change project]
2026-01-05 13:27:31,318 [INFO] ThirdParty:1030 - CMSIS Pack Vendor :STMicroelectronics X-CUBE-PM33A1 1.0.0
2026-01-05 13:27:31,318 [INFO] ThirdParty:1030 - CMSIS Pack Vendor :STMicroelectronics USBPD 4.1
2026-01-05 13:27:31,318 [INFO] ThirdParty:1030 - CMSIS Pack Vendor :STMicroelectronics X-CUBE-NFC9 1.0.0
2026-01-05 13:27:31,318 [INFO] ThirdParty:1030 - CMSIS Pack Vendor :STMicroelectronics USB_HOST 2.0.0
2026-01-05 13:27:31,318 [INFO] ThirdParty:1030 - CMSIS Pack Vendor :STMicroelectronics FP-SNS-MOTENVWB1 1.4.0
2026-01-05 13:27:31,318 [INFO] ThirdParty:1030 - CMSIS Pack Vendor :STMicroelectronics X-CUBE-AZRTOS-F4 1.1.0
2026-01-05 13:27:31,318 [INFO] ThirdParty:1030 - CMSIS Pack Vendor :STMicroelectronics LIBJPEG 8.0.0
2026-01-05 13:27:31,318 [INFO] ThirdParty:1030 - CMSIS Pack Vendor :STMicroelectronics FP-ATR-ASTRA1 2.0.2
2026-01-05 13:27:31,318 [INFO] ThirdParty:1030 - CMSIS Pack Vendor :STMicroelectronics X-CUBE-BLE1 7.1.0
2026-01-05 13:27:31,318 [INFO] ThirdParty:1030 - CMSIS Pack Vendor :STMicroelectronics X-CUBE-SMBUS 2.1.0
2026-01-05 13:27:31,318 [INFO] ThirdParty:1030 - CMSIS Pack Vendor :wolfSSL I-CUBE-wolfMQTT 1.19.2
2026-01-05 13:27:31,318 [INFO] ThirdParty:1030 - CMSIS Pack Vendor :STMicroelectronics USB_DEVICE 3.0.0
2026-01-05 13:27:31,318 [INFO] ThirdParty:1030 - CMSIS Pack Vendor :STMicroelectronics X-CUBE-ISPU 2.1.0
2026-01-05 13:27:31,318 [INFO] ThirdParty:1030 - CMSIS Pack Vendor :STMicroelectronics X-CUBE-FREERTOS 1.4.0
2026-01-05 13:27:31,318 [INFO] ThirdParty:1030 - CMSIS Pack Vendor :STMicroelectronics X-CUBE-EEPRMA1 5.2.0
2026-01-05 13:27:31,318 [INFO] ThirdParty:1030 - CMSIS Pack Vendor :STMicroelectronics X-CUBE-IPS 3.2.0
2026-01-05 13:27:31,318 [INFO] ThirdParty:1030 - CMSIS Pack Vendor :STMicroelectronics X-CUBE-BLEMGR 4.1.0
2026-01-05 13:27:31,318 [INFO] ThirdParty:1030 - CMSIS Pack Vendor :STMicroelectronics X-CUBE-AZRTOS-WB 2.0.0
2026-01-05 13:27:31,318 [INFO] ThirdParty:1030 - CMSIS Pack Vendor :wolfSSL I-CUBE-wolfSSL 5.8.4
2026-01-05 13:27:31,318 [INFO] ThirdParty:1030 - CMSIS Pack Vendor :Cesanta I-CUBE-Mongoose 7.20.0
2026-01-05 13:27:31,318 [INFO] ThirdParty:1030 - CMSIS Pack Vendor :STMicroelectronics X-CUBE-NFC12 1.0.0
2026-01-05 13:27:31,318 [INFO] ThirdParty:1030 - CMSIS Pack Vendor :STMicroelectronics X-CUBE-AZRTOS-F7 1.1.0
2026-01-05 13:27:31,318 [INFO] ThirdParty:1030 - CMSIS Pack Vendor :STMicroelectronics X-CUBE-AZRTOS-L5 2.0.0
2026-01-05 13:27:31,318 [INFO] ThirdParty:1030 - CMSIS Pack Vendor :STMicroelectronics USB_DEVICE 2.0.0
2026-01-05 13:27:31,318 [INFO] ThirdParty:1030 - CMSIS Pack Vendor :STMicroelectronics X-CUBE-NFC6 3.1.0
2026-01-05 13:27:31,318 [INFO] ThirdParty:1030 - CMSIS Pack Vendor :STMicroelectronics X-CUBE-ST67W61 1.1.0
2026-01-05 13:27:31,318 [INFO] ThirdParty:1030 - CMSIS Pack Vendor :quantropi X-CUBE-qispace-sdk-base 2.1.0
2026-01-05 13:27:31,318 [INFO] ThirdParty:1030 - CMSIS Pack Vendor :STMicroelectronics X-CUBE-MEMS1 12.0.0
2026-01-05 13:27:31,318 [INFO] ThirdParty:1030 - CMSIS Pack Vendor :STMicroelectronics FP-SNS-MOTENV1 5.1.0
2026-01-05 13:27:31,318 [INFO] ThirdParty:1030 - CMSIS Pack Vendor :STMicroelectronics FreeRTOS 0.0.1
2026-01-05 13:27:31,318 [INFO] ThirdParty:1030 - CMSIS Pack Vendor :STMicroelectronics X-CUBE-AZRTOS-G0 1.1.0
2026-01-05 13:27:31,318 [INFO] ThirdParty:1030 - CMSIS Pack Vendor :STMicroelectronics X-CUBE-NFC4 3.0.0
2026-01-05 13:27:31,318 [INFO] ThirdParty:1030 - CMSIS Pack Vendor :STMicroelectronics X-CUBE-SUBG2 5.0.0
2026-01-05 13:27:31,318 [INFO] ThirdParty:1030 - CMSIS Pack Vendor :STMicroelectronics STM32_WPAN 1.0.0
2026-01-05 13:27:31,318 [INFO] ThirdParty:1030 - CMSIS Pack Vendor :EmbeddedOffice I-CUBE-FS-RTOS 1.0.1
2026-01-05 13:27:31,318 [INFO] ThirdParty:1030 - CMSIS Pack Vendor :STMicroelectronics lwIP 2.0.3
2026-01-05 13:27:31,318 [INFO] ThirdParty:1030 - CMSIS Pack Vendor :WES I-CUBE-Cesium 1.4.0
2026-01-05 13:27:31,318 [INFO] ThirdParty:1030 - CMSIS Pack Vendor :STMicroelectronics USB_HOST 1.0.0
2026-01-05 13:27:31,318 [INFO] ThirdParty:1030 - CMSIS Pack Vendor :STMicroelectronics X-CUBE-AZRTOS-G4 2.0.0
2026-01-05 13:27:31,318 [INFO] ThirdParty:1030 - CMSIS Pack Vendor :STMicroelectronics X-CUBE-WB05N 2.0.0
2026-01-05 13:27:31,318 [INFO] ThirdParty:1030 - CMSIS Pack Vendor :STMicroelectronics PDM2PCM 3.1.0
2026-01-05 13:27:31,318 [INFO] ThirdParty:1030 - CMSIS Pack Vendor :STMicroelectronics PDM2PCM 3.3.0
2026-01-05 13:27:31,318 [INFO] ThirdParty:1030 - CMSIS Pack Vendor :wolfSSL I-CUBE-wolfTPM 3.8.0
2026-01-05 13:27:31,318 [INFO] ThirdParty:1030 - CMSIS Pack Vendor :STMicroelectronics X-CUBE-AZRTOS-H7 3.4.0
2026-01-05 13:27:31,318 [INFO] ThirdParty:1030 - CMSIS Pack Vendor :STMicroelectronics X-CUBE-DISPLAY 3.0.0
2026-01-05 13:27:31,318 [INFO] ThirdParty:1030 - CMSIS Pack Vendor :wolfSSL I-CUBE-wolfSSH 1.4.20
2026-01-05 13:27:31,318 [INFO] ThirdParty:1030 - CMSIS Pack Vendor :STMicroelectronics X-CUBE-NFC7 2.0.0
2026-01-05 13:27:31,318 [INFO] ThirdParty:1030 - CMSIS Pack Vendor :STMicroelectronics X-CUBE-TCPP 4.2.0
2026-01-05 13:27:31,318 [INFO] ThirdParty:1030 - CMSIS Pack Vendor :RealThread X-CUBE-RT-Thread_Nano 4.1.1
2026-01-05 13:27:31,318 [INFO] ThirdParty:1030 - CMSIS Pack Vendor :STMicroelectronics FP-ATR-SIGFOX1 3.2.0
2026-01-05 13:27:31,318 [INFO] ThirdParty:1030 - CMSIS Pack Vendor :STMicroelectronics X-CUBE-NFC10 1.0.0
2026-01-05 13:27:31,318 [INFO] ThirdParty:1030 - CMSIS Pack Vendor :STMicroelectronics HAL Drivers 0.0.0
2026-01-05 13:27:31,318 [INFO] ThirdParty:1030 - CMSIS Pack Vendor :STMicroelectronics MBEDTLS 2.16.2
2026-01-05 13:27:31,318 [INFO] ThirdParty:1030 - CMSIS Pack Vendor :STMicroelectronics X-CUBE-ST60 1.1.0
2026-01-05 13:27:31,318 [INFO] ThirdParty:1030 - CMSIS Pack Vendor :STMicroelectronics X-CUBE-ALS 1.0.2
2026-01-05 13:27:31,318 [INFO] ThirdParty:1030 - CMSIS Pack Vendor :emotas I-CUBE-CANOPEN 1.3.0
2026-01-05 13:27:31,318 [INFO] ThirdParty:1030 - CMSIS Pack Vendor :STMicroelectronics MBEDTLS 2.14.1
2026-01-05 13:27:31,318 [INFO] ThirdParty:1030 - CMSIS Pack Vendor :STMicroelectronics X-CUBE-GNSS1 7.1.0
2026-01-05 13:27:31,318 [INFO] ThirdParty:1030 - CMSIS Pack Vendor :ITTIA_DB I-CUBE-ITTIADB 8.9.0
2026-01-05 13:27:31,318 [INFO] ThirdParty:1030 - CMSIS Pack Vendor :STMicroelectronics X-CUBE-TOUCHGFX 4.26.0
2026-01-05 13:27:31,318 [INFO] ThirdParty:1030 - CMSIS Pack Vendor :STMicroelectronics X-CUBE-STSE01 1.0.0
2026-01-05 13:27:31,318 [INFO] ThirdParty:1030 - CMSIS Pack Vendor :STMicroelectronics FP-SNS-STBOX1 2.1.0
2026-01-05 13:27:31,318 [INFO] ThirdParty:1030 - CMSIS Pack Vendor :STMicroelectronics X-CUBE-AI 10.2.0
2026-01-05 13:27:31,318 [INFO] ThirdParty:1030 - CMSIS Pack Vendor :STMicroelectronics FP-SNS-STAIOTCFT 1.0.0
2026-01-05 13:27:31,318 [INFO] ThirdParty:1030 - CMSIS Pack Vendor :STMicroelectronics ThreadX 1.0.0
2026-01-05 13:27:31,318 [INFO] ThirdParty:1030 - CMSIS Pack Vendor :STMicroelectronics FP-SNS-SMARTAG2 1.2.0
2026-01-05 13:27:31,318 [INFO] ThirdParty:1030 - CMSIS Pack Vendor :STMicroelectronics FP-SNS-FLIGHT1 5.1.0
2026-01-05 13:27:31,318 [INFO] ThirdParty:1030 - CMSIS Pack Vendor :STMicroelectronics X-CUBE-AZRTOS-WL 2.0.0
2026-01-05 13:27:31,318 [INFO] ThirdParty:1030 - CMSIS Pack Vendor :SEGGER I-CUBE-embOS 1.3.1
2026-01-05 13:27:31,318 [INFO] ThirdParty:1030 - CMSIS Pack Vendor :STMicroelectronics X-CUBE-ALGOBUILD 1.4.0
2026-01-05 13:27:31,320 [INFO] ThirdParty:1030 - CMSIS Pack Vendor :STMicroelectronics X-CUBE-DPower 1.3.0
2026-01-05 13:27:31,320 [INFO] ThirdParty:1030 - CMSIS Pack Vendor :STMicroelectronics USB_DEVICE 1.0.0
2026-01-05 13:27:31,320 [INFO] ThirdParty:1030 - CMSIS Pack Vendor :STMicroelectronics X-CUBE-AZRTOS-H7RS 1.2.0
2026-01-05 13:27:31,320 [INFO] ThirdParty:1030 - CMSIS Pack Vendor :STMicroelectronics X-CUBE-AZRTOS-L4 2.0.0
2026-01-05 13:27:31,320 [INFO] ThirdParty:1030 - CMSIS Pack Vendor :STMicroelectronics ThreadX 0.0.2
2026-01-05 13:27:31,320 [INFO] ThirdParty:1030 - CMSIS Pack Vendor :STMicroelectronics lwIP 2.1.2
2026-01-05 13:27:31,320 [INFO] ThirdParty:1030 - CMSIS Pack Vendor :STMicroelectronics X-CUBE-SFXS2LP1 4.0.0
2026-01-05 13:27:31,320 [INFO] ThirdParty:1030 - CMSIS Pack Vendor :STMicroelectronics X-CUBE-BLE2 3.3.0
2026-01-05 13:27:31,320 [INFO] ThirdParty:1030 - CMSIS Pack Vendor :Avnet-IOTCONNECT X-CUBE-iotc-st67-sdk 1.0.0
2026-01-05 13:27:31,320 [INFO] ThirdParty:1030 - CMSIS Pack Vendor :STMicroelectronics X-CUBE-TOF1 3.4.3
2026-01-05 13:27:31,320 [INFO] ThirdParty:1030 - CMSIS Pack Vendor :Infineon AIROC-Wi-Fi-Bluetooth-STM32 1.8.0
2026-01-05 13:27:31,320 [INFO] ThirdParty:1030 - CMSIS Pack Vendor :STMicroelectronics PDM2PCM 3.2.0
2026-01-05 13:27:31,320 [INFO] ThirdParty:841 - exiting critical section [change project]
2026-01-05 13:27:31,433 [INFO] PinOutPanel:1589 - setPackage(No Configuration,No Configuration)
2026-01-05 13:27:31,434 [INFO] PinOutPanel:1589 - setPackage(STM32L412RBTxP,LQFP64)
2026-01-05 13:27:31,637 [INFO] UtilMem:75 - Before build in PCC Used Memory: 953427368 Bytes (1073741824)
2026-01-05 13:27:31,916 [INFO] UtilMem:75 - After build in PCC Used Memory: 861924408 Bytes (1073741824)
2026-01-05 13:27:31,933 [INFO] IPUIPlugin:80 - create IPUIPlugin
2026-01-05 13:27:31,934 [INFO] IPUIPlugin:80 - create IPUIPlugin
2026-01-05 13:27:31,934 [INFO] IPUIPlugin:80 - create IPUIPlugin
2026-01-05 13:27:31,934 [INFO] IPUIPlugin:80 - create IPUIPlugin
2026-01-05 13:27:31,934 [INFO] IPUIPlugin:80 - create IPUIPlugin
2026-01-05 13:27:31,934 [INFO] IPUIPlugin:80 - create IPUIPlugin
2026-01-05 13:27:31,934 [INFO] IPUIPlugin:80 - create IPUIPlugin
2026-01-05 13:27:31,934 [INFO] IPUIPlugin:80 - create IPUIPlugin
2026-01-05 13:27:31,934 [INFO] IPUIPlugin:80 - create IPUIPlugin
2026-01-05 13:27:31,934 [INFO] IPUIPlugin:80 - create IPUIPlugin
2026-01-05 13:27:31,934 [INFO] IPUIPlugin:80 - create IPUIPlugin
2026-01-05 13:27:31,934 [INFO] IPUIPlugin:80 - create IPUIPlugin
2026-01-05 13:27:31,935 [INFO] IPUIPlugin:80 - create IPUIPlugin
2026-01-05 13:27:31,935 [INFO] IPUIPlugin:80 - create IPUIPlugin
2026-01-05 13:27:31,935 [INFO] IPUIPlugin:80 - create IPUIPlugin
2026-01-05 13:27:31,935 [INFO] IPUIPlugin:80 - create IPUIPlugin
2026-01-05 13:27:31,935 [INFO] IPUIPlugin:80 - create IPUIPlugin
2026-01-05 13:27:31,935 [INFO] IPUIPlugin:80 - create IPUIPlugin
2026-01-05 13:27:31,935 [INFO] IPUIPlugin:80 - create IPUIPlugin
2026-01-05 13:27:31,935 [INFO] IPUIPlugin:80 - create IPUIPlugin
2026-01-05 13:27:31,935 [INFO] IPUIPlugin:80 - create IPUIPlugin
2026-01-05 13:27:31,935 [INFO] IPUIPlugin:80 - create IPUIPlugin
2026-01-05 13:27:31,935 [INFO] IPUIPlugin:80 - create IPUIPlugin
2026-01-05 13:27:31,935 [INFO] IPUIPlugin:80 - create IPUIPlugin
2026-01-05 13:27:31,936 [INFO] IPUIPlugin:80 - create IPUIPlugin
2026-01-05 13:27:31,936 [INFO] IPUIPlugin:80 - create IPUIPlugin
2026-01-05 13:27:31,936 [INFO] IPUIPlugin:80 - create IPUIPlugin
2026-01-05 13:27:31,936 [INFO] IPUIPlugin:80 - create IPUIPlugin
2026-01-05 13:27:31,936 [INFO] IPUIPlugin:80 - create IPUIPlugin
2026-01-05 13:27:31,936 [INFO] IPUIPlugin:80 - create IPUIPlugin
2026-01-05 13:27:31,936 [INFO] IPUIPlugin:80 - create IPUIPlugin
2026-01-05 13:27:31,937 [INFO] IPUIPlugin:80 - create IPUIPlugin
2026-01-05 13:27:31,937 [INFO] IPUIPlugin:80 - create IPUIPlugin
2026-01-05 13:27:31,937 [INFO] IPUIPlugin:80 - create IPUIPlugin
2026-01-05 13:27:31,937 [INFO] IPUIPlugin:80 - create IPUIPlugin
2026-01-05 13:27:31,937 [INFO] IPUIPlugin:80 - create IPUIPlugin
2026-01-05 13:27:31,937 [INFO] IPUIPlugin:80 - create IPUIPlugin
2026-01-05 13:27:31,937 [INFO] IPUIPlugin:80 - create IPUIPlugin
2026-01-05 13:27:31,975 [INFO] CADModel:165 - CPN selected for project levelSTM32L412RBT6P
2026-01-05 13:27:31,975 [INFO] CADModel:114 - Register for checkConnection events
2026-01-05 13:27:32,027 [INFO] OpenFileManager:386 - Restore cursor
2026-01-05 13:27:33,178 [INFO] UtilMem:75 - End SaveConfig() Used Memory: 859069232 Bytes (1073741824)
2026-01-05 13:27:33,269 [INFO] UtilMem:75 - End SaveConfig() Used Memory: 873807880 Bytes (1073741824)
2026-01-05 13:27:33,617 [INFO] BlockDiagram:2775 - set Specific Code input for plugin: NVIC
2026-01-05 13:27:33,617 [INFO] BlockDiagram:2775 - set Specific Code input for plugin: USART
2026-01-05 13:27:33,617 [INFO] BlockDiagram:2775 - set Specific Code input for plugin: SYS
2026-01-05 13:27:33,617 [INFO] BlockDiagram:2775 - set Specific Code input for plugin: GPIO
2026-01-05 13:27:33,617 [INFO] BlockDiagram:2775 - set Specific Code input for plugin: RCC
2026-01-05 13:27:33,619 [INFO] CodeGenerator:892 - code generatio: config db path: C:\ST\STM32CubeIDE_1.19.0\STM32CubeIDE\plugins\com.st.stm32cube.common.mx_6.15.0.202507011659\\db\
2026-01-05 13:27:33,738 [INFO] CodeEngine:265 - oldGeneratedFile, C:\Users\CAMMSYS\STM32CubeIDE\workspace_1.19.0\lv1_sc\MXTmpFiles\license.tmp_save
2026-01-05 13:27:34,235 [INFO] CodeEngine:289 - Generated code: C:\Users\CAMMSYS\STM32CubeIDE\workspace_1.19.0\lv1_sc\MXTmpFiles\license.tmp
2026-01-05 13:27:34,481 [INFO] CodeEngine:265 - oldGeneratedFile, C:\Users\CAMMSYS\STM32CubeIDE\workspace_1.19.0\lv1_sc\MXTmpFiles\gpio.tmp_save
2026-01-05 13:27:34,597 [INFO] CodeEngine:289 - Generated code: C:\Users\CAMMSYS\STM32CubeIDE\workspace_1.19.0\lv1_sc\MXTmpFiles\gpio.tmp
2026-01-05 13:27:34,817 [INFO] CodeEngine:265 - oldGeneratedFile, C:\Users\CAMMSYS\STM32CubeIDE\workspace_1.19.0\lv1_sc\Core\Src\stm32l4xx_it.c_save
2026-01-05 13:27:34,911 [INFO] CodeEngine:289 - Generated code: C:\Users\CAMMSYS\STM32CubeIDE\workspace_1.19.0\lv1_sc\Core\Src\stm32l4xx_it.c
2026-01-05 13:27:34,918 [INFO] CodeEngine:265 - oldGeneratedFile, C:\Users\CAMMSYS\STM32CubeIDE\workspace_1.19.0\lv1_sc\Core\Inc\stm32l4xx_it.h_save
2026-01-05 13:27:34,995 [INFO] CodeEngine:289 - Generated code: C:\Users\CAMMSYS\STM32CubeIDE\workspace_1.19.0\lv1_sc\Core\Inc\stm32l4xx_it.h
2026-01-05 13:27:35,017 [INFO] CodeEngine:265 - oldGeneratedFile, C:\Users\CAMMSYS\STM32CubeIDE\workspace_1.19.0\lv1_sc\Core\Src\stm32l4xx_hal_msp.c_save
2026-01-05 13:27:35,175 [INFO] CodeEngine:289 - Generated code: C:\Users\CAMMSYS\STM32CubeIDE\workspace_1.19.0\lv1_sc\Core\Src\stm32l4xx_hal_msp.c
2026-01-05 13:27:35,186 [INFO] CodeEngine:265 - oldGeneratedFile, C:\Users\CAMMSYS\STM32CubeIDE\workspace_1.19.0\lv1_sc\MXTmpFiles\system.tmp_save
2026-01-05 13:27:35,248 [INFO] CodeEngine:289 - Generated code: C:\Users\CAMMSYS\STM32CubeIDE\workspace_1.19.0\lv1_sc\MXTmpFiles\system.tmp
2026-01-05 13:27:35,265 [INFO] CodeEngine:321 - oldGeneratedFile, C:\Users\CAMMSYS\STM32CubeIDE\workspace_1.19.0\lv1_sc\Core\Inc\stm32l4xx_hal_conf.h_save
2026-01-05 13:27:35,315 [INFO] CodeEngine:345 - Generated code: C:\Users\CAMMSYS\STM32CubeIDE\workspace_1.19.0\lv1_sc\Core\Inc\stm32l4xx_hal_conf.h
2026-01-05 13:27:35,356 [INFO] ApiDbMcu:532 - Load IP Config File for USART2
2026-01-05 13:27:35,360 [INFO] ApiDbMcu:532 - Load IP Config File for RCC
2026-01-05 13:27:35,373 [INFO] CodeEngine:265 - oldGeneratedFile, C:\Users\CAMMSYS\STM32CubeIDE\workspace_1.19.0\lv1_sc\Core\Inc\main.h_save
2026-01-05 13:27:35,442 [INFO] CodeEngine:289 - Generated code: C:\Users\CAMMSYS\STM32CubeIDE\workspace_1.19.0\lv1_sc\Core\Inc\main.h
2026-01-05 13:27:35,448 [INFO] CodeEngine:265 - oldGeneratedFile, C:\Users\CAMMSYS\STM32CubeIDE\workspace_1.19.0\lv1_sc\Core\Src\main.c_save
2026-01-05 13:27:35,532 [INFO] CodeEngine:289 - Generated code: C:\Users\CAMMSYS\STM32CubeIDE\workspace_1.19.0\lv1_sc\Core\Src\main.c
2026-01-05 13:27:35,859 [INFO] ProjectBuilder:3606 - Time for Copy HAL[1] : 190mS.
2026-01-05 13:27:35,865 [INFO] ProjectBuilder:5216 - Project Generator version: 4.7.0-B52
2026-01-05 13:27:35,911 [INFO] ConfigFileManager:1595 - The Die is : DIE464
2026-01-05 13:27:35,918 [INFO] ApiDbMcu:532 - Load IP Config File for FATFS
2026-01-05 13:27:35,921 [INFO] ApiDbMcu:532 - Load IP Config File for FREERTOS
2026-01-05 13:27:35,927 [INFO] ApiDbMcu:532 - Load IP Config File for TOUCHSENSING
2026-01-05 13:27:35,931 [INFO] ApiDbMcu:532 - Load IP Config File for USB_DEVICE
2026-01-05 13:27:36,190 [INFO] LogOutputStream:77 - [STDOUT_REDIRECT] 
2026-01-05 13:27:37,945 [INFO] ProjectBuilder:5496 - Time for Generating toolchain IDE Files: 2079mS.
2026-01-05 13:27:37,946 [INFO] ProjectBuilder:3463 - Time for Copy CMSIS : 1mS.
2026-01-05 13:27:37,949 [INFO] ProjectBuilder:3463 - Time for Copy CMSIS : 0mS.
2026-01-05 13:27:38,870 [INFO] McuFinderGlobals:76 - Set McuFinderConnectedMode to true
2026-01-05 13:27:38,874 [INFO] ApiDb:448 - Save user favorites file C:\Users\CAMMSYS/.stm32cubeide/favorites.mcus.txt: 0 item(s)
2026-01-05 13:27:38,874 [INFO] ApiDb:452 - User favorites MCUs=[]
2026-01-05 13:27:38,876 [INFO] ApiDb:448 - Save user favorites file C:\Users\CAMMSYS/.stm32cubeide/favorites.boards.txt: 0 item(s)
2026-01-05 13:27:38,876 [INFO] ApiDb:452 - User favorites Boards=[]
2026-01-05 13:41:04,962 [INFO] WebApp:194 - Connection lost
2026-01-05 13:41:05,124 [INFO] WebApp:191 - Connection restablished
2026-01-05 14:05:33,965 [INFO] WebApp:194 - Connection lost
2026-01-05 14:05:34,139 [INFO] WebApp:191 - Connection restablished
2026-01-05 14:11:04,474 [INFO] WebApp:194 - Connection lost
2026-01-05 14:11:04,664 [INFO] WebApp:191 - Connection restablished
2026-01-05 14:21:43,465 [INFO] WebApp:194 - Connection lost
2026-01-05 14:21:43,626 [INFO] WebApp:191 - Connection restablished
2026-01-05 14:41:04,970 [INFO] WebApp:194 - Connection lost
2026-01-05 14:41:05,151 [INFO] WebApp:191 - Connection restablished
2026-01-05 14:41:28,312 [INFO] UtilMem:75 - End SaveConfig() Used Memory: 1011645008 Bytes (1073741824)
2026-01-05 14:41:30,797 [INFO] UtilMem:75 - End SaveConfig() Used Memory: 673610056 Bytes (1073741824)
2026-01-05 14:41:33,277 [INFO] UtilMem:75 - End SaveConfig() Used Memory: 770079048 Bytes (1073741824)
2026-01-05 14:41:34,321 [INFO] BlockDiagram:2775 - set Specific Code input for plugin: NVIC
2026-01-05 14:41:34,321 [INFO] BlockDiagram:2775 - set Specific Code input for plugin: USART
2026-01-05 14:41:34,322 [INFO] BlockDiagram:2775 - set Specific Code input for plugin: SYS
2026-01-05 14:41:34,322 [INFO] BlockDiagram:2775 - set Specific Code input for plugin: GPIO
2026-01-05 14:41:34,322 [INFO] BlockDiagram:2775 - set Specific Code input for plugin: RCC
2026-01-05 14:41:34,324 [INFO] CodeGenerator:892 - code generatio: config db path: C:\ST\STM32CubeIDE_1.19.0\STM32CubeIDE\plugins\com.st.stm32cube.common.mx_6.15.0.202507011659\\db\
2026-01-05 14:41:34,380 [INFO] CodeEngine:265 - oldGeneratedFile, C:\Users\CAMMSYS\STM32CubeIDE\workspace_1.19.0\lv1_sc\MXTmpFiles\license.tmp_save
2026-01-05 14:41:34,599 [INFO] CodeEngine:289 - Generated code: C:\Users\CAMMSYS\STM32CubeIDE\workspace_1.19.0\lv1_sc\MXTmpFiles\license.tmp
2026-01-05 14:41:34,635 [INFO] CodeEngine:265 - oldGeneratedFile, C:\Users\CAMMSYS\STM32CubeIDE\workspace_1.19.0\lv1_sc\MXTmpFiles\gpio.tmp_save
2026-01-05 14:41:34,732 [INFO] CodeEngine:289 - Generated code: C:\Users\CAMMSYS\STM32CubeIDE\workspace_1.19.0\lv1_sc\MXTmpFiles\gpio.tmp
2026-01-05 14:41:34,802 [INFO] CodeEngine:265 - oldGeneratedFile, C:\Users\CAMMSYS\STM32CubeIDE\workspace_1.19.0\lv1_sc\Core\Src\stm32l4xx_it.c_save
2026-01-05 14:41:34,974 [INFO] CodeEngine:289 - Generated code: C:\Users\CAMMSYS\STM32CubeIDE\workspace_1.19.0\lv1_sc\Core\Src\stm32l4xx_it.c
2026-01-05 14:41:34,983 [INFO] CodeEngine:265 - oldGeneratedFile, C:\Users\CAMMSYS\STM32CubeIDE\workspace_1.19.0\lv1_sc\Core\Inc\stm32l4xx_it.h_save
2026-01-05 14:41:35,040 [INFO] CodeEngine:289 - Generated code: C:\Users\CAMMSYS\STM32CubeIDE\workspace_1.19.0\lv1_sc\Core\Inc\stm32l4xx_it.h
2026-01-05 14:41:35,056 [INFO] CodeEngine:265 - oldGeneratedFile, C:\Users\CAMMSYS\STM32CubeIDE\workspace_1.19.0\lv1_sc\Core\Src\stm32l4xx_hal_msp.c_save
2026-01-05 14:41:35,148 [INFO] CodeEngine:289 - Generated code: C:\Users\CAMMSYS\STM32CubeIDE\workspace_1.19.0\lv1_sc\Core\Src\stm32l4xx_hal_msp.c
2026-01-05 14:41:35,155 [INFO] CodeEngine:265 - oldGeneratedFile, C:\Users\CAMMSYS\STM32CubeIDE\workspace_1.19.0\lv1_sc\MXTmpFiles\system.tmp_save
2026-01-05 14:41:35,197 [INFO] CodeEngine:289 - Generated code: C:\Users\CAMMSYS\STM32CubeIDE\workspace_1.19.0\lv1_sc\MXTmpFiles\system.tmp
2026-01-05 14:41:35,211 [INFO] CodeEngine:321 - oldGeneratedFile, C:\Users\CAMMSYS\STM32CubeIDE\workspace_1.19.0\lv1_sc\Core\Inc\stm32l4xx_hal_conf.h_save
2026-01-05 14:41:35,264 [INFO] CodeEngine:345 - Generated code: C:\Users\CAMMSYS\STM32CubeIDE\workspace_1.19.0\lv1_sc\Core\Inc\stm32l4xx_hal_conf.h
2026-01-05 14:41:35,296 [INFO] CodeEngine:265 - oldGeneratedFile, C:\Users\CAMMSYS\STM32CubeIDE\workspace_1.19.0\lv1_sc\Core\Inc\main.h_save
2026-01-05 14:41:35,383 [INFO] CodeEngine:289 - Generated code: C:\Users\CAMMSYS\STM32CubeIDE\workspace_1.19.0\lv1_sc\Core\Inc\main.h
2026-01-05 14:41:35,394 [INFO] CodeEngine:265 - oldGeneratedFile, C:\Users\CAMMSYS\STM32CubeIDE\workspace_1.19.0\lv1_sc\Core\Src\main.c_save
2026-01-05 14:41:35,483 [INFO] CodeEngine:289 - Generated code: C:\Users\CAMMSYS\STM32CubeIDE\workspace_1.19.0\lv1_sc\Core\Src\main.c
2026-01-05 14:41:35,931 [INFO] ProjectBuilder:3606 - Time for Copy HAL[1] : 302mS.
2026-01-05 14:41:35,934 [INFO] ProjectBuilder:5216 - Project Generator version: 4.7.0-B52
2026-01-05 14:41:35,982 [INFO] ConfigFileManager:1595 - The Die is : DIE464
2026-01-05 14:41:36,728 [INFO] ProjectBuilder:5496 - Time for Generating toolchain IDE Files: 794mS.
2026-01-05 14:41:36,729 [INFO] ProjectBuilder:3463 - Time for Copy CMSIS : 1mS.
2026-01-05 14:41:36,732 [INFO] ProjectBuilder:3463 - Time for Copy CMSIS : 0mS.
2026-01-05 14:41:37,273 [INFO] MainUpdater:2872 - connection check result : 10
2026-01-05 14:41:37,274 [INFO] MainUpdater:2872 - connection check result : 10
2026-01-05 14:41:37,334 [INFO] MicroXplorer:468 - Change Database Path : 
2026-01-05 14:41:37,334 [INFO] MicroXplorer:498 - Change Database Version : DB.6.0.150
2026-01-05 14:41:37,390 [ERROR] ProjectManagerView:395 - 
java.lang.NullPointerException: Cannot invoke "javax.swing.JTextField.getText()" because the return value of "java.util.List.get(int)" is null
	at com.st.microxplorer.plugins.projectmanager.gui.ProjectChoiceTab$9.caretUpdate(ProjectChoiceTab.java:2706) ~[filemanager.jar:?]
	at javax.swing.text.JTextComponent.fireCaretUpdate(JTextComponent.java:408) ~[?:?]
	at javax.swing.text.JTextComponent$MutableCaretEvent.fire(JTextComponent.java:4484) ~[?:?]
	at javax.swing.text.JTextComponent$MutableCaretEvent.stateChanged(JTextComponent.java:4506) ~[?:?]
	at javax.swing.text.DefaultCaret.fireStateChanged(DefaultCaret.java:857) ~[?:?]
	at javax.swing.text.DefaultCaret.changeCaretPosition(DefaultCaret.java:1343) ~[?:?]
	at javax.swing.text.DefaultCaret.handleSetDot(DefaultCaret.java:1242) ~[?:?]
	at javax.swing.text.DefaultCaret.setDot(DefaultCaret.java:1223) ~[?:?]
	at javax.swing.text.DefaultCaret$Handler.insertUpdate(DefaultCaret.java:1819) ~[?:?]
	at javax.swing.text.AbstractDocument.fireInsertUpdate(AbstractDocument.java:227) ~[?:?]
	at javax.swing.text.AbstractDocument.handleInsertString(AbstractDocument.java:781) ~[?:?]
	at javax.swing.text.AbstractDocument.insertString(AbstractDocument.java:740) ~[?:?]
	at javax.swing.text.PlainDocument.insertString(PlainDocument.java:131) ~[?:?]
	at javax.swing.text.AbstractDocument.replace(AbstractDocument.java:699) ~[?:?]
	at javax.swing.text.JTextComponent.setText(JTextComponent.java:1725) ~[?:?]
	at com.st.microxplorer.plugins.projectmanager.gui.ProjectChoiceTab.createHeapStackFields(ProjectChoiceTab.java:993) ~[filemanager.jar:?]
	at com.st.microxplorer.plugins.projectmanager.gui.ProjectChoiceTab.buildLinkSettingsPanel(ProjectChoiceTab.java:3813) ~[filemanager.jar:?]
	at com.st.microxplorer.plugins.projectmanager.gui.ProjectChoiceTab.defineWindowsFields(ProjectChoiceTab.java:1987) ~[filemanager.jar:?]
	at com.st.microxplorer.plugins.projectmanager.gui.ProjectChoiceTab.updateSettings(ProjectChoiceTab.java:558) ~[filemanager.jar:?]
	at com.st.microxplorer.plugins.projectmanager.gui.ProjectSettingsPanel.UpdateDialog(ProjectSettingsPanel.java:247) ~[filemanager.jar:?]
	at com.st.microxplorer.plugins.projectmanager.ProjectManagerView.propertyChange(ProjectManagerView.java:392) ~[filemanager.jar:?]
	at java.beans.PropertyChangeSupport.fire(PropertyChangeSupport.java:343) ~[?:?]
	at java.beans.PropertyChangeSupport.firePropertyChange(PropertyChangeSupport.java:335) ~[?:?]
	at java.beans.PropertyChangeSupport.firePropertyChange(PropertyChangeSupport.java:268) ~[?:?]
	at com.st.microxplorer.util.MXPropertyChangeSupport.firePropertyChange(MXPropertyChangeSupport.java:54) ~[STM32CubeMX.jar:?]
	at com.st.microxplorer.mxsystem.MxSystem.closeConfig(MxSystem.java:899) ~[STM32CubeMX.jar:?]
	at com.st.microxplorer.maingui.MainPanel.closeConfig(MainPanel.java:792) ~[STM32CubeMX.jar:?]
	at com.st.microxplorer.plugins.filemanager.engine.OpenFileManager.loadConfigurationFile(OpenFileManager.java:288) ~[filemanager.jar:?]
	at com.st.microxplorer.plugins.filemanager.engine.MainFileManager.userLoadConfig(MainFileManager.java:364) ~[filemanager.jar:?]
	at com.st.microxplorer.plugins.filemanager.engine.MainFileManager.userLoadConfig(MainFileManager.java:342) ~[filemanager.jar:?]
	at com.st.microxplorer.plugins.filemanager.FileManagerView.getSpecificTask(FileManagerView.java:264) ~[filemanager.jar:?]
	at com.st.stm32cube.common.mx.editor.CubeMxEditor.getMxTabbedPaneInstance(CubeMxEditor.java:1198) ~[com.st.stm32cube.common.mx_6.15.0.202507011659/:?]
	at com.st.stm32cube.common.mx.editor.CubeMxEditor$12$1.createSwingComponent(CubeMxEditor.java:1068) ~[com.st.stm32cube.common.mx_6.15.0.202507011659/:?]
	at com.st.stm32cube.common.mx.oss.core.awtswtbridge.EmbeddedSwingComposite.doComponentCreation(EmbeddedSwingComposite.java:492) ~[com.st.stm32cube.common.mx.oss_6.15.0.202507011659/:?]
	at com.st.stm32cube.common.mx.oss.core.awtswtbridge.EmbeddedSwingComposite$4.run(EmbeddedSwingComposite.java:291) ~[com.st.stm32cube.common.mx.oss_6.15.0.202507011659/:?]
	at com.st.stm32cube.common.mx.oss.core.awtswtbridge.AwtEnvironment$2.run(AwtEnvironment.java:166) ~[com.st.stm32cube.common.mx.oss_6.15.0.202507011659/:?]
	at java.awt.event.InvocationEvent.dispatch(InvocationEvent.java:318) ~[?:?]
	at java.awt.EventQueue.dispatchEventImpl(EventQueue.java:773) ~[?:?]
	at java.awt.EventQueue$4.run(EventQueue.java:720) ~[?:?]
	at java.awt.EventQueue$4.run(EventQueue.java:714) ~[?:?]
	at java.security.AccessController.doPrivileged(AccessController.java:400) ~[?:?]
	at java.security.ProtectionDomain$JavaSecurityAccessImpl.doIntersectionPrivilege(ProtectionDomain.java:87) ~[?:?]
	at java.awt.EventQueue.dispatchEvent(EventQueue.java:742) ~[?:?]
	at java.awt.EventDispatchThread.pumpOneEventForFilters(EventDispatchThread.java:203) ~[?:?]
	at java.awt.EventDispatchThread.pumpEventsForFilter(EventDispatchThread.java:124) ~[?:?]
	at java.awt.EventDispatchThread.pumpEventsForHierarchy(EventDispatchThread.java:113) ~[?:?]
	at java.awt.EventDispatchThread.pumpEvents(EventDispatchThread.java:109) ~[?:?]
	at java.awt.EventDispatchThread.pumpEvents(EventDispatchThread.java:101) ~[?:?]
	at java.awt.EventDispatchThread.run(EventDispatchThread.java:90) ~[?:?]
2026-01-05 14:41:37,394 [WARN] ThirdParty:871 - waiting for thirdparty lock release [close project]
2026-01-05 14:41:37,394 [INFO] ThirdParty:873 - entering critical section [close project]
2026-01-05 14:41:37,394 [INFO] ThirdParty:883 - exiting critical section [close project]
2026-01-05 14:41:37,398 [INFO] PinOutPanel:1589 - setPackage(No Configuration,No Configuration)
2026-01-05 14:41:37,409 [INFO] UtilMem:75 - Begin LoadConfig() Used Memory: 712462816 Bytes (1073741824)
2026-01-05 14:41:37,410 [INFO] MicroXplorer:468 - Change Database Path : 
2026-01-05 14:41:37,410 [INFO] MicroXplorer:498 - Change Database Version : DB.6.0.150
2026-01-05 14:41:37,410 [INFO] OpenFileManager:355 - Change cursor
2026-01-05 14:41:37,437 [INFO] RulesReader:64 - Compatibility file has been processed (317 Rules)
2026-01-05 14:41:37,442 [INFO] Mcu:2029 - Initializing MCU STM32L412RBTxP STM32L412RBTxP STM32L412RBT6P
2026-01-05 14:41:38,361 [INFO] Context:786 - Trying to add GPIOservice into a context  which must be forbidden
2026-01-05 14:41:38,641 [INFO] ImportTextPane:234 - (OptionalMessage_ERROR) Pin18 (VP_RIF_VS_RIF1) cannot be retrieved for this MCU
2026-01-05 14:41:38,731 [INFO] RtosManager:558 - Registered RTOS mode: class=CMSIS, group=RTOS, mode=CMSIS_V1, owner=FREERTOS
2026-01-05 14:41:38,731 [INFO] RtosManager:558 - Registered RTOS mode: class=CMSIS, group=RTOS2, mode=CMSIS_V2, owner=FREERTOS
2026-01-05 14:41:38,731 [INFO] RtosManager:558 - Registered RTOS mode: class=RTOS, group=Core, mode=CMSIS_V1, owner=FREERTOS
2026-01-05 14:41:38,731 [INFO] RtosManager:558 - Registered RTOS mode: class=RTOS, group=Core, mode=CMSIS_V2, owner=FREERTOS
2026-01-05 14:41:38,731 [WARN] ModelIntegratedComponent:184 - Missing modes for component STMicroelectronics:FreeRTOS:0.0.1:STMicroelectronics:RTOS:FreeRTOS:Core:::10.2.0:
2026-01-05 14:41:38,735 [WARN] ModelIntegratedComponent:63 - No mode defined for component null
2026-01-05 14:41:38,736 [WARN] ModelIntegratedComponent:63 - No mode defined for component null
2026-01-05 14:41:38,736 [WARN] ModelIntegratedComponent:63 - No mode defined for component null
2026-01-05 14:41:38,736 [WARN] ModelIntegratedComponent:63 - No mode defined for component null
2026-01-05 14:41:38,736 [WARN] ModelIntegratedComponent:63 - No mode defined for component null
2026-01-05 14:41:38,736 [WARN] ModelIntegratedComponent:63 - No mode defined for component null
2026-01-05 14:41:38,736 [WARN] ModelIntegratedComponent:63 - No mode defined for component null
2026-01-05 14:41:38,736 [WARN] ModelIntegratedComponent:63 - No mode defined for component null
2026-01-05 14:41:38,736 [WARN] ModelIntegratedComponent:63 - No mode defined for component null
2026-01-05 14:41:38,736 [WARN] ModelIntegratedComponent:63 - No mode defined for component null
2026-01-05 14:41:38,736 [WARN] ModelIntegratedComponent:63 - No mode defined for component null
2026-01-05 14:41:38,736 [WARN] ModelIntegratedComponent:63 - No mode defined for component null
2026-01-05 14:41:38,737 [WARN] ModelIntegratedComponent:63 - No mode defined for component null
2026-01-05 14:41:38,737 [WARN] ModelIntegratedComponent:63 - No mode defined for component null
2026-01-05 14:41:38,737 [WARN] ModelIntegratedComponent:63 - No mode defined for component null
2026-01-05 14:41:38,737 [WARN] ModelIntegratedComponent:63 - No mode defined for component null
2026-01-05 14:41:38,737 [WARN] ModelIntegratedComponent:63 - No mode defined for component null
2026-01-05 14:41:38,737 [WARN] ModelIntegratedComponent:63 - No mode defined for component null
2026-01-05 14:41:38,737 [WARN] ModelIntegratedComponent:63 - No mode defined for component null
2026-01-05 14:41:38,737 [WARN] ModelIntegratedComponent:63 - No mode defined for component null
2026-01-05 14:41:38,737 [WARN] ModelIntegratedComponent:63 - No mode defined for component null
2026-01-05 14:41:38,737 [WARN] ModelIntegratedComponent:63 - No mode defined for component null
2026-01-05 14:41:38,737 [WARN] ModelIntegratedComponent:63 - No mode defined for component null
2026-01-05 14:41:38,737 [WARN] ModelIntegratedComponent:63 - No mode defined for component null
2026-01-05 14:41:38,737 [WARN] ModelIntegratedComponent:63 - No mode defined for component null
2026-01-05 14:41:38,737 [WARN] ModelIntegratedComponent:63 - No mode defined for component null
2026-01-05 14:41:38,737 [WARN] ModelIntegratedComponent:63 - No mode defined for component null
2026-01-05 14:41:38,737 [WARN] ModelIntegratedComponent:63 - No mode defined for component null
2026-01-05 14:41:38,737 [WARN] ModelIntegratedComponent:63 - No mode defined for component null
2026-01-05 14:41:38,737 [WARN] ModelIntegratedComponent:63 - No mode defined for component null
2026-01-05 14:41:38,737 [WARN] ModelIntegratedComponent:63 - No mode defined for component null
2026-01-05 14:41:38,737 [WARN] ModelIntegratedComponent:63 - No mode defined for component null
2026-01-05 14:41:38,737 [WARN] ModelIntegratedComponent:63 - No mode defined for component null
2026-01-05 14:41:38,737 [WARN] ModelIntegratedComponent:63 - No mode defined for component null
2026-01-05 14:41:38,737 [WARN] ModelIntegratedComponent:63 - No mode defined for component null
2026-01-05 14:41:38,737 [WARN] ModelPack:524 - Component already loaded: STMicroelectronics:HAL Drivers:0.0.0:STMicroelectronics:Device:STMicro_Driver:XSPI:HAL::0.0.1:HAL_XSPI
2026-01-05 14:41:38,751 [INFO] ThirdPartyModel:298 - Start build external matchings
2026-01-05 14:41:39,023 [INFO] ThirdPartyModel:316 - End build external matchings
2026-01-05 14:41:39,031 [INFO] ImportTextPane:234 - (OptionalMessage_ERROR) IP (RCC) : Invalid parameter (FamilyName)
2026-01-05 14:41:39,032 [INFO] ImportTextPane:234 - (OptionalMessage_ERROR) IP (RCC) : Parameter (USBFreq_Value) has invalid value (4000000)
2026-01-05 14:41:39,244 [INFO] UtilMem:75 - End LoadConfig() Used Memory: 926824904 Bytes (1073741824)
2026-01-05 14:41:39,304 [WARN] ThirdParty:833 - waiting for thirdparty lock release [change project]
2026-01-05 14:41:39,305 [INFO] ThirdParty:835 - entering critical section [change project]
2026-01-05 14:41:39,305 [INFO] ThirdParty:1030 - CMSIS Pack Vendor :STMicroelectronics X-CUBE-PM33A1 1.0.0
2026-01-05 14:41:39,305 [INFO] ThirdParty:1030 - CMSIS Pack Vendor :STMicroelectronics USBPD 4.1
2026-01-05 14:41:39,305 [INFO] ThirdParty:1030 - CMSIS Pack Vendor :STMicroelectronics X-CUBE-NFC9 1.0.0
2026-01-05 14:41:39,305 [INFO] ThirdParty:1030 - CMSIS Pack Vendor :STMicroelectronics USB_HOST 2.0.0
2026-01-05 14:41:39,305 [INFO] ThirdParty:1030 - CMSIS Pack Vendor :STMicroelectronics FP-SNS-MOTENVWB1 1.4.0
2026-01-05 14:41:39,305 [INFO] ThirdParty:1030 - CMSIS Pack Vendor :STMicroelectronics X-CUBE-AZRTOS-F4 1.1.0
2026-01-05 14:41:39,305 [INFO] ThirdParty:1030 - CMSIS Pack Vendor :STMicroelectronics LIBJPEG 8.0.0
2026-01-05 14:41:39,305 [INFO] ThirdParty:1030 - CMSIS Pack Vendor :STMicroelectronics FP-ATR-ASTRA1 2.0.2
2026-01-05 14:41:39,305 [INFO] ThirdParty:1030 - CMSIS Pack Vendor :STMicroelectronics X-CUBE-BLE1 7.1.0
2026-01-05 14:41:39,305 [INFO] ThirdParty:1030 - CMSIS Pack Vendor :STMicroelectronics X-CUBE-SMBUS 2.1.0
2026-01-05 14:41:39,305 [INFO] ThirdParty:1030 - CMSIS Pack Vendor :wolfSSL I-CUBE-wolfMQTT 1.19.2
2026-01-05 14:41:39,305 [INFO] ThirdParty:1030 - CMSIS Pack Vendor :STMicroelectronics USB_DEVICE 3.0.0
2026-01-05 14:41:39,305 [INFO] ThirdParty:1030 - CMSIS Pack Vendor :STMicroelectronics X-CUBE-ISPU 2.1.0
2026-01-05 14:41:39,305 [INFO] ThirdParty:1030 - CMSIS Pack Vendor :STMicroelectronics X-CUBE-FREERTOS 1.4.0
2026-01-05 14:41:39,305 [INFO] ThirdParty:1030 - CMSIS Pack Vendor :STMicroelectronics X-CUBE-EEPRMA1 5.2.0
2026-01-05 14:41:39,305 [INFO] ThirdParty:1030 - CMSIS Pack Vendor :STMicroelectronics X-CUBE-IPS 3.2.0
2026-01-05 14:41:39,305 [INFO] ThirdParty:1030 - CMSIS Pack Vendor :STMicroelectronics X-CUBE-BLEMGR 4.1.0
2026-01-05 14:41:39,305 [INFO] ThirdParty:1030 - CMSIS Pack Vendor :STMicroelectronics X-CUBE-AZRTOS-WB 2.0.0
2026-01-05 14:41:39,305 [INFO] ThirdParty:1030 - CMSIS Pack Vendor :wolfSSL I-CUBE-wolfSSL 5.8.4
2026-01-05 14:41:39,305 [INFO] ThirdParty:1030 - CMSIS Pack Vendor :Cesanta I-CUBE-Mongoose 7.20.0
2026-01-05 14:41:39,305 [INFO] ThirdParty:1030 - CMSIS Pack Vendor :STMicroelectronics X-CUBE-NFC12 1.0.0
2026-01-05 14:41:39,305 [INFO] ThirdParty:1030 - CMSIS Pack Vendor :STMicroelectronics X-CUBE-AZRTOS-F7 1.1.0
2026-01-05 14:41:39,305 [INFO] ThirdParty:1030 - CMSIS Pack Vendor :STMicroelectronics X-CUBE-AZRTOS-L5 2.0.0
2026-01-05 14:41:39,305 [INFO] ThirdParty:1030 - CMSIS Pack Vendor :STMicroelectronics USB_DEVICE 2.0.0
2026-01-05 14:41:39,306 [INFO] ThirdParty:1030 - CMSIS Pack Vendor :STMicroelectronics X-CUBE-NFC6 3.1.0
2026-01-05 14:41:39,306 [INFO] ThirdParty:1030 - CMSIS Pack Vendor :STMicroelectronics X-CUBE-ST67W61 1.1.0
2026-01-05 14:41:39,306 [INFO] ThirdParty:1030 - CMSIS Pack Vendor :quantropi X-CUBE-qispace-sdk-base 2.1.0
2026-01-05 14:41:39,306 [INFO] ThirdParty:1030 - CMSIS Pack Vendor :STMicroelectronics X-CUBE-MEMS1 12.0.0
2026-01-05 14:41:39,306 [INFO] ThirdParty:1030 - CMSIS Pack Vendor :STMicroelectronics FP-SNS-MOTENV1 5.1.0
2026-01-05 14:41:39,306 [INFO] ThirdParty:1030 - CMSIS Pack Vendor :STMicroelectronics FreeRTOS 0.0.1
2026-01-05 14:41:39,306 [INFO] ThirdParty:1030 - CMSIS Pack Vendor :STMicroelectronics X-CUBE-AZRTOS-G0 1.1.0
2026-01-05 14:41:39,306 [INFO] ThirdParty:1030 - CMSIS Pack Vendor :STMicroelectronics X-CUBE-NFC4 3.0.0
2026-01-05 14:41:39,306 [INFO] ThirdParty:1030 - CMSIS Pack Vendor :STMicroelectronics X-CUBE-SUBG2 5.0.0
2026-01-05 14:41:39,306 [INFO] ThirdParty:1030 - CMSIS Pack Vendor :STMicroelectronics STM32_WPAN 1.0.0
2026-01-05 14:41:39,306 [INFO] ThirdParty:1030 - CMSIS Pack Vendor :EmbeddedOffice I-CUBE-FS-RTOS 1.0.1
2026-01-05 14:41:39,306 [INFO] ThirdParty:1030 - CMSIS Pack Vendor :STMicroelectronics lwIP 2.0.3
2026-01-05 14:41:39,306 [INFO] ThirdParty:1030 - CMSIS Pack Vendor :WES I-CUBE-Cesium 1.4.0
2026-01-05 14:41:39,306 [INFO] ThirdParty:1030 - CMSIS Pack Vendor :STMicroelectronics USB_HOST 1.0.0
2026-01-05 14:41:39,306 [INFO] ThirdParty:1030 - CMSIS Pack Vendor :STMicroelectronics X-CUBE-AZRTOS-G4 2.0.0
2026-01-05 14:41:39,306 [INFO] ThirdParty:1030 - CMSIS Pack Vendor :STMicroelectronics X-CUBE-WB05N 2.0.0
2026-01-05 14:41:39,306 [INFO] ThirdParty:1030 - CMSIS Pack Vendor :STMicroelectronics PDM2PCM 3.1.0
2026-01-05 14:41:39,306 [INFO] ThirdParty:1030 - CMSIS Pack Vendor :STMicroelectronics PDM2PCM 3.3.0
2026-01-05 14:41:39,306 [INFO] ThirdParty:1030 - CMSIS Pack Vendor :wolfSSL I-CUBE-wolfTPM 3.8.0
2026-01-05 14:41:39,306 [INFO] ThirdParty:1030 - CMSIS Pack Vendor :STMicroelectronics X-CUBE-AZRTOS-H7 3.4.0
2026-01-05 14:41:39,306 [INFO] ThirdParty:1030 - CMSIS Pack Vendor :STMicroelectronics X-CUBE-DISPLAY 3.0.0
2026-01-05 14:41:39,306 [INFO] ThirdParty:1030 - CMSIS Pack Vendor :wolfSSL I-CUBE-wolfSSH 1.4.20
2026-01-05 14:41:39,306 [INFO] ThirdParty:1030 - CMSIS Pack Vendor :STMicroelectronics X-CUBE-NFC7 2.0.0
2026-01-05 14:41:39,306 [INFO] ThirdParty:1030 - CMSIS Pack Vendor :STMicroelectronics X-CUBE-TCPP 4.2.0
2026-01-05 14:41:39,306 [INFO] ThirdParty:1030 - CMSIS Pack Vendor :RealThread X-CUBE-RT-Thread_Nano 4.1.1
2026-01-05 14:41:39,306 [INFO] ThirdParty:1030 - CMSIS Pack Vendor :STMicroelectronics FP-ATR-SIGFOX1 3.2.0
2026-01-05 14:41:39,306 [INFO] ThirdParty:1030 - CMSIS Pack Vendor :STMicroelectronics X-CUBE-NFC10 1.0.0
2026-01-05 14:41:39,306 [INFO] ThirdParty:1030 - CMSIS Pack Vendor :STMicroelectronics HAL Drivers 0.0.0
2026-01-05 14:41:39,306 [INFO] ThirdParty:1030 - CMSIS Pack Vendor :STMicroelectronics MBEDTLS 2.16.2
2026-01-05 14:41:39,306 [INFO] ThirdParty:1030 - CMSIS Pack Vendor :STMicroelectronics X-CUBE-ST60 1.1.0
2026-01-05 14:41:39,306 [INFO] ThirdParty:1030 - CMSIS Pack Vendor :STMicroelectronics X-CUBE-ALS 1.0.2
2026-01-05 14:41:39,306 [INFO] ThirdParty:1030 - CMSIS Pack Vendor :emotas I-CUBE-CANOPEN 1.3.0
2026-01-05 14:41:39,306 [INFO] ThirdParty:1030 - CMSIS Pack Vendor :STMicroelectronics MBEDTLS 2.14.1
2026-01-05 14:41:39,306 [INFO] ThirdParty:1030 - CMSIS Pack Vendor :STMicroelectronics X-CUBE-GNSS1 7.1.0
2026-01-05 14:41:39,306 [INFO] ThirdParty:1030 - CMSIS Pack Vendor :ITTIA_DB I-CUBE-ITTIADB 8.9.0
2026-01-05 14:41:39,306 [INFO] ThirdParty:1030 - CMSIS Pack Vendor :STMicroelectronics X-CUBE-TOUCHGFX 4.26.0
2026-01-05 14:41:39,306 [INFO] ThirdParty:1030 - CMSIS Pack Vendor :STMicroelectronics X-CUBE-STSE01 1.0.0
2026-01-05 14:41:39,306 [INFO] ThirdParty:1030 - CMSIS Pack Vendor :STMicroelectronics FP-SNS-STBOX1 2.1.0
2026-01-05 14:41:39,306 [INFO] ThirdParty:1030 - CMSIS Pack Vendor :STMicroelectronics X-CUBE-AI 10.2.0
2026-01-05 14:41:39,306 [INFO] ThirdParty:1030 - CMSIS Pack Vendor :STMicroelectronics FP-SNS-STAIOTCFT 1.0.0
2026-01-05 14:41:39,306 [INFO] ThirdParty:1030 - CMSIS Pack Vendor :STMicroelectronics ThreadX 1.0.0
2026-01-05 14:41:39,306 [INFO] ThirdParty:1030 - CMSIS Pack Vendor :STMicroelectronics FP-SNS-SMARTAG2 1.2.0
2026-01-05 14:41:39,306 [INFO] ThirdParty:1030 - CMSIS Pack Vendor :STMicroelectronics FP-SNS-FLIGHT1 5.1.0
2026-01-05 14:41:39,306 [INFO] ThirdParty:1030 - CMSIS Pack Vendor :STMicroelectronics X-CUBE-AZRTOS-WL 2.0.0
2026-01-05 14:41:39,306 [INFO] ThirdParty:1030 - CMSIS Pack Vendor :SEGGER I-CUBE-embOS 1.3.1
2026-01-05 14:41:39,306 [INFO] ThirdParty:1030 - CMSIS Pack Vendor :STMicroelectronics X-CUBE-ALGOBUILD 1.4.0
2026-01-05 14:41:39,306 [INFO] ThirdParty:1030 - CMSIS Pack Vendor :STMicroelectronics X-CUBE-DPower 1.3.0
2026-01-05 14:41:39,306 [INFO] ThirdParty:1030 - CMSIS Pack Vendor :STMicroelectronics USB_DEVICE 1.0.0
2026-01-05 14:41:39,306 [INFO] ThirdParty:1030 - CMSIS Pack Vendor :STMicroelectronics X-CUBE-AZRTOS-H7RS 1.2.0
2026-01-05 14:41:39,306 [INFO] ThirdParty:1030 - CMSIS Pack Vendor :STMicroelectronics X-CUBE-AZRTOS-L4 2.0.0
2026-01-05 14:41:39,306 [INFO] ThirdParty:1030 - CMSIS Pack Vendor :STMicroelectronics ThreadX 0.0.2
2026-01-05 14:41:39,306 [INFO] ThirdParty:1030 - CMSIS Pack Vendor :STMicroelectronics lwIP 2.1.2
2026-01-05 14:41:39,306 [INFO] ThirdParty:1030 - CMSIS Pack Vendor :STMicroelectronics X-CUBE-SFXS2LP1 4.0.0
2026-01-05 14:41:39,306 [INFO] ThirdParty:1030 - CMSIS Pack Vendor :STMicroelectronics X-CUBE-BLE2 3.3.0
2026-01-05 14:41:39,306 [INFO] ThirdParty:1030 - CMSIS Pack Vendor :Avnet-IOTCONNECT X-CUBE-iotc-st67-sdk 1.0.0
2026-01-05 14:41:39,306 [INFO] ThirdParty:1030 - CMSIS Pack Vendor :STMicroelectronics X-CUBE-TOF1 3.4.3
2026-01-05 14:41:39,306 [INFO] ThirdParty:1030 - CMSIS Pack Vendor :Infineon AIROC-Wi-Fi-Bluetooth-STM32 1.8.0
2026-01-05 14:41:39,306 [INFO] ThirdParty:1030 - CMSIS Pack Vendor :STMicroelectronics PDM2PCM 3.2.0
2026-01-05 14:41:39,308 [INFO] ThirdParty:841 - exiting critical section [change project]
2026-01-05 14:41:39,411 [INFO] PinOutPanel:1589 - setPackage(No Configuration,No Configuration)
2026-01-05 14:41:39,412 [INFO] PinOutPanel:1589 - setPackage(STM32L412RBTxP,LQFP64)
2026-01-05 14:41:39,635 [INFO] UtilMem:75 - Before build in PCC Used Memory: 769963528 Bytes (1073741824)
2026-01-05 14:41:39,916 [INFO] UtilMem:75 - After build in PCC Used Memory: 864857608 Bytes (1073741824)
2026-01-05 14:41:39,934 [INFO] IPUIPlugin:80 - create IPUIPlugin
2026-01-05 14:41:39,934 [INFO] IPUIPlugin:80 - create IPUIPlugin
2026-01-05 14:41:39,934 [INFO] IPUIPlugin:80 - create IPUIPlugin
2026-01-05 14:41:39,934 [INFO] IPUIPlugin:80 - create IPUIPlugin
2026-01-05 14:41:39,934 [INFO] IPUIPlugin:80 - create IPUIPlugin
2026-01-05 14:41:39,934 [INFO] IPUIPlugin:80 - create IPUIPlugin
2026-01-05 14:41:39,934 [INFO] IPUIPlugin:80 - create IPUIPlugin
2026-01-05 14:41:39,934 [INFO] IPUIPlugin:80 - create IPUIPlugin
2026-01-05 14:41:39,934 [INFO] IPUIPlugin:80 - create IPUIPlugin
2026-01-05 14:41:39,934 [INFO] IPUIPlugin:80 - create IPUIPlugin
2026-01-05 14:41:39,934 [INFO] IPUIPlugin:80 - create IPUIPlugin
2026-01-05 14:41:39,934 [INFO] IPUIPlugin:80 - create IPUIPlugin
2026-01-05 14:41:39,935 [INFO] IPUIPlugin:80 - create IPUIPlugin
2026-01-05 14:41:39,935 [INFO] IPUIPlugin:80 - create IPUIPlugin
2026-01-05 14:41:39,935 [INFO] IPUIPlugin:80 - create IPUIPlugin
2026-01-05 14:41:39,935 [INFO] IPUIPlugin:80 - create IPUIPlugin
2026-01-05 14:41:39,935 [INFO] IPUIPlugin:80 - create IPUIPlugin
2026-01-05 14:41:39,935 [INFO] IPUIPlugin:80 - create IPUIPlugin
2026-01-05 14:41:39,935 [INFO] IPUIPlugin:80 - create IPUIPlugin
2026-01-05 14:41:39,935 [INFO] IPUIPlugin:80 - create IPUIPlugin
2026-01-05 14:41:39,935 [INFO] IPUIPlugin:80 - create IPUIPlugin
2026-01-05 14:41:39,935 [INFO] IPUIPlugin:80 - create IPUIPlugin
2026-01-05 14:41:39,935 [INFO] IPUIPlugin:80 - create IPUIPlugin
2026-01-05 14:41:39,935 [INFO] IPUIPlugin:80 - create IPUIPlugin
2026-01-05 14:41:39,935 [INFO] IPUIPlugin:80 - create IPUIPlugin
2026-01-05 14:41:39,936 [INFO] IPUIPlugin:80 - create IPUIPlugin
2026-01-05 14:41:39,936 [INFO] IPUIPlugin:80 - create IPUIPlugin
2026-01-05 14:41:39,936 [INFO] IPUIPlugin:80 - create IPUIPlugin
2026-01-05 14:41:39,936 [INFO] IPUIPlugin:80 - create IPUIPlugin
2026-01-05 14:41:39,936 [INFO] IPUIPlugin:80 - create IPUIPlugin
2026-01-05 14:41:39,936 [INFO] IPUIPlugin:80 - create IPUIPlugin
2026-01-05 14:41:39,936 [INFO] IPUIPlugin:80 - create IPUIPlugin
2026-01-05 14:41:39,937 [INFO] IPUIPlugin:80 - create IPUIPlugin
2026-01-05 14:41:39,937 [INFO] IPUIPlugin:80 - create IPUIPlugin
2026-01-05 14:41:39,937 [INFO] IPUIPlugin:80 - create IPUIPlugin
2026-01-05 14:41:39,937 [INFO] IPUIPlugin:80 - create IPUIPlugin
2026-01-05 14:41:39,937 [INFO] IPUIPlugin:80 - create IPUIPlugin
2026-01-05 14:41:39,937 [INFO] IPUIPlugin:80 - create IPUIPlugin
2026-01-05 14:41:39,975 [INFO] CADModel:165 - CPN selected for project levelSTM32L412RBT6P
2026-01-05 14:41:39,975 [INFO] CADModel:114 - Register for checkConnection events
2026-01-05 14:41:40,034 [INFO] OpenFileManager:386 - Restore cursor
2026-01-05 14:41:40,039 [INFO] ApiDb:581 - Connected to CubeFinder SQLite database (C:\Users\CAMMSYS\.stmcufinder\plugins\mcufinder\mcu\cube-finder-db.db)
2026-01-05 14:47:13,973 [INFO] WebApp:194 - Connection lost
2026-01-05 14:47:14,139 [INFO] WebApp:191 - Connection restablished
2026-01-05 14:57:33,931 [INFO] MainUpdater:2872 - connection check result : 10
2026-01-05 14:57:33,931 [INFO] MainUpdater:2872 - connection check result : 10
2026-01-05 14:57:33,991 [INFO] MicroXplorer:468 - Change Database Path : 
2026-01-05 14:57:33,991 [INFO] MicroXplorer:498 - Change Database Version : DB.6.0.150
2026-01-05 14:57:34,030 [ERROR] ProjectManagerView:395 - 
java.lang.NullPointerException: Cannot invoke "javax.swing.JTextField.getText()" because the return value of "java.util.List.get(int)" is null
	at com.st.microxplorer.plugins.projectmanager.gui.ProjectChoiceTab$9.caretUpdate(ProjectChoiceTab.java:2706) ~[filemanager.jar:?]
	at javax.swing.text.JTextComponent.fireCaretUpdate(JTextComponent.java:408) ~[?:?]
	at javax.swing.text.JTextComponent$MutableCaretEvent.fire(JTextComponent.java:4484) ~[?:?]
	at javax.swing.text.JTextComponent$MutableCaretEvent.stateChanged(JTextComponent.java:4506) ~[?:?]
	at javax.swing.text.DefaultCaret.fireStateChanged(DefaultCaret.java:857) ~[?:?]
	at javax.swing.text.DefaultCaret.changeCaretPosition(DefaultCaret.java:1343) ~[?:?]
	at javax.swing.text.DefaultCaret.handleSetDot(DefaultCaret.java:1242) ~[?:?]
	at javax.swing.text.DefaultCaret.setDot(DefaultCaret.java:1223) ~[?:?]
	at javax.swing.text.DefaultCaret$Handler.insertUpdate(DefaultCaret.java:1819) ~[?:?]
	at javax.swing.text.AbstractDocument.fireInsertUpdate(AbstractDocument.java:227) ~[?:?]
	at javax.swing.text.AbstractDocument.handleInsertString(AbstractDocument.java:781) ~[?:?]
	at javax.swing.text.AbstractDocument.insertString(AbstractDocument.java:740) ~[?:?]
	at javax.swing.text.PlainDocument.insertString(PlainDocument.java:131) ~[?:?]
	at javax.swing.text.AbstractDocument.replace(AbstractDocument.java:699) ~[?:?]
	at javax.swing.text.JTextComponent.setText(JTextComponent.java:1725) ~[?:?]
	at com.st.microxplorer.plugins.projectmanager.gui.ProjectChoiceTab.createHeapStackFields(ProjectChoiceTab.java:993) ~[filemanager.jar:?]
	at com.st.microxplorer.plugins.projectmanager.gui.ProjectChoiceTab.buildLinkSettingsPanel(ProjectChoiceTab.java:3813) ~[filemanager.jar:?]
	at com.st.microxplorer.plugins.projectmanager.gui.ProjectChoiceTab.defineWindowsFields(ProjectChoiceTab.java:1987) ~[filemanager.jar:?]
	at com.st.microxplorer.plugins.projectmanager.gui.ProjectChoiceTab.updateSettings(ProjectChoiceTab.java:558) ~[filemanager.jar:?]
	at com.st.microxplorer.plugins.projectmanager.gui.ProjectSettingsPanel.UpdateDialog(ProjectSettingsPanel.java:247) ~[filemanager.jar:?]
	at com.st.microxplorer.plugins.projectmanager.ProjectManagerView.propertyChange(ProjectManagerView.java:392) ~[filemanager.jar:?]
	at java.beans.PropertyChangeSupport.fire(PropertyChangeSupport.java:343) ~[?:?]
	at java.beans.PropertyChangeSupport.firePropertyChange(PropertyChangeSupport.java:335) ~[?:?]
	at java.beans.PropertyChangeSupport.firePropertyChange(PropertyChangeSupport.java:268) ~[?:?]
	at com.st.microxplorer.util.MXPropertyChangeSupport.firePropertyChange(MXPropertyChangeSupport.java:54) ~[STM32CubeMX.jar:?]
	at com.st.microxplorer.mxsystem.MxSystem.closeConfig(MxSystem.java:899) ~[STM32CubeMX.jar:?]
	at com.st.microxplorer.maingui.MainPanel.closeConfig(MainPanel.java:792) ~[STM32CubeMX.jar:?]
	at com.st.microxplorer.plugins.filemanager.engine.OpenFileManager.loadConfigurationFile(OpenFileManager.java:288) ~[filemanager.jar:?]
	at com.st.microxplorer.plugins.filemanager.engine.MainFileManager.userLoadConfig(MainFileManager.java:364) ~[filemanager.jar:?]
	at com.st.microxplorer.plugins.filemanager.engine.MainFileManager.userLoadConfig(MainFileManager.java:342) ~[filemanager.jar:?]
	at com.st.microxplorer.plugins.filemanager.FileManagerView.getSpecificTask(FileManagerView.java:264) ~[filemanager.jar:?]
	at com.st.stm32cube.common.mx.editor.CubeMxEditor.getMxTabbedPaneInstance(CubeMxEditor.java:1198) ~[com.st.stm32cube.common.mx_6.15.0.202507011659/:?]
	at com.st.stm32cube.common.mx.editor.CubeMxEditor$12$1.createSwingComponent(CubeMxEditor.java:1068) ~[com.st.stm32cube.common.mx_6.15.0.202507011659/:?]
	at com.st.stm32cube.common.mx.oss.core.awtswtbridge.EmbeddedSwingComposite.doComponentCreation(EmbeddedSwingComposite.java:492) ~[com.st.stm32cube.common.mx.oss_6.15.0.202507011659/:?]
	at com.st.stm32cube.common.mx.oss.core.awtswtbridge.EmbeddedSwingComposite$4.run(EmbeddedSwingComposite.java:291) ~[com.st.stm32cube.common.mx.oss_6.15.0.202507011659/:?]
	at com.st.stm32cube.common.mx.oss.core.awtswtbridge.AwtEnvironment$2.run(AwtEnvironment.java:166) ~[com.st.stm32cube.common.mx.oss_6.15.0.202507011659/:?]
	at java.awt.event.InvocationEvent.dispatch(InvocationEvent.java:318) ~[?:?]
	at java.awt.EventQueue.dispatchEventImpl(EventQueue.java:773) ~[?:?]
	at java.awt.EventQueue$4.run(EventQueue.java:720) ~[?:?]
	at java.awt.EventQueue$4.run(EventQueue.java:714) ~[?:?]
	at java.security.AccessController.doPrivileged(AccessController.java:400) ~[?:?]
	at java.security.ProtectionDomain$JavaSecurityAccessImpl.doIntersectionPrivilege(ProtectionDomain.java:87) ~[?:?]
	at java.awt.EventQueue.dispatchEvent(EventQueue.java:742) ~[?:?]
	at java.awt.EventDispatchThread.pumpOneEventForFilters(EventDispatchThread.java:203) ~[?:?]
	at java.awt.EventDispatchThread.pumpEventsForFilter(EventDispatchThread.java:124) ~[?:?]
	at java.awt.EventDispatchThread.pumpEventsForHierarchy(EventDispatchThread.java:113) ~[?:?]
	at java.awt.EventDispatchThread.pumpEvents(EventDispatchThread.java:109) ~[?:?]
	at java.awt.EventDispatchThread.pumpEvents(EventDispatchThread.java:101) ~[?:?]
	at java.awt.EventDispatchThread.run(EventDispatchThread.java:90) ~[?:?]
2026-01-05 14:57:34,032 [WARN] ThirdParty:871 - waiting for thirdparty lock release [close project]
2026-01-05 14:57:34,032 [INFO] ThirdParty:873 - entering critical section [close project]
2026-01-05 14:57:34,032 [INFO] ThirdParty:883 - exiting critical section [close project]
2026-01-05 14:57:34,034 [INFO] PinOutPanel:1589 - setPackage(No Configuration,No Configuration)
2026-01-05 14:57:34,042 [INFO] UtilMem:75 - Begin LoadConfig() Used Memory: 916427864 Bytes (1073741824)
2026-01-05 14:57:34,043 [INFO] MicroXplorer:468 - Change Database Path : 
2026-01-05 14:57:34,043 [INFO] MicroXplorer:498 - Change Database Version : DB.6.0.150
2026-01-05 14:57:34,044 [INFO] OpenFileManager:355 - Change cursor
2026-01-05 14:57:34,055 [INFO] Mcu:2029 - Initializing MCU STM32L412RBTxP STM32L412RBTxP STM32L412RBT6P
2026-01-05 14:57:35,066 [INFO] Context:786 - Trying to add GPIOservice into a context  which must be forbidden
2026-01-05 14:57:35,372 [INFO] ImportTextPane:234 - (OptionalMessage_ERROR) Pin19 (VP_RIF_VS_RIF1) cannot be retrieved for this MCU
2026-01-05 14:57:35,494 [INFO] RtosManager:558 - Registered RTOS mode: class=CMSIS, group=RTOS, mode=CMSIS_V1, owner=FREERTOS
2026-01-05 14:57:35,494 [INFO] RtosManager:558 - Registered RTOS mode: class=CMSIS, group=RTOS2, mode=CMSIS_V2, owner=FREERTOS
2026-01-05 14:57:35,494 [INFO] RtosManager:558 - Registered RTOS mode: class=RTOS, group=Core, mode=CMSIS_V1, owner=FREERTOS
2026-01-05 14:57:35,494 [INFO] RtosManager:558 - Registered RTOS mode: class=RTOS, group=Core, mode=CMSIS_V2, owner=FREERTOS
2026-01-05 14:57:35,496 [WARN] ModelIntegratedComponent:184 - Missing modes for component STMicroelectronics:FreeRTOS:0.0.1:STMicroelectronics:RTOS:FreeRTOS:Core:::10.2.0:
2026-01-05 14:57:35,501 [WARN] ModelIntegratedComponent:63 - No mode defined for component null
2026-01-05 14:57:35,501 [WARN] ModelIntegratedComponent:63 - No mode defined for component null
2026-01-05 14:57:35,501 [WARN] ModelIntegratedComponent:63 - No mode defined for component null
2026-01-05 14:57:35,501 [WARN] ModelIntegratedComponent:63 - No mode defined for component null
2026-01-05 14:57:35,502 [WARN] ModelIntegratedComponent:63 - No mode defined for component null
2026-01-05 14:57:35,502 [WARN] ModelIntegratedComponent:63 - No mode defined for component null
2026-01-05 14:57:35,502 [WARN] ModelIntegratedComponent:63 - No mode defined for component null
2026-01-05 14:57:35,502 [WARN] ModelIntegratedComponent:63 - No mode defined for component null
2026-01-05 14:57:35,502 [WARN] ModelIntegratedComponent:63 - No mode defined for component null
2026-01-05 14:57:35,502 [WARN] ModelIntegratedComponent:63 - No mode defined for component null
2026-01-05 14:57:35,502 [WARN] ModelIntegratedComponent:63 - No mode defined for component null
2026-01-05 14:57:35,502 [WARN] ModelIntegratedComponent:63 - No mode defined for component null
2026-01-05 14:57:35,502 [WARN] ModelIntegratedComponent:63 - No mode defined for component null
2026-01-05 14:57:35,502 [WARN] ModelIntegratedComponent:63 - No mode defined for component null
2026-01-05 14:57:35,502 [WARN] ModelIntegratedComponent:63 - No mode defined for component null
2026-01-05 14:57:35,502 [WARN] ModelIntegratedComponent:63 - No mode defined for component null
2026-01-05 14:57:35,502 [WARN] ModelIntegratedComponent:63 - No mode defined for component null
2026-01-05 14:57:35,502 [WARN] ModelIntegratedComponent:63 - No mode defined for component null
2026-01-05 14:57:35,502 [WARN] ModelIntegratedComponent:63 - No mode defined for component null
2026-01-05 14:57:35,502 [WARN] ModelIntegratedComponent:63 - No mode defined for component null
2026-01-05 14:57:35,502 [WARN] ModelIntegratedComponent:63 - No mode defined for component null
2026-01-05 14:57:35,502 [WARN] ModelIntegratedComponent:63 - No mode defined for component null
2026-01-05 14:57:35,502 [WARN] ModelIntegratedComponent:63 - No mode defined for component null
2026-01-05 14:57:35,502 [WARN] ModelIntegratedComponent:63 - No mode defined for component null
2026-01-05 14:57:35,502 [WARN] ModelIntegratedComponent:63 - No mode defined for component null
2026-01-05 14:57:35,502 [WARN] ModelIntegratedComponent:63 - No mode defined for component null
2026-01-05 14:57:35,502 [WARN] ModelIntegratedComponent:63 - No mode defined for component null
2026-01-05 14:57:35,502 [WARN] ModelIntegratedComponent:63 - No mode defined for component null
2026-01-05 14:57:35,503 [WARN] ModelIntegratedComponent:63 - No mode defined for component null
2026-01-05 14:57:35,503 [WARN] ModelIntegratedComponent:63 - No mode defined for component null
2026-01-05 14:57:35,503 [WARN] ModelIntegratedComponent:63 - No mode defined for component null
2026-01-05 14:57:35,503 [WARN] ModelIntegratedComponent:63 - No mode defined for component null
2026-01-05 14:57:35,503 [WARN] ModelIntegratedComponent:63 - No mode defined for component null
2026-01-05 14:57:35,503 [WARN] ModelIntegratedComponent:63 - No mode defined for component null
2026-01-05 14:57:35,503 [WARN] ModelIntegratedComponent:63 - No mode defined for component null
2026-01-05 14:57:35,503 [WARN] ModelPack:524 - Component already loaded: STMicroelectronics:HAL Drivers:0.0.0:STMicroelectronics:Device:STMicro_Driver:XSPI:HAL::0.0.1:HAL_XSPI
2026-01-05 14:57:35,517 [INFO] ThirdPartyModel:298 - Start build external matchings
2026-01-05 14:57:35,789 [INFO] ThirdPartyModel:316 - End build external matchings
2026-01-05 14:57:35,801 [INFO] ImportTextPane:234 - (OptionalMessage_ERROR) IP (RCC) : Invalid parameter (FamilyName)
2026-01-05 14:57:35,802 [INFO] ImportTextPane:234 - (OptionalMessage_ERROR) IP (RCC) : Parameter (USBFreq_Value) has invalid value (4000000)
2026-01-05 14:57:36,038 [INFO] UtilMem:75 - End LoadConfig() Used Memory: 815215552 Bytes (1073741824)
2026-01-05 14:57:36,105 [WARN] ThirdParty:833 - waiting for thirdparty lock release [change project]
2026-01-05 14:57:36,106 [INFO] ThirdParty:835 - entering critical section [change project]
2026-01-05 14:57:36,106 [INFO] ThirdParty:1030 - CMSIS Pack Vendor :STMicroelectronics X-CUBE-PM33A1 1.0.0
2026-01-05 14:57:36,106 [INFO] ThirdParty:1030 - CMSIS Pack Vendor :STMicroelectronics USBPD 4.1
2026-01-05 14:57:36,106 [INFO] ThirdParty:1030 - CMSIS Pack Vendor :STMicroelectronics X-CUBE-NFC9 1.0.0
2026-01-05 14:57:36,106 [INFO] ThirdParty:1030 - CMSIS Pack Vendor :STMicroelectronics USB_HOST 2.0.0
2026-01-05 14:57:36,107 [INFO] ThirdParty:1030 - CMSIS Pack Vendor :STMicroelectronics FP-SNS-MOTENVWB1 1.4.0
2026-01-05 14:57:36,107 [INFO] ThirdParty:1030 - CMSIS Pack Vendor :STMicroelectronics X-CUBE-AZRTOS-F4 1.1.0
2026-01-05 14:57:36,107 [INFO] ThirdParty:1030 - CMSIS Pack Vendor :STMicroelectronics LIBJPEG 8.0.0
2026-01-05 14:57:36,107 [INFO] ThirdParty:1030 - CMSIS Pack Vendor :STMicroelectronics FP-ATR-ASTRA1 2.0.2
2026-01-05 14:57:36,107 [INFO] ThirdParty:1030 - CMSIS Pack Vendor :STMicroelectronics X-CUBE-BLE1 7.1.0
2026-01-05 14:57:36,107 [INFO] ThirdParty:1030 - CMSIS Pack Vendor :STMicroelectronics X-CUBE-SMBUS 2.1.0
2026-01-05 14:57:36,107 [INFO] ThirdParty:1030 - CMSIS Pack Vendor :wolfSSL I-CUBE-wolfMQTT 1.19.2
2026-01-05 14:57:36,107 [INFO] ThirdParty:1030 - CMSIS Pack Vendor :STMicroelectronics USB_DEVICE 3.0.0
2026-01-05 14:57:36,107 [INFO] ThirdParty:1030 - CMSIS Pack Vendor :STMicroelectronics X-CUBE-ISPU 2.1.0
2026-01-05 14:57:36,107 [INFO] ThirdParty:1030 - CMSIS Pack Vendor :STMicroelectronics X-CUBE-FREERTOS 1.4.0
2026-01-05 14:57:36,107 [INFO] ThirdParty:1030 - CMSIS Pack Vendor :STMicroelectronics X-CUBE-EEPRMA1 5.2.0
2026-01-05 14:57:36,107 [INFO] ThirdParty:1030 - CMSIS Pack Vendor :STMicroelectronics X-CUBE-IPS 3.2.0
2026-01-05 14:57:36,107 [INFO] ThirdParty:1030 - CMSIS Pack Vendor :STMicroelectronics X-CUBE-BLEMGR 4.1.0
2026-01-05 14:57:36,107 [INFO] ThirdParty:1030 - CMSIS Pack Vendor :STMicroelectronics X-CUBE-AZRTOS-WB 2.0.0
2026-01-05 14:57:36,107 [INFO] ThirdParty:1030 - CMSIS Pack Vendor :wolfSSL I-CUBE-wolfSSL 5.8.4
2026-01-05 14:57:36,109 [INFO] ThirdParty:1030 - CMSIS Pack Vendor :Cesanta I-CUBE-Mongoose 7.20.0
2026-01-05 14:57:36,109 [INFO] ThirdParty:1030 - CMSIS Pack Vendor :STMicroelectronics X-CUBE-NFC12 1.0.0
2026-01-05 14:57:36,109 [INFO] ThirdParty:1030 - CMSIS Pack Vendor :STMicroelectronics X-CUBE-AZRTOS-F7 1.1.0
2026-01-05 14:57:36,109 [INFO] ThirdParty:1030 - CMSIS Pack Vendor :STMicroelectronics X-CUBE-AZRTOS-L5 2.0.0
2026-01-05 14:57:36,109 [INFO] ThirdParty:1030 - CMSIS Pack Vendor :STMicroelectronics USB_DEVICE 2.0.0
2026-01-05 14:57:36,109 [INFO] ThirdParty:1030 - CMSIS Pack Vendor :STMicroelectronics X-CUBE-NFC6 3.1.0
2026-01-05 14:57:36,109 [INFO] ThirdParty:1030 - CMSIS Pack Vendor :STMicroelectronics X-CUBE-ST67W61 1.1.0
2026-01-05 14:57:36,110 [INFO] ThirdParty:1030 - CMSIS Pack Vendor :quantropi X-CUBE-qispace-sdk-base 2.1.0
2026-01-05 14:57:36,110 [INFO] ThirdParty:1030 - CMSIS Pack Vendor :STMicroelectronics X-CUBE-MEMS1 12.0.0
2026-01-05 14:57:36,110 [INFO] ThirdParty:1030 - CMSIS Pack Vendor :STMicroelectronics FP-SNS-MOTENV1 5.1.0
2026-01-05 14:57:36,110 [INFO] ThirdParty:1030 - CMSIS Pack Vendor :STMicroelectronics FreeRTOS 0.0.1
2026-01-05 14:57:36,110 [INFO] ThirdParty:1030 - CMSIS Pack Vendor :STMicroelectronics X-CUBE-AZRTOS-G0 1.1.0
2026-01-05 14:57:36,110 [INFO] ThirdParty:1030 - CMSIS Pack Vendor :STMicroelectronics X-CUBE-NFC4 3.0.0
2026-01-05 14:57:36,110 [INFO] ThirdParty:1030 - CMSIS Pack Vendor :STMicroelectronics X-CUBE-SUBG2 5.0.0
2026-01-05 14:57:36,110 [INFO] ThirdParty:1030 - CMSIS Pack Vendor :STMicroelectronics STM32_WPAN 1.0.0
2026-01-05 14:57:36,110 [INFO] ThirdParty:1030 - CMSIS Pack Vendor :EmbeddedOffice I-CUBE-FS-RTOS 1.0.1
2026-01-05 14:57:36,110 [INFO] ThirdParty:1030 - CMSIS Pack Vendor :STMicroelectronics lwIP 2.0.3
2026-01-05 14:57:36,111 [INFO] ThirdParty:1030 - CMSIS Pack Vendor :WES I-CUBE-Cesium 1.4.0
2026-01-05 14:57:36,111 [INFO] ThirdParty:1030 - CMSIS Pack Vendor :STMicroelectronics USB_HOST 1.0.0
2026-01-05 14:57:36,111 [INFO] ThirdParty:1030 - CMSIS Pack Vendor :STMicroelectronics X-CUBE-AZRTOS-G4 2.0.0
2026-01-05 14:57:36,111 [INFO] ThirdParty:1030 - CMSIS Pack Vendor :STMicroelectronics X-CUBE-WB05N 2.0.0
2026-01-05 14:57:36,111 [INFO] ThirdParty:1030 - CMSIS Pack Vendor :STMicroelectronics PDM2PCM 3.1.0
2026-01-05 14:57:36,111 [INFO] ThirdParty:1030 - CMSIS Pack Vendor :STMicroelectronics PDM2PCM 3.3.0
2026-01-05 14:57:36,112 [INFO] ThirdParty:1030 - CMSIS Pack Vendor :wolfSSL I-CUBE-wolfTPM 3.8.0
2026-01-05 14:57:36,112 [INFO] ThirdParty:1030 - CMSIS Pack Vendor :STMicroelectronics X-CUBE-AZRTOS-H7 3.4.0
2026-01-05 14:57:36,112 [INFO] ThirdParty:1030 - CMSIS Pack Vendor :STMicroelectronics X-CUBE-DISPLAY 3.0.0
2026-01-05 14:57:36,112 [INFO] ThirdParty:1030 - CMSIS Pack Vendor :wolfSSL I-CUBE-wolfSSH 1.4.20
2026-01-05 14:57:36,112 [INFO] ThirdParty:1030 - CMSIS Pack Vendor :STMicroelectronics X-CUBE-NFC7 2.0.0
2026-01-05 14:57:36,112 [INFO] ThirdParty:1030 - CMSIS Pack Vendor :STMicroelectronics X-CUBE-TCPP 4.2.0
2026-01-05 14:57:36,112 [INFO] ThirdParty:1030 - CMSIS Pack Vendor :RealThread X-CUBE-RT-Thread_Nano 4.1.1
2026-01-05 14:57:36,112 [INFO] ThirdParty:1030 - CMSIS Pack Vendor :STMicroelectronics FP-ATR-SIGFOX1 3.2.0
2026-01-05 14:57:36,112 [INFO] ThirdParty:1030 - CMSIS Pack Vendor :STMicroelectronics X-CUBE-NFC10 1.0.0
2026-01-05 14:57:36,112 [INFO] ThirdParty:1030 - CMSIS Pack Vendor :STMicroelectronics HAL Drivers 0.0.0
2026-01-05 14:57:36,112 [INFO] ThirdParty:1030 - CMSIS Pack Vendor :STMicroelectronics MBEDTLS 2.16.2
2026-01-05 14:57:36,112 [INFO] ThirdParty:1030 - CMSIS Pack Vendor :STMicroelectronics X-CUBE-ST60 1.1.0
2026-01-05 14:57:36,112 [INFO] ThirdParty:1030 - CMSIS Pack Vendor :STMicroelectronics X-CUBE-ALS 1.0.2
2026-01-05 14:57:36,112 [INFO] ThirdParty:1030 - CMSIS Pack Vendor :emotas I-CUBE-CANOPEN 1.3.0
2026-01-05 14:57:36,112 [INFO] ThirdParty:1030 - CMSIS Pack Vendor :STMicroelectronics MBEDTLS 2.14.1
2026-01-05 14:57:36,113 [INFO] ThirdParty:1030 - CMSIS Pack Vendor :STMicroelectronics X-CUBE-GNSS1 7.1.0
2026-01-05 14:57:36,113 [INFO] ThirdParty:1030 - CMSIS Pack Vendor :ITTIA_DB I-CUBE-ITTIADB 8.9.0
2026-01-05 14:57:36,113 [INFO] ThirdParty:1030 - CMSIS Pack Vendor :STMicroelectronics X-CUBE-TOUCHGFX 4.26.0
2026-01-05 14:57:36,113 [INFO] ThirdParty:1030 - CMSIS Pack Vendor :STMicroelectronics X-CUBE-STSE01 1.0.0
2026-01-05 14:57:36,113 [INFO] ThirdParty:1030 - CMSIS Pack Vendor :STMicroelectronics FP-SNS-STBOX1 2.1.0
2026-01-05 14:57:36,113 [INFO] ThirdParty:1030 - CMSIS Pack Vendor :STMicroelectronics X-CUBE-AI 10.2.0
2026-01-05 14:57:36,113 [INFO] ThirdParty:1030 - CMSIS Pack Vendor :STMicroelectronics FP-SNS-STAIOTCFT 1.0.0
2026-01-05 14:57:36,113 [INFO] ThirdParty:1030 - CMSIS Pack Vendor :STMicroelectronics ThreadX 1.0.0
2026-01-05 14:57:36,113 [INFO] ThirdParty:1030 - CMSIS Pack Vendor :STMicroelectronics FP-SNS-SMARTAG2 1.2.0
2026-01-05 14:57:36,113 [INFO] ThirdParty:1030 - CMSIS Pack Vendor :STMicroelectronics FP-SNS-FLIGHT1 5.1.0
2026-01-05 14:57:36,113 [INFO] ThirdParty:1030 - CMSIS Pack Vendor :STMicroelectronics X-CUBE-AZRTOS-WL 2.0.0
2026-01-05 14:57:36,113 [INFO] ThirdParty:1030 - CMSIS Pack Vendor :SEGGER I-CUBE-embOS 1.3.1
2026-01-05 14:57:36,113 [INFO] ThirdParty:1030 - CMSIS Pack Vendor :STMicroelectronics X-CUBE-ALGOBUILD 1.4.0
2026-01-05 14:57:36,113 [INFO] ThirdParty:1030 - CMSIS Pack Vendor :STMicroelectronics X-CUBE-DPower 1.3.0
2026-01-05 14:57:36,113 [INFO] ThirdParty:1030 - CMSIS Pack Vendor :STMicroelectronics USB_DEVICE 1.0.0
2026-01-05 14:57:36,113 [INFO] ThirdParty:1030 - CMSIS Pack Vendor :STMicroelectronics X-CUBE-AZRTOS-H7RS 1.2.0
2026-01-05 14:57:36,113 [INFO] ThirdParty:1030 - CMSIS Pack Vendor :STMicroelectronics X-CUBE-AZRTOS-L4 2.0.0
2026-01-05 14:57:36,113 [INFO] ThirdParty:1030 - CMSIS Pack Vendor :STMicroelectronics ThreadX 0.0.2
2026-01-05 14:57:36,113 [INFO] ThirdParty:1030 - CMSIS Pack Vendor :STMicroelectronics lwIP 2.1.2
2026-01-05 14:57:36,113 [INFO] ThirdParty:1030 - CMSIS Pack Vendor :STMicroelectronics X-CUBE-SFXS2LP1 4.0.0
2026-01-05 14:57:36,113 [INFO] ThirdParty:1030 - CMSIS Pack Vendor :STMicroelectronics X-CUBE-BLE2 3.3.0
2026-01-05 14:57:36,113 [INFO] ThirdParty:1030 - CMSIS Pack Vendor :Avnet-IOTCONNECT X-CUBE-iotc-st67-sdk 1.0.0
2026-01-05 14:57:36,113 [INFO] ThirdParty:1030 - CMSIS Pack Vendor :STMicroelectronics X-CUBE-TOF1 3.4.3
2026-01-05 14:57:36,113 [INFO] ThirdParty:1030 - CMSIS Pack Vendor :Infineon AIROC-Wi-Fi-Bluetooth-STM32 1.8.0
2026-01-05 14:57:36,113 [INFO] ThirdParty:1030 - CMSIS Pack Vendor :STMicroelectronics PDM2PCM 3.2.0
2026-01-05 14:57:36,113 [INFO] ThirdParty:841 - exiting critical section [change project]
2026-01-05 14:57:36,214 [INFO] PinOutPanel:1589 - setPackage(No Configuration,No Configuration)
2026-01-05 14:57:36,215 [INFO] PinOutPanel:1589 - setPackage(STM32L412RBTxP,LQFP64)
2026-01-05 14:57:36,441 [INFO] UtilMem:75 - Before build in PCC Used Memory: 973924256 Bytes (1073741824)
2026-01-05 14:57:36,771 [INFO] UtilMem:75 - After build in PCC Used Memory: 761620008 Bytes (1073741824)
2026-01-05 14:57:36,785 [INFO] IPUIPlugin:80 - create IPUIPlugin
2026-01-05 14:57:36,785 [INFO] IPUIPlugin:80 - create IPUIPlugin
2026-01-05 14:57:36,785 [INFO] IPUIPlugin:80 - create IPUIPlugin
2026-01-05 14:57:36,785 [INFO] IPUIPlugin:80 - create IPUIPlugin
2026-01-05 14:57:36,785 [INFO] IPUIPlugin:80 - create IPUIPlugin
2026-01-05 14:57:36,786 [INFO] IPUIPlugin:80 - create IPUIPlugin
2026-01-05 14:57:36,786 [INFO] IPUIPlugin:80 - create IPUIPlugin
2026-01-05 14:57:36,786 [INFO] IPUIPlugin:80 - create IPUIPlugin
2026-01-05 14:57:36,786 [INFO] IPUIPlugin:80 - create IPUIPlugin
2026-01-05 14:57:36,786 [INFO] IPUIPlugin:80 - create IPUIPlugin
2026-01-05 14:57:36,786 [INFO] IPUIPlugin:80 - create IPUIPlugin
2026-01-05 14:57:36,786 [INFO] IPUIPlugin:80 - create IPUIPlugin
2026-01-05 14:57:36,786 [INFO] IPUIPlugin:80 - create IPUIPlugin
2026-01-05 14:57:36,786 [INFO] IPUIPlugin:80 - create IPUIPlugin
2026-01-05 14:57:36,786 [INFO] IPUIPlugin:80 - create IPUIPlugin
2026-01-05 14:57:36,786 [INFO] IPUIPlugin:80 - create IPUIPlugin
2026-01-05 14:57:36,786 [INFO] IPUIPlugin:80 - create IPUIPlugin
2026-01-05 14:57:36,786 [INFO] IPUIPlugin:80 - create IPUIPlugin
2026-01-05 14:57:36,787 [INFO] IPUIPlugin:80 - create IPUIPlugin
2026-01-05 14:57:36,787 [INFO] IPUIPlugin:80 - create IPUIPlugin
2026-01-05 14:57:36,787 [INFO] IPUIPlugin:80 - create IPUIPlugin
2026-01-05 14:57:36,787 [INFO] IPUIPlugin:80 - create IPUIPlugin
2026-01-05 14:57:36,787 [INFO] IPUIPlugin:80 - create IPUIPlugin
2026-01-05 14:57:36,787 [INFO] IPUIPlugin:80 - create IPUIPlugin
2026-01-05 14:57:36,787 [INFO] IPUIPlugin:80 - create IPUIPlugin
2026-01-05 14:57:36,787 [INFO] IPUIPlugin:80 - create IPUIPlugin
2026-01-05 14:57:36,787 [INFO] IPUIPlugin:80 - create IPUIPlugin
2026-01-05 14:57:36,787 [INFO] IPUIPlugin:80 - create IPUIPlugin
2026-01-05 14:57:36,788 [INFO] IPUIPlugin:80 - create IPUIPlugin
2026-01-05 14:57:36,788 [INFO] IPUIPlugin:80 - create IPUIPlugin
2026-01-05 14:57:36,788 [INFO] IPUIPlugin:80 - create IPUIPlugin
2026-01-05 14:57:36,788 [INFO] IPUIPlugin:80 - create IPUIPlugin
2026-01-05 14:57:36,788 [INFO] IPUIPlugin:80 - create IPUIPlugin
2026-01-05 14:57:36,788 [INFO] IPUIPlugin:80 - create IPUIPlugin
2026-01-05 14:57:36,788 [INFO] IPUIPlugin:80 - create IPUIPlugin
2026-01-05 14:57:36,789 [INFO] IPUIPlugin:80 - create IPUIPlugin
2026-01-05 14:57:36,789 [INFO] IPUIPlugin:80 - create IPUIPlugin
2026-01-05 14:57:36,789 [INFO] IPUIPlugin:80 - create IPUIPlugin
2026-01-05 14:57:36,821 [INFO] CADModel:165 - CPN selected for project levelSTM32L412RBT6P
2026-01-05 14:57:36,821 [INFO] CADModel:114 - Register for checkConnection events
2026-01-05 14:57:36,873 [INFO] OpenFileManager:386 - Restore cursor
2026-01-05 15:11:05,962 [INFO] WebApp:194 - Connection lost
2026-01-05 15:11:06,127 [INFO] WebApp:191 - Connection restablished
2026-01-05 15:40:07,149 [INFO] NvicIntPanel:101 - NVIC parent = com.st.microxplorer.plugins.ip.nvic.MultiNvicIntPanel[,0,0,452x322,layout=javax.swing.BoxLayout,alignmentX=0.0,alignmentY=0.0,border=,flags=9,maximumSize=,minimumSize=,preferredSize=]
2026-01-05 15:41:05,970 [INFO] WebApp:194 - Connection lost
2026-01-05 15:41:06,162 [INFO] WebApp:191 - Connection restablished
2026-01-05 15:54:03,793 [INFO] NvicIntPanel:101 - NVIC parent = com.st.microxplorer.plugins.ip.nvic.MultiNvicIntPanel[,0,0,452x322,layout=javax.swing.BoxLayout,alignmentX=0.0,alignmentY=0.0,border=,flags=9,maximumSize=,minimumSize=,preferredSize=]
2026-01-05 15:56:42,410 [INFO] NvicIntPanel:101 - NVIC parent = com.st.microxplorer.plugins.ip.nvic.MultiNvicIntPanel[,0,0,452x322,layout=javax.swing.BoxLayout,alignmentX=0.0,alignmentY=0.0,border=,flags=9,maximumSize=,minimumSize=,preferredSize=]
2026-01-05 15:56:58,931 [INFO] NvicIntPanel:101 - NVIC parent = com.st.microxplorer.plugins.ip.nvic.MultiNvicIntPanel[,0,0,0x0,invalid,layout=javax.swing.BoxLayout,alignmentX=0.0,alignmentY=0.0,border=,flags=9,maximumSize=,minimumSize=,preferredSize=]
2026-01-05 15:56:59,148 [INFO] NvicIntPanel:101 - NVIC parent = com.st.microxplorer.plugins.ip.nvic.MultiNvicIntPanel[,0,0,0x0,invalid,layout=javax.swing.BoxLayout,alignmentX=0.0,alignmentY=0.0,border=,flags=9,maximumSize=,minimumSize=,preferredSize=]
2026-01-05 15:57:33,439 [INFO] NvicIntPanel:101 - NVIC parent = com.st.microxplorer.plugins.ip.nvic.MultiNvicIntPanel[,0,0,0x0,invalid,layout=javax.swing.BoxLayout,alignmentX=0.0,alignmentY=0.0,border=,flags=9,maximumSize=,minimumSize=,preferredSize=]
2026-01-05 16:01:48,896 [INFO] NvicIntPanel:101 - NVIC parent = com.st.microxplorer.plugins.ip.nvic.MultiNvicIntPanel[,0,0,0x0,invalid,layout=javax.swing.BoxLayout,alignmentX=0.0,alignmentY=0.0,border=,flags=9,maximumSize=,minimumSize=,preferredSize=]
2026-01-05 16:11:06,967 [INFO] WebApp:194 - Connection lost
2026-01-05 16:11:07,157 [INFO] WebApp:191 - Connection restablished
2026-01-05 16:24:04,558 [INFO] NvicIntPanel:101 - NVIC parent = com.st.microxplorer.plugins.ip.nvic.MultiNvicIntPanel[,0,0,0x0,invalid,layout=javax.swing.BoxLayout,alignmentX=0.0,alignmentY=0.0,border=,flags=9,maximumSize=,minimumSize=,preferredSize=]
2026-01-05 16:26:47,942 [INFO] WebApp:194 - Connection lost
2026-01-05 16:26:48,137 [INFO] WebApp:191 - Connection restablished
2026-01-05 16:27:05,064 [INFO] NvicIntPanel:101 - NVIC parent = com.st.microxplorer.plugins.ip.nvic.MultiNvicIntPanel[,0,0,0x0,invalid,layout=javax.swing.BoxLayout,alignmentX=0.0,alignmentY=0.0,border=,flags=9,maximumSize=,minimumSize=,preferredSize=]
2026-01-05 16:27:07,536 [INFO] NvicIntPanel:101 - NVIC parent = com.st.microxplorer.plugins.ip.nvic.MultiNvicIntPanel[,0,0,0x0,invalid,layout=javax.swing.BoxLayout,alignmentX=0.0,alignmentY=0.0,border=,flags=9,maximumSize=,minimumSize=,preferredSize=]
2026-01-05 16:29:34,938 [INFO] UtilMem:75 - End SaveConfig() Used Memory: 876864944 Bytes (1073741824)
2026-01-05 16:29:36,972 [INFO] UtilMem:75 - End SaveConfig() Used Memory: 917769800 Bytes (1073741824)
2026-01-05 16:29:38,453 [INFO] UtilMem:75 - End SaveConfig() Used Memory: 992745232 Bytes (1073741824)
2026-01-05 16:29:38,918 [INFO] BlockDiagram:2775 - set Specific Code input for plugin: NVIC
2026-01-05 16:29:38,918 [INFO] BlockDiagram:2775 - set Specific Code input for plugin: TIM1_8L4
2026-01-05 16:29:38,918 [INFO] BlockDiagram:2775 - set Specific Code input for plugin: TIM1_8L4
2026-01-05 16:29:38,918 [INFO] BlockDiagram:2775 - set Specific Code input for plugin: SYS
2026-01-05 16:29:38,918 [INFO] BlockDiagram:2775 - set Specific Code input for plugin: GPIO
2026-01-05 16:29:38,918 [INFO] BlockDiagram:2775 - set Specific Code input for plugin: RCC
2026-01-05 16:29:38,918 [INFO] BlockDiagram:2775 - set Specific Code input for plugin: LPUART
2026-01-05 16:29:38,919 [INFO] CodeGenerator:892 - code generatio: config db path: C:\ST\STM32CubeIDE_1.19.0\STM32CubeIDE\plugins\com.st.stm32cube.common.mx_6.15.0.202507011659\\db\
2026-01-05 16:29:39,091 [INFO] CodeEngine:265 - oldGeneratedFile, C:\Users\CAMMSYS\STM32CubeIDE\workspace_1.19.0\lv1_sc\MXTmpFiles\license.tmp_save
2026-01-05 16:29:39,292 [INFO] CodeEngine:289 - Generated code: C:\Users\CAMMSYS\STM32CubeIDE\workspace_1.19.0\lv1_sc\MXTmpFiles\license.tmp
2026-01-05 16:29:39,358 [INFO] CodeEngine:265 - oldGeneratedFile, C:\Users\CAMMSYS\STM32CubeIDE\workspace_1.19.0\lv1_sc\MXTmpFiles\gpio.tmp_save
2026-01-05 16:29:39,496 [INFO] CodeEngine:289 - Generated code: C:\Users\CAMMSYS\STM32CubeIDE\workspace_1.19.0\lv1_sc\MXTmpFiles\gpio.tmp
2026-01-05 16:29:39,804 [INFO] CodeEngine:265 - oldGeneratedFile, C:\Users\CAMMSYS\STM32CubeIDE\workspace_1.19.0\lv1_sc\Core\Src\stm32l4xx_it.c_save
2026-01-05 16:29:40,043 [INFO] CodeEngine:289 - Generated code: C:\Users\CAMMSYS\STM32CubeIDE\workspace_1.19.0\lv1_sc\Core\Src\stm32l4xx_it.c
2026-01-05 16:29:40,055 [INFO] CodeEngine:265 - oldGeneratedFile, C:\Users\CAMMSYS\STM32CubeIDE\workspace_1.19.0\lv1_sc\Core\Inc\stm32l4xx_it.h_save
2026-01-05 16:29:40,114 [INFO] CodeEngine:289 - Generated code: C:\Users\CAMMSYS\STM32CubeIDE\workspace_1.19.0\lv1_sc\Core\Inc\stm32l4xx_it.h
2026-01-05 16:29:40,133 [INFO] CodeEngine:265 - oldGeneratedFile, C:\Users\CAMMSYS\STM32CubeIDE\workspace_1.19.0\lv1_sc\Core\Src\stm32l4xx_hal_msp.c_save
2026-01-05 16:29:40,250 [INFO] CodeEngine:289 - Generated code: C:\Users\CAMMSYS\STM32CubeIDE\workspace_1.19.0\lv1_sc\Core\Src\stm32l4xx_hal_msp.c
2026-01-05 16:29:40,258 [INFO] CodeEngine:265 - oldGeneratedFile, C:\Users\CAMMSYS\STM32CubeIDE\workspace_1.19.0\lv1_sc\MXTmpFiles\system.tmp_save
2026-01-05 16:29:40,306 [INFO] CodeEngine:289 - Generated code: C:\Users\CAMMSYS\STM32CubeIDE\workspace_1.19.0\lv1_sc\MXTmpFiles\system.tmp
2026-01-05 16:29:40,325 [INFO] CodeEngine:321 - oldGeneratedFile, C:\Users\CAMMSYS\STM32CubeIDE\workspace_1.19.0\lv1_sc\Core\Inc\stm32l4xx_hal_conf.h_save
2026-01-05 16:29:40,379 [INFO] CodeEngine:345 - Generated code: C:\Users\CAMMSYS\STM32CubeIDE\workspace_1.19.0\lv1_sc\Core\Inc\stm32l4xx_hal_conf.h
2026-01-05 16:29:40,409 [INFO] ApiDbMcu:532 - Load IP Config File for LPUART1
2026-01-05 16:29:40,419 [INFO] ApiDbMcu:532 - Load IP Config File for TIM1
2026-01-05 16:29:40,427 [INFO] ApiDbMcu:532 - Load IP Config File for TIM15
2026-01-05 16:29:40,432 [INFO] ApiDbMcu:532 - Load IP Config File for RCC
2026-01-05 16:29:40,433 [WARN] IPConfigManager:3811 - IP not found : TIM
2026-01-05 16:29:40,434 [WARN] CodeGenerator:4259 - IP not found : null
2026-01-05 16:29:40,446 [INFO] CodeEngine:265 - oldGeneratedFile, C:\Users\CAMMSYS\STM32CubeIDE\workspace_1.19.0\lv1_sc\Core\Inc\main.h_save
2026-01-05 16:29:40,525 [INFO] CodeEngine:289 - Generated code: C:\Users\CAMMSYS\STM32CubeIDE\workspace_1.19.0\lv1_sc\Core\Inc\main.h
2026-01-05 16:29:40,536 [INFO] CodeEngine:265 - oldGeneratedFile, C:\Users\CAMMSYS\STM32CubeIDE\workspace_1.19.0\lv1_sc\Core\Src\main.c_save
2026-01-05 16:29:40,634 [INFO] CodeEngine:289 - Generated code: C:\Users\CAMMSYS\STM32CubeIDE\workspace_1.19.0\lv1_sc\Core\Src\main.c
2026-01-05 16:29:41,209 [INFO] ProjectBuilder:3606 - Time for Copy HAL[1] : 384mS.
2026-01-05 16:29:41,214 [INFO] ProjectBuilder:5216 - Project Generator version: 4.7.0-B52
2026-01-05 16:29:41,265 [INFO] ConfigFileManager:1595 - The Die is : DIE464
2026-01-05 16:29:41,268 [INFO] ApiDbMcu:532 - Load IP Config File for FATFS
2026-01-05 16:29:41,271 [INFO] ApiDbMcu:532 - Load IP Config File for FREERTOS
2026-01-05 16:29:41,278 [INFO] ApiDbMcu:532 - Load IP Config File for TOUCHSENSING
2026-01-05 16:29:41,282 [INFO] ApiDbMcu:532 - Load IP Config File for USB_DEVICE
2026-01-05 16:29:42,062 [INFO] ProjectBuilder:5496 - Time for Generating toolchain IDE Files: 848mS.
2026-01-05 16:29:42,065 [INFO] ProjectBuilder:3463 - Time for Copy CMSIS : 1mS.
2026-01-05 16:29:42,070 [INFO] ProjectBuilder:3463 - Time for Copy CMSIS : 1mS.
2026-01-05 16:41:08,002 [INFO] WebApp:194 - Connection lost
2026-01-05 16:41:08,167 [INFO] WebApp:191 - Connection restablished
2026-01-05 17:02:45,987 [INFO] WebApp:194 - Connection lost
2026-01-05 17:02:46,174 [INFO] WebApp:191 - Connection restablished
2026-01-05 17:02:53,480 [INFO] WebApp:194 - Connection lost
2026-01-05 17:02:53,640 [INFO] WebApp:191 - Connection restablished
2026-01-05 17:05:10,553 [INFO] WebApp:194 - Connection lost
2026-01-05 17:05:10,753 [INFO] WebApp:191 - Connection restablished
2026-01-05 17:08:47,609 [INFO] MainUpdater:2872 - connection check result : 10
2026-01-05 17:08:47,701 [INFO] McuFinderGlobals:76 - Set McuFinderConnectedMode to true
2026-01-05 17:08:47,701 [INFO] MultiScanPanel:200 - Auto-refresh data requested => check proxy status ongoing
2026-01-05 17:08:47,702 [INFO] FinderPluginLoader:96 - Searching for filters in installed packs
2026-01-05 17:08:48,496 [INFO] LoadUrlFilesThread:185 - End of LoadServerUrlFiles without Thread
2026-01-05 17:08:48,496 [INFO] DetailPanel:341 - Set advertising image to C:/Users/CAMMSYS/STM32Cube/Repository/\en.prom-st67w-expansion-board.png
2026-01-05 17:09:19,743 [INFO] MultiScanPanel:200 - Auto-refresh data requested => check proxy status ongoing
2026-01-05 17:09:19,775 [INFO] LoadUrlFilesThread:185 - End of LoadServerUrlFiles without Thread
2026-01-05 17:09:19,775 [INFO] DetailPanel:341 - Set advertising image to C:/Users/CAMMSYS/STM32Cube/Repository/\en.prom-st67w-expansion-board.png
2026-01-05 17:10:49,070 [INFO] MainUpdater:2872 - connection check result : 10
2026-01-05 17:10:49,071 [INFO] MainUpdater:2872 - connection check result : 10
2026-01-05 17:10:49,150 [INFO] MicroXplorer:468 - Change Database Path : 
2026-01-05 17:10:49,150 [INFO] MicroXplorer:498 - Change Database Version : DB.6.0.150
2026-01-05 17:10:49,188 [ERROR] ProjectManagerView:395 - 
java.lang.NullPointerException: Cannot invoke "javax.swing.JTextField.getText()" because the return value of "java.util.List.get(int)" is null
	at com.st.microxplorer.plugins.projectmanager.gui.ProjectChoiceTab$9.caretUpdate(ProjectChoiceTab.java:2706) ~[filemanager.jar:?]
	at javax.swing.text.JTextComponent.fireCaretUpdate(JTextComponent.java:408) ~[?:?]
	at javax.swing.text.JTextComponent$MutableCaretEvent.fire(JTextComponent.java:4484) ~[?:?]
	at javax.swing.text.JTextComponent$MutableCaretEvent.stateChanged(JTextComponent.java:4506) ~[?:?]
	at javax.swing.text.DefaultCaret.fireStateChanged(DefaultCaret.java:857) ~[?:?]
	at javax.swing.text.DefaultCaret.changeCaretPosition(DefaultCaret.java:1343) ~[?:?]
	at javax.swing.text.DefaultCaret.handleSetDot(DefaultCaret.java:1242) ~[?:?]
	at javax.swing.text.DefaultCaret.setDot(DefaultCaret.java:1223) ~[?:?]
	at javax.swing.text.DefaultCaret$Handler.insertUpdate(DefaultCaret.java:1819) ~[?:?]
	at javax.swing.text.AbstractDocument.fireInsertUpdate(AbstractDocument.java:227) ~[?:?]
	at javax.swing.text.AbstractDocument.handleInsertString(AbstractDocument.java:781) ~[?:?]
	at javax.swing.text.AbstractDocument.insertString(AbstractDocument.java:740) ~[?:?]
	at javax.swing.text.PlainDocument.insertString(PlainDocument.java:131) ~[?:?]
	at javax.swing.text.AbstractDocument.replace(AbstractDocument.java:699) ~[?:?]
	at javax.swing.text.JTextComponent.setText(JTextComponent.java:1725) ~[?:?]
	at com.st.microxplorer.plugins.projectmanager.gui.ProjectChoiceTab.createHeapStackFields(ProjectChoiceTab.java:993) ~[filemanager.jar:?]
	at com.st.microxplorer.plugins.projectmanager.gui.ProjectChoiceTab.buildLinkSettingsPanel(ProjectChoiceTab.java:3813) ~[filemanager.jar:?]
	at com.st.microxplorer.plugins.projectmanager.gui.ProjectChoiceTab.defineWindowsFields(ProjectChoiceTab.java:1987) ~[filemanager.jar:?]
	at com.st.microxplorer.plugins.projectmanager.gui.ProjectChoiceTab.updateSettings(ProjectChoiceTab.java:558) ~[filemanager.jar:?]
	at com.st.microxplorer.plugins.projectmanager.gui.ProjectSettingsPanel.UpdateDialog(ProjectSettingsPanel.java:247) ~[filemanager.jar:?]
	at com.st.microxplorer.plugins.projectmanager.ProjectManagerView.propertyChange(ProjectManagerView.java:392) ~[filemanager.jar:?]
	at java.beans.PropertyChangeSupport.fire(PropertyChangeSupport.java:343) ~[?:?]
	at java.beans.PropertyChangeSupport.firePropertyChange(PropertyChangeSupport.java:335) ~[?:?]
	at java.beans.PropertyChangeSupport.firePropertyChange(PropertyChangeSupport.java:268) ~[?:?]
	at com.st.microxplorer.util.MXPropertyChangeSupport.firePropertyChange(MXPropertyChangeSupport.java:54) ~[STM32CubeMX.jar:?]
	at com.st.microxplorer.mxsystem.MxSystem.closeConfig(MxSystem.java:899) ~[STM32CubeMX.jar:?]
	at com.st.microxplorer.maingui.MainPanel.closeConfig(MainPanel.java:792) ~[STM32CubeMX.jar:?]
	at com.st.microxplorer.plugins.filemanager.engine.OpenFileManager.loadConfigurationFile(OpenFileManager.java:288) ~[filemanager.jar:?]
	at com.st.microxplorer.plugins.filemanager.engine.MainFileManager.userLoadConfig(MainFileManager.java:364) ~[filemanager.jar:?]
	at com.st.microxplorer.plugins.filemanager.FileManagerView.getSpecificTask(FileManagerView.java:268) ~[filemanager.jar:?]
	at com.st.stm32cube.common.mx.editor.CubeMxEditor.getMxTabbedPaneInstance(CubeMxEditor.java:1191) ~[com.st.stm32cube.common.mx_6.15.0.202507011659/:?]
	at com.st.stm32cube.common.mx.editor.CubeMxEditor$12$1.createSwingComponent(CubeMxEditor.java:1068) ~[com.st.stm32cube.common.mx_6.15.0.202507011659/:?]
	at com.st.stm32cube.common.mx.oss.core.awtswtbridge.EmbeddedSwingComposite.doComponentCreation(EmbeddedSwingComposite.java:492) ~[com.st.stm32cube.common.mx.oss_6.15.0.202507011659/:?]
	at com.st.stm32cube.common.mx.oss.core.awtswtbridge.EmbeddedSwingComposite$4.run(EmbeddedSwingComposite.java:291) ~[com.st.stm32cube.common.mx.oss_6.15.0.202507011659/:?]
	at com.st.stm32cube.common.mx.oss.core.awtswtbridge.AwtEnvironment$2.run(AwtEnvironment.java:166) ~[com.st.stm32cube.common.mx.oss_6.15.0.202507011659/:?]
	at java.awt.event.InvocationEvent.dispatch(InvocationEvent.java:318) ~[?:?]
	at java.awt.EventQueue.dispatchEventImpl(EventQueue.java:773) ~[?:?]
	at java.awt.EventQueue$4.run(EventQueue.java:720) ~[?:?]
	at java.awt.EventQueue$4.run(EventQueue.java:714) ~[?:?]
	at java.security.AccessController.doPrivileged(AccessController.java:400) ~[?:?]
	at java.security.ProtectionDomain$JavaSecurityAccessImpl.doIntersectionPrivilege(ProtectionDomain.java:87) ~[?:?]
	at java.awt.EventQueue.dispatchEvent(EventQueue.java:742) ~[?:?]
	at java.awt.EventDispatchThread.pumpOneEventForFilters(EventDispatchThread.java:203) ~[?:?]
	at java.awt.EventDispatchThread.pumpEventsForFilter(EventDispatchThread.java:124) ~[?:?]
	at java.awt.EventDispatchThread.pumpEventsForHierarchy(EventDispatchThread.java:113) ~[?:?]
	at java.awt.EventDispatchThread.pumpEvents(EventDispatchThread.java:109) ~[?:?]
	at java.awt.EventDispatchThread.pumpEvents(EventDispatchThread.java:101) ~[?:?]
	at java.awt.EventDispatchThread.run(EventDispatchThread.java:90) ~[?:?]
2026-01-05 17:10:49,190 [WARN] ThirdParty:871 - waiting for thirdparty lock release [close project]
2026-01-05 17:10:49,190 [INFO] ThirdParty:873 - entering critical section [close project]
2026-01-05 17:10:49,190 [INFO] ThirdParty:883 - exiting critical section [close project]
2026-01-05 17:10:49,193 [INFO] PinOutPanel:1589 - setPackage(No Configuration,No Configuration)
2026-01-05 17:10:49,201 [INFO] UtilMem:75 - Begin LoadConfig() Used Memory: 863619088 Bytes (1073741824)
2026-01-05 17:10:49,206 [INFO] MicroXplorer:468 - Change Database Path : 
2026-01-05 17:10:49,206 [INFO] MicroXplorer:498 - Change Database Version : DB.6.0.150
2026-01-05 17:10:49,206 [INFO] OpenFileManager:355 - Change cursor
2026-01-05 17:10:49,233 [INFO] RulesReader:64 - Compatibility file has been processed (317 Rules)
2026-01-05 17:10:49,237 [INFO] Mcu:2029 - Initializing MCU STM32L412RBTxP STM32L412RBTxP STM32L412RBT6P
2026-01-05 17:10:50,196 [INFO] Context:786 - Trying to add GPIOservice into a context  which must be forbidden
2026-01-05 17:10:50,561 [INFO] Rule:233 - rule Adapt Old IOC before rework replace old CORTEX_M33/CORTEX_M55 attributes by the new one. is applicable
2026-01-05 17:10:50,561 [INFO] Rule:233 - rule Rename parametre of RCC RCC_APBDBG_DIV2 to RCC_TIMPRES_DIV2 is applicable
2026-01-05 17:10:50,561 [INFO] Rule:233 - rule Rename DIE493 pin PA10 [PA12] -> PA10 is applicable
2026-01-05 17:10:50,561 [INFO] Rule:233 - rule Rename DIE493 pin PA9 [PA11] -> PA9 is applicable
2026-01-05 17:10:50,561 [INFO] Rule:233 - rule Rename DIE492 PartNumber CPN STM32WBA5MJGHx -> STM32WBA5MMGHx is applicable
2026-01-05 17:10:50,561 [INFO] Rule:233 - rule Rename DIE492 PartNumber  Name STM32WBA5MJGHx -> STM32WBA5MMGHx is applicable
2026-01-05 17:10:50,561 [INFO] Rule:233 - rule Rename DIE492 PartNumber UserName STM32WBA5MJGHx -> STM32WBA5MMGHx is applicable
2026-01-05 17:10:50,561 [INFO] Rule:233 - rule Rename DIE492 PartNumber DeviceId STM32WBA5MJGHx -> STM32WBA5MMGHx is applicable
2026-01-05 17:10:50,561 [INFO] Rule:233 - rule Adapt Old IOC CSI. is applicable
2026-01-05 17:10:50,561 [INFO] Rule:233 - rule Adapt Old IOC DCMIPP. is applicable
2026-01-05 17:10:50,561 [INFO] Rule:233 - rule Adapt Old IOC DCMIPP Mode Parallel. is applicable
2026-01-05 17:10:50,561 [INFO] Rule:233 - rule Adapt Old IOC LTDC. is applicable
2026-01-05 17:10:50,561 [INFO] Rule:233 - rule Rename STM32MP2 RIF Peripheral LTDC RIF.RISUP.LTDC_L0L1.Privilege -> RIF.RISUP.LTDC_L1L2.Privilege is applicable
2026-01-05 17:10:50,561 [INFO] Rule:233 - rule Rename STM32MP2 RIF Peripheral LTDC RIF.RISUP.LTDC_L0L1.Privilege -> RIF.RISUP.LTDC_L1L2.Privilege is applicable
2026-01-05 17:10:50,561 [INFO] Rule:233 - rule Rename STM32MP2 RIF Peripheral LTDC RIF.RISUP.LTDC_L0L1.Lock -> RIF.RISUP.LTDC_L1L2.Lock is applicable
2026-01-05 17:10:50,561 [INFO] Rule:233 - rule Rename STM32MP2 RIF Peripheral LTDC RIF.RISUP.LTDC_L2.Lock -> RIF.RISUP.LTDC_L3.Lock is applicable
2026-01-05 17:10:50,561 [INFO] Rule:233 - rule Adapt the old IOC example for updating the SYS when it is misconfigured. is applicable
2026-01-05 17:10:50,561 [INFO] Rule:233 - rule Rename STM32C09 Mcu.Package LQFP64 -> LQFP48 is applicable
2026-01-05 17:10:50,561 [INFO] Rule:233 - rule Adapt the old IOC example for updating the SYS when it is misconfigured. is applicable
2026-01-05 17:10:50,561 [INFO] Rule:233 - rule Adapt the old IOC example for updating the SYS when it is misconfigured. is applicable
2026-01-05 17:10:50,562 [INFO] DbConfProperties:307 - Apply Compatibility (4/20 Rules)
2026-01-05 17:10:50,571 [INFO] ImportTextPane:234 - (OptionalMessage_ERROR) Pin16 (VP_RIF_VS_RIF1) cannot be retrieved for this MCU
2026-01-05 17:10:50,697 [INFO] RtosManager:558 - Registered RTOS mode: class=CMSIS, group=RTOS, mode=CMSIS_V1, owner=FREERTOS
2026-01-05 17:10:50,698 [INFO] RtosManager:558 - Registered RTOS mode: class=CMSIS, group=RTOS2, mode=CMSIS_V2, owner=FREERTOS
2026-01-05 17:10:50,698 [INFO] RtosManager:558 - Registered RTOS mode: class=RTOS, group=Core, mode=CMSIS_V1, owner=FREERTOS
2026-01-05 17:10:50,698 [INFO] RtosManager:558 - Registered RTOS mode: class=RTOS, group=Core, mode=CMSIS_V2, owner=FREERTOS
2026-01-05 17:10:50,698 [WARN] ModelIntegratedComponent:184 - Missing modes for component STMicroelectronics:FreeRTOS:0.0.1:STMicroelectronics:RTOS:FreeRTOS:Core:::10.2.0:
2026-01-05 17:10:50,703 [WARN] ModelIntegratedComponent:63 - No mode defined for component null
2026-01-05 17:10:50,703 [WARN] ModelIntegratedComponent:63 - No mode defined for component null
2026-01-05 17:10:50,703 [WARN] ModelIntegratedComponent:63 - No mode defined for component null
2026-01-05 17:10:50,703 [WARN] ModelIntegratedComponent:63 - No mode defined for component null
2026-01-05 17:10:50,703 [WARN] ModelIntegratedComponent:63 - No mode defined for component null
2026-01-05 17:10:50,703 [WARN] ModelIntegratedComponent:63 - No mode defined for component null
2026-01-05 17:10:50,703 [WARN] ModelIntegratedComponent:63 - No mode defined for component null
2026-01-05 17:10:50,703 [WARN] ModelIntegratedComponent:63 - No mode defined for component null
2026-01-05 17:10:50,703 [WARN] ModelIntegratedComponent:63 - No mode defined for component null
2026-01-05 17:10:50,703 [WARN] ModelIntegratedComponent:63 - No mode defined for component null
2026-01-05 17:10:50,703 [WARN] ModelIntegratedComponent:63 - No mode defined for component null
2026-01-05 17:10:50,703 [WARN] ModelIntegratedComponent:63 - No mode defined for component null
2026-01-05 17:10:50,703 [WARN] ModelIntegratedComponent:63 - No mode defined for component null
2026-01-05 17:10:50,703 [WARN] ModelIntegratedComponent:63 - No mode defined for component null
2026-01-05 17:10:50,703 [WARN] ModelIntegratedComponent:63 - No mode defined for component null
2026-01-05 17:10:50,703 [WARN] ModelIntegratedComponent:63 - No mode defined for component null
2026-01-05 17:10:50,703 [WARN] ModelIntegratedComponent:63 - No mode defined for component null
2026-01-05 17:10:50,704 [WARN] ModelIntegratedComponent:63 - No mode defined for component null
2026-01-05 17:10:50,704 [WARN] ModelIntegratedComponent:63 - No mode defined for component null
2026-01-05 17:10:50,704 [WARN] ModelIntegratedComponent:63 - No mode defined for component null
2026-01-05 17:10:50,704 [WARN] ModelIntegratedComponent:63 - No mode defined for component null
2026-01-05 17:10:50,704 [WARN] ModelIntegratedComponent:63 - No mode defined for component null
2026-01-05 17:10:50,704 [WARN] ModelIntegratedComponent:63 - No mode defined for component null
2026-01-05 17:10:50,704 [WARN] ModelIntegratedComponent:63 - No mode defined for component null
2026-01-05 17:10:50,704 [WARN] ModelIntegratedComponent:63 - No mode defined for component null
2026-01-05 17:10:50,704 [WARN] ModelIntegratedComponent:63 - No mode defined for component null
2026-01-05 17:10:50,704 [WARN] ModelIntegratedComponent:63 - No mode defined for component null
2026-01-05 17:10:50,704 [WARN] ModelIntegratedComponent:63 - No mode defined for component null
2026-01-05 17:10:50,704 [WARN] ModelIntegratedComponent:63 - No mode defined for component null
2026-01-05 17:10:50,704 [WARN] ModelIntegratedComponent:63 - No mode defined for component null
2026-01-05 17:10:50,704 [WARN] ModelIntegratedComponent:63 - No mode defined for component null
2026-01-05 17:10:50,704 [WARN] ModelIntegratedComponent:63 - No mode defined for component null
2026-01-05 17:10:50,704 [WARN] ModelIntegratedComponent:63 - No mode defined for component null
2026-01-05 17:10:50,704 [WARN] ModelIntegratedComponent:63 - No mode defined for component null
2026-01-05 17:10:50,704 [WARN] ModelIntegratedComponent:63 - No mode defined for component null
2026-01-05 17:10:50,704 [WARN] ModelPack:524 - Component already loaded: STMicroelectronics:HAL Drivers:0.0.0:STMicroelectronics:Device:STMicro_Driver:XSPI:HAL::0.0.1:HAL_XSPI
2026-01-05 17:10:50,717 [INFO] ThirdPartyModel:298 - Start build external matchings
2026-01-05 17:10:50,916 [INFO] ThirdPartyModel:316 - End build external matchings
2026-01-05 17:10:50,922 [INFO] ImportTextPane:234 - (OptionalMessage_ERROR) IP (RCC) : Invalid parameter (FamilyName)
2026-01-05 17:10:50,923 [INFO] ImportTextPane:234 - (OptionalMessage_ERROR) IP (RCC) : Parameter (USBFreq_Value) has invalid value (4000000)
2026-01-05 17:10:51,151 [INFO] UtilMem:75 - End LoadConfig() Used Memory: 734965072 Bytes (1073741824)
2026-01-05 17:10:51,219 [WARN] ThirdParty:833 - waiting for thirdparty lock release [change project]
2026-01-05 17:10:51,219 [INFO] ThirdParty:835 - entering critical section [change project]
2026-01-05 17:10:51,219 [INFO] ThirdParty:1030 - CMSIS Pack Vendor :STMicroelectronics X-CUBE-PM33A1 1.0.0
2026-01-05 17:10:51,219 [INFO] ThirdParty:1030 - CMSIS Pack Vendor :STMicroelectronics USBPD 4.1
2026-01-05 17:10:51,219 [INFO] ThirdParty:1030 - CMSIS Pack Vendor :STMicroelectronics X-CUBE-NFC9 1.0.0
2026-01-05 17:10:51,219 [INFO] ThirdParty:1030 - CMSIS Pack Vendor :STMicroelectronics USB_HOST 2.0.0
2026-01-05 17:10:51,219 [INFO] ThirdParty:1030 - CMSIS Pack Vendor :STMicroelectronics FP-SNS-MOTENVWB1 1.4.0
2026-01-05 17:10:51,221 [INFO] ThirdParty:1030 - CMSIS Pack Vendor :STMicroelectronics X-CUBE-AZRTOS-F4 1.1.0
2026-01-05 17:10:51,221 [INFO] ThirdParty:1030 - CMSIS Pack Vendor :STMicroelectronics LIBJPEG 8.0.0
2026-01-05 17:10:51,221 [INFO] ThirdParty:1030 - CMSIS Pack Vendor :STMicroelectronics FP-ATR-ASTRA1 2.0.2
2026-01-05 17:10:51,221 [INFO] ThirdParty:1030 - CMSIS Pack Vendor :STMicroelectronics X-CUBE-BLE1 7.1.0
2026-01-05 17:10:51,221 [INFO] ThirdParty:1030 - CMSIS Pack Vendor :STMicroelectronics X-CUBE-SMBUS 2.1.0
2026-01-05 17:10:51,221 [INFO] ThirdParty:1030 - CMSIS Pack Vendor :wolfSSL I-CUBE-wolfMQTT 1.19.2
2026-01-05 17:10:51,221 [INFO] ThirdParty:1030 - CMSIS Pack Vendor :STMicroelectronics USB_DEVICE 3.0.0
2026-01-05 17:10:51,221 [INFO] ThirdParty:1030 - CMSIS Pack Vendor :STMicroelectronics X-CUBE-ISPU 2.1.0
2026-01-05 17:10:51,221 [INFO] ThirdParty:1030 - CMSIS Pack Vendor :STMicroelectronics X-CUBE-FREERTOS 1.4.0
2026-01-05 17:10:51,221 [INFO] ThirdParty:1030 - CMSIS Pack Vendor :STMicroelectronics X-CUBE-EEPRMA1 5.2.0
2026-01-05 17:10:51,221 [INFO] ThirdParty:1030 - CMSIS Pack Vendor :STMicroelectronics X-CUBE-IPS 3.2.0
2026-01-05 17:10:51,221 [INFO] ThirdParty:1030 - CMSIS Pack Vendor :STMicroelectronics X-CUBE-BLEMGR 4.1.0
2026-01-05 17:10:51,221 [INFO] ThirdParty:1030 - CMSIS Pack Vendor :STMicroelectronics X-CUBE-AZRTOS-WB 2.0.0
2026-01-05 17:10:51,221 [INFO] ThirdParty:1030 - CMSIS Pack Vendor :wolfSSL I-CUBE-wolfSSL 5.8.4
2026-01-05 17:10:51,221 [INFO] ThirdParty:1030 - CMSIS Pack Vendor :Cesanta I-CUBE-Mongoose 7.20.0
2026-01-05 17:10:51,221 [INFO] ThirdParty:1030 - CMSIS Pack Vendor :STMicroelectronics X-CUBE-NFC12 1.0.0
2026-01-05 17:10:51,221 [INFO] ThirdParty:1030 - CMSIS Pack Vendor :STMicroelectronics X-CUBE-AZRTOS-F7 1.1.0
2026-01-05 17:10:51,221 [INFO] ThirdParty:1030 - CMSIS Pack Vendor :STMicroelectronics X-CUBE-AZRTOS-L5 2.0.0
2026-01-05 17:10:51,221 [INFO] ThirdParty:1030 - CMSIS Pack Vendor :STMicroelectronics USB_DEVICE 2.0.0
2026-01-05 17:10:51,222 [INFO] ThirdParty:1030 - CMSIS Pack Vendor :STMicroelectronics X-CUBE-NFC6 3.1.0
2026-01-05 17:10:51,222 [INFO] ThirdParty:1030 - CMSIS Pack Vendor :STMicroelectronics X-CUBE-ST67W61 1.1.0
2026-01-05 17:10:51,222 [INFO] ThirdParty:1030 - CMSIS Pack Vendor :quantropi X-CUBE-qispace-sdk-base 2.1.0
2026-01-05 17:10:51,222 [INFO] ThirdParty:1030 - CMSIS Pack Vendor :STMicroelectronics X-CUBE-MEMS1 12.0.0
2026-01-05 17:10:51,222 [INFO] ThirdParty:1030 - CMSIS Pack Vendor :STMicroelectronics FP-SNS-MOTENV1 5.1.0
2026-01-05 17:10:51,222 [INFO] ThirdParty:1030 - CMSIS Pack Vendor :STMicroelectronics FreeRTOS 0.0.1
2026-01-05 17:10:51,222 [INFO] ThirdParty:1030 - CMSIS Pack Vendor :STMicroelectronics X-CUBE-AZRTOS-G0 1.1.0
2026-01-05 17:10:51,222 [INFO] ThirdParty:1030 - CMSIS Pack Vendor :STMicroelectronics X-CUBE-NFC4 3.0.0
2026-01-05 17:10:51,222 [INFO] ThirdParty:1030 - CMSIS Pack Vendor :STMicroelectronics X-CUBE-SUBG2 5.0.0
2026-01-05 17:10:51,222 [INFO] ThirdParty:1030 - CMSIS Pack Vendor :STMicroelectronics STM32_WPAN 1.0.0
2026-01-05 17:10:51,222 [INFO] ThirdParty:1030 - CMSIS Pack Vendor :EmbeddedOffice I-CUBE-FS-RTOS 1.0.1
2026-01-05 17:10:51,222 [INFO] ThirdParty:1030 - CMSIS Pack Vendor :STMicroelectronics lwIP 2.0.3
2026-01-05 17:10:51,222 [INFO] ThirdParty:1030 - CMSIS Pack Vendor :WES I-CUBE-Cesium 1.4.0
2026-01-05 17:10:51,222 [INFO] ThirdParty:1030 - CMSIS Pack Vendor :STMicroelectronics USB_HOST 1.0.0
2026-01-05 17:10:51,222 [INFO] ThirdParty:1030 - CMSIS Pack Vendor :STMicroelectronics X-CUBE-AZRTOS-G4 2.0.0
2026-01-05 17:10:51,222 [INFO] ThirdParty:1030 - CMSIS Pack Vendor :STMicroelectronics X-CUBE-WB05N 2.0.0
2026-01-05 17:10:51,223 [INFO] ThirdParty:1030 - CMSIS Pack Vendor :STMicroelectronics PDM2PCM 3.1.0
2026-01-05 17:10:51,223 [INFO] ThirdParty:1030 - CMSIS Pack Vendor :STMicroelectronics PDM2PCM 3.3.0
2026-01-05 17:10:51,223 [INFO] ThirdParty:1030 - CMSIS Pack Vendor :wolfSSL I-CUBE-wolfTPM 3.8.0
2026-01-05 17:10:51,223 [INFO] ThirdParty:1030 - CMSIS Pack Vendor :STMicroelectronics X-CUBE-AZRTOS-H7 3.4.0
2026-01-05 17:10:51,223 [INFO] ThirdParty:1030 - CMSIS Pack Vendor :STMicroelectronics X-CUBE-DISPLAY 3.0.0
2026-01-05 17:10:51,223 [INFO] ThirdParty:1030 - CMSIS Pack Vendor :wolfSSL I-CUBE-wolfSSH 1.4.20
2026-01-05 17:10:51,223 [INFO] ThirdParty:1030 - CMSIS Pack Vendor :STMicroelectronics X-CUBE-NFC7 2.0.0
2026-01-05 17:10:51,223 [INFO] ThirdParty:1030 - CMSIS Pack Vendor :STMicroelectronics X-CUBE-TCPP 4.2.0
2026-01-05 17:10:51,223 [INFO] ThirdParty:1030 - CMSIS Pack Vendor :RealThread X-CUBE-RT-Thread_Nano 4.1.1
2026-01-05 17:10:51,223 [INFO] ThirdParty:1030 - CMSIS Pack Vendor :STMicroelectronics FP-ATR-SIGFOX1 3.2.0
2026-01-05 17:10:51,223 [INFO] ThirdParty:1030 - CMSIS Pack Vendor :STMicroelectronics X-CUBE-NFC10 1.0.0
2026-01-05 17:10:51,223 [INFO] ThirdParty:1030 - CMSIS Pack Vendor :STMicroelectronics HAL Drivers 0.0.0
2026-01-05 17:10:51,223 [INFO] ThirdParty:1030 - CMSIS Pack Vendor :STMicroelectronics MBEDTLS 2.16.2
2026-01-05 17:10:51,223 [INFO] ThirdParty:1030 - CMSIS Pack Vendor :STMicroelectronics X-CUBE-ST60 1.1.0
2026-01-05 17:10:51,223 [INFO] ThirdParty:1030 - CMSIS Pack Vendor :STMicroelectronics X-CUBE-ALS 1.0.2
2026-01-05 17:10:51,223 [INFO] ThirdParty:1030 - CMSIS Pack Vendor :emotas I-CUBE-CANOPEN 1.3.0
2026-01-05 17:10:51,223 [INFO] ThirdParty:1030 - CMSIS Pack Vendor :STMicroelectronics MBEDTLS 2.14.1
2026-01-05 17:10:51,223 [INFO] ThirdParty:1030 - CMSIS Pack Vendor :STMicroelectronics X-CUBE-GNSS1 7.1.0
2026-01-05 17:10:51,223 [INFO] ThirdParty:1030 - CMSIS Pack Vendor :ITTIA_DB I-CUBE-ITTIADB 8.9.0
2026-01-05 17:10:51,223 [INFO] ThirdParty:1030 - CMSIS Pack Vendor :STMicroelectronics X-CUBE-TOUCHGFX 4.26.0
2026-01-05 17:10:51,223 [INFO] ThirdParty:1030 - CMSIS Pack Vendor :STMicroelectronics X-CUBE-STSE01 1.0.0
2026-01-05 17:10:51,223 [INFO] ThirdParty:1030 - CMSIS Pack Vendor :STMicroelectronics FP-SNS-STBOX1 2.1.0
2026-01-05 17:10:51,223 [INFO] ThirdParty:1030 - CMSIS Pack Vendor :STMicroelectronics X-CUBE-AI 10.2.0
2026-01-05 17:10:51,223 [INFO] ThirdParty:1030 - CMSIS Pack Vendor :STMicroelectronics FP-SNS-STAIOTCFT 1.0.0
2026-01-05 17:10:51,223 [INFO] ThirdParty:1030 - CMSIS Pack Vendor :STMicroelectronics ThreadX 1.0.0
2026-01-05 17:10:51,223 [INFO] ThirdParty:1030 - CMSIS Pack Vendor :STMicroelectronics FP-SNS-SMARTAG2 1.2.0
2026-01-05 17:10:51,223 [INFO] ThirdParty:1030 - CMSIS Pack Vendor :STMicroelectronics FP-SNS-FLIGHT1 5.1.0
2026-01-05 17:10:51,223 [INFO] ThirdParty:1030 - CMSIS Pack Vendor :STMicroelectronics X-CUBE-AZRTOS-WL 2.0.0
2026-01-05 17:10:51,223 [INFO] ThirdParty:1030 - CMSIS Pack Vendor :SEGGER I-CUBE-embOS 1.3.1
2026-01-05 17:10:51,223 [INFO] ThirdParty:1030 - CMSIS Pack Vendor :STMicroelectronics X-CUBE-ALGOBUILD 1.4.0
2026-01-05 17:10:51,223 [INFO] ThirdParty:1030 - CMSIS Pack Vendor :STMicroelectronics X-CUBE-DPower 1.3.0
2026-01-05 17:10:51,223 [INFO] ThirdParty:1030 - CMSIS Pack Vendor :STMicroelectronics USB_DEVICE 1.0.0
2026-01-05 17:10:51,224 [INFO] ThirdParty:1030 - CMSIS Pack Vendor :STMicroelectronics X-CUBE-AZRTOS-H7RS 1.2.0
2026-01-05 17:10:51,224 [INFO] ThirdParty:1030 - CMSIS Pack Vendor :STMicroelectronics X-CUBE-AZRTOS-L4 2.0.0
2026-01-05 17:10:51,224 [INFO] ThirdParty:1030 - CMSIS Pack Vendor :STMicroelectronics ThreadX 0.0.2
2026-01-05 17:10:51,224 [INFO] ThirdParty:1030 - CMSIS Pack Vendor :STMicroelectronics lwIP 2.1.2
2026-01-05 17:10:51,224 [INFO] ThirdParty:1030 - CMSIS Pack Vendor :STMicroelectronics X-CUBE-SFXS2LP1 4.0.0
2026-01-05 17:10:51,224 [INFO] ThirdParty:1030 - CMSIS Pack Vendor :STMicroelectronics X-CUBE-BLE2 3.3.0
2026-01-05 17:10:51,224 [INFO] ThirdParty:1030 - CMSIS Pack Vendor :Avnet-IOTCONNECT X-CUBE-iotc-st67-sdk 1.0.0
2026-01-05 17:10:51,224 [INFO] ThirdParty:1030 - CMSIS Pack Vendor :STMicroelectronics X-CUBE-TOF1 3.4.3
2026-01-05 17:10:51,224 [INFO] ThirdParty:1030 - CMSIS Pack Vendor :Infineon AIROC-Wi-Fi-Bluetooth-STM32 1.8.0
2026-01-05 17:10:51,224 [INFO] ThirdParty:1030 - CMSIS Pack Vendor :STMicroelectronics PDM2PCM 3.2.0
2026-01-05 17:10:51,224 [INFO] ThirdParty:841 - exiting critical section [change project]
2026-01-05 17:10:51,332 [INFO] PinOutPanel:1589 - setPackage(No Configuration,No Configuration)
2026-01-05 17:10:51,334 [INFO] PinOutPanel:1589 - setPackage(STM32L412RBTxP,LQFP64)
2026-01-05 17:10:51,550 [INFO] UtilMem:75 - Before build in PCC Used Memory: 895390112 Bytes (1073741824)
2026-01-05 17:10:51,804 [INFO] UtilMem:75 - After build in PCC Used Memory: 989245872 Bytes (1073741824)
2026-01-05 17:10:51,828 [INFO] IPUIPlugin:80 - create IPUIPlugin
2026-01-05 17:10:51,828 [INFO] IPUIPlugin:80 - create IPUIPlugin
2026-01-05 17:10:51,828 [INFO] IPUIPlugin:80 - create IPUIPlugin
2026-01-05 17:10:51,828 [INFO] IPUIPlugin:80 - create IPUIPlugin
2026-01-05 17:10:51,828 [INFO] IPUIPlugin:80 - create IPUIPlugin
2026-01-05 17:10:51,828 [INFO] IPUIPlugin:80 - create IPUIPlugin
2026-01-05 17:10:51,828 [INFO] IPUIPlugin:80 - create IPUIPlugin
2026-01-05 17:10:51,828 [INFO] IPUIPlugin:80 - create IPUIPlugin
2026-01-05 17:10:51,828 [INFO] IPUIPlugin:80 - create IPUIPlugin
2026-01-05 17:10:51,828 [INFO] IPUIPlugin:80 - create IPUIPlugin
2026-01-05 17:10:51,828 [INFO] IPUIPlugin:80 - create IPUIPlugin
2026-01-05 17:10:51,828 [INFO] IPUIPlugin:80 - create IPUIPlugin
2026-01-05 17:10:51,829 [INFO] IPUIPlugin:80 - create IPUIPlugin
2026-01-05 17:10:51,829 [INFO] IPUIPlugin:80 - create IPUIPlugin
2026-01-05 17:10:51,829 [INFO] IPUIPlugin:80 - create IPUIPlugin
2026-01-05 17:10:51,829 [INFO] IPUIPlugin:80 - create IPUIPlugin
2026-01-05 17:10:51,829 [INFO] IPUIPlugin:80 - create IPUIPlugin
2026-01-05 17:10:51,829 [INFO] IPUIPlugin:80 - create IPUIPlugin
2026-01-05 17:10:51,829 [INFO] IPUIPlugin:80 - create IPUIPlugin
2026-01-05 17:10:51,829 [INFO] IPUIPlugin:80 - create IPUIPlugin
2026-01-05 17:10:51,829 [INFO] IPUIPlugin:80 - create IPUIPlugin
2026-01-05 17:10:51,829 [INFO] IPUIPlugin:80 - create IPUIPlugin
2026-01-05 17:10:51,830 [INFO] IPUIPlugin:80 - create IPUIPlugin
2026-01-05 17:10:51,830 [INFO] IPUIPlugin:80 - create IPUIPlugin
2026-01-05 17:10:51,830 [INFO] IPUIPlugin:80 - create IPUIPlugin
2026-01-05 17:10:51,830 [INFO] IPUIPlugin:80 - create IPUIPlugin
2026-01-05 17:10:51,830 [INFO] IPUIPlugin:80 - create IPUIPlugin
2026-01-05 17:10:51,830 [INFO] IPUIPlugin:80 - create IPUIPlugin
2026-01-05 17:10:51,830 [INFO] IPUIPlugin:80 - create IPUIPlugin
2026-01-05 17:10:51,830 [INFO] IPUIPlugin:80 - create IPUIPlugin
2026-01-05 17:10:51,831 [INFO] IPUIPlugin:80 - create IPUIPlugin
2026-01-05 17:10:51,831 [INFO] IPUIPlugin:80 - create IPUIPlugin
2026-01-05 17:10:51,831 [INFO] IPUIPlugin:80 - create IPUIPlugin
2026-01-05 17:10:51,831 [INFO] IPUIPlugin:80 - create IPUIPlugin
2026-01-05 17:10:51,831 [INFO] IPUIPlugin:80 - create IPUIPlugin
2026-01-05 17:10:51,831 [INFO] IPUIPlugin:80 - create IPUIPlugin
2026-01-05 17:10:51,832 [INFO] IPUIPlugin:80 - create IPUIPlugin
2026-01-05 17:10:51,832 [INFO] IPUIPlugin:80 - create IPUIPlugin
2026-01-05 17:10:51,863 [INFO] CADModel:165 - CPN selected for project levelSTM32L412RBT6P
2026-01-05 17:10:51,863 [INFO] CADModel:114 - Register for checkConnection events
2026-01-05 17:10:51,915 [INFO] OpenFileManager:386 - Restore cursor
2026-01-05 17:10:52,302 [INFO] UtilMem:75 - End SaveConfig() Used Memory: 817820344 Bytes (1073741824)
2026-01-05 17:10:52,381 [INFO] UtilMem:75 - End SaveConfig() Used Memory: 833524128 Bytes (1073741824)
2026-01-05 17:10:52,475 [INFO] BlockDiagram:2775 - set Specific Code input for plugin: NVIC
2026-01-05 17:10:52,475 [INFO] BlockDiagram:2775 - set Specific Code input for plugin: USART
2026-01-05 17:10:52,475 [INFO] BlockDiagram:2775 - set Specific Code input for plugin: SYS
2026-01-05 17:10:52,475 [INFO] BlockDiagram:2775 - set Specific Code input for plugin: GPIO
2026-01-05 17:10:52,475 [INFO] BlockDiagram:2775 - set Specific Code input for plugin: RCC
2026-01-05 17:10:52,476 [INFO] CodeGenerator:892 - code generatio: config db path: C:\ST\STM32CubeIDE_1.19.0\STM32CubeIDE\plugins\com.st.stm32cube.common.mx_6.15.0.202507011659\\db\
2026-01-05 17:10:52,531 [INFO] CodeEngine:265 - oldGeneratedFile, C:\Users\CAMMSYS\STM32CubeIDE\workspace_1.19.0\lv1_key_matrix\MXTmpFiles\license.tmp_save
2026-01-05 17:10:52,750 [INFO] CodeEngine:289 - Generated code: C:\Users\CAMMSYS\STM32CubeIDE\workspace_1.19.0\lv1_key_matrix\MXTmpFiles\license.tmp
2026-01-05 17:10:52,788 [INFO] CodeEngine:265 - oldGeneratedFile, C:\Users\CAMMSYS\STM32CubeIDE\workspace_1.19.0\lv1_key_matrix\MXTmpFiles\gpio.tmp_save
2026-01-05 17:10:52,915 [INFO] CodeEngine:289 - Generated code: C:\Users\CAMMSYS\STM32CubeIDE\workspace_1.19.0\lv1_key_matrix\MXTmpFiles\gpio.tmp
2026-01-05 17:10:53,009 [INFO] CodeEngine:265 - oldGeneratedFile, C:\Users\CAMMSYS\STM32CubeIDE\workspace_1.19.0\lv1_key_matrix\Core\Src\stm32l4xx_it.c_save
2026-01-05 17:10:53,252 [INFO] CodeEngine:289 - Generated code: C:\Users\CAMMSYS\STM32CubeIDE\workspace_1.19.0\lv1_key_matrix\Core\Src\stm32l4xx_it.c
2026-01-05 17:10:53,256 [INFO] CodeEngine:265 - oldGeneratedFile, C:\Users\CAMMSYS\STM32CubeIDE\workspace_1.19.0\lv1_key_matrix\Core\Inc\stm32l4xx_it.h_save
2026-01-05 17:10:53,336 [INFO] CodeEngine:289 - Generated code: C:\Users\CAMMSYS\STM32CubeIDE\workspace_1.19.0\lv1_key_matrix\Core\Inc\stm32l4xx_it.h
2026-01-05 17:10:53,348 [INFO] CodeEngine:265 - oldGeneratedFile, C:\Users\CAMMSYS\STM32CubeIDE\workspace_1.19.0\lv1_key_matrix\Core\Src\stm32l4xx_hal_msp.c_save
2026-01-05 17:10:53,464 [INFO] CodeEngine:289 - Generated code: C:\Users\CAMMSYS\STM32CubeIDE\workspace_1.19.0\lv1_key_matrix\Core\Src\stm32l4xx_hal_msp.c
2026-01-05 17:10:53,471 [INFO] CodeEngine:265 - oldGeneratedFile, C:\Users\CAMMSYS\STM32CubeIDE\workspace_1.19.0\lv1_key_matrix\MXTmpFiles\system.tmp_save
2026-01-05 17:10:53,535 [INFO] CodeEngine:289 - Generated code: C:\Users\CAMMSYS\STM32CubeIDE\workspace_1.19.0\lv1_key_matrix\MXTmpFiles\system.tmp
2026-01-05 17:10:53,548 [INFO] CodeEngine:321 - oldGeneratedFile, C:\Users\CAMMSYS\STM32CubeIDE\workspace_1.19.0\lv1_key_matrix\Core\Inc\stm32l4xx_hal_conf.h_save
2026-01-05 17:10:53,602 [INFO] CodeEngine:345 - Generated code: C:\Users\CAMMSYS\STM32CubeIDE\workspace_1.19.0\lv1_key_matrix\Core\Inc\stm32l4xx_hal_conf.h
2026-01-05 17:10:53,635 [INFO] ApiDbMcu:532 - Load IP Config File for USART2
2026-01-05 17:10:53,638 [INFO] ApiDbMcu:532 - Load IP Config File for RCC
2026-01-05 17:10:53,649 [INFO] CodeEngine:265 - oldGeneratedFile, C:\Users\CAMMSYS\STM32CubeIDE\workspace_1.19.0\lv1_key_matrix\Core\Inc\main.h_save
2026-01-05 17:10:53,726 [INFO] CodeEngine:289 - Generated code: C:\Users\CAMMSYS\STM32CubeIDE\workspace_1.19.0\lv1_key_matrix\Core\Inc\main.h
2026-01-05 17:10:53,734 [INFO] CodeEngine:265 - oldGeneratedFile, C:\Users\CAMMSYS\STM32CubeIDE\workspace_1.19.0\lv1_key_matrix\Core\Src\main.c_save
2026-01-05 17:10:53,802 [INFO] CodeEngine:289 - Generated code: C:\Users\CAMMSYS\STM32CubeIDE\workspace_1.19.0\lv1_key_matrix\Core\Src\main.c
2026-01-05 17:10:54,203 [INFO] ProjectBuilder:3606 - Time for Copy HAL[1] : 256mS.
2026-01-05 17:10:54,207 [INFO] ProjectBuilder:5216 - Project Generator version: 4.7.0-B52
2026-01-05 17:10:54,252 [INFO] ConfigFileManager:1595 - The Die is : DIE464
2026-01-05 17:10:54,254 [INFO] ApiDbMcu:532 - Load IP Config File for FATFS
2026-01-05 17:10:54,258 [INFO] ApiDbMcu:532 - Load IP Config File for FREERTOS
2026-01-05 17:10:54,267 [INFO] ApiDbMcu:532 - Load IP Config File for TOUCHSENSING
2026-01-05 17:10:54,270 [INFO] ApiDbMcu:532 - Load IP Config File for USB_DEVICE
2026-01-05 17:10:55,664 [INFO] ProjectBuilder:5496 - Time for Generating toolchain IDE Files: 1457mS.
2026-01-05 17:10:55,670 [INFO] ProjectBuilder:3463 - Time for Copy CMSIS : 0mS.
2026-01-05 17:10:55,672 [INFO] ProjectBuilder:3463 - Time for Copy CMSIS : 0mS.
2026-01-05 17:10:56,611 [INFO] McuFinderGlobals:76 - Set McuFinderConnectedMode to true
2026-01-05 17:10:56,613 [INFO] ApiDb:448 - Save user favorites file C:\Users\CAMMSYS/.stm32cubeide/favorites.mcus.txt: 0 item(s)
2026-01-05 17:10:56,614 [INFO] ApiDb:452 - User favorites MCUs=[]
2026-01-05 17:10:56,615 [INFO] ApiDb:448 - Save user favorites file C:\Users\CAMMSYS/.stm32cubeide/favorites.boards.txt: 0 item(s)
2026-01-05 17:10:56,615 [INFO] ApiDb:452 - User favorites Boards=[]
2026-01-05 17:11:09,266 [INFO] WebApp:194 - Connection lost
2026-01-05 17:11:09,499 [INFO] WebApp:191 - Connection restablished
2026-01-05 17:36:54,958 [ERROR] LogOutputStream:75 - [STDERR_REDIRECT] 
2026-01-05 17:36:54,961 [ERROR] LogOutputStream:75 - [STDERR_REDIRECT] 
