2026-01-27 09:17:37,032 [INFO] Activator:176 - 


2026-01-27 09:17:37,036 [INFO] Activator:177 - !SESSION log4j initialized
2026-01-27 09:17:41,778 [INFO] LogOutputStream:77 - [STDOUT_REDIRECT] 
2026-01-27 09:17:44,153 [INFO] ApplicationProperties:184 - Using Application install path: C:\ST\STM32CubeIDE_1.19.0\STM32CubeIDE\plugins\com.st.stm32cube.common.mx_6.15.0.202507011659
2026-01-27 09:17:44,173 [INFO] DbMcusXml:78 - Set database path to: C:\ST\STM32CubeIDE_1.19.0\STM32CubeIDE\plugins\com.st.stm32cube.common.mx_6.15.0.202507011659\\db\/mcu/
2026-01-27 09:17:44,173 [INFO] ApiDb:274 - Set plugin database path to: C:\ST\STM32CubeIDE_1.19.0\STM32CubeIDE\plugins\com.st.stm32cube.common.mx_6.15.0.202507011659\\db\/plugins/boardmanager/
2026-01-27 09:17:44,173 [WARN] ApiDb:259 - Overriding images path with different value:  => C:\ST\STM32CubeIDE_1.19.0\STM32CubeIDE\plugins\com.st.stm32cube.common.mx_6.15.0.202507011659\\db\/plugins/mcufinder/images/
2026-01-27 09:17:44,181 [INFO] ApiDb:250 - Set database path to: C:\Users\CAMMSYS\.stmcufinder\plugins\mcufinder//mcu/
2026-01-27 09:17:44,182 [INFO] DbMcusAds:125 - Set database path to: C:\Users\CAMMSYS\.stmcufinder\plugins\mcufinder//mcu/
2026-01-27 09:17:44,185 [INFO] CrossReferenceDbSqlite:203 - Set database path to: C:\Users\CAMMSYS\.stmcufinder\plugins\mcufinder//mcu/cs/
2026-01-27 09:17:44,288 [INFO] RulesReader:64 - Compatibility file has been processed (317 Rules)
2026-01-27 09:17:44,376 [INFO] DbMcusXml:78 - Set database path to: C:\ST\STM32CubeIDE_1.19.0\STM32CubeIDE\plugins\com.st.stm32cube.common.mx_6.15.0.202507011659\\db\/mcu/
2026-01-27 09:17:44,376 [INFO] ApiDb:274 - Set plugin database path to: C:\ST\STM32CubeIDE_1.19.0\STM32CubeIDE\plugins\com.st.stm32cube.common.mx_6.15.0.202507011659\\db\/plugins/boardmanager/
2026-01-27 09:17:44,376 [INFO] ApiDb:261 - Set plugin images path to: C:\ST\STM32CubeIDE_1.19.0\STM32CubeIDE\plugins\com.st.stm32cube.common.mx_6.15.0.202507011659\\db\/plugins/mcufinder/images/
2026-01-27 09:17:44,376 [WARN] DbFile:41 - Overriding database path with different value: C:\Users\CAMMSYS\.stmcufinder\plugins\mcufinder/ => C:\Users\CAMMSYS\.stmcufinder\plugins\mcufinder
2026-01-27 09:17:44,376 [INFO] ApiDb:250 - Set database path to: C:\Users\CAMMSYS\.stmcufinder\plugins\mcufinder//mcu/
2026-01-27 09:17:44,376 [WARN] DbFile:41 - Overriding database path with different value: C:\Users\CAMMSYS\.stmcufinder\plugins\mcufinder/ => C:\Users\CAMMSYS\.stmcufinder\plugins\mcufinder
2026-01-27 09:17:44,376 [INFO] DbMcusAds:125 - Set database path to: C:\Users\CAMMSYS\.stmcufinder\plugins\mcufinder//mcu/
2026-01-27 09:17:44,377 [WARN] DbFile:41 - Overriding database path with different value: C:\Users\CAMMSYS\.stmcufinder\plugins\mcufinder/ => C:\Users\CAMMSYS\.stmcufinder\plugins\mcufinder
2026-01-27 09:17:44,377 [WARN] DbFile:41 - Overriding database path with different value: C:\Users\CAMMSYS\.stmcufinder\plugins\mcufinder/ => C:\Users\CAMMSYS\.stmcufinder\plugins\mcufinder
2026-01-27 09:17:44,377 [INFO] CrossReferenceDbSqlite:203 - Set database path to: C:\Users\CAMMSYS\.stmcufinder\plugins\mcufinder//mcu/cs/
2026-01-27 09:17:44,450 [INFO] MainPanel:274 - HeapMemory: 268435456
2026-01-27 09:17:44,539 [INFO] DbMcusXml:78 - Set database path to: C:\ST\STM32CubeIDE_1.19.0\STM32CubeIDE\plugins\com.st.stm32cube.common.mx_6.15.0.202507011659\\db\/mcu/
2026-01-27 09:17:44,539 [INFO] ApiDb:274 - Set plugin database path to: C:\ST\STM32CubeIDE_1.19.0\STM32CubeIDE\plugins\com.st.stm32cube.common.mx_6.15.0.202507011659\\db\/plugins/boardmanager/
2026-01-27 09:17:44,539 [INFO] ApiDb:261 - Set plugin images path to: C:\ST\STM32CubeIDE_1.19.0\STM32CubeIDE\plugins\com.st.stm32cube.common.mx_6.15.0.202507011659\\db\/plugins/mcufinder/images/
2026-01-27 09:17:44,541 [WARN] DbFile:41 - Overriding database path with different value: C:\Users\CAMMSYS\.stmcufinder\plugins\mcufinder/ => C:\Users\CAMMSYS\.stmcufinder\plugins\mcufinder
2026-01-27 09:17:44,541 [INFO] ApiDb:250 - Set database path to: C:\Users\CAMMSYS\.stmcufinder\plugins\mcufinder//mcu/
2026-01-27 09:17:44,541 [WARN] DbFile:41 - Overriding database path with different value: C:\Users\CAMMSYS\.stmcufinder\plugins\mcufinder/ => C:\Users\CAMMSYS\.stmcufinder\plugins\mcufinder
2026-01-27 09:17:44,541 [INFO] DbMcusAds:125 - Set database path to: C:\Users\CAMMSYS\.stmcufinder\plugins\mcufinder//mcu/
2026-01-27 09:17:44,541 [WARN] DbFile:41 - Overriding database path with different value: C:\Users\CAMMSYS\.stmcufinder\plugins\mcufinder/ => C:\Users\CAMMSYS\.stmcufinder\plugins\mcufinder
2026-01-27 09:17:44,541 [WARN] DbFile:41 - Overriding database path with different value: C:\Users\CAMMSYS\.stmcufinder\plugins\mcufinder/ => C:\Users\CAMMSYS\.stmcufinder\plugins\mcufinder
2026-01-27 09:17:44,541 [INFO] CrossReferenceDbSqlite:203 - Set database path to: C:\Users\CAMMSYS\.stmcufinder\plugins\mcufinder//mcu/cs/
2026-01-27 09:17:44,558 [INFO] ApplicationProperties:184 - Using Application install path: C:\ST\STM32CubeIDE_1.19.0\STM32CubeIDE\plugins\com.st.stm32cube.common.mx_6.15.0.202507011659
2026-01-27 09:17:44,559 [INFO] PluginManage:196 - Search for loadable plugins [exclusion list=, ]
2026-01-27 09:17:44,560 [INFO] PluginManage:310 - Check plugin analytics
2026-01-27 09:17:44,740 [INFO] AnalyticsPlugin:253 - Accepted Software Licenses: STM32CubeMX.6.16.0
2026-01-27 09:17:44,740 [INFO] AnalyticsPlugin:255 - Accepted CMSIS Pack Licenses: 
2026-01-27 09:17:44,741 [INFO] AnalyticsPlugin:257 - Accepted Firmware Licenses: FW.L4.1.18.0
2026-01-27 09:17:44,743 [INFO] PluginManage:359 - Loaded plugin analytics (category:tool,tabindex:-1)
2026-01-27 09:17:44,743 [INFO] PluginManage:310 - Check plugin cadmodel
2026-01-27 09:17:44,748 [INFO] CADModel:105 - Init CAD model plugin
2026-01-27 09:17:44,748 [INFO] PluginManage:359 - Loaded plugin cadmodel (category:power,tabindex:5)
2026-01-27 09:17:44,749 [INFO] PluginManage:310 - Check plugin clock
2026-01-27 09:17:44,757 [INFO] PluginManage:359 - Loaded plugin clock (category:base,tabindex:2)
2026-01-27 09:17:44,758 [INFO] PluginManage:310 - Check plugin ddr
2026-01-27 09:17:44,760 [INFO] PluginManage:359 - Loaded plugin ddr (category:tool,tabindex:6)
2026-01-27 09:17:44,760 [INFO] PluginManage:310 - Check plugin filemanager
2026-01-27 09:17:44,885 [INFO] PluginManage:359 - Loaded plugin filemanager (category:base,tabindex:10)
2026-01-27 09:17:44,885 [INFO] PluginManage:310 - Check plugin ipmanager
2026-01-27 09:17:44,891 [INFO] PluginManage:359 - Loaded plugin ipmanager (category:base,tabindex:5)
2026-01-27 09:17:44,891 [INFO] PluginManage:310 - Check plugin lpbam
2026-01-27 09:17:44,897 [INFO] PluginManage:359 - Loaded plugin lpbam (category:base,tabindex:0)
2026-01-27 09:17:44,897 [INFO] PluginManage:310 - Check plugin memorymap
2026-01-27 09:17:44,907 [INFO] PluginManage:359 - Loaded plugin memorymap (category:base,tabindex:4)
2026-01-27 09:17:44,908 [INFO] PluginManage:310 - Check plugin pinoutandconfiguration
2026-01-27 09:17:44,914 [INFO] PluginManage:359 - Loaded plugin pinoutandconfiguration (category:base,tabindex:1)
2026-01-27 09:17:44,914 [INFO] PluginManage:310 - Check plugin pinoutconfig
2026-01-27 09:17:44,981 [WARN] SupportedApi:132 - Cannot load RTOS API schema: s4s-elt-must-match.1: The content of 'definitions' must match (annotation?, (simpleType | complexType)?, (unique | key | keyref)*)). A problem was found starting at: attribute.
2026-01-27 09:17:45,077 [INFO] PluginManage:359 - Loaded plugin pinoutconfig (category:base,tabindex:0)
2026-01-27 09:17:45,077 [INFO] PluginManage:310 - Check plugin power
2026-01-27 09:17:45,084 [INFO] PluginManage:359 - Loaded plugin power (category:power,tabindex:4)
2026-01-27 09:17:45,084 [INFO] PluginManage:310 - Check plugin projectmanager
2026-01-27 09:17:45,096 [INFO] PluginManage:359 - Loaded plugin projectmanager (category:projectmanager,tabindex:4)
2026-01-27 09:17:45,096 [INFO] PluginManage:310 - Check plugin rif
2026-01-27 09:17:45,104 [INFO] PluginManage:359 - Loaded plugin rif (category:base,tabindex:3)
2026-01-27 09:17:45,104 [INFO] PluginManage:310 - Check plugin thirdparty
2026-01-27 09:17:45,208 [WARN] IntegrityCheckThread:84 - waiting for thirdparty lock release [integrity check]
2026-01-27 09:17:45,209 [INFO] IntegrityCheckThread:86 - entering critical section [integrity check]
2026-01-27 09:17:45,209 [INFO] PluginManage:359 - Loaded plugin thirdparty (category:base,tabindex:-1)
2026-01-27 09:17:45,209 [INFO] ThirdPartyUpdaterWithRetryManager:70 - Updater plugin not ready yet. [1/15]
2026-01-27 09:17:45,209 [INFO] PluginManage:310 - Check plugin tools
2026-01-27 09:17:45,211 [INFO] PluginManage:359 - Loaded plugin tools (category:base,tabindex:7)
2026-01-27 09:17:45,211 [INFO] PluginManage:310 - Check plugin tutovideos
2026-01-27 09:17:45,413 [INFO] PluginManage:359 - Loaded plugin tutovideos (category:base,tabindex:-1)
2026-01-27 09:17:45,413 [INFO] PluginManage:310 - Check plugin updater
2026-01-27 09:17:45,431 [INFO] PluginManage:359 - Loaded plugin updater (category:base,tabindex:12)
2026-01-27 09:17:45,431 [INFO] PluginManage:310 - Check plugin userauth
2026-01-27 09:17:45,434 [INFO] UserAuth:118 - Init User Auth plugin
2026-01-27 09:17:45,435 [INFO] PluginManage:359 - Loaded plugin userauth (category:base,tabindex:14)
2026-01-27 09:17:45,435 [INFO] PluginManage:283 - PluginManage : Loaded plugins [18]
2026-01-27 09:17:45,597 [INFO] PinOutPanel:1589 - setPackage(No Configuration,No Configuration)
2026-01-27 09:17:45,667 [INFO] CADModel:165 - CPN selected for project level
2026-01-27 09:17:45,667 [INFO] CADModel:114 - Register for checkConnection events
2026-01-27 09:17:45,684 [INFO] IPUIPlugin:80 - create IPUIPlugin
2026-01-27 09:17:45,684 [INFO] PluginManager:220 - loadIPPluginJar : add adc
2026-01-27 09:17:45,687 [INFO] IPUIPlugin:80 - create IPUIPlugin
2026-01-27 09:17:45,687 [INFO] PluginManager:220 - loadIPPluginJar : add aes
2026-01-27 09:17:45,689 [INFO] IPUIPlugin:80 - create IPUIPlugin
2026-01-27 09:17:45,690 [INFO] PluginManager:220 - loadIPPluginJar : add can
2026-01-27 09:17:45,692 [INFO] IPUIPlugin:80 - create IPUIPlugin
2026-01-27 09:17:45,692 [INFO] PluginManager:220 - loadIPPluginJar : add comp
2026-01-27 09:17:45,694 [INFO] IPUIPlugin:80 - create IPUIPlugin
2026-01-27 09:17:45,695 [INFO] PluginManager:220 - loadIPPluginJar : add cryp
2026-01-27 09:17:45,697 [INFO] IPUIPlugin:80 - create IPUIPlugin
2026-01-27 09:17:45,698 [INFO] PluginManager:220 - loadIPPluginJar : add ddr_ctrl_phy
2026-01-27 09:17:45,701 [INFO] IPUIPlugin:80 - create IPUIPlugin
2026-01-27 09:17:45,701 [INFO] PluginManager:220 - loadIPPluginJar : add dfsdm
2026-01-27 09:17:45,706 [INFO] IPUIPlugin:80 - create IPUIPlugin
2026-01-27 09:17:45,706 [INFO] PluginManager:220 - loadIPPluginJar : add dma
2026-01-27 09:17:45,708 [INFO] IPUIPlugin:80 - create IPUIPlugin
2026-01-27 09:17:45,708 [INFO] PluginManager:220 - loadIPPluginJar : add dma3
2026-01-27 09:17:45,711 [INFO] IPUIPlugin:80 - create IPUIPlugin
2026-01-27 09:17:45,711 [INFO] PluginManager:220 - loadIPPluginJar : add extmemmanager
2026-01-27 09:17:45,712 [INFO] IPUIPlugin:80 - create IPUIPlugin
2026-01-27 09:17:45,712 [INFO] PluginManager:220 - loadIPPluginJar : add fatfs
2026-01-27 09:17:45,716 [INFO] IPUIPlugin:80 - create IPUIPlugin
2026-01-27 09:17:45,716 [INFO] PluginManager:220 - loadIPPluginJar : add fmc
2026-01-27 09:17:45,722 [INFO] IPUIPlugin:80 - create IPUIPlugin
2026-01-27 09:17:45,722 [INFO] PluginManager:220 - loadIPPluginJar : add freertos
2026-01-27 09:17:45,724 [INFO] IPUIPlugin:80 - create IPUIPlugin
2026-01-27 09:17:45,724 [INFO] PluginManager:220 - loadIPPluginJar : add genericplugin
2026-01-27 09:17:45,726 [INFO] IPUIPlugin:80 - create IPUIPlugin
2026-01-27 09:17:45,726 [INFO] PluginManager:220 - loadIPPluginJar : add gfxmmu
2026-01-27 09:17:45,729 [INFO] IPUIPlugin:80 - create IPUIPlugin
2026-01-27 09:17:45,730 [INFO] PluginManager:220 - loadIPPluginJar : add gic
2026-01-27 09:17:45,733 [INFO] IPUIPlugin:80 - create IPUIPlugin
2026-01-27 09:17:45,733 [INFO] PluginManager:220 - loadIPPluginJar : add gpio
2026-01-27 09:17:45,736 [INFO] IPUIPlugin:80 - create IPUIPlugin
2026-01-27 09:17:45,736 [INFO] PluginManager:220 - loadIPPluginJar : add gtzc
2026-01-27 09:17:45,738 [INFO] IPUIPlugin:80 - create IPUIPlugin
2026-01-27 09:17:45,738 [INFO] PluginManager:220 - loadIPPluginJar : add hash
2026-01-27 09:17:45,740 [INFO] IPUIPlugin:80 - create IPUIPlugin
2026-01-27 09:17:45,740 [INFO] PluginManager:220 - loadIPPluginJar : add i2c
2026-01-27 09:17:45,742 [INFO] IPUIPlugin:80 - create IPUIPlugin
2026-01-27 09:17:45,742 [INFO] PluginManager:220 - loadIPPluginJar : add i2s
2026-01-27 09:17:45,744 [INFO] IPUIPlugin:80 - create IPUIPlugin
2026-01-27 09:17:45,744 [INFO] PluginManager:220 - loadIPPluginJar : add i3c
2026-01-27 09:17:45,747 [INFO] IPUIPlugin:80 - create IPUIPlugin
2026-01-27 09:17:45,747 [INFO] PluginManager:220 - loadIPPluginJar : add ipddr
2026-01-27 09:17:45,752 [INFO] IPUIPlugin:80 - create IPUIPlugin
2026-01-27 09:17:45,753 [INFO] PluginManager:220 - loadIPPluginJar : add linkedlist
2026-01-27 09:17:45,756 [INFO] IPUIPlugin:80 - create IPUIPlugin
2026-01-27 09:17:45,756 [INFO] PluginManager:220 - loadIPPluginJar : add lorawan
2026-01-27 09:17:45,757 [INFO] IPUIPlugin:80 - create IPUIPlugin
2026-01-27 09:17:45,757 [INFO] PluginManager:220 - loadIPPluginJar : add ltdc
2026-01-27 09:17:45,762 [INFO] IPUIPlugin:80 - create IPUIPlugin
2026-01-27 09:17:45,762 [INFO] PluginManager:220 - loadIPPluginJar : add mdma
2026-01-27 09:17:45,766 [INFO] IPUIPlugin:80 - create IPUIPlugin
2026-01-27 09:17:45,766 [INFO] PluginManager:220 - loadIPPluginJar : add nvic
2026-01-27 09:17:45,769 [INFO] IPUIPlugin:80 - create IPUIPlugin
2026-01-27 09:17:45,769 [INFO] PluginManager:220 - loadIPPluginJar : add opamp
2026-01-27 09:17:45,772 [INFO] IPUIPlugin:80 - create IPUIPlugin
2026-01-27 09:17:45,772 [INFO] PluginManager:220 - loadIPPluginJar : add openamp
2026-01-27 09:17:45,775 [INFO] IPUIPlugin:80 - create IPUIPlugin
2026-01-27 09:17:45,775 [INFO] PluginManager:220 - loadIPPluginJar : add pdm2pcm
2026-01-27 09:17:45,781 [INFO] IPUIPlugin:80 - create IPUIPlugin
2026-01-27 09:17:45,783 [INFO] PluginManager:220 - loadIPPluginJar : add plateformsettings
2026-01-27 09:17:45,785 [INFO] IPUIPlugin:80 - create IPUIPlugin
2026-01-27 09:17:45,785 [INFO] PluginManager:220 - loadIPPluginJar : add quadspi
2026-01-27 09:17:45,787 [INFO] IPUIPlugin:80 - create IPUIPlugin
2026-01-27 09:17:45,787 [INFO] PluginManager:220 - loadIPPluginJar : add radio
2026-01-27 09:17:45,789 [INFO] IPUIPlugin:80 - create IPUIPlugin
2026-01-27 09:17:45,789 [INFO] PluginManager:220 - loadIPPluginJar : add resmgrutility
2026-01-27 09:17:45,792 [INFO] IPUIPlugin:80 - create IPUIPlugin
2026-01-27 09:17:45,792 [INFO] PluginManager:220 - loadIPPluginJar : add sai
2026-01-27 09:17:45,794 [INFO] IPUIPlugin:80 - create IPUIPlugin
2026-01-27 09:17:45,794 [INFO] PluginManager:220 - loadIPPluginJar : add spi
2026-01-27 09:17:45,808 [INFO] IPUIPlugin:80 - create IPUIPlugin
2026-01-27 09:17:45,808 [INFO] PluginManager:220 - loadIPPluginJar : add stm32_wpan
2026-01-27 09:17:45,809 [INFO] IPUIPlugin:80 - create IPUIPlugin
2026-01-27 09:17:45,809 [INFO] PluginManager:220 - loadIPPluginJar : add tim
2026-01-27 09:17:45,812 [INFO] IPUIPlugin:80 - create IPUIPlugin
2026-01-27 09:17:45,813 [INFO] PluginManager:220 - loadIPPluginJar : add touchsensing
2026-01-27 09:17:45,814 [INFO] IPUIPlugin:80 - create IPUIPlugin
2026-01-27 09:17:45,815 [INFO] PluginManager:220 - loadIPPluginJar : add tracer_emb
2026-01-27 09:17:45,816 [INFO] IPUIPlugin:80 - create IPUIPlugin
2026-01-27 09:17:45,816 [INFO] PluginManager:220 - loadIPPluginJar : add ts
2026-01-27 09:17:45,818 [INFO] IPUIPlugin:80 - create IPUIPlugin
2026-01-27 09:17:45,818 [INFO] PluginManager:220 - loadIPPluginJar : add tsc
2026-01-27 09:17:45,819 [INFO] IPUIPlugin:80 - create IPUIPlugin
2026-01-27 09:17:45,820 [INFO] PluginManager:220 - loadIPPluginJar : add ucpd
2026-01-27 09:17:45,821 [INFO] IPUIPlugin:80 - create IPUIPlugin
2026-01-27 09:17:45,821 [INFO] PluginManager:220 - loadIPPluginJar : add usart
2026-01-27 09:17:45,825 [INFO] IPUIPlugin:80 - create IPUIPlugin
2026-01-27 09:17:45,825 [INFO] PluginManager:220 - loadIPPluginJar : add usbx
2026-01-27 09:17:45,943 [FATAL] Updater:351 - Updater called before beeing initialized
2026-01-27 09:17:45,961 [INFO] RulesReader:64 - Compatibility file has been processed (317 Rules)
2026-01-27 09:17:45,966 [INFO] RulesReader:64 - Compatibility file has been processed (317 Rules)
2026-01-27 09:17:45,976 [INFO] CADModel:165 - CPN selected for project level
2026-01-27 09:17:45,976 [INFO] CADModel:114 - Register for checkConnection events
2026-01-27 09:17:45,976 [FATAL] Updater:351 - Updater called before beeing initialized
2026-01-27 09:17:45,976 [ERROR] CADModel:125 - Updater not yet initialized, retry later 
2026-01-27 09:17:46,112 [FATAL] Updater:351 - Updater called before beeing initialized
2026-01-27 09:17:46,114 [INFO] CADModel:165 - CPN selected for project level
2026-01-27 09:17:46,114 [INFO] CADModel:114 - Register for checkConnection events
2026-01-27 09:17:46,114 [FATAL] Updater:351 - Updater called before beeing initialized
2026-01-27 09:17:46,114 [ERROR] CADModel:125 - Updater not yet initialized, retry later 
2026-01-27 09:17:46,134 [FATAL] Updater:351 - Updater called before beeing initialized
2026-01-27 09:17:46,226 [FATAL] Updater:351 - Updater called before beeing initialized
2026-01-27 09:17:46,229 [INFO] DbMcusAds:53 - JSON generation date=Fri Jan 09 00:57:51 KST 2026 (1767887871456)
2026-01-27 09:17:46,229 [FATAL] Updater:351 - Updater called before beeing initialized
2026-01-27 09:17:46,408 [WARN] DetailPanel:346 - Failed to get advertising image, set to default
2026-01-27 09:17:46,475 [FATAL] Updater:351 - Updater called before beeing initialized
2026-01-27 09:17:46,477 [FATAL] Updater:351 - Updater called before beeing initialized
2026-01-27 09:17:46,477 [FATAL] Updater:351 - Updater called before beeing initialized
2026-01-27 09:17:46,477 [WARN] DetailPanel:346 - Failed to get advertising image, set to default
2026-01-27 09:17:46,478 [FATAL] Updater:351 - Updater called before beeing initialized
2026-01-27 09:17:46,508 [ERROR] Updater:1198 - MainUpdater not yet initialized. External WinMGr cannot be set.
2026-01-27 09:17:46,510 [INFO] Updater:1134 - Updater Version found : 6.15.0
2026-01-27 09:17:46,521 [INFO] ApplicationProperties:184 - Using Application install path: C:\ST\STM32CubeIDE_1.19.0\STM32CubeIDE\plugins\com.st.stm32cube.common.mx_6.15.0.202507011659
2026-01-27 09:17:48,092 [ERROR] LogOutputStream:75 - [STDERR_REDIRECT] Jan 27, 2026 9:17:48 AM java.util.prefs.WindowsPreferences <init>
2026-01-27 09:17:48,093 [ERROR] LogOutputStream:75 - [STDERR_REDIRECT] WARNING: Could not open/create prefs root node Software\JavaSoft\Prefs at root 0xffffffff80000002. Windows RegCreateKeyEx(...) returned error code 5.
2026-01-27 09:17:48,093 [ERROR] LogOutputStream:75 - [STDERR_REDIRECT] 
2026-01-27 09:17:48,211 [INFO] ThirdPartyUpdaterWithRetryManager:70 - Updater plugin not ready yet. [2/15]
2026-01-27 09:17:48,930 [INFO] MainUpdater:2872 - connection check result : 10
2026-01-27 09:17:48,930 [INFO] MainUpdater:3604 - Updater definition file requires update
2026-01-27 09:17:48,931 [INFO] MainUpdater:289 - Updater Check For Update Now.
2026-01-27 09:17:48,932 [INFO] MicroXplorer:498 - Change Database Version : DB.6.0.150
2026-01-27 09:17:48,935 [INFO] McuFinderGlobals:63 - Set McuFinder mode to 2 (CubeIDE integrated)
2026-01-27 09:17:48,935 [INFO] UserAuth:171 - activating auth plugin
2026-01-27 09:17:48,937 [INFO] UserAuth:487 - Internet connection configuration mode: 1
2026-01-27 09:17:48,953 [INFO] JxBrowserEngine:152 - Initiate JxBrowser Engine with user profile folder
2026-01-27 09:17:49,125 [INFO] ServerAccessManage:452 - Complete download http(s) 200
2026-01-27 09:17:49,127 [INFO] ServerAccessManage:509 - Download File updaters.zip
2026-01-27 09:17:49,774 [INFO] FileExtend:248 - Unzip File : updaters.zip
2026-01-27 09:17:49,775 [INFO] FileExtend:263 - Standard Zip Deflate
2026-01-27 09:17:50,570 [INFO] ServerAccessManage:452 - Complete download http(s) 200
2026-01-27 09:17:50,570 [INFO] ServerAccessManage:509 - Download File PacksControlFlags.xml
2026-01-27 09:17:50,865 [INFO] ServerAccessManage:452 - Complete download http(s) 200
2026-01-27 09:17:50,865 [INFO] ServerAccessManage:509 - Download File cubemx.pidx
2026-01-27 09:17:51,220 [WARN] MainUpdater:1193 - Updater busy. Cannot search thirdparties
2026-01-27 09:17:51,220 [INFO] ThirdPartyUpdaterWithRetryManager:96 - Updater plugin is busy. [1/15]
2026-01-27 09:17:52,044 [INFO] ServerAccessManage:452 - Complete download http(s) 200
2026-01-27 09:17:52,044 [INFO] ServerAccessManage:509 - Download File STMicroelectronics.X-CUBE-NFC6.pdsc
2026-01-27 09:17:52,301 [INFO] WebApp:169 - Instantiating new browser for Auth
2026-01-27 09:17:53,152 [INFO] WebApp:463 - Apply proxy settings
2026-01-27 09:17:53,153 [INFO] WebApp:548 - Chromium requires no authentication
2026-01-27 09:17:53,219 [INFO] WebApp:491 - Direct internet connection detected
2026-01-27 09:17:53,365 [INFO] WebApp:900 - Register for checkConnection events
2026-01-27 09:17:53,365 [INFO] WebApp:463 - Apply proxy settings
2026-01-27 09:17:53,365 [INFO] WebApp:548 - Chromium requires no authentication
2026-01-27 09:17:53,366 [INFO] WebApp:491 - Direct internet connection detected
2026-01-27 09:17:53,511 [INFO] WebApp:191 - Connection restablished
2026-01-27 09:17:53,579 [INFO] WebApp:225 - Starting web application
2026-01-27 09:17:53,579 [INFO] WebApp:593 - Web application path used C:\ST\STM32CubeIDE_1.19.0\STM32CubeIDE\plugins\com.st.stm32cube.common.mx_6.15.0.202507011659\db\plugins\mcufinder\reactClient1\index.html
2026-01-27 09:17:53,636 [INFO] ServerAccessManage:452 - Complete download http(s) 200
2026-01-27 09:17:53,636 [INFO] ServerAccessManage:509 - Download File STMicroelectronics.X-CUBE-STSE01.pdsc
2026-01-27 09:17:54,221 [WARN] MainUpdater:1193 - Updater busy. Cannot search thirdparties
2026-01-27 09:17:54,221 [INFO] ThirdPartyUpdaterWithRetryManager:96 - Updater plugin is busy. [2/15]
2026-01-27 09:17:55,117 [WARN] PackLoader:240 - Cannot read IP mode file for STMicroelectronics.X-CUBE-NFC6.3.2.0
2026-01-27 09:17:55,143 [WARN] PackLoader:240 - Cannot read IP mode file for STMicroelectronics.X-CUBE-STSE01.2.0.0
2026-01-27 09:17:55,143 [INFO] CheckServerUpdateThread:120 - End of CheckServer Thread
2026-01-27 09:17:55,147 [INFO] PopulateThirdPartyThread:66 - Ending populate Thread
2026-01-27 09:17:55,150 [INFO] ThirdParty:1030 - CMSIS Pack Vendor :STMicroelectronics X-CUBE-STSE01 2.0.0
2026-01-27 09:17:55,150 [INFO] ThirdParty:1030 - CMSIS Pack Vendor :STMicroelectronics X-CUBE-NFC6 3.2.0
2026-01-27 09:17:55,150 [INFO] LoadServerUpdatesThread:375 - End of LoadServerUpdate Thread
2026-01-27 09:17:57,604 [WARN] PackLoader:240 - Cannot read IP mode file for STMicroelectronics.FP-SNS-MOTENVWB1.1.4.0
2026-01-27 09:17:57,611 [WARN] PackLoader:240 - Cannot read IP mode file for STMicroelectronics.FP-ATR-ASTRA1.2.0.2
2026-01-27 09:17:57,620 [WARN] PackLoader:240 - Cannot read IP mode file for STMicroelectronics.X-CUBE-SMBUS.2.1.0
2026-01-27 09:17:57,640 [WARN] PackLoader:240 - Cannot read IP mode file for STMicroelectronics.X-CUBE-AZRTOS-F7.1.1.0
2026-01-27 09:17:57,649 [WARN] PackLoader:240 - Cannot read IP mode file for STMicroelectronics.FP-SNS-MOTENV1.5.1.0
2026-01-27 09:17:57,663 [WARN] PackLoader:240 - Cannot read IP mode file for WES.I-CUBE-Cesium.1.4.0
2026-01-27 09:17:57,691 [WARN] PackLoader:240 - Cannot read IP mode file for STMicroelectronics.X-CUBE-AZRTOS-H7.3.4.0
2026-01-27 09:17:57,702 [WARN] PackLoader:240 - Cannot read IP mode file for STMicroelectronics.X-CUBE-DISPLAY.3.0.0
2026-01-27 09:17:57,714 [WARN] PackLoader:240 - Cannot read IP mode file for STMicroelectronics.X-CUBE-NFC10.1.0.0
2026-01-27 09:17:57,723 [WARN] PackLoader:240 - Cannot read IP mode file for STMicroelectronics.X-CUBE-ST60.1.1.0
2026-01-27 09:17:57,733 [WARN] PackLoader:240 - Cannot read IP mode file for emotas.I-CUBE-CANOPEN.1.3.0
2026-01-27 09:17:57,740 [WARN] PackLoader:240 - Cannot read IP mode file for STMicroelectronics.X-CUBE-GNSS1.7.1.0
2026-01-27 09:17:57,749 [WARN] PackLoader:240 - Cannot read IP mode file for STMicroelectronics.FP-SNS-STBOX1.2.1.0
2026-01-27 09:17:57,759 [WARN] PackLoader:240 - Cannot read IP mode file for STMicroelectronics.FP-SNS-SMARTAG2.1.2.0
2026-01-27 09:17:57,765 [WARN] PackLoader:240 - Cannot read IP mode file for STMicroelectronics.FP-SNS-FLIGHT1.5.1.0
2026-01-27 09:17:57,775 [INFO] LogOutputStream:77 - [STDOUT_REDIRECT] 1 : Invalid condition id : UX_CORESTACK_Condition cause : null
2026-01-27 09:17:57,776 [INFO] LogOutputStream:77 - [STDOUT_REDIRECT] 1 : Invalid condition id : UX_CORESTACK_Condition cause : null
2026-01-27 09:17:57,777 [INFO] LogOutputStream:77 - [STDOUT_REDIRECT] 1 : Invalid condition id : UX_CORESTACK_Condition cause : null
2026-01-27 09:17:57,777 [INFO] LogOutputStream:77 - [STDOUT_REDIRECT] 1 : Invalid condition id : UX_CORESTACK_Condition cause : null
2026-01-27 09:17:57,779 [INFO] LogOutputStream:77 - [STDOUT_REDIRECT] 1 : Invalid condition id : UX_CORESTACK_Condition cause : null
2026-01-27 09:17:57,782 [WARN] PackLoader:240 - Cannot read IP mode file for STMicroelectronics.X-CUBE-AZRTOS-WL.2.0.0
2026-01-27 09:17:57,804 [WARN] PackLoader:240 - Cannot read IP mode file for STMicroelectronics.X-CUBE-AZRTOS-H7RS.1.2.0
2026-01-27 09:17:57,815 [WARN] PackLoader:240 - Cannot read IP mode file for STMicroelectronics.X-CUBE-BLE2.3.3.0
2026-01-27 09:17:57,856 [WARN] PackLoader:240 - Cannot read IP mode file for Infineon.AIROC-Wi-Fi-Bluetooth-STM32.1.8.0
2026-01-27 09:17:57,868 [WARN] PackLoader:240 - Cannot read IP mode file for STMicroelectronics.X-CUBE-NFC9.1.0.0
2026-01-27 09:17:57,873 [WARN] PackLoader:240 - Cannot read IP mode file for STMicroelectronics.X-CUBE-BLE1.7.1.0
2026-01-27 09:17:57,881 [WARN] PackLoader:240 - Cannot read IP mode file for wolfSSL.I-CUBE-wolfMQTT.1.19.2
2026-01-27 09:17:57,888 [WARN] PackLoader:240 - Cannot read IP mode file for STMicroelectronics.X-CUBE-FREERTOS.1.4.0
2026-01-27 09:17:57,898 [WARN] PackLoader:240 - Cannot read IP mode file for STMicroelectronics.X-CUBE-EEPRMA1.5.2.0
2026-01-27 09:17:57,906 [WARN] PackLoader:240 - Cannot read IP mode file for wolfSSL.I-CUBE-wolfSSL.5.8.4
2026-01-27 09:17:57,912 [WARN] PackLoader:240 - Cannot read IP mode file for Cesanta.I-CUBE-Mongoose.7.20.0
2026-01-27 09:17:57,919 [WARN] PackLoader:240 - Cannot read IP mode file for STMicroelectronics.X-CUBE-ST67W61.1.1.0
2026-01-27 09:17:57,955 [WARN] PackLoader:240 - Cannot read IP mode file for STMicroelectronics.X-CUBE-MEMS1.12.0.0
2026-01-27 09:17:58,028 [WARN] PackLoader:240 - Cannot read IP mode file for STMicroelectronics.X-CUBE-AZRTOS-G0.1.1.0
2026-01-27 09:17:58,036 [WARN] PackLoader:240 - Cannot read IP mode file for STMicroelectronics.X-CUBE-NFC4.3.0.0
2026-01-27 09:17:58,046 [WARN] PackLoader:240 - Cannot read IP mode file for EmbeddedOffice.I-CUBE-FS-RTOS.1.0.1
2026-01-27 09:17:58,052 [WARN] PackLoader:240 - Cannot read IP mode file for STMicroelectronics.X-CUBE-WB05N.2.0.0
2026-01-27 09:17:58,058 [WARN] PackLoader:240 - Cannot read IP mode file for wolfSSL.I-CUBE-wolfTPM.3.8.0
2026-01-27 09:17:58,065 [WARN] PackLoader:240 - Cannot read IP mode file for STMicroelectronics.X-CUBE-TCPP.4.2.0
2026-01-27 09:17:58,072 [WARN] PackLoader:240 - Cannot read IP mode file for RealThread.X-CUBE-RT-Thread_Nano.4.1.1
2026-01-27 09:17:58,079 [WARN] PackLoader:240 - Cannot read IP mode file for STMicroelectronics.FP-ATR-SIGFOX1.3.2.0
2026-01-27 09:17:58,087 [WARN] PackLoader:240 - Cannot read IP mode file for ITTIA_DB.I-CUBE-ITTIADB.8.9.0
2026-01-27 09:17:58,095 [WARN] PackLoader:240 - Cannot read IP mode file for STMicroelectronics.X-CUBE-NFC6.3.2.0
2026-01-27 09:17:58,100 [WARN] PackLoader:240 - Cannot read IP mode file for STMicroelectronics.X-CUBE-AI.10.2.0
2026-01-27 09:17:58,126 [WARN] PackLoader:240 - Cannot read IP mode file for SEGGER.I-CUBE-embOS.1.3.1
2026-01-27 09:17:58,165 [WARN] PackLoader:240 - Cannot read IP mode file for STMicroelectronics.X-CUBE-ALGOBUILD.1.4.0
2026-01-27 09:17:58,173 [WARN] PackLoader:240 - Cannot read IP mode file for STMicroelectronics.X-CUBE-PM33A1.1.0.0
2026-01-27 09:17:58,189 [WARN] PackLoader:240 - Cannot read IP mode file for STMicroelectronics.X-CUBE-AZRTOS-F4.1.1.0
2026-01-27 09:17:58,196 [WARN] PackLoader:240 - Cannot read IP mode file for STMicroelectronics.X-CUBE-ISPU.2.1.0
2026-01-27 09:17:58,208 [WARN] PackLoader:240 - Cannot read IP mode file for STMicroelectronics.X-CUBE-IPS.3.2.0
2026-01-27 09:17:58,221 [WARN] PackLoader:240 - Cannot read IP mode file for STMicroelectronics.X-CUBE-NFC12.1.0.0
2026-01-27 09:17:58,233 [WARN] PackLoader:240 - Cannot read IP mode file for STMicroelectronics.X-CUBE-AZRTOS-L5.2.0.0
2026-01-27 09:17:58,241 [WARN] PackLoader:240 - Cannot read IP mode file for STMicroelectronics.X-CUBE-NFC6.3.1.0
2026-01-27 09:17:58,250 [WARN] PackLoader:240 - Cannot read IP mode file for STMicroelectronics.X-CUBE-TOUCHGFX.4.26.0
2026-01-27 09:17:58,256 [WARN] PackLoader:240 - Cannot read IP mode file for STMicroelectronics.FP-SNS-STAIOTCFT.1.0.0
2026-01-27 09:17:58,263 [WARN] PackLoader:240 - Cannot read IP mode file for STMicroelectronics.X-CUBE-DPower.1.3.0
2026-01-27 09:17:58,277 [WARN] ConditionMgr:438 - getConditionDescription Invalid condition id : LAN8742 Phy interface Condition cause : null
2026-01-27 09:17:58,278 [WARN] PackLoader:240 - Cannot read IP mode file for STMicroelectronics.X-CUBE-AZRTOS-L4.2.0.0
2026-01-27 09:17:58,278 [WARN] ConditionMgr:1044 - genDependencies : Invalid condition id : LAN8742 Phy interface Condition cause : null
2026-01-27 09:17:58,279 [WARN] ConditionMgr:1044 - genDependencies : Invalid condition id : LAN8742 Phy interface Condition cause : null
2026-01-27 09:17:58,279 [WARN] ConditionMgr:1044 - genDependencies : Invalid condition id : LAN8742 Phy interface Condition cause : null
2026-01-27 09:17:58,288 [WARN] PackLoader:240 - Cannot read IP mode file for STMicroelectronics.X-CUBE-SFXS2LP1.4.0.0
2026-01-27 09:17:58,294 [WARN] PackLoader:240 - Cannot read IP mode file for STMicroelectronics.X-CUBE-ST67W61.1.2.0
2026-01-27 09:17:58,307 [WARN] PackLoader:240 - Cannot read IP mode file for STMicroelectronics.X-CUBE-BLEMGR.4.1.0
2026-01-27 09:17:58,321 [WARN] ConditionMgr:438 - getConditionDescription Invalid condition id : UX DEVICE CLASS RTOS Condition cause : null
2026-01-27 09:17:58,322 [WARN] ConditionMgr:438 - getConditionDescription Invalid condition id : UX DEVICE CLASS RTOS Condition cause : null
2026-01-27 09:17:58,323 [WARN] PackLoader:240 - Cannot read IP mode file for STMicroelectronics.X-CUBE-AZRTOS-WB.2.0.0
2026-01-27 09:17:58,324 [WARN] ConditionMgr:1044 - genDependencies : Invalid condition id : UX DEVICE CLASS RTOS Condition cause : null
2026-01-27 09:17:58,324 [WARN] ConditionMgr:1044 - genDependencies : Invalid condition id : UX DEVICE CLASS RTOS Condition cause : null
2026-01-27 09:17:58,324 [WARN] ConditionMgr:1044 - genDependencies : Invalid condition id : UX DEVICE CLASS RTOS Condition cause : null
2026-01-27 09:17:58,324 [WARN] ConditionMgr:1044 - genDependencies : Invalid condition id : UX DEVICE CLASS RTOS Condition cause : null
2026-01-27 09:17:58,324 [WARN] ConditionMgr:1044 - genDependencies : Invalid condition id : UX DEVICE CLASS RTOS Condition cause : null
2026-01-27 09:17:58,331 [WARN] ConditionMgr:438 - getConditionDescription Invalid condition id : Cortex-A Device cause : null
2026-01-27 09:17:58,342 [WARN] ConditionMgr:1044 - genDependencies : Invalid condition id : Cortex-A Device cause : null
2026-01-27 09:17:58,342 [WARN] ConditionMgr:1044 - genDependencies : Invalid condition id : Cortex-A Device cause : null
2026-01-27 09:17:58,342 [WARN] ConditionMgr:1044 - genDependencies : Invalid condition id : Cortex-A Device cause : null
2026-01-27 09:17:58,350 [WARN] PackLoader:240 - Cannot read IP mode file for STMicroelectronics.X-CUBE-STSE01.2.0.0
2026-01-27 09:17:58,362 [WARN] PackLoader:240 - Cannot read IP mode file for STMicroelectronics.X-CUBE-SUBG2.5.0.0
2026-01-27 09:17:58,381 [WARN] PackLoader:240 - Cannot read IP mode file for STMicroelectronics.X-CUBE-AZRTOS-G4.2.0.0
2026-01-27 09:17:58,390 [WARN] PackLoader:240 - Cannot read IP mode file for wolfSSL.I-CUBE-wolfSSH.1.4.20
2026-01-27 09:17:58,396 [WARN] PackLoader:240 - Cannot read IP mode file for STMicroelectronics.X-CUBE-NFC7.2.0.0
2026-01-27 09:17:58,403 [WARN] PackLoader:240 - Cannot read IP mode file for STMicroelectronics.X-CUBE-ALS.1.0.2
2026-01-27 09:17:58,409 [WARN] PackLoader:240 - Cannot read IP mode file for STMicroelectronics.X-CUBE-STSE01.1.0.0
2026-01-27 09:17:58,418 [WARN] PackLoader:240 - Cannot read IP mode file for STMicroelectronics.X-CUBE-TOF1.3.4.3
2026-01-27 09:17:58,428 [INFO] ThirdParty:978 - Integrity check success = true
2026-01-27 09:17:58,428 [INFO] IntegrityCheckThread:100 - exiting critical section [integrity check]
2026-01-27 09:17:58,428 [INFO] IntegrityCheckThread:103 - End integrity checks thread
2026-01-27 09:18:49,121 [INFO] WebApp:194 - Connection lost
2026-01-27 09:18:49,273 [INFO] WebApp:191 - Connection restablished
2026-01-27 09:30:27,132 [INFO] WebApp:194 - Connection lost
2026-01-27 09:30:27,285 [INFO] WebApp:191 - Connection restablished
2026-01-27 09:31:34,112 [INFO] WebApp:194 - Connection lost
2026-01-27 09:31:34,301 [INFO] WebApp:191 - Connection restablished
2026-01-27 10:01:36,637 [INFO] WebApp:194 - Connection lost
2026-01-27 10:01:36,803 [INFO] WebApp:191 - Connection restablished
2026-01-27 10:06:26,116 [INFO] WebApp:194 - Connection lost
2026-01-27 10:06:26,264 [INFO] WebApp:191 - Connection restablished
2026-01-27 10:31:46,120 [INFO] WebApp:194 - Connection lost
2026-01-27 10:31:46,311 [INFO] WebApp:191 - Connection restablished
2026-01-27 11:01:48,118 [INFO] WebApp:194 - Connection lost
2026-01-27 11:01:48,312 [INFO] WebApp:191 - Connection restablished
2026-01-27 11:13:16,093 [INFO] WebApp:194 - Connection lost
2026-01-27 11:13:16,352 [INFO] WebApp:191 - Connection restablished
2026-01-27 11:16:33,126 [INFO] WebApp:194 - Connection lost
2026-01-27 11:16:33,288 [INFO] WebApp:191 - Connection restablished
2026-01-27 11:31:50,124 [INFO] WebApp:194 - Connection lost
2026-01-27 11:31:50,339 [INFO] WebApp:191 - Connection restablished
2026-01-27 11:51:51,693 [ERROR] LogOutputStream:75 - [STDERR_REDIRECT] 
2026-01-27 11:52:02,895 [INFO] Activator:176 - 


2026-01-27 11:52:02,896 [INFO] Activator:177 - !SESSION log4j initialized
2026-01-27 11:52:07,799 [INFO] LogOutputStream:77 - [STDOUT_REDIRECT] 
2026-01-27 11:52:10,868 [INFO] ApplicationProperties:184 - Using Application install path: C:\ST\STM32CubeIDE_1.19.0\STM32CubeIDE\plugins\com.st.stm32cube.common.mx_6.15.0.202507011659
2026-01-27 11:52:10,888 [INFO] DbMcusXml:78 - Set database path to: C:\ST\STM32CubeIDE_1.19.0\STM32CubeIDE\plugins\com.st.stm32cube.common.mx_6.15.0.202507011659\\db\/mcu/
2026-01-27 11:52:10,888 [INFO] ApiDb:274 - Set plugin database path to: C:\ST\STM32CubeIDE_1.19.0\STM32CubeIDE\plugins\com.st.stm32cube.common.mx_6.15.0.202507011659\\db\/plugins/boardmanager/
2026-01-27 11:52:10,888 [WARN] ApiDb:259 - Overriding images path with different value:  => C:\ST\STM32CubeIDE_1.19.0\STM32CubeIDE\plugins\com.st.stm32cube.common.mx_6.15.0.202507011659\\db\/plugins/mcufinder/images/
2026-01-27 11:52:10,896 [INFO] ApiDb:250 - Set database path to: C:\Users\CAMMSYS\.stmcufinder\plugins\mcufinder//mcu/
2026-01-27 11:52:10,898 [INFO] DbMcusAds:125 - Set database path to: C:\Users\CAMMSYS\.stmcufinder\plugins\mcufinder//mcu/
2026-01-27 11:52:10,902 [INFO] CrossReferenceDbSqlite:203 - Set database path to: C:\Users\CAMMSYS\.stmcufinder\plugins\mcufinder//mcu/cs/
2026-01-27 11:52:11,031 [INFO] RulesReader:64 - Compatibility file has been processed (317 Rules)
2026-01-27 11:52:11,190 [INFO] DbMcusXml:78 - Set database path to: C:\ST\STM32CubeIDE_1.19.0\STM32CubeIDE\plugins\com.st.stm32cube.common.mx_6.15.0.202507011659\\db\/mcu/
2026-01-27 11:52:11,190 [INFO] ApiDb:274 - Set plugin database path to: C:\ST\STM32CubeIDE_1.19.0\STM32CubeIDE\plugins\com.st.stm32cube.common.mx_6.15.0.202507011659\\db\/plugins/boardmanager/
2026-01-27 11:52:11,190 [INFO] ApiDb:261 - Set plugin images path to: C:\ST\STM32CubeIDE_1.19.0\STM32CubeIDE\plugins\com.st.stm32cube.common.mx_6.15.0.202507011659\\db\/plugins/mcufinder/images/
2026-01-27 11:52:11,190 [WARN] DbFile:41 - Overriding database path with different value: C:\Users\CAMMSYS\.stmcufinder\plugins\mcufinder/ => C:\Users\CAMMSYS\.stmcufinder\plugins\mcufinder
2026-01-27 11:52:11,192 [INFO] ApiDb:250 - Set database path to: C:\Users\CAMMSYS\.stmcufinder\plugins\mcufinder//mcu/
2026-01-27 11:52:11,192 [WARN] DbFile:41 - Overriding database path with different value: C:\Users\CAMMSYS\.stmcufinder\plugins\mcufinder/ => C:\Users\CAMMSYS\.stmcufinder\plugins\mcufinder
2026-01-27 11:52:11,192 [INFO] DbMcusAds:125 - Set database path to: C:\Users\CAMMSYS\.stmcufinder\plugins\mcufinder//mcu/
2026-01-27 11:52:11,192 [WARN] DbFile:41 - Overriding database path with different value: C:\Users\CAMMSYS\.stmcufinder\plugins\mcufinder/ => C:\Users\CAMMSYS\.stmcufinder\plugins\mcufinder
2026-01-27 11:52:11,192 [WARN] DbFile:41 - Overriding database path with different value: C:\Users\CAMMSYS\.stmcufinder\plugins\mcufinder/ => C:\Users\CAMMSYS\.stmcufinder\plugins\mcufinder
2026-01-27 11:52:11,192 [INFO] CrossReferenceDbSqlite:203 - Set database path to: C:\Users\CAMMSYS\.stmcufinder\plugins\mcufinder//mcu/cs/
2026-01-27 11:52:11,301 [INFO] MainPanel:274 - HeapMemory: 282066944
2026-01-27 11:52:11,375 [INFO] DbMcusXml:78 - Set database path to: C:\ST\STM32CubeIDE_1.19.0\STM32CubeIDE\plugins\com.st.stm32cube.common.mx_6.15.0.202507011659\\db\/mcu/
2026-01-27 11:52:11,375 [INFO] ApiDb:274 - Set plugin database path to: C:\ST\STM32CubeIDE_1.19.0\STM32CubeIDE\plugins\com.st.stm32cube.common.mx_6.15.0.202507011659\\db\/plugins/boardmanager/
2026-01-27 11:52:11,375 [INFO] ApiDb:261 - Set plugin images path to: C:\ST\STM32CubeIDE_1.19.0\STM32CubeIDE\plugins\com.st.stm32cube.common.mx_6.15.0.202507011659\\db\/plugins/mcufinder/images/
2026-01-27 11:52:11,375 [WARN] DbFile:41 - Overriding database path with different value: C:\Users\CAMMSYS\.stmcufinder\plugins\mcufinder/ => C:\Users\CAMMSYS\.stmcufinder\plugins\mcufinder
2026-01-27 11:52:11,376 [INFO] ApiDb:250 - Set database path to: C:\Users\CAMMSYS\.stmcufinder\plugins\mcufinder//mcu/
2026-01-27 11:52:11,376 [WARN] DbFile:41 - Overriding database path with different value: C:\Users\CAMMSYS\.stmcufinder\plugins\mcufinder/ => C:\Users\CAMMSYS\.stmcufinder\plugins\mcufinder
2026-01-27 11:52:11,376 [INFO] DbMcusAds:125 - Set database path to: C:\Users\CAMMSYS\.stmcufinder\plugins\mcufinder//mcu/
2026-01-27 11:52:11,376 [WARN] DbFile:41 - Overriding database path with different value: C:\Users\CAMMSYS\.stmcufinder\plugins\mcufinder/ => C:\Users\CAMMSYS\.stmcufinder\plugins\mcufinder
2026-01-27 11:52:11,376 [WARN] DbFile:41 - Overriding database path with different value: C:\Users\CAMMSYS\.stmcufinder\plugins\mcufinder/ => C:\Users\CAMMSYS\.stmcufinder\plugins\mcufinder
2026-01-27 11:52:11,376 [INFO] CrossReferenceDbSqlite:203 - Set database path to: C:\Users\CAMMSYS\.stmcufinder\plugins\mcufinder//mcu/cs/
2026-01-27 11:52:11,389 [INFO] ApplicationProperties:184 - Using Application install path: C:\ST\STM32CubeIDE_1.19.0\STM32CubeIDE\plugins\com.st.stm32cube.common.mx_6.15.0.202507011659
2026-01-27 11:52:11,390 [INFO] PluginManage:196 - Search for loadable plugins [exclusion list=, ]
2026-01-27 11:52:11,392 [INFO] PluginManage:310 - Check plugin analytics
2026-01-27 11:52:11,592 [INFO] AnalyticsPlugin:253 - Accepted Software Licenses: STM32CubeMX.6.16.0
2026-01-27 11:52:11,593 [INFO] AnalyticsPlugin:255 - Accepted CMSIS Pack Licenses: 
2026-01-27 11:52:11,593 [INFO] AnalyticsPlugin:257 - Accepted Firmware Licenses: FW.L4.1.18.0
2026-01-27 11:52:11,596 [INFO] PluginManage:359 - Loaded plugin analytics (category:tool,tabindex:-1)
2026-01-27 11:52:11,596 [INFO] PluginManage:310 - Check plugin cadmodel
2026-01-27 11:52:11,601 [INFO] CADModel:105 - Init CAD model plugin
2026-01-27 11:52:11,601 [INFO] PluginManage:359 - Loaded plugin cadmodel (category:power,tabindex:5)
2026-01-27 11:52:11,603 [INFO] PluginManage:310 - Check plugin clock
2026-01-27 11:52:11,613 [INFO] PluginManage:359 - Loaded plugin clock (category:base,tabindex:2)
2026-01-27 11:52:11,613 [INFO] PluginManage:310 - Check plugin ddr
2026-01-27 11:52:11,617 [INFO] PluginManage:359 - Loaded plugin ddr (category:tool,tabindex:6)
2026-01-27 11:52:11,618 [INFO] PluginManage:310 - Check plugin filemanager
2026-01-27 11:52:11,728 [INFO] PluginManage:359 - Loaded plugin filemanager (category:base,tabindex:10)
2026-01-27 11:52:11,728 [INFO] PluginManage:310 - Check plugin ipmanager
2026-01-27 11:52:11,733 [INFO] PluginManage:359 - Loaded plugin ipmanager (category:base,tabindex:5)
2026-01-27 11:52:11,733 [INFO] PluginManage:310 - Check plugin lpbam
2026-01-27 11:52:11,740 [INFO] PluginManage:359 - Loaded plugin lpbam (category:base,tabindex:0)
2026-01-27 11:52:11,741 [INFO] PluginManage:310 - Check plugin memorymap
2026-01-27 11:52:11,748 [INFO] PluginManage:359 - Loaded plugin memorymap (category:base,tabindex:4)
2026-01-27 11:52:11,748 [INFO] PluginManage:310 - Check plugin pinoutandconfiguration
2026-01-27 11:52:11,752 [INFO] PluginManage:359 - Loaded plugin pinoutandconfiguration (category:base,tabindex:1)
2026-01-27 11:52:11,752 [INFO] PluginManage:310 - Check plugin pinoutconfig
2026-01-27 11:52:11,812 [WARN] SupportedApi:132 - Cannot load RTOS API schema: s4s-elt-must-match.1: The content of 'definitions' must match (annotation?, (simpleType | complexType)?, (unique | key | keyref)*)). A problem was found starting at: attribute.
2026-01-27 11:52:11,895 [INFO] PluginManage:359 - Loaded plugin pinoutconfig (category:base,tabindex:0)
2026-01-27 11:52:11,895 [INFO] PluginManage:310 - Check plugin power
2026-01-27 11:52:11,906 [INFO] PluginManage:359 - Loaded plugin power (category:power,tabindex:4)
2026-01-27 11:52:11,906 [INFO] PluginManage:310 - Check plugin projectmanager
2026-01-27 11:52:11,921 [INFO] PluginManage:359 - Loaded plugin projectmanager (category:projectmanager,tabindex:4)
2026-01-27 11:52:11,921 [INFO] PluginManage:310 - Check plugin rif
2026-01-27 11:52:11,928 [INFO] PluginManage:359 - Loaded plugin rif (category:base,tabindex:3)
2026-01-27 11:52:11,928 [INFO] PluginManage:310 - Check plugin thirdparty
2026-01-27 11:52:12,044 [WARN] IntegrityCheckThread:84 - waiting for thirdparty lock release [integrity check]
2026-01-27 11:52:12,044 [INFO] IntegrityCheckThread:86 - entering critical section [integrity check]
2026-01-27 11:52:12,044 [INFO] ThirdPartyUpdaterWithRetryManager:70 - Updater plugin not ready yet. [1/15]
2026-01-27 11:52:12,044 [INFO] PluginManage:359 - Loaded plugin thirdparty (category:base,tabindex:-1)
2026-01-27 11:52:12,045 [INFO] PluginManage:310 - Check plugin tools
2026-01-27 11:52:12,048 [INFO] PluginManage:359 - Loaded plugin tools (category:base,tabindex:7)
2026-01-27 11:52:12,048 [INFO] PluginManage:310 - Check plugin tutovideos
2026-01-27 11:52:12,164 [INFO] PluginManage:359 - Loaded plugin tutovideos (category:base,tabindex:-1)
2026-01-27 11:52:12,164 [INFO] PluginManage:310 - Check plugin updater
2026-01-27 11:52:12,182 [INFO] PluginManage:359 - Loaded plugin updater (category:base,tabindex:12)
2026-01-27 11:52:12,182 [INFO] PluginManage:310 - Check plugin userauth
2026-01-27 11:52:12,184 [INFO] UserAuth:118 - Init User Auth plugin
2026-01-27 11:52:12,185 [INFO] PluginManage:359 - Loaded plugin userauth (category:base,tabindex:14)
2026-01-27 11:52:12,185 [INFO] PluginManage:283 - PluginManage : Loaded plugins [18]
2026-01-27 11:52:12,333 [INFO] PinOutPanel:1589 - setPackage(No Configuration,No Configuration)
2026-01-27 11:52:12,396 [INFO] CADModel:165 - CPN selected for project level
2026-01-27 11:52:12,396 [INFO] CADModel:114 - Register for checkConnection events
2026-01-27 11:52:12,408 [INFO] IPUIPlugin:80 - create IPUIPlugin
2026-01-27 11:52:12,408 [INFO] PluginManager:220 - loadIPPluginJar : add adc
2026-01-27 11:52:12,410 [INFO] IPUIPlugin:80 - create IPUIPlugin
2026-01-27 11:52:12,410 [INFO] PluginManager:220 - loadIPPluginJar : add aes
2026-01-27 11:52:12,413 [INFO] IPUIPlugin:80 - create IPUIPlugin
2026-01-27 11:52:12,413 [INFO] PluginManager:220 - loadIPPluginJar : add can
2026-01-27 11:52:12,415 [INFO] IPUIPlugin:80 - create IPUIPlugin
2026-01-27 11:52:12,415 [INFO] PluginManager:220 - loadIPPluginJar : add comp
2026-01-27 11:52:12,416 [INFO] IPUIPlugin:80 - create IPUIPlugin
2026-01-27 11:52:12,417 [INFO] PluginManager:220 - loadIPPluginJar : add cryp
2026-01-27 11:52:12,418 [INFO] IPUIPlugin:80 - create IPUIPlugin
2026-01-27 11:52:12,418 [INFO] PluginManager:220 - loadIPPluginJar : add ddr_ctrl_phy
2026-01-27 11:52:12,420 [INFO] IPUIPlugin:80 - create IPUIPlugin
2026-01-27 11:52:12,420 [INFO] PluginManager:220 - loadIPPluginJar : add dfsdm
2026-01-27 11:52:12,423 [INFO] IPUIPlugin:80 - create IPUIPlugin
2026-01-27 11:52:12,424 [INFO] PluginManager:220 - loadIPPluginJar : add dma
2026-01-27 11:52:12,425 [INFO] IPUIPlugin:80 - create IPUIPlugin
2026-01-27 11:52:12,426 [INFO] PluginManager:220 - loadIPPluginJar : add dma3
2026-01-27 11:52:12,427 [INFO] IPUIPlugin:80 - create IPUIPlugin
2026-01-27 11:52:12,428 [INFO] PluginManager:220 - loadIPPluginJar : add extmemmanager
2026-01-27 11:52:12,428 [INFO] IPUIPlugin:80 - create IPUIPlugin
2026-01-27 11:52:12,428 [INFO] PluginManager:220 - loadIPPluginJar : add fatfs
2026-01-27 11:52:12,432 [INFO] IPUIPlugin:80 - create IPUIPlugin
2026-01-27 11:52:12,432 [INFO] PluginManager:220 - loadIPPluginJar : add fmc
2026-01-27 11:52:12,435 [INFO] IPUIPlugin:80 - create IPUIPlugin
2026-01-27 11:52:12,435 [INFO] PluginManager:220 - loadIPPluginJar : add freertos
2026-01-27 11:52:12,436 [INFO] IPUIPlugin:80 - create IPUIPlugin
2026-01-27 11:52:12,436 [INFO] PluginManager:220 - loadIPPluginJar : add genericplugin
2026-01-27 11:52:12,438 [INFO] IPUIPlugin:80 - create IPUIPlugin
2026-01-27 11:52:12,438 [INFO] PluginManager:220 - loadIPPluginJar : add gfxmmu
2026-01-27 11:52:12,441 [INFO] IPUIPlugin:80 - create IPUIPlugin
2026-01-27 11:52:12,441 [INFO] PluginManager:220 - loadIPPluginJar : add gic
2026-01-27 11:52:12,444 [INFO] IPUIPlugin:80 - create IPUIPlugin
2026-01-27 11:52:12,444 [INFO] PluginManager:220 - loadIPPluginJar : add gpio
2026-01-27 11:52:12,446 [INFO] IPUIPlugin:80 - create IPUIPlugin
2026-01-27 11:52:12,446 [INFO] PluginManager:220 - loadIPPluginJar : add gtzc
2026-01-27 11:52:12,449 [INFO] IPUIPlugin:80 - create IPUIPlugin
2026-01-27 11:52:12,449 [INFO] PluginManager:220 - loadIPPluginJar : add hash
2026-01-27 11:52:12,451 [INFO] IPUIPlugin:80 - create IPUIPlugin
2026-01-27 11:52:12,451 [INFO] PluginManager:220 - loadIPPluginJar : add i2c
2026-01-27 11:52:12,453 [INFO] IPUIPlugin:80 - create IPUIPlugin
2026-01-27 11:52:12,453 [INFO] PluginManager:220 - loadIPPluginJar : add i2s
2026-01-27 11:52:12,455 [INFO] IPUIPlugin:80 - create IPUIPlugin
2026-01-27 11:52:12,455 [INFO] PluginManager:220 - loadIPPluginJar : add i3c
2026-01-27 11:52:12,458 [INFO] IPUIPlugin:80 - create IPUIPlugin
2026-01-27 11:52:12,458 [INFO] PluginManager:220 - loadIPPluginJar : add ipddr
2026-01-27 11:52:12,463 [INFO] IPUIPlugin:80 - create IPUIPlugin
2026-01-27 11:52:12,463 [INFO] PluginManager:220 - loadIPPluginJar : add linkedlist
2026-01-27 11:52:12,466 [INFO] IPUIPlugin:80 - create IPUIPlugin
2026-01-27 11:52:12,466 [INFO] PluginManager:220 - loadIPPluginJar : add lorawan
2026-01-27 11:52:12,467 [INFO] IPUIPlugin:80 - create IPUIPlugin
2026-01-27 11:52:12,467 [INFO] PluginManager:220 - loadIPPluginJar : add ltdc
2026-01-27 11:52:12,478 [INFO] IPUIPlugin:80 - create IPUIPlugin
2026-01-27 11:52:12,478 [INFO] PluginManager:220 - loadIPPluginJar : add mdma
2026-01-27 11:52:12,481 [INFO] IPUIPlugin:80 - create IPUIPlugin
2026-01-27 11:52:12,481 [INFO] PluginManager:220 - loadIPPluginJar : add nvic
2026-01-27 11:52:12,483 [INFO] IPUIPlugin:80 - create IPUIPlugin
2026-01-27 11:52:12,483 [INFO] PluginManager:220 - loadIPPluginJar : add opamp
2026-01-27 11:52:12,485 [INFO] IPUIPlugin:80 - create IPUIPlugin
2026-01-27 11:52:12,485 [INFO] PluginManager:220 - loadIPPluginJar : add openamp
2026-01-27 11:52:12,487 [INFO] IPUIPlugin:80 - create IPUIPlugin
2026-01-27 11:52:12,488 [INFO] PluginManager:220 - loadIPPluginJar : add pdm2pcm
2026-01-27 11:52:12,491 [INFO] IPUIPlugin:80 - create IPUIPlugin
2026-01-27 11:52:12,493 [INFO] PluginManager:220 - loadIPPluginJar : add plateformsettings
2026-01-27 11:52:12,495 [INFO] IPUIPlugin:80 - create IPUIPlugin
2026-01-27 11:52:12,495 [INFO] PluginManager:220 - loadIPPluginJar : add quadspi
2026-01-27 11:52:12,496 [INFO] IPUIPlugin:80 - create IPUIPlugin
2026-01-27 11:52:12,497 [INFO] PluginManager:220 - loadIPPluginJar : add radio
2026-01-27 11:52:12,498 [INFO] IPUIPlugin:80 - create IPUIPlugin
2026-01-27 11:52:12,499 [INFO] PluginManager:220 - loadIPPluginJar : add resmgrutility
2026-01-27 11:52:12,500 [INFO] IPUIPlugin:80 - create IPUIPlugin
2026-01-27 11:52:12,500 [INFO] PluginManager:220 - loadIPPluginJar : add sai
2026-01-27 11:52:12,502 [INFO] IPUIPlugin:80 - create IPUIPlugin
2026-01-27 11:52:12,502 [INFO] PluginManager:220 - loadIPPluginJar : add spi
2026-01-27 11:52:12,506 [INFO] IPUIPlugin:80 - create IPUIPlugin
2026-01-27 11:52:12,506 [INFO] PluginManager:220 - loadIPPluginJar : add stm32_wpan
2026-01-27 11:52:12,507 [INFO] IPUIPlugin:80 - create IPUIPlugin
2026-01-27 11:52:12,508 [INFO] PluginManager:220 - loadIPPluginJar : add tim
2026-01-27 11:52:12,510 [INFO] IPUIPlugin:80 - create IPUIPlugin
2026-01-27 11:52:12,510 [INFO] PluginManager:220 - loadIPPluginJar : add touchsensing
2026-01-27 11:52:12,511 [INFO] IPUIPlugin:80 - create IPUIPlugin
2026-01-27 11:52:12,511 [INFO] PluginManager:220 - loadIPPluginJar : add tracer_emb
2026-01-27 11:52:12,512 [INFO] IPUIPlugin:80 - create IPUIPlugin
2026-01-27 11:52:12,512 [INFO] PluginManager:220 - loadIPPluginJar : add ts
2026-01-27 11:52:12,513 [INFO] IPUIPlugin:80 - create IPUIPlugin
2026-01-27 11:52:12,513 [INFO] PluginManager:220 - loadIPPluginJar : add tsc
2026-01-27 11:52:12,515 [INFO] IPUIPlugin:80 - create IPUIPlugin
2026-01-27 11:52:12,515 [INFO] PluginManager:220 - loadIPPluginJar : add ucpd
2026-01-27 11:52:12,516 [INFO] IPUIPlugin:80 - create IPUIPlugin
2026-01-27 11:52:12,517 [INFO] PluginManager:220 - loadIPPluginJar : add usart
2026-01-27 11:52:12,519 [INFO] IPUIPlugin:80 - create IPUIPlugin
2026-01-27 11:52:12,519 [INFO] PluginManager:220 - loadIPPluginJar : add usbx
2026-01-27 11:52:12,633 [FATAL] Updater:351 - Updater called before beeing initialized
2026-01-27 11:52:12,651 [INFO] RulesReader:64 - Compatibility file has been processed (317 Rules)
2026-01-27 11:52:12,659 [INFO] RulesReader:64 - Compatibility file has been processed (317 Rules)
2026-01-27 11:52:12,666 [INFO] CADModel:165 - CPN selected for project level
2026-01-27 11:52:12,667 [INFO] CADModel:114 - Register for checkConnection events
2026-01-27 11:52:12,667 [FATAL] Updater:351 - Updater called before beeing initialized
2026-01-27 11:52:12,667 [ERROR] CADModel:125 - Updater not yet initialized, retry later 
2026-01-27 11:52:12,790 [FATAL] Updater:351 - Updater called before beeing initialized
2026-01-27 11:52:12,791 [INFO] CADModel:165 - CPN selected for project level
2026-01-27 11:52:12,791 [INFO] CADModel:114 - Register for checkConnection events
2026-01-27 11:52:12,791 [FATAL] Updater:351 - Updater called before beeing initialized
2026-01-27 11:52:12,791 [ERROR] CADModel:125 - Updater not yet initialized, retry later 
2026-01-27 11:52:12,793 [FATAL] Updater:351 - Updater called before beeing initialized
2026-01-27 11:52:12,873 [FATAL] Updater:351 - Updater called before beeing initialized
2026-01-27 11:52:12,875 [INFO] DbMcusAds:53 - JSON generation date=Fri Jan 09 00:57:51 KST 2026 (1767887871456)
2026-01-27 11:52:12,875 [FATAL] Updater:351 - Updater called before beeing initialized
2026-01-27 11:52:12,904 [WARN] DetailPanel:346 - Failed to get advertising image, set to default
2026-01-27 11:52:12,979 [FATAL] Updater:351 - Updater called before beeing initialized
2026-01-27 11:52:12,981 [FATAL] Updater:351 - Updater called before beeing initialized
2026-01-27 11:52:12,981 [FATAL] Updater:351 - Updater called before beeing initialized
2026-01-27 11:52:12,981 [WARN] DetailPanel:346 - Failed to get advertising image, set to default
2026-01-27 11:52:12,981 [FATAL] Updater:351 - Updater called before beeing initialized
2026-01-27 11:52:13,011 [ERROR] Updater:1198 - MainUpdater not yet initialized. External WinMGr cannot be set.
2026-01-27 11:52:13,012 [INFO] Updater:1134 - Updater Version found : 6.15.0
2026-01-27 11:52:13,024 [INFO] ApplicationProperties:184 - Using Application install path: C:\ST\STM32CubeIDE_1.19.0\STM32CubeIDE\plugins\com.st.stm32cube.common.mx_6.15.0.202507011659
2026-01-27 11:52:14,590 [ERROR] LogOutputStream:75 - [STDERR_REDIRECT] Jan 27, 2026 11:52:14 AM java.util.prefs.WindowsPreferences <init>
2026-01-27 11:52:14,592 [ERROR] LogOutputStream:75 - [STDERR_REDIRECT] WARNING: Could not open/create prefs root node Software\JavaSoft\Prefs at root 0xffffffff80000002. Windows RegCreateKeyEx(...) returned error code 5.
2026-01-27 11:52:14,592 [ERROR] LogOutputStream:75 - [STDERR_REDIRECT] 
2026-01-27 11:52:15,045 [INFO] ThirdPartyUpdaterWithRetryManager:70 - Updater plugin not ready yet. [2/15]
2026-01-27 11:52:15,112 [INFO] MainUpdater:2872 - connection check result : 10
2026-01-27 11:52:15,112 [INFO] MainUpdater:289 - Updater Check For Update Now.
2026-01-27 11:52:15,113 [INFO] MicroXplorer:498 - Change Database Version : DB.6.0.150
2026-01-27 11:52:15,118 [INFO] McuFinderGlobals:63 - Set McuFinder mode to 2 (CubeIDE integrated)
2026-01-27 11:52:15,118 [INFO] UserAuth:171 - activating auth plugin
2026-01-27 11:52:15,119 [INFO] UserAuth:487 - Internet connection configuration mode: 1
2026-01-27 11:52:15,155 [INFO] JxBrowserEngine:152 - Initiate JxBrowser Engine with user profile folder
2026-01-27 11:52:15,276 [INFO] CheckServerUpdateThread:120 - End of CheckServer Thread
2026-01-27 11:52:15,665 [INFO] WebApp:169 - Instantiating new browser for Auth
2026-01-27 11:52:16,222 [INFO] WebApp:463 - Apply proxy settings
2026-01-27 11:52:16,222 [INFO] WebApp:548 - Chromium requires no authentication
2026-01-27 11:52:16,227 [INFO] WebApp:491 - Direct internet connection detected
2026-01-27 11:52:16,240 [INFO] WebApp:900 - Register for checkConnection events
2026-01-27 11:52:16,240 [INFO] WebApp:463 - Apply proxy settings
2026-01-27 11:52:16,240 [INFO] WebApp:548 - Chromium requires no authentication
2026-01-27 11:52:16,240 [INFO] WebApp:491 - Direct internet connection detected
2026-01-27 11:52:16,347 [INFO] WebApp:225 - Starting web application
2026-01-27 11:52:16,347 [INFO] WebApp:593 - Web application path used C:\ST\STM32CubeIDE_1.19.0\STM32CubeIDE\plugins\com.st.stm32cube.common.mx_6.15.0.202507011659\db\plugins\mcufinder\reactClient1\index.html
2026-01-27 11:52:16,609 [INFO] WebApp:191 - Connection restablished
2026-01-27 11:52:18,276 [WARN] PackLoader:240 - Cannot read IP mode file for STMicroelectronics.FP-SNS-MOTENVWB1.1.4.0
2026-01-27 11:52:18,284 [WARN] PackLoader:240 - Cannot read IP mode file for STMicroelectronics.FP-ATR-ASTRA1.2.0.2
2026-01-27 11:52:18,291 [WARN] PackLoader:240 - Cannot read IP mode file for STMicroelectronics.X-CUBE-SMBUS.2.1.0
2026-01-27 11:52:18,312 [WARN] PackLoader:240 - Cannot read IP mode file for STMicroelectronics.X-CUBE-AZRTOS-F7.1.1.0
2026-01-27 11:52:18,320 [WARN] PackLoader:240 - Cannot read IP mode file for STMicroelectronics.FP-SNS-MOTENV1.5.1.0
2026-01-27 11:52:18,332 [WARN] PackLoader:240 - Cannot read IP mode file for WES.I-CUBE-Cesium.1.4.0
2026-01-27 11:52:18,349 [WARN] PackLoader:240 - Cannot read IP mode file for STMicroelectronics.X-CUBE-AZRTOS-H7.3.4.0
2026-01-27 11:52:18,358 [WARN] PackLoader:240 - Cannot read IP mode file for STMicroelectronics.X-CUBE-DISPLAY.3.0.0
2026-01-27 11:52:18,370 [WARN] PackLoader:240 - Cannot read IP mode file for STMicroelectronics.X-CUBE-NFC10.1.0.0
2026-01-27 11:52:18,375 [WARN] PackLoader:240 - Cannot read IP mode file for STMicroelectronics.X-CUBE-ST60.1.1.0
2026-01-27 11:52:18,381 [WARN] PackLoader:240 - Cannot read IP mode file for emotas.I-CUBE-CANOPEN.1.3.0
2026-01-27 11:52:18,386 [WARN] PackLoader:240 - Cannot read IP mode file for STMicroelectronics.X-CUBE-GNSS1.7.1.0
2026-01-27 11:52:18,392 [WARN] PackLoader:240 - Cannot read IP mode file for STMicroelectronics.FP-SNS-STBOX1.2.1.0
2026-01-27 11:52:18,397 [WARN] PackLoader:240 - Cannot read IP mode file for STMicroelectronics.FP-SNS-SMARTAG2.1.2.0
2026-01-27 11:52:18,400 [WARN] PackLoader:240 - Cannot read IP mode file for STMicroelectronics.FP-SNS-FLIGHT1.5.1.0
2026-01-27 11:52:18,408 [INFO] LogOutputStream:77 - [STDOUT_REDIRECT] 1 : Invalid condition id : UX_CORESTACK_Condition cause : null
2026-01-27 11:52:18,409 [INFO] LogOutputStream:77 - [STDOUT_REDIRECT] 1 : Invalid condition id : UX_CORESTACK_Condition cause : null
2026-01-27 11:52:18,410 [INFO] LogOutputStream:77 - [STDOUT_REDIRECT] 1 : Invalid condition id : UX_CORESTACK_Condition cause : null
2026-01-27 11:52:18,411 [INFO] LogOutputStream:77 - [STDOUT_REDIRECT] 1 : Invalid condition id : UX_CORESTACK_Condition cause : null
2026-01-27 11:52:18,411 [INFO] LogOutputStream:77 - [STDOUT_REDIRECT] 1 : Invalid condition id : UX_CORESTACK_Condition cause : null
2026-01-27 11:52:18,413 [WARN] PackLoader:240 - Cannot read IP mode file for STMicroelectronics.X-CUBE-AZRTOS-WL.2.0.0
2026-01-27 11:52:18,426 [WARN] PackLoader:240 - Cannot read IP mode file for STMicroelectronics.X-CUBE-AZRTOS-H7RS.1.2.0
2026-01-27 11:52:18,433 [WARN] PackLoader:240 - Cannot read IP mode file for STMicroelectronics.X-CUBE-BLE2.3.3.0
2026-01-27 11:52:18,467 [WARN] PackLoader:240 - Cannot read IP mode file for Infineon.AIROC-Wi-Fi-Bluetooth-STM32.1.8.0
2026-01-27 11:52:18,481 [WARN] PackLoader:240 - Cannot read IP mode file for STMicroelectronics.X-CUBE-NFC9.1.0.0
2026-01-27 11:52:18,488 [WARN] PackLoader:240 - Cannot read IP mode file for STMicroelectronics.X-CUBE-BLE1.7.1.0
2026-01-27 11:52:18,517 [WARN] PackLoader:240 - Cannot read IP mode file for wolfSSL.I-CUBE-wolfMQTT.1.19.2
2026-01-27 11:52:18,526 [WARN] PackLoader:240 - Cannot read IP mode file for STMicroelectronics.X-CUBE-FREERTOS.1.4.0
2026-01-27 11:52:18,535 [WARN] PackLoader:240 - Cannot read IP mode file for STMicroelectronics.X-CUBE-EEPRMA1.5.2.0
2026-01-27 11:52:18,541 [WARN] PackLoader:240 - Cannot read IP mode file for wolfSSL.I-CUBE-wolfSSL.5.8.4
2026-01-27 11:52:18,548 [WARN] PackLoader:240 - Cannot read IP mode file for Cesanta.I-CUBE-Mongoose.7.20.0
2026-01-27 11:52:18,553 [WARN] PackLoader:240 - Cannot read IP mode file for STMicroelectronics.X-CUBE-ST67W61.1.1.0
2026-01-27 11:52:18,575 [WARN] PackLoader:240 - Cannot read IP mode file for STMicroelectronics.X-CUBE-MEMS1.12.0.0
2026-01-27 11:52:18,632 [WARN] PackLoader:240 - Cannot read IP mode file for STMicroelectronics.X-CUBE-AZRTOS-G0.1.1.0
2026-01-27 11:52:18,638 [WARN] PackLoader:240 - Cannot read IP mode file for STMicroelectronics.X-CUBE-NFC4.3.0.0
2026-01-27 11:52:18,645 [WARN] PackLoader:240 - Cannot read IP mode file for EmbeddedOffice.I-CUBE-FS-RTOS.1.0.1
2026-01-27 11:52:18,649 [WARN] PackLoader:240 - Cannot read IP mode file for STMicroelectronics.X-CUBE-WB05N.2.0.0
2026-01-27 11:52:18,653 [WARN] PackLoader:240 - Cannot read IP mode file for wolfSSL.I-CUBE-wolfTPM.3.8.0
2026-01-27 11:52:18,657 [WARN] PackLoader:240 - Cannot read IP mode file for STMicroelectronics.X-CUBE-TCPP.4.2.0
2026-01-27 11:52:18,662 [WARN] PackLoader:240 - Cannot read IP mode file for RealThread.X-CUBE-RT-Thread_Nano.4.1.1
2026-01-27 11:52:18,667 [WARN] PackLoader:240 - Cannot read IP mode file for STMicroelectronics.FP-ATR-SIGFOX1.3.2.0
2026-01-27 11:52:18,673 [WARN] PackLoader:240 - Cannot read IP mode file for ITTIA_DB.I-CUBE-ITTIADB.8.9.0
2026-01-27 11:52:18,677 [WARN] PackLoader:240 - Cannot read IP mode file for STMicroelectronics.X-CUBE-NFC6.3.2.0
2026-01-27 11:52:18,682 [WARN] PackLoader:240 - Cannot read IP mode file for STMicroelectronics.X-CUBE-AI.10.2.0
2026-01-27 11:52:18,698 [WARN] PackLoader:240 - Cannot read IP mode file for SEGGER.I-CUBE-embOS.1.3.1
2026-01-27 11:52:18,719 [WARN] PackLoader:240 - Cannot read IP mode file for STMicroelectronics.X-CUBE-ALGOBUILD.1.4.0
2026-01-27 11:52:18,723 [WARN] PackLoader:240 - Cannot read IP mode file for STMicroelectronics.X-CUBE-PM33A1.1.0.0
2026-01-27 11:52:18,733 [WARN] PackLoader:240 - Cannot read IP mode file for STMicroelectronics.X-CUBE-AZRTOS-F4.1.1.0
2026-01-27 11:52:18,738 [WARN] PackLoader:240 - Cannot read IP mode file for STMicroelectronics.X-CUBE-ISPU.2.1.0
2026-01-27 11:52:18,747 [WARN] PackLoader:240 - Cannot read IP mode file for STMicroelectronics.X-CUBE-IPS.3.2.0
2026-01-27 11:52:18,755 [WARN] PackLoader:240 - Cannot read IP mode file for STMicroelectronics.X-CUBE-NFC12.1.0.0
2026-01-27 11:52:18,765 [WARN] PackLoader:240 - Cannot read IP mode file for STMicroelectronics.X-CUBE-AZRTOS-L5.2.0.0
2026-01-27 11:52:18,771 [WARN] PackLoader:240 - Cannot read IP mode file for STMicroelectronics.X-CUBE-NFC6.3.1.0
2026-01-27 11:52:18,784 [WARN] PackLoader:240 - Cannot read IP mode file for STMicroelectronics.X-CUBE-TOUCHGFX.4.26.0
2026-01-27 11:52:18,788 [WARN] PackLoader:240 - Cannot read IP mode file for STMicroelectronics.FP-SNS-STAIOTCFT.1.0.0
2026-01-27 11:52:18,794 [WARN] PackLoader:240 - Cannot read IP mode file for STMicroelectronics.X-CUBE-DPower.1.3.0
2026-01-27 11:52:18,804 [WARN] ConditionMgr:438 - getConditionDescription Invalid condition id : LAN8742 Phy interface Condition cause : null
2026-01-27 11:52:18,805 [WARN] PackLoader:240 - Cannot read IP mode file for STMicroelectronics.X-CUBE-AZRTOS-L4.2.0.0
2026-01-27 11:52:18,805 [WARN] ConditionMgr:1044 - genDependencies : Invalid condition id : LAN8742 Phy interface Condition cause : null
2026-01-27 11:52:18,806 [WARN] ConditionMgr:1044 - genDependencies : Invalid condition id : LAN8742 Phy interface Condition cause : null
2026-01-27 11:52:18,806 [WARN] ConditionMgr:1044 - genDependencies : Invalid condition id : LAN8742 Phy interface Condition cause : null
2026-01-27 11:52:18,812 [WARN] PackLoader:240 - Cannot read IP mode file for STMicroelectronics.X-CUBE-SFXS2LP1.4.0.0
2026-01-27 11:52:18,816 [WARN] PackLoader:240 - Cannot read IP mode file for STMicroelectronics.X-CUBE-ST67W61.1.2.0
2026-01-27 11:52:18,823 [WARN] PackLoader:240 - Cannot read IP mode file for STMicroelectronics.X-CUBE-BLEMGR.4.1.0
2026-01-27 11:52:18,832 [WARN] ConditionMgr:438 - getConditionDescription Invalid condition id : UX DEVICE CLASS RTOS Condition cause : null
2026-01-27 11:52:18,832 [WARN] ConditionMgr:438 - getConditionDescription Invalid condition id : UX DEVICE CLASS RTOS Condition cause : null
2026-01-27 11:52:18,833 [WARN] PackLoader:240 - Cannot read IP mode file for STMicroelectronics.X-CUBE-AZRTOS-WB.2.0.0
2026-01-27 11:52:18,834 [WARN] ConditionMgr:1044 - genDependencies : Invalid condition id : UX DEVICE CLASS RTOS Condition cause : null
2026-01-27 11:52:18,834 [WARN] ConditionMgr:1044 - genDependencies : Invalid condition id : UX DEVICE CLASS RTOS Condition cause : null
2026-01-27 11:52:18,834 [WARN] ConditionMgr:1044 - genDependencies : Invalid condition id : UX DEVICE CLASS RTOS Condition cause : null
2026-01-27 11:52:18,834 [WARN] ConditionMgr:1044 - genDependencies : Invalid condition id : UX DEVICE CLASS RTOS Condition cause : null
2026-01-27 11:52:18,834 [WARN] ConditionMgr:1044 - genDependencies : Invalid condition id : UX DEVICE CLASS RTOS Condition cause : null
2026-01-27 11:52:18,840 [WARN] ConditionMgr:438 - getConditionDescription Invalid condition id : Cortex-A Device cause : null
2026-01-27 11:52:18,847 [WARN] ConditionMgr:1044 - genDependencies : Invalid condition id : Cortex-A Device cause : null
2026-01-27 11:52:18,847 [WARN] ConditionMgr:1044 - genDependencies : Invalid condition id : Cortex-A Device cause : null
2026-01-27 11:52:18,847 [WARN] ConditionMgr:1044 - genDependencies : Invalid condition id : Cortex-A Device cause : null
2026-01-27 11:52:18,852 [WARN] PackLoader:240 - Cannot read IP mode file for STMicroelectronics.X-CUBE-STSE01.2.0.0
2026-01-27 11:52:18,858 [WARN] PackLoader:240 - Cannot read IP mode file for STMicroelectronics.X-CUBE-SUBG2.5.0.0
2026-01-27 11:52:18,868 [WARN] PackLoader:240 - Cannot read IP mode file for STMicroelectronics.X-CUBE-AZRTOS-G4.2.0.0
2026-01-27 11:52:18,874 [WARN] PackLoader:240 - Cannot read IP mode file for wolfSSL.I-CUBE-wolfSSH.1.4.20
2026-01-27 11:52:18,880 [WARN] PackLoader:240 - Cannot read IP mode file for STMicroelectronics.X-CUBE-NFC7.2.0.0
2026-01-27 11:52:18,884 [WARN] PackLoader:240 - Cannot read IP mode file for STMicroelectronics.X-CUBE-ALS.1.0.2
2026-01-27 11:52:18,889 [WARN] PackLoader:240 - Cannot read IP mode file for STMicroelectronics.X-CUBE-STSE01.1.0.0
2026-01-27 11:52:18,897 [WARN] PackLoader:240 - Cannot read IP mode file for STMicroelectronics.X-CUBE-TOF1.3.4.3
2026-01-27 11:52:18,902 [INFO] ThirdParty:978 - Integrity check success = true
2026-01-27 11:52:18,903 [INFO] IntegrityCheckThread:100 - exiting critical section [integrity check]
2026-01-27 11:52:18,903 [INFO] IntegrityCheckThread:103 - End integrity checks thread
2026-01-27 11:54:31,616 [INFO] WebApp:194 - Connection lost
2026-01-27 11:54:31,769 [INFO] WebApp:191 - Connection restablished
2026-01-27 11:58:19,107 [INFO] WebApp:194 - Connection lost
2026-01-27 11:58:19,278 [INFO] WebApp:191 - Connection restablished
2026-01-27 12:01:52,124 [INFO] WebApp:194 - Connection lost
2026-01-27 12:01:52,297 [INFO] WebApp:191 - Connection restablished
2026-01-27 12:11:54,654 [INFO] WebApp:194 - Connection lost
2026-01-27 12:11:54,813 [INFO] WebApp:191 - Connection restablished
2026-01-27 12:27:58,953 [INFO] WebApp:194 - Connection lost
2026-01-27 12:27:59,113 [INFO] WebApp:191 - Connection restablished
2026-01-27 12:31:54,299 [INFO] WebApp:194 - Connection lost
2026-01-27 12:31:54,459 [INFO] WebApp:191 - Connection restablished
2026-01-27 12:33:48,765 [INFO] WebApp:194 - Connection lost
2026-01-27 12:33:48,927 [INFO] WebApp:191 - Connection restablished
2026-01-27 12:38:57,812 [INFO] WebApp:194 - Connection lost
2026-01-27 12:38:57,958 [INFO] WebApp:191 - Connection restablished
2026-01-27 12:40:11,806 [INFO] WebApp:194 - Connection lost
2026-01-27 12:40:11,965 [INFO] WebApp:191 - Connection restablished
2026-01-27 12:55:23,269 [INFO] WebApp:194 - Connection lost
2026-01-27 12:55:23,430 [INFO] WebApp:191 - Connection restablished
2026-01-27 12:59:24,248 [INFO] WebApp:194 - Connection lost
2026-01-27 12:59:24,407 [INFO] WebApp:191 - Connection restablished
2026-01-27 13:01:54,724 [INFO] WebApp:194 - Connection lost
2026-01-27 13:01:54,876 [INFO] WebApp:191 - Connection restablished
2026-01-27 13:05:19,747 [INFO] WebApp:194 - Connection lost
2026-01-27 13:05:19,942 [INFO] WebApp:191 - Connection restablished
2026-01-27 13:08:21,787 [INFO] WebApp:194 - Connection lost
2026-01-27 13:08:21,981 [INFO] WebApp:191 - Connection restablished
2026-01-27 13:11:25,777 [INFO] WebApp:194 - Connection lost
2026-01-27 13:11:25,928 [INFO] WebApp:191 - Connection restablished
2026-01-27 13:17:01,772 [INFO] WebApp:194 - Connection lost
2026-01-27 13:17:01,930 [INFO] WebApp:191 - Connection restablished
2026-01-27 13:19:05,611 [INFO] McuFinderGlobals:63 - Set McuFinder mode to 2 (CubeIDE integrated)
2026-01-27 13:19:05,618 [INFO] MainUpdater:2872 - connection check result : 10
2026-01-27 13:19:05,618 [INFO] MainUpdater:2872 - connection check result : 10
2026-01-27 13:19:05,781 [INFO] MicroXplorer:468 - Change Database Path : 
2026-01-27 13:19:05,781 [INFO] MicroXplorer:498 - Change Database Version : DB.6.0.150
2026-01-27 13:19:05,786 [WARN] ThirdParty:871 - waiting for thirdparty lock release [close project]
2026-01-27 13:19:05,787 [INFO] ThirdParty:873 - entering critical section [close project]
2026-01-27 13:19:05,788 [INFO] ThirdParty:883 - exiting critical section [close project]
2026-01-27 13:19:05,791 [INFO] PinOutPanel:1589 - setPackage(No Configuration,No Configuration)
2026-01-27 13:19:05,794 [INFO] UtilMem:75 - Begin LoadConfig() Used Memory: 744747816 Bytes (1073741824)
2026-01-27 13:19:05,794 [INFO] MicroXplorer:468 - Change Database Path : 
2026-01-27 13:19:05,795 [INFO] MicroXplorer:498 - Change Database Version : DB.6.0.150
2026-01-27 13:19:05,795 [INFO] OpenFileManager:355 - Change cursor
2026-01-27 13:19:05,839 [INFO] Mcu:2029 - Initializing MCU STM32L412RBTxP STM32L412RBTxP STM32L412RBT6P
2026-01-27 13:19:07,254 [INFO] Context:786 - Trying to add GPIOservice into a context  which must be forbidden
2026-01-27 13:19:07,594 [INFO] ImportTextPane:234 - (OptionalMessage_ERROR) Pin19 (VP_RIF_VS_RIF1) cannot be retrieved for this MCU
2026-01-27 13:19:07,770 [INFO] RtosManager:558 - Registered RTOS mode: class=CMSIS, group=RTOS, mode=CMSIS_V1, owner=FREERTOS
2026-01-27 13:19:07,770 [INFO] RtosManager:558 - Registered RTOS mode: class=CMSIS, group=RTOS2, mode=CMSIS_V2, owner=FREERTOS
2026-01-27 13:19:07,770 [INFO] RtosManager:558 - Registered RTOS mode: class=RTOS, group=Core, mode=CMSIS_V1, owner=FREERTOS
2026-01-27 13:19:07,770 [INFO] RtosManager:558 - Registered RTOS mode: class=RTOS, group=Core, mode=CMSIS_V2, owner=FREERTOS
2026-01-27 13:19:07,770 [WARN] ModelIntegratedComponent:184 - Missing modes for component STMicroelectronics:FreeRTOS:0.0.1:STMicroelectronics:RTOS:FreeRTOS:Core:::10.2.0:
2026-01-27 13:19:07,784 [WARN] ModelIntegratedComponent:63 - No mode defined for component null
2026-01-27 13:19:07,784 [WARN] ModelIntegratedComponent:63 - No mode defined for component null
2026-01-27 13:19:07,784 [WARN] ModelIntegratedComponent:63 - No mode defined for component null
2026-01-27 13:19:07,784 [WARN] ModelIntegratedComponent:63 - No mode defined for component null
2026-01-27 13:19:07,784 [WARN] ModelIntegratedComponent:63 - No mode defined for component null
2026-01-27 13:19:07,784 [WARN] ModelIntegratedComponent:63 - No mode defined for component null
2026-01-27 13:19:07,784 [WARN] ModelIntegratedComponent:63 - No mode defined for component null
2026-01-27 13:19:07,784 [WARN] ModelIntegratedComponent:63 - No mode defined for component null
2026-01-27 13:19:07,784 [WARN] ModelIntegratedComponent:63 - No mode defined for component null
2026-01-27 13:19:07,784 [WARN] ModelIntegratedComponent:63 - No mode defined for component null
2026-01-27 13:19:07,784 [WARN] ModelIntegratedComponent:63 - No mode defined for component null
2026-01-27 13:19:07,784 [WARN] ModelIntegratedComponent:63 - No mode defined for component null
2026-01-27 13:19:07,784 [WARN] ModelIntegratedComponent:63 - No mode defined for component null
2026-01-27 13:19:07,785 [WARN] ModelIntegratedComponent:63 - No mode defined for component null
2026-01-27 13:19:07,785 [WARN] ModelIntegratedComponent:63 - No mode defined for component null
2026-01-27 13:19:07,785 [WARN] ModelIntegratedComponent:63 - No mode defined for component null
2026-01-27 13:19:07,785 [WARN] ModelIntegratedComponent:63 - No mode defined for component null
2026-01-27 13:19:07,785 [WARN] ModelIntegratedComponent:63 - No mode defined for component null
2026-01-27 13:19:07,785 [WARN] ModelIntegratedComponent:63 - No mode defined for component null
2026-01-27 13:19:07,785 [WARN] ModelIntegratedComponent:63 - No mode defined for component null
2026-01-27 13:19:07,785 [WARN] ModelIntegratedComponent:63 - No mode defined for component null
2026-01-27 13:19:07,785 [WARN] ModelIntegratedComponent:63 - No mode defined for component null
2026-01-27 13:19:07,785 [WARN] ModelIntegratedComponent:63 - No mode defined for component null
2026-01-27 13:19:07,785 [WARN] ModelIntegratedComponent:63 - No mode defined for component null
2026-01-27 13:19:07,785 [WARN] ModelIntegratedComponent:63 - No mode defined for component null
2026-01-27 13:19:07,785 [WARN] ModelIntegratedComponent:63 - No mode defined for component null
2026-01-27 13:19:07,785 [WARN] ModelIntegratedComponent:63 - No mode defined for component null
2026-01-27 13:19:07,785 [WARN] ModelIntegratedComponent:63 - No mode defined for component null
2026-01-27 13:19:07,785 [WARN] ModelIntegratedComponent:63 - No mode defined for component null
2026-01-27 13:19:07,785 [WARN] ModelIntegratedComponent:63 - No mode defined for component null
2026-01-27 13:19:07,785 [WARN] ModelIntegratedComponent:63 - No mode defined for component null
2026-01-27 13:19:07,785 [WARN] ModelIntegratedComponent:63 - No mode defined for component null
2026-01-27 13:19:07,785 [WARN] ModelIntegratedComponent:63 - No mode defined for component null
2026-01-27 13:19:07,785 [WARN] ModelIntegratedComponent:63 - No mode defined for component null
2026-01-27 13:19:07,785 [WARN] ModelIntegratedComponent:63 - No mode defined for component null
2026-01-27 13:19:07,786 [WARN] ModelPack:524 - Component already loaded: STMicroelectronics:HAL Drivers:0.0.0:STMicroelectronics:Device:STMicro_Driver:XSPI:HAL::0.0.1:HAL_XSPI
2026-01-27 13:19:07,813 [INFO] ThirdPartyModel:298 - Start build external matchings
2026-01-27 13:19:08,034 [INFO] ThirdPartyModel:316 - End build external matchings
2026-01-27 13:19:08,046 [INFO] ImportTextPane:234 - (OptionalMessage_ERROR) IP (RCC) : Invalid parameter (FamilyName)
2026-01-27 13:19:08,047 [INFO] ImportTextPane:234 - (OptionalMessage_ERROR) IP (RCC) : Parameter (USBFreq_Value) has invalid value (4000000)
2026-01-27 13:19:08,512 [INFO] ApiDb:581 - Connected to CubeFinder SQLite database (C:\Users\CAMMSYS\.stmcufinder\plugins\mcufinder\mcu\cube-finder-db.db)
2026-01-27 13:19:08,589 [INFO] ApiDb:668 - CubeFinder database Data Model version=2.1
2026-01-27 13:19:08,589 [INFO] ApiDb:669 - CubeFinder database Configuration version=3.0.39
2026-01-27 13:19:08,590 [INFO] ApiDb:670 - CubeFinder database generation date=2025-12-22 (1766407740)
2026-01-27 13:19:08,590 [INFO] ApiDb:671 - CubeFinder database FW Pack versions=[FP-ATR-ASTRA1_V2.0.0, FP-SNS-FLIGHT1_V5.1.0, FP-SNS-MOTENV1_V5.1.0, FP-SNS-MOTENVWB1_V1.4.0, FP-SNS-SMARTAG2_V1.2.0, FP-SNS-STBOX1_V2.1.0, STM32Cube_FW_C0_V1.4.0, STM32Cube_FW_F4_V1.28.3, STM32Cube_FW_F7_V1.17.4, STM32Cube_FW_G0_V1.6.2, STM32Cube_FW_G4_V1.6.1, STM32Cube_FW_H5_V1.5.1, STM32Cube_FW_H7RS_V1.3.0, STM32Cube_FW_H7_V1.12.1, STM32Cube_FW_L0_V1.12.2, STM32Cube_FW_L4_V1.18.1, STM32Cube_FW_L5_V1.6.0, STM32Cube_FW_N6_V1.3.0, STM32Cube_FW_U0_V1.3.0, STM32Cube_FW_U3_V1.2.1, STM32Cube_FW_U5_V1.8.0, STM32Cube_FW_WB0_V1.4.0, STM32Cube_FW_WBA_V1.8.0, STM32Cube_FW_WB_V1.24.0, STM32Cube_FW_WL3_V1.3.0, STM32Cube_FW_WL_V1.4.0, X-CUBE-ALGOBUILD_V1.4.0, X-CUBE-ALS_V1.0.2, X-CUBE-AZRTOS-F4_V1.1.0, X-CUBE-AZRTOS-F7_V1.1.0, X-CUBE-AZRTOS-G0_V1.1.0, X-CUBE-AZRTOS-G4_V2.0.0, X-CUBE-AZRTOS-H7RS_V1.1.0, X-CUBE-AZRTOS-H7_V3.4.0, X-CUBE-AZRTOS-L4_V2.0.0, X-CUBE-AZRTOS-L5_V2.0.0, X-CUBE-AZRTOS-WB_V2.0.0, X-CUBE-AZRTOS-WL_V2.0.0, X-CUBE-BLE1_V7.1.0, X-CUBE-BLE2_V3.3.0, X-CUBE-BLEMGR_V4.1.0, X-CUBE-EEPRMA1_V5.2.0, X-CUBE-FREERTOS_V1.3.1, X-CUBE-GNSS1_V6.0.0, X-CUBE-MEMS1_V12.0.0, X-CUBE-NFC4_V3.0.0, X-CUBE-NFC7_V2.0.0, X-CUBE-SFXS2LP1_V4.0.0, X-CUBE-ST67W61_V1.1.0, X-CUBE-SUBG2_V5.0.0, X-CUBE-TOF1_V3.4.3]
2026-01-27 13:19:08,675 [INFO] DbBoardsSqlite:226 - include board P-NUCLEO-WB55-NUCLEO as a kit item of type 'Nucleo-64'
2026-01-27 13:19:08,675 [INFO] DbBoardsSqlite:226 - include board P-NUCLEO-WB55-USBDONGLE as a kit item of type 'Nucleo USB Dongle'
2026-01-27 13:19:08,676 [INFO] DbBoardsSqlite:226 - include board STEVAL-IDP005V1 as a kit item of type 'Evaluation Board'
2026-01-27 13:19:08,676 [INFO] DbBoardsSqlite:226 - include board STEVAL-IDP005V2 as a kit item of type 'Evaluation Board'
2026-01-27 13:19:08,953 [INFO] ApiDb:240 - Found 880 in-development CPN: [B-G473E-ZEST1S, B-WB1M-WPAN1, B-WBA5M-WPAN, B-WL5M-SUBG1, NUCLEO-C031C6, NUCLEO-C051C8, NUCLEO-C071RB, NUCLEO-C092RC, NUCLEO-H503RB, NUCLEO-H533RE, NUCLEO-H563ZI, NUCLEO-H7S3L8, NUCLEO-N657X0-Q, NUCLEO-U031R8, NUCLEO-U083RC, NUCLEO-U385RG-Q, NUCLEO-U545RE-Q, NUCLEO-U5A5ZJ-Q, NUCLEO-WB05KZ, NUCLEO-WB07CC, NUCLEO-WB09KE, NUCLEO-WBA52CG, NUCLEO-WBA55CG, NUCLEO-WL33CC1, NUCLEO-WL33CC2, STEVAL-PROTEUS1, STEVAL-SMARTAG2, STEVAL-STWINBX1, STM320518-EVAL, STM32C0116-DK, STM32C011D6Y3TR, STM32C011D6Y6TR, STM32C011F4P3, STM32C011F4P6, STM32C011F4U3, STM32C011F4U6TR, STM32C011F6P3, STM32C011F6P6, STM32C011F6U3, STM32C011F6U6TR, STM32C011J4M3, STM32C011J4M6, STM32C011J6M3, STM32C011J6M6, STM32C0316-DK, STM32C031C4T3, STM32C031C4T6, STM32C031C4U3, STM32C031C4U6, STM32C031C6T3, STM32C031C6T6, STM32C031C6U3, STM32C031C6U6, STM32C031F4P3, STM32C031F4P6, STM32C031F6P3, STM32C031F6P6, STM32C031G4U3, STM32C031G4U6, STM32C031G6U3, STM32C031G6U6, STM32C031K4T3, STM32C031K4T6, STM32C031K4U3, STM32C031K4U6, STM32C031K6T3, STM32C031K6T6, STM32C031K6U3, STM32C031K6U6, STM32C051C6T6, STM32C051C6U6, STM32C051C8T6, STM32C051C8U6, STM32C051D8Y6TR, STM32C051F6P6, STM32C051F8P6, STM32C051G6U6, STM32C051G8U6, STM32C051K6T6, STM32C051K6U6, STM32C051K8T6, STM32C071C8T6, STM32C071C8T6N, STM32C071C8U6, STM32C071C8U6N, STM32C071CBT6, STM32C071CBT6N, STM32C071CBU6, STM32C071CBU6N, STM32C071F8P6, STM32C071F8P6N, STM32C071FBP6, STM32C071FBP6N, STM32C071FBY6TR, STM32C071G8U6, STM32C071G8U6N, STM32C071GBU6, STM32C071GBU6N, STM32C071K8T6, STM32C071K8T6N, STM32C071K8U6, STM32C071K8U6N, STM32C071KBT6, STM32C071KBT6N, STM32C071KBU6, STM32C071KBU6N, STM32C071R8T6, STM32C071R8T6N, STM32C071RBI6N, STM32C071RBT6, STM32C071RBT6N, STM32C091CBT6, STM32C091CBU6, STM32C091CCT6, STM32C091CCU6, STM32C091ECY6TR, STM32C091FBP6, STM32C091FCP6, STM32C091GBU6, STM32C091GCU6, STM32C091KBT6, STM32C091KBU6, STM32C091KCT6, STM32C091KCU6, STM32C091RBT6, STM32C091RCI6, STM32C091RCT6, STM32C092CBT6, STM32C092CBU6, STM32C092CCT6, STM32C092CCU6, STM32C092ECY6TR, STM32C092FBP6, STM32C092FCP6, STM32C092GBU6, STM32C092GCU6, STM32C092KBT6, STM32C092KBU6, STM32C092KCT6, STM32C092KCU6, STM32C092RBT6, STM32C092RCI6, STM32C092RCT6, STM32G071K8TXN, STM32G071K8UXN, STM32G081GBU6N, STM32G081KBT6N, STM32G081KBUXN, STM32G0B1CCT6N, STM32G0B1KCT6, STM32G0B1NEY6TR, STM32G0B1RCT6N, STM32G0C1CCT6, STM32G0C1CCT6N, STM32G0C1CCU6N, STM32G0C1CET6N, STM32G0C1CEU6N, STM32G0C1KCT6, STM32G0C1NEY6TR, STM32G0C1RCI6N, STM32G0C1RCT6N, STM32G0C1REI6N, STM32G0C1RET6N, STM32G0C1VCI6, STM32G0C1VEI6, STM32G411C6T3, STM32G411C6T6, STM32G411C6U3, STM32G411C6U6, STM32G411C8T3, STM32G411C8T6, STM32G411C8U3, STM32G411C8U6, STM32G411CBT3, STM32G411CBT6, STM32G411CBU3, STM32G411CBU6, STM32G411K6T3, STM32G411K6T6, STM32G411K6U3, STM32G411K6U6, STM32G411K8T3, STM32G411K8T6, STM32G411K8U3, STM32G411K8U6, STM32G411KBT3, STM32G411KBT6, STM32G411KBU3, STM32G411KBU6, STM32G411M6T3, STM32G411M6T6, STM32G411M8T3, STM32G411M8T6, STM32G411MBT3, STM32G411MBT6, STM32G411R6T3, STM32G411R6T6, STM32G411R8T3, STM32G411R8T6, STM32G411RBT3, STM32G411RBT6, STM32G414CBT3, STM32G414CBT6, STM32G414CBU3, STM32G414CBU6, STM32G414CCT3, STM32G414CCT6, STM32G414CCU3, STM32G414CCU6, STM32G414MBT3, STM32G414MBT6, STM32G414MCT3, STM32G414MCT6, STM32G414RBT3, STM32G414RBT6, STM32G414RCT3, STM32G414RCT6, STM32G414VBT3, STM32G414VBT6, STM32G414VCT3, STM32G414VCT6, STM32G431CBT3Z, STM32G431RBT3Z, STM32G471CCT6, STM32G471CCU6, STM32G471CET3, STM32G471CET6, STM32G471CEU3, STM32G471CEU6, STM32G471MCT6, STM32G471MET3, STM32G471MET6, STM32G471MEY6TR, STM32G471QCT6, STM32G471QET3, STM32G471RCT6, STM32G471RET3, STM32G471RET6, STM32G471VCH6, STM32G471VCI6, STM32G471VCT6, STM32G471VEH3, STM32G471VEH6, STM32G471VEI3, STM32G471VEI6, STM32G471VET3, STM32G471VET6, STM32G473QET3Z, STM32G473RET3Z, STM32G474CCT6, STM32G491RET3Z, STM32H503CBT6, STM32H503CBU6, STM32H503EBY6TR, STM32H503KBU6, STM32H503RBT6, STM32H523CCT6, STM32H523CCU6, STM32H523CET6, STM32H523CEU6, STM32H523HEY6TR, STM32H523RCT6, STM32H523RET6, STM32H523VCI6, STM32H523VCT6, STM32H523VEI6, STM32H523VET6, STM32H523ZCJ6, STM32H523ZCT6, STM32H523ZEJ6, STM32H523ZET6, STM32H533CET6, STM32H533CEU6, STM32H533HEY6TR, STM32H533RET6, STM32H533VEI6, STM32H533VET6, STM32H533ZEJ6, STM32H533ZET6, STM32H562AGI6, STM32H562AII6, STM32H562IGK6, STM32H562IGT6, STM32H562IIK6, STM32H562IIT6, STM32H562RGT6, STM32H562RGV6, STM32H562RIT6, STM32H562RIV6, STM32H562VGT6, STM32H562VIT6, STM32H562ZGT6, STM32H562ZIT6, STM32H563AGI6, STM32H563AII3Q, STM32H563AII6, STM32H563IGK6, STM32H563IGT6, STM32H563IIK3Q, STM32H563IIK6, STM32H563IIT3Q, STM32H563IIT6, STM32H563MIY3QTR, STM32H563RGT6, STM32H563RGV6, STM32H563RIT6, STM32H563RIV6, STM32H563VGT6, STM32H563VIT3Q, STM32H563VIT6, STM32H563ZGT6, STM32H563ZIT3Q, STM32H563ZIT6, STM32H573AII3Q, STM32H573AII6, STM32H573I-DK, STM32H573IIK3Q, STM32H573IIK6, STM32H573IIT3Q, STM32H573IIT6, STM32H573MIY3QTR, STM32H573RIT6, STM32H573RIV6, STM32H573VIT3Q, STM32H573VIT6, STM32H573ZIT3Q, STM32H573ZIT6, STM32H7R3A8I6, STM32H7R3I8K6, STM32H7R3I8T6, STM32H7R3L8H6, STM32H7R3L8H6H, STM32H7R3R8V6, STM32H7R3V8H6, STM32H7R3V8T6, STM32H7R3V8Y6TR, STM32H7R3Z8J6, STM32H7R3Z8T6, STM32H7R7A8I6, STM32H7R7I8K6, STM32H7R7I8T6, STM32H7R7L8H6, STM32H7R7L8H6H, STM32H7R7Z8J6, STM32H7S3A8I6, STM32H7S3I8K6, STM32H7S3I8T6, STM32H7S3L8H6, STM32H7S3L8H6H, STM32H7S3R8V6, STM32H7S3V8H6, STM32H7S3V8T6, STM32H7S3V8Y6TR, STM32H7S3Z8J6, STM32H7S3Z8T6, STM32H7S78-DK, STM32H7S7A8I6, STM32H7S7I8K6, STM32H7S7I8T6, STM32H7S7L8H6, STM32H7S7L8H6H, STM32H7S7Z8J6, STM32L4R5QGI6STR, STM32MP131AAE3, STM32MP131AAF3, STM32MP131AAG3, STM32MP131CAE3, STM32MP131CAF3, STM32MP131CAG3, STM32MP131DAE7, STM32MP131DAF7, STM32MP131DAG7, STM32MP131FAE7, STM32MP131FAF7, STM32MP131FAG7, STM32MP133AAE3, STM32MP133AAF3, STM32MP133AAG3, STM32MP133CAE3, STM32MP133CAF3, STM32MP133CAG3, STM32MP133DAE7, STM32MP133DAF7, STM32MP133DAG7, STM32MP133FAE7, STM32MP133FAF7, STM32MP133FAG7, STM32MP135AAE3, STM32MP135AAF3, STM32MP135AAG3, STM32MP135CAE3, STM32MP135CAF3, STM32MP135CAG3, STM32MP135DAE7, STM32MP135DAF7, STM32MP135DAG7, STM32MP135F-DK, STM32MP135FAE7, STM32MP135FAF7, STM32MP135FAF7T, STM32MP135FAF7U, STM32MP135FAG7, STM32MP211AAL3, STM32MP211AAM3, STM32MP211AAN3, STM32MP211AAO3, STM32MP211CAL3, STM32MP211CAM3, STM32MP211CAN3, STM32MP211CAO3, STM32MP211DAL3, STM32MP211DAM3, STM32MP211DAN3, STM32MP211DAO3, STM32MP211FAL3, STM32MP211FAM3, STM32MP211FAN3, STM32MP211FAO3, STM32MP213AAL3, STM32MP213AAM3, STM32MP213AAN3, STM32MP213AAO3, STM32MP213CAL3, STM32MP213CAM3, STM32MP213CAN3, STM32MP213CAO3, STM32MP213DAL3, STM32MP213DAM3, STM32MP213DAN3, STM32MP213DAO3, STM32MP213FAL3, STM32MP213FAM3, STM32MP213FAN3, STM32MP213FAO3, STM32MP215AAL3, STM32MP215AAM3, STM32MP215AAN3, STM32MP215AAO3, STM32MP215CAL3, STM32MP215CAM3, STM32MP215CAN3, STM32MP215CAO3, STM32MP215DAL3, STM32MP215DAM3, STM32MP215DAN3, STM32MP215DAO3, STM32MP215F-DK, STM32MP215FAL3, STM32MP215FAM3, STM32MP215FAN3, STM32MP215FAO3, STM32MP231AAJ3, STM32MP231AAK3, STM32MP231AAL3, STM32MP231CAJ3, STM32MP231CAK3, STM32MP231CAL3, STM32MP231DAJ3, STM32MP231DAK3, STM32MP231DAL3, STM32MP231FAJ3, STM32MP231FAK3, STM32MP231FAL3, STM32MP233AAJ3, STM32MP233AAK3, STM32MP233AAL3, STM32MP233CAJ3, STM32MP233CAK3, STM32MP233CAL3, STM32MP233DAJ3, STM32MP233DAK3, STM32MP233DAL3, STM32MP233FAJ3, STM32MP233FAK3, STM32MP233FAL3, STM32MP235AAJ3, STM32MP235AAK3, STM32MP235AAL3, STM32MP235CAJ3, STM32MP235CAK3, STM32MP235CAL3, STM32MP235DAJ3, STM32MP235DAK3, STM32MP235DAL3, STM32MP235FAJ3, STM32MP235FAK3, STM32MP235FAL3, STM32MP251AAI3, STM32MP251AAK3, STM32MP251AAL3, STM32MP251CAI3, STM32MP251CAK3, STM32MP251CAL3, STM32MP251DAI3, STM32MP251DAK3, STM32MP251DAL3, STM32MP251FAI3, STM32MP251FAK3, STM32MP251FAL3, STM32MP253AAI3, STM32MP253AAK3, STM32MP253AAL3, STM32MP253CAI3, STM32MP253CAK3, STM32MP253CAL3, STM32MP253DAI3, STM32MP253DAK3, STM32MP253DAL3, STM32MP253FAI3, STM32MP253FAK3, STM32MP253FAL3, STM32MP255AAI3, STM32MP255AAK3, STM32MP255AAL3, STM32MP255CAI3, STM32MP255CAK3, STM32MP255CAL3, STM32MP255DAI3, STM32MP255DAK3, STM32MP255DAL3, STM32MP255FAI3, STM32MP255FAK3, STM32MP255FAL3, STM32MP257AAI3, STM32MP257AAK3, STM32MP257AAL3, STM32MP257CAI3, STM32MP257CAK3, STM32MP257CAL3, STM32MP257DAI3, STM32MP257DAK3, STM32MP257DAL3, STM32MP257F-DK, STM32MP257F-EV1, STM32MP257FAI3, STM32MP257FAK3, STM32MP257FAL3, STM32N645A0H3Q, STM32N645B0H3Q, STM32N645I0H3Q, STM32N645L0H3Q, STM32N645X0H3Q, STM32N645Z0H3Q, STM32N647A0H3Q, STM32N647B0H3Q, STM32N647I0H3Q, STM32N647L0H3Q, STM32N647X0H3Q, STM32N647Z0H3Q, STM32N655A0H3Q, STM32N655B0H3Q, STM32N655I0H3Q, STM32N655L0H3Q, STM32N655X0H3Q, STM32N655Z0H3Q, STM32N6570-DK, STM32N657A0H3Q, STM32N657B0H3Q, STM32N657I0H3Q, STM32N657L0H3Q, STM32N657X0H3Q, STM32N657Z0H3Q, STM32U031C6T6, STM32U031C6U6, STM32U031C8T6, STM32U031C8U6, STM32U031F4P6, STM32U031F6P6, STM32U031F8P6, STM32U031G6Y6TR, STM32U031G8Y6TR, STM32U031K4U6, STM32U031K6U6, STM32U031K8U6, STM32U031R6I6, STM32U031R6T6, STM32U031R8I6, STM32U031R8T6, STM32U073C8T6, STM32U073C8U6, STM32U073CBT6, STM32U073CBU6, STM32U073CCT6, STM32U073CCU6, STM32U073H8Y6TR, STM32U073HBY6TR, STM32U073HCY6TR, STM32U073K8U6, STM32U073KBU6, STM32U073KCU6, STM32U073M8I6, STM32U073M8T6, STM32U073MBI6, STM32U073MBT6, STM32U073MCI6, STM32U073MCT6, STM32U073R8I6, STM32U073R8T6, STM32U073RBI6, STM32U073RBT6, STM32U073RCI6, STM32U073RCT6, STM32U083C-DK, STM32U083CCT6, STM32U083CCU6, STM32U083HCY6TR, STM32U083KCU6, STM32U083MCI6, STM32U083MCT6, STM32U083RCI6, STM32U083RCT6, STM32U375CET6, STM32U375CET6Q, STM32U375CEU6, STM32U375CEU6Q, STM32U375CEY6QTR, STM32U375CGT6, STM32U375CGT6Q, STM32U375CGU6, STM32U375CGU6Q, STM32U375CGY6QTR, STM32U375KEU6, STM32U375KGU6, STM32U375REI6, STM32U375REI6Q, STM32U375RET6, STM32U375RET6Q, STM32U375REY6GTR, STM32U375REY6QTR, STM32U375RGI6, STM32U375RGI6Q, STM32U375RGT6, STM32U375RGT6Q, STM32U375RGY6GTR, STM32U375RGY6QTR, STM32U375VEI6, STM32U375VEI6Q, STM32U375VET6, STM32U375VET6Q, STM32U375VGI6, STM32U375VGI6Q, STM32U375VGT6, STM32U375VGT6Q, STM32U385CGT6, STM32U385CGT6Q, STM32U385CGU6, STM32U385CGU6Q, STM32U385CGY6QTR, STM32U385KGU6, STM32U385RGI6, STM32U385RGI6Q, STM32U385RGT6, STM32U385RGT6Q, STM32U385RGY6GTR, STM32U385RGY6QTR, STM32U385VGI6, STM32U385VGI6Q, STM32U385VGT6, STM32U385VGT6Q, STM32U535CBT6, STM32U535CBT6Q, STM32U535CBU6, STM32U535CBU6Q, STM32U535CCT6, STM32U535CCT6Q, STM32U535CCU6, STM32U535CCU6Q, STM32U535CET6, STM32U535CET6Q, STM32U535CEU6, STM32U535CEU6Q, STM32U535JEY6QTR, STM32U535NCY6QTR, STM32U535NEY6QTR, STM32U535RBI6, STM32U535RBI6Q, STM32U535RBT6, STM32U535RBT6Q, STM32U535RCI6, STM32U535RCI6Q, STM32U535RCT6, STM32U535RCT6Q, STM32U535REI6, STM32U535REI6Q, STM32U535RET6, STM32U535RET6Q, STM32U535VCI6, STM32U535VCI6Q, STM32U535VCT6, STM32U535VCT6Q, STM32U535VEI6, STM32U535VEI6Q, STM32U535VET6, STM32U535VET6Q, STM32U545CET6, STM32U545CET6Q, STM32U545CEU6, STM32U545CEU6Q, STM32U545JEY6QTR, STM32U545NEY6QTR, STM32U545REI6, STM32U545REI6Q, STM32U545RET6, STM32U545RET6Q, STM32U545VEI6, STM32U545VEI6Q, STM32U545VET6, STM32U545VET6Q, STM32U595AIH6, STM32U595AIH6Q, STM32U595AJH6, STM32U595AJH6Q, STM32U595QII6, STM32U595QII6Q, STM32U595QJI6, STM32U595QJI6Q, STM32U595RIT6, STM32U595RIT6Q, STM32U595RJT6, STM32U595RJT6Q, STM32U595VIT6, STM32U595VIT6Q, STM32U595VJT6, STM32U595VJT6Q, STM32U595ZIT6, STM32U595ZIT6Q, STM32U595ZIY6QTR, STM32U595ZJT6, STM32U595ZJT6Q, STM32U595ZJY6QTR, STM32U599BJY6QTR, STM32U599NIH6Q, STM32U599NJH6Q, STM32U599VIT6Q, STM32U599VJT6, STM32U599VJT6Q, STM32U599ZIT6Q, STM32U599ZIY6QTR, STM32U599ZJT6Q, STM32U599ZJY6QTR, STM32U5A5AJH6, STM32U5A5AJH6Q, STM32U5A5QII3Q , STM32U5A5QJI6, STM32U5A5QJI6Q, STM32U5A5RJT6, STM32U5A5RJT6Q, STM32U5A5VJT6, STM32U5A5VJT6Q, STM32U5A5ZJT6, STM32U5A5ZJT6Q, STM32U5A5ZJY6QTR, STM32U5A9BJY6QTR, STM32U5A9J-DK, STM32U5A9NJH6Q, STM32U5A9VJT6Q, STM32U5A9ZJT6Q, STM32U5A9ZJY6QTR, STM32U5F7VIT6, STM32U5F7VIT6Q, STM32U5F7VJT6, STM32U5F7VJT6Q, STM32U5F9BJY6QTR, STM32U5F9NJH6Q, STM32U5F9VIT6Q, STM32U5F9VJT6Q, STM32U5F9ZIJ6QTR, STM32U5F9ZIT6Q, STM32U5F9ZJJ6QTR, STM32U5F9ZJT6Q, STM32U5G7VJT6, STM32U5G7VJT6Q, STM32U5G9BJY6QTR, STM32U5G9J-DK1, STM32U5G9J-DK2, STM32U5G9NJH6Q, STM32U5G9VJT6Q, STM32U5G9ZJJ6QTR, STM32U5G9ZJT6Q, STM32WB05KZV6TR, STM32WB05KZV7TR, STM32WB05TZF6TR, STM32WB05TZF7TR, STM32WB06CCF6TR, STM32WB06CCF7TR, STM32WB06CCV6TR, STM32WB06CCV7TR, STM32WB06KCV6TR, STM32WB06KCV7TR, STM32WB07CCF6TR, STM32WB07CCF7TR, STM32WB07CCV6TR, STM32WB07CCV7TR, STM32WB07KCV6TR, STM32WB07KCV7TR, STM32WB09KEV6TR, STM32WB09KEV7TR, STM32WB09TEF6TR, STM32WB09TEF7TR, STM32WB1MMCH6, STM32WBA50KGU6, STM32WBA50KGU6TR, STM32WBA52CEU6, STM32WBA52CEU6TR, STM32WBA52CEU7, STM32WBA52CEU7TR, STM32WBA52CGU6, STM32WBA52CGU6TR, STM32WBA52CGU6U, STM32WBA52CGU7, STM32WBA52CGU7TR, STM32WBA52KEU6, STM32WBA52KEU6TR, STM32WBA52KGU6, STM32WBA52KGU6TR, STM32WBA54CEU6, STM32WBA54CEU6TR, STM32WBA54CEU7, STM32WBA54CEU7TR, STM32WBA54CGU6, STM32WBA54CGU6TR, STM32WBA54CGU7, STM32WBA54CGU7TR, STM32WBA54KEU6, STM32WBA54KEU6TR, STM32WBA54KEU7, STM32WBA54KEU7TR, STM32WBA54KGU6, STM32WBA54KGU6TR, STM32WBA54KGU7, STM32WBA54KGU7TR, STM32WBA55CEU6, STM32WBA55CEU6TR, STM32WBA55CEU7, STM32WBA55CEU7TR, STM32WBA55CGU6, STM32WBA55CGU6TR, STM32WBA55CGU6U, STM32WBA55CGU7, STM32WBA55CGU7TR, STM32WBA55G-DK1, STM32WBA55HEF6, STM32WBA55HEF7, STM32WBA55HGF6, STM32WBA55HGF7, STM32WBA55UEI6, STM32WBA55UEI6TR, STM32WBA55UEI7, STM32WBA55UEI7TR, STM32WBA55UGI6, STM32WBA55UGI6TR, STM32WBA55UGI7, STM32WBA55UGI7TR, STM32WBA5MMGH6TR, STM32WBA62MGF6, STM32WBA62MIF6, STM32WBA65MGF7, STM32WBA65MIF6, STM32WBA65MIF7, STM32WL30K8V6, STM32WL30KBV6, STM32WL31C8V6, STM32WL31CBV6, STM32WL31K8V6, STM32WL31KBV6, STM32WL33C8V6, STM32WL33C8V6X, STM32WL33CBV6, STM32WL33CBV6X, STM32WL33CCV6, STM32WL33CCV6A, STM32WL33CCV6X, STM32WL33K8V7, STM32WL33K8V7X, STM32WL33KBV7 , STM32WL33KBV7X, STM32WL33KCV7, STM32WL33KCV7X, STM32WL5MOCH6, STM32WL5MOCH6TR]
2026-01-27 13:19:08,957 [INFO] ApiDb:668 - CubeFinder database Data Model version=2.1
2026-01-27 13:19:08,957 [INFO] ApiDb:669 - CubeFinder database Configuration version=3.0.39
2026-01-27 13:19:08,957 [INFO] ApiDb:670 - CubeFinder database generation date=2025-12-22 (1766407740)
2026-01-27 13:19:08,957 [INFO] ApiDb:671 - CubeFinder database FW Pack versions=[FP-ATR-ASTRA1_V2.0.0, FP-SNS-FLIGHT1_V5.1.0, FP-SNS-MOTENV1_V5.1.0, FP-SNS-MOTENVWB1_V1.4.0, FP-SNS-SMARTAG2_V1.2.0, FP-SNS-STBOX1_V2.1.0, STM32Cube_FW_C0_V1.4.0, STM32Cube_FW_F4_V1.28.3, STM32Cube_FW_F7_V1.17.4, STM32Cube_FW_G0_V1.6.2, STM32Cube_FW_G4_V1.6.1, STM32Cube_FW_H5_V1.5.1, STM32Cube_FW_H7RS_V1.3.0, STM32Cube_FW_H7_V1.12.1, STM32Cube_FW_L0_V1.12.2, STM32Cube_FW_L4_V1.18.1, STM32Cube_FW_L5_V1.6.0, STM32Cube_FW_N6_V1.3.0, STM32Cube_FW_U0_V1.3.0, STM32Cube_FW_U3_V1.2.1, STM32Cube_FW_U5_V1.8.0, STM32Cube_FW_WB0_V1.4.0, STM32Cube_FW_WBA_V1.8.0, STM32Cube_FW_WB_V1.24.0, STM32Cube_FW_WL3_V1.3.0, STM32Cube_FW_WL_V1.4.0, X-CUBE-ALGOBUILD_V1.4.0, X-CUBE-ALS_V1.0.2, X-CUBE-AZRTOS-F4_V1.1.0, X-CUBE-AZRTOS-F7_V1.1.0, X-CUBE-AZRTOS-G0_V1.1.0, X-CUBE-AZRTOS-G4_V2.0.0, X-CUBE-AZRTOS-H7RS_V1.1.0, X-CUBE-AZRTOS-H7_V3.4.0, X-CUBE-AZRTOS-L4_V2.0.0, X-CUBE-AZRTOS-L5_V2.0.0, X-CUBE-AZRTOS-WB_V2.0.0, X-CUBE-AZRTOS-WL_V2.0.0, X-CUBE-BLE1_V7.1.0, X-CUBE-BLE2_V3.3.0, X-CUBE-BLEMGR_V4.1.0, X-CUBE-EEPRMA1_V5.2.0, X-CUBE-FREERTOS_V1.3.1, X-CUBE-GNSS1_V6.0.0, X-CUBE-MEMS1_V12.0.0, X-CUBE-NFC4_V3.0.0, X-CUBE-NFC7_V2.0.0, X-CUBE-SFXS2LP1_V4.0.0, X-CUBE-ST67W61_V1.1.0, X-CUBE-SUBG2_V5.0.0, X-CUBE-TOF1_V3.4.3]
2026-01-27 13:19:10,769 [INFO] ApiDb:240 - Found 880 in-development CPN: [B-G473E-ZEST1S, B-WB1M-WPAN1, B-WBA5M-WPAN, B-WL5M-SUBG1, NUCLEO-C031C6, NUCLEO-C051C8, NUCLEO-C071RB, NUCLEO-C092RC, NUCLEO-H503RB, NUCLEO-H533RE, NUCLEO-H563ZI, NUCLEO-H7S3L8, NUCLEO-N657X0-Q, NUCLEO-U031R8, NUCLEO-U083RC, NUCLEO-U385RG-Q, NUCLEO-U545RE-Q, NUCLEO-U5A5ZJ-Q, NUCLEO-WB05KZ, NUCLEO-WB07CC, NUCLEO-WB09KE, NUCLEO-WBA52CG, NUCLEO-WBA55CG, NUCLEO-WL33CC1, NUCLEO-WL33CC2, STEVAL-PROTEUS1, STEVAL-SMARTAG2, STEVAL-STWINBX1, STM320518-EVAL, STM32C0116-DK, STM32C011D6Y3TR, STM32C011D6Y6TR, STM32C011F4P3, STM32C011F4P6, STM32C011F4U3, STM32C011F4U6TR, STM32C011F6P3, STM32C011F6P6, STM32C011F6U3, STM32C011F6U6TR, STM32C011J4M3, STM32C011J4M6, STM32C011J6M3, STM32C011J6M6, STM32C0316-DK, STM32C031C4T3, STM32C031C4T6, STM32C031C4U3, STM32C031C4U6, STM32C031C6T3, STM32C031C6T6, STM32C031C6U3, STM32C031C6U6, STM32C031F4P3, STM32C031F4P6, STM32C031F6P3, STM32C031F6P6, STM32C031G4U3, STM32C031G4U6, STM32C031G6U3, STM32C031G6U6, STM32C031K4T3, STM32C031K4T6, STM32C031K4U3, STM32C031K4U6, STM32C031K6T3, STM32C031K6T6, STM32C031K6U3, STM32C031K6U6, STM32C051C6T6, STM32C051C6U6, STM32C051C8T6, STM32C051C8U6, STM32C051D8Y6TR, STM32C051F6P6, STM32C051F8P6, STM32C051G6U6, STM32C051G8U6, STM32C051K6T6, STM32C051K6U6, STM32C051K8T6, STM32C071C8T6, STM32C071C8T6N, STM32C071C8U6, STM32C071C8U6N, STM32C071CBT6, STM32C071CBT6N, STM32C071CBU6, STM32C071CBU6N, STM32C071F8P6, STM32C071F8P6N, STM32C071FBP6, STM32C071FBP6N, STM32C071FBY6TR, STM32C071G8U6, STM32C071G8U6N, STM32C071GBU6, STM32C071GBU6N, STM32C071K8T6, STM32C071K8T6N, STM32C071K8U6, STM32C071K8U6N, STM32C071KBT6, STM32C071KBT6N, STM32C071KBU6, STM32C071KBU6N, STM32C071R8T6, STM32C071R8T6N, STM32C071RBI6N, STM32C071RBT6, STM32C071RBT6N, STM32C091CBT6, STM32C091CBU6, STM32C091CCT6, STM32C091CCU6, STM32C091ECY6TR, STM32C091FBP6, STM32C091FCP6, STM32C091GBU6, STM32C091GCU6, STM32C091KBT6, STM32C091KBU6, STM32C091KCT6, STM32C091KCU6, STM32C091RBT6, STM32C091RCI6, STM32C091RCT6, STM32C092CBT6, STM32C092CBU6, STM32C092CCT6, STM32C092CCU6, STM32C092ECY6TR, STM32C092FBP6, STM32C092FCP6, STM32C092GBU6, STM32C092GCU6, STM32C092KBT6, STM32C092KBU6, STM32C092KCT6, STM32C092KCU6, STM32C092RBT6, STM32C092RCI6, STM32C092RCT6, STM32G071K8TXN, STM32G071K8UXN, STM32G081GBU6N, STM32G081KBT6N, STM32G081KBUXN, STM32G0B1CCT6N, STM32G0B1KCT6, STM32G0B1NEY6TR, STM32G0B1RCT6N, STM32G0C1CCT6, STM32G0C1CCT6N, STM32G0C1CCU6N, STM32G0C1CET6N, STM32G0C1CEU6N, STM32G0C1KCT6, STM32G0C1NEY6TR, STM32G0C1RCI6N, STM32G0C1RCT6N, STM32G0C1REI6N, STM32G0C1RET6N, STM32G0C1VCI6, STM32G0C1VEI6, STM32G411C6T3, STM32G411C6T6, STM32G411C6U3, STM32G411C6U6, STM32G411C8T3, STM32G411C8T6, STM32G411C8U3, STM32G411C8U6, STM32G411CBT3, STM32G411CBT6, STM32G411CBU3, STM32G411CBU6, STM32G411K6T3, STM32G411K6T6, STM32G411K6U3, STM32G411K6U6, STM32G411K8T3, STM32G411K8T6, STM32G411K8U3, STM32G411K8U6, STM32G411KBT3, STM32G411KBT6, STM32G411KBU3, STM32G411KBU6, STM32G411M6T3, STM32G411M6T6, STM32G411M8T3, STM32G411M8T6, STM32G411MBT3, STM32G411MBT6, STM32G411R6T3, STM32G411R6T6, STM32G411R8T3, STM32G411R8T6, STM32G411RBT3, STM32G411RBT6, STM32G414CBT3, STM32G414CBT6, STM32G414CBU3, STM32G414CBU6, STM32G414CCT3, STM32G414CCT6, STM32G414CCU3, STM32G414CCU6, STM32G414MBT3, STM32G414MBT6, STM32G414MCT3, STM32G414MCT6, STM32G414RBT3, STM32G414RBT6, STM32G414RCT3, STM32G414RCT6, STM32G414VBT3, STM32G414VBT6, STM32G414VCT3, STM32G414VCT6, STM32G431CBT3Z, STM32G431RBT3Z, STM32G471CCT6, STM32G471CCU6, STM32G471CET3, STM32G471CET6, STM32G471CEU3, STM32G471CEU6, STM32G471MCT6, STM32G471MET3, STM32G471MET6, STM32G471MEY6TR, STM32G471QCT6, STM32G471QET3, STM32G471RCT6, STM32G471RET3, STM32G471RET6, STM32G471VCH6, STM32G471VCI6, STM32G471VCT6, STM32G471VEH3, STM32G471VEH6, STM32G471VEI3, STM32G471VEI6, STM32G471VET3, STM32G471VET6, STM32G473QET3Z, STM32G473RET3Z, STM32G474CCT6, STM32G491RET3Z, STM32H503CBT6, STM32H503CBU6, STM32H503EBY6TR, STM32H503KBU6, STM32H503RBT6, STM32H523CCT6, STM32H523CCU6, STM32H523CET6, STM32H523CEU6, STM32H523HEY6TR, STM32H523RCT6, STM32H523RET6, STM32H523VCI6, STM32H523VCT6, STM32H523VEI6, STM32H523VET6, STM32H523ZCJ6, STM32H523ZCT6, STM32H523ZEJ6, STM32H523ZET6, STM32H533CET6, STM32H533CEU6, STM32H533HEY6TR, STM32H533RET6, STM32H533VEI6, STM32H533VET6, STM32H533ZEJ6, STM32H533ZET6, STM32H562AGI6, STM32H562AII6, STM32H562IGK6, STM32H562IGT6, STM32H562IIK6, STM32H562IIT6, STM32H562RGT6, STM32H562RGV6, STM32H562RIT6, STM32H562RIV6, STM32H562VGT6, STM32H562VIT6, STM32H562ZGT6, STM32H562ZIT6, STM32H563AGI6, STM32H563AII3Q, STM32H563AII6, STM32H563IGK6, STM32H563IGT6, STM32H563IIK3Q, STM32H563IIK6, STM32H563IIT3Q, STM32H563IIT6, STM32H563MIY3QTR, STM32H563RGT6, STM32H563RGV6, STM32H563RIT6, STM32H563RIV6, STM32H563VGT6, STM32H563VIT3Q, STM32H563VIT6, STM32H563ZGT6, STM32H563ZIT3Q, STM32H563ZIT6, STM32H573AII3Q, STM32H573AII6, STM32H573I-DK, STM32H573IIK3Q, STM32H573IIK6, STM32H573IIT3Q, STM32H573IIT6, STM32H573MIY3QTR, STM32H573RIT6, STM32H573RIV6, STM32H573VIT3Q, STM32H573VIT6, STM32H573ZIT3Q, STM32H573ZIT6, STM32H7R3A8I6, STM32H7R3I8K6, STM32H7R3I8T6, STM32H7R3L8H6, STM32H7R3L8H6H, STM32H7R3R8V6, STM32H7R3V8H6, STM32H7R3V8T6, STM32H7R3V8Y6TR, STM32H7R3Z8J6, STM32H7R3Z8T6, STM32H7R7A8I6, STM32H7R7I8K6, STM32H7R7I8T6, STM32H7R7L8H6, STM32H7R7L8H6H, STM32H7R7Z8J6, STM32H7S3A8I6, STM32H7S3I8K6, STM32H7S3I8T6, STM32H7S3L8H6, STM32H7S3L8H6H, STM32H7S3R8V6, STM32H7S3V8H6, STM32H7S3V8T6, STM32H7S3V8Y6TR, STM32H7S3Z8J6, STM32H7S3Z8T6, STM32H7S78-DK, STM32H7S7A8I6, STM32H7S7I8K6, STM32H7S7I8T6, STM32H7S7L8H6, STM32H7S7L8H6H, STM32H7S7Z8J6, STM32L4R5QGI6STR, STM32MP131AAE3, STM32MP131AAF3, STM32MP131AAG3, STM32MP131CAE3, STM32MP131CAF3, STM32MP131CAG3, STM32MP131DAE7, STM32MP131DAF7, STM32MP131DAG7, STM32MP131FAE7, STM32MP131FAF7, STM32MP131FAG7, STM32MP133AAE3, STM32MP133AAF3, STM32MP133AAG3, STM32MP133CAE3, STM32MP133CAF3, STM32MP133CAG3, STM32MP133DAE7, STM32MP133DAF7, STM32MP133DAG7, STM32MP133FAE7, STM32MP133FAF7, STM32MP133FAG7, STM32MP135AAE3, STM32MP135AAF3, STM32MP135AAG3, STM32MP135CAE3, STM32MP135CAF3, STM32MP135CAG3, STM32MP135DAE7, STM32MP135DAF7, STM32MP135DAG7, STM32MP135F-DK, STM32MP135FAE7, STM32MP135FAF7, STM32MP135FAF7T, STM32MP135FAF7U, STM32MP135FAG7, STM32MP211AAL3, STM32MP211AAM3, STM32MP211AAN3, STM32MP211AAO3, STM32MP211CAL3, STM32MP211CAM3, STM32MP211CAN3, STM32MP211CAO3, STM32MP211DAL3, STM32MP211DAM3, STM32MP211DAN3, STM32MP211DAO3, STM32MP211FAL3, STM32MP211FAM3, STM32MP211FAN3, STM32MP211FAO3, STM32MP213AAL3, STM32MP213AAM3, STM32MP213AAN3, STM32MP213AAO3, STM32MP213CAL3, STM32MP213CAM3, STM32MP213CAN3, STM32MP213CAO3, STM32MP213DAL3, STM32MP213DAM3, STM32MP213DAN3, STM32MP213DAO3, STM32MP213FAL3, STM32MP213FAM3, STM32MP213FAN3, STM32MP213FAO3, STM32MP215AAL3, STM32MP215AAM3, STM32MP215AAN3, STM32MP215AAO3, STM32MP215CAL3, STM32MP215CAM3, STM32MP215CAN3, STM32MP215CAO3, STM32MP215DAL3, STM32MP215DAM3, STM32MP215DAN3, STM32MP215DAO3, STM32MP215F-DK, STM32MP215FAL3, STM32MP215FAM3, STM32MP215FAN3, STM32MP215FAO3, STM32MP231AAJ3, STM32MP231AAK3, STM32MP231AAL3, STM32MP231CAJ3, STM32MP231CAK3, STM32MP231CAL3, STM32MP231DAJ3, STM32MP231DAK3, STM32MP231DAL3, STM32MP231FAJ3, STM32MP231FAK3, STM32MP231FAL3, STM32MP233AAJ3, STM32MP233AAK3, STM32MP233AAL3, STM32MP233CAJ3, STM32MP233CAK3, STM32MP233CAL3, STM32MP233DAJ3, STM32MP233DAK3, STM32MP233DAL3, STM32MP233FAJ3, STM32MP233FAK3, STM32MP233FAL3, STM32MP235AAJ3, STM32MP235AAK3, STM32MP235AAL3, STM32MP235CAJ3, STM32MP235CAK3, STM32MP235CAL3, STM32MP235DAJ3, STM32MP235DAK3, STM32MP235DAL3, STM32MP235FAJ3, STM32MP235FAK3, STM32MP235FAL3, STM32MP251AAI3, STM32MP251AAK3, STM32MP251AAL3, STM32MP251CAI3, STM32MP251CAK3, STM32MP251CAL3, STM32MP251DAI3, STM32MP251DAK3, STM32MP251DAL3, STM32MP251FAI3, STM32MP251FAK3, STM32MP251FAL3, STM32MP253AAI3, STM32MP253AAK3, STM32MP253AAL3, STM32MP253CAI3, STM32MP253CAK3, STM32MP253CAL3, STM32MP253DAI3, STM32MP253DAK3, STM32MP253DAL3, STM32MP253FAI3, STM32MP253FAK3, STM32MP253FAL3, STM32MP255AAI3, STM32MP255AAK3, STM32MP255AAL3, STM32MP255CAI3, STM32MP255CAK3, STM32MP255CAL3, STM32MP255DAI3, STM32MP255DAK3, STM32MP255DAL3, STM32MP255FAI3, STM32MP255FAK3, STM32MP255FAL3, STM32MP257AAI3, STM32MP257AAK3, STM32MP257AAL3, STM32MP257CAI3, STM32MP257CAK3, STM32MP257CAL3, STM32MP257DAI3, STM32MP257DAK3, STM32MP257DAL3, STM32MP257F-DK, STM32MP257F-EV1, STM32MP257FAI3, STM32MP257FAK3, STM32MP257FAL3, STM32N645A0H3Q, STM32N645B0H3Q, STM32N645I0H3Q, STM32N645L0H3Q, STM32N645X0H3Q, STM32N645Z0H3Q, STM32N647A0H3Q, STM32N647B0H3Q, STM32N647I0H3Q, STM32N647L0H3Q, STM32N647X0H3Q, STM32N647Z0H3Q, STM32N655A0H3Q, STM32N655B0H3Q, STM32N655I0H3Q, STM32N655L0H3Q, STM32N655X0H3Q, STM32N655Z0H3Q, STM32N6570-DK, STM32N657A0H3Q, STM32N657B0H3Q, STM32N657I0H3Q, STM32N657L0H3Q, STM32N657X0H3Q, STM32N657Z0H3Q, STM32U031C6T6, STM32U031C6U6, STM32U031C8T6, STM32U031C8U6, STM32U031F4P6, STM32U031F6P6, STM32U031F8P6, STM32U031G6Y6TR, STM32U031G8Y6TR, STM32U031K4U6, STM32U031K6U6, STM32U031K8U6, STM32U031R6I6, STM32U031R6T6, STM32U031R8I6, STM32U031R8T6, STM32U073C8T6, STM32U073C8U6, STM32U073CBT6, STM32U073CBU6, STM32U073CCT6, STM32U073CCU6, STM32U073H8Y6TR, STM32U073HBY6TR, STM32U073HCY6TR, STM32U073K8U6, STM32U073KBU6, STM32U073KCU6, STM32U073M8I6, STM32U073M8T6, STM32U073MBI6, STM32U073MBT6, STM32U073MCI6, STM32U073MCT6, STM32U073R8I6, STM32U073R8T6, STM32U073RBI6, STM32U073RBT6, STM32U073RCI6, STM32U073RCT6, STM32U083C-DK, STM32U083CCT6, STM32U083CCU6, STM32U083HCY6TR, STM32U083KCU6, STM32U083MCI6, STM32U083MCT6, STM32U083RCI6, STM32U083RCT6, STM32U375CET6, STM32U375CET6Q, STM32U375CEU6, STM32U375CEU6Q, STM32U375CEY6QTR, STM32U375CGT6, STM32U375CGT6Q, STM32U375CGU6, STM32U375CGU6Q, STM32U375CGY6QTR, STM32U375KEU6, STM32U375KGU6, STM32U375REI6, STM32U375REI6Q, STM32U375RET6, STM32U375RET6Q, STM32U375REY6GTR, STM32U375REY6QTR, STM32U375RGI6, STM32U375RGI6Q, STM32U375RGT6, STM32U375RGT6Q, STM32U375RGY6GTR, STM32U375RGY6QTR, STM32U375VEI6, STM32U375VEI6Q, STM32U375VET6, STM32U375VET6Q, STM32U375VGI6, STM32U375VGI6Q, STM32U375VGT6, STM32U375VGT6Q, STM32U385CGT6, STM32U385CGT6Q, STM32U385CGU6, STM32U385CGU6Q, STM32U385CGY6QTR, STM32U385KGU6, STM32U385RGI6, STM32U385RGI6Q, STM32U385RGT6, STM32U385RGT6Q, STM32U385RGY6GTR, STM32U385RGY6QTR, STM32U385VGI6, STM32U385VGI6Q, STM32U385VGT6, STM32U385VGT6Q, STM32U535CBT6, STM32U535CBT6Q, STM32U535CBU6, STM32U535CBU6Q, STM32U535CCT6, STM32U535CCT6Q, STM32U535CCU6, STM32U535CCU6Q, STM32U535CET6, STM32U535CET6Q, STM32U535CEU6, STM32U535CEU6Q, STM32U535JEY6QTR, STM32U535NCY6QTR, STM32U535NEY6QTR, STM32U535RBI6, STM32U535RBI6Q, STM32U535RBT6, STM32U535RBT6Q, STM32U535RCI6, STM32U535RCI6Q, STM32U535RCT6, STM32U535RCT6Q, STM32U535REI6, STM32U535REI6Q, STM32U535RET6, STM32U535RET6Q, STM32U535VCI6, STM32U535VCI6Q, STM32U535VCT6, STM32U535VCT6Q, STM32U535VEI6, STM32U535VEI6Q, STM32U535VET6, STM32U535VET6Q, STM32U545CET6, STM32U545CET6Q, STM32U545CEU6, STM32U545CEU6Q, STM32U545JEY6QTR, STM32U545NEY6QTR, STM32U545REI6, STM32U545REI6Q, STM32U545RET6, STM32U545RET6Q, STM32U545VEI6, STM32U545VEI6Q, STM32U545VET6, STM32U545VET6Q, STM32U595AIH6, STM32U595AIH6Q, STM32U595AJH6, STM32U595AJH6Q, STM32U595QII6, STM32U595QII6Q, STM32U595QJI6, STM32U595QJI6Q, STM32U595RIT6, STM32U595RIT6Q, STM32U595RJT6, STM32U595RJT6Q, STM32U595VIT6, STM32U595VIT6Q, STM32U595VJT6, STM32U595VJT6Q, STM32U595ZIT6, STM32U595ZIT6Q, STM32U595ZIY6QTR, STM32U595ZJT6, STM32U595ZJT6Q, STM32U595ZJY6QTR, STM32U599BJY6QTR, STM32U599NIH6Q, STM32U599NJH6Q, STM32U599VIT6Q, STM32U599VJT6, STM32U599VJT6Q, STM32U599ZIT6Q, STM32U599ZIY6QTR, STM32U599ZJT6Q, STM32U599ZJY6QTR, STM32U5A5AJH6, STM32U5A5AJH6Q, STM32U5A5QII3Q , STM32U5A5QJI6, STM32U5A5QJI6Q, STM32U5A5RJT6, STM32U5A5RJT6Q, STM32U5A5VJT6, STM32U5A5VJT6Q, STM32U5A5ZJT6, STM32U5A5ZJT6Q, STM32U5A5ZJY6QTR, STM32U5A9BJY6QTR, STM32U5A9J-DK, STM32U5A9NJH6Q, STM32U5A9VJT6Q, STM32U5A9ZJT6Q, STM32U5A9ZJY6QTR, STM32U5F7VIT6, STM32U5F7VIT6Q, STM32U5F7VJT6, STM32U5F7VJT6Q, STM32U5F9BJY6QTR, STM32U5F9NJH6Q, STM32U5F9VIT6Q, STM32U5F9VJT6Q, STM32U5F9ZIJ6QTR, STM32U5F9ZIT6Q, STM32U5F9ZJJ6QTR, STM32U5F9ZJT6Q, STM32U5G7VJT6, STM32U5G7VJT6Q, STM32U5G9BJY6QTR, STM32U5G9J-DK1, STM32U5G9J-DK2, STM32U5G9NJH6Q, STM32U5G9VJT6Q, STM32U5G9ZJJ6QTR, STM32U5G9ZJT6Q, STM32WB05KZV6TR, STM32WB05KZV7TR, STM32WB05TZF6TR, STM32WB05TZF7TR, STM32WB06CCF6TR, STM32WB06CCF7TR, STM32WB06CCV6TR, STM32WB06CCV7TR, STM32WB06KCV6TR, STM32WB06KCV7TR, STM32WB07CCF6TR, STM32WB07CCF7TR, STM32WB07CCV6TR, STM32WB07CCV7TR, STM32WB07KCV6TR, STM32WB07KCV7TR, STM32WB09KEV6TR, STM32WB09KEV7TR, STM32WB09TEF6TR, STM32WB09TEF7TR, STM32WB1MMCH6, STM32WBA50KGU6, STM32WBA50KGU6TR, STM32WBA52CEU6, STM32WBA52CEU6TR, STM32WBA52CEU7, STM32WBA52CEU7TR, STM32WBA52CGU6, STM32WBA52CGU6TR, STM32WBA52CGU6U, STM32WBA52CGU7, STM32WBA52CGU7TR, STM32WBA52KEU6, STM32WBA52KEU6TR, STM32WBA52KGU6, STM32WBA52KGU6TR, STM32WBA54CEU6, STM32WBA54CEU6TR, STM32WBA54CEU7, STM32WBA54CEU7TR, STM32WBA54CGU6, STM32WBA54CGU6TR, STM32WBA54CGU7, STM32WBA54CGU7TR, STM32WBA54KEU6, STM32WBA54KEU6TR, STM32WBA54KEU7, STM32WBA54KEU7TR, STM32WBA54KGU6, STM32WBA54KGU6TR, STM32WBA54KGU7, STM32WBA54KGU7TR, STM32WBA55CEU6, STM32WBA55CEU6TR, STM32WBA55CEU7, STM32WBA55CEU7TR, STM32WBA55CGU6, STM32WBA55CGU6TR, STM32WBA55CGU6U, STM32WBA55CGU7, STM32WBA55CGU7TR, STM32WBA55G-DK1, STM32WBA55HEF6, STM32WBA55HEF7, STM32WBA55HGF6, STM32WBA55HGF7, STM32WBA55UEI6, STM32WBA55UEI6TR, STM32WBA55UEI7, STM32WBA55UEI7TR, STM32WBA55UGI6, STM32WBA55UGI6TR, STM32WBA55UGI7, STM32WBA55UGI7TR, STM32WBA5MMGH6TR, STM32WBA62MGF6, STM32WBA62MIF6, STM32WBA65MGF7, STM32WBA65MIF6, STM32WBA65MIF7, STM32WL30K8V6, STM32WL30KBV6, STM32WL31C8V6, STM32WL31CBV6, STM32WL31K8V6, STM32WL31KBV6, STM32WL33C8V6, STM32WL33C8V6X, STM32WL33CBV6, STM32WL33CBV6X, STM32WL33CCV6, STM32WL33CCV6A, STM32WL33CCV6X, STM32WL33K8V7, STM32WL33K8V7X, STM32WL33KBV7 , STM32WL33KBV7X, STM32WL33KCV7, STM32WL33KCV7X, STM32WL5MOCH6, STM32WL5MOCH6TR]
2026-01-27 13:19:10,773 [INFO] DbMcus:218 - Found 4876 MCUs, 4876 are supported
2026-01-27 13:19:10,773 [INFO] ApiDb:423 - Load user favorites file C:\Users\CAMMSYS/.stm32cubeide/favorites.mcus.txt: 0 item(s)
2026-01-27 13:19:10,773 [INFO] ApiDb:427 - User favorites MCUs=[]
2026-01-27 13:19:10,773 [INFO] DbMcus:224 - Set 0 / 0 favorites MCUs
2026-01-27 13:19:11,485 [INFO] BoardInfo:889 - No configuration file found for board P-NUCLEO-WB55
2026-01-27 13:19:11,487 [INFO] DbBoards:161 - Kit is not supported: P-NUCLEO-WB55
2026-01-27 13:19:11,496 [INFO] BoardInfo:889 - No configuration file found for board STEVAL-BFA001V1B
2026-01-27 13:19:11,498 [INFO] DbBoards:161 - Kit is not supported: STEVAL-BFA001V1B
2026-01-27 13:19:11,500 [INFO] BoardInfo:889 - No configuration file found for board STEVAL-BFA001V2B
2026-01-27 13:19:11,501 [INFO] DbBoards:161 - Kit is not supported: STEVAL-BFA001V2B
2026-01-27 13:19:11,765 [INFO] DbBoards:168 - Found 212 boards, 209 are supported
2026-01-27 13:19:11,767 [INFO] DbBoards:169 - Found 212 boards, 43 of them is supported for  Bsp
2026-01-27 13:19:11,769 [INFO] ApiDb:423 - Load user favorites file C:\Users\CAMMSYS/.stm32cubeide/favorites.boards.txt: 0 item(s)
2026-01-27 13:19:11,769 [INFO] ApiDb:427 - User favorites Boards=[]
2026-01-27 13:19:11,769 [INFO] DbBoards:198 - Set 0 / 0 favorites Boards
2026-01-27 13:19:11,821 [INFO] UtilMem:75 - End LoadConfig() Used Memory: 897565112 Bytes (1073741824)
2026-01-27 13:19:11,946 [WARN] ThirdParty:833 - waiting for thirdparty lock release [change project]
2026-01-27 13:19:11,947 [INFO] ThirdParty:835 - entering critical section [change project]
2026-01-27 13:19:11,947 [INFO] ThirdParty:1030 - CMSIS Pack Vendor :STMicroelectronics X-CUBE-PM33A1 1.0.0
2026-01-27 13:19:11,947 [INFO] ThirdParty:1030 - CMSIS Pack Vendor :STMicroelectronics USBPD 4.1
2026-01-27 13:19:11,947 [INFO] ThirdParty:1030 - CMSIS Pack Vendor :STMicroelectronics X-CUBE-NFC9 1.0.0
2026-01-27 13:19:11,947 [INFO] ThirdParty:1030 - CMSIS Pack Vendor :STMicroelectronics USB_HOST 2.0.0
2026-01-27 13:19:11,947 [INFO] ThirdParty:1030 - CMSIS Pack Vendor :STMicroelectronics FP-SNS-MOTENVWB1 1.4.0
2026-01-27 13:19:11,947 [INFO] ThirdParty:1030 - CMSIS Pack Vendor :STMicroelectronics X-CUBE-AZRTOS-F4 1.1.0
2026-01-27 13:19:11,947 [INFO] ThirdParty:1030 - CMSIS Pack Vendor :STMicroelectronics LIBJPEG 8.0.0
2026-01-27 13:19:11,947 [INFO] ThirdParty:1030 - CMSIS Pack Vendor :STMicroelectronics FP-ATR-ASTRA1 2.0.2
2026-01-27 13:19:11,947 [INFO] ThirdParty:1030 - CMSIS Pack Vendor :STMicroelectronics X-CUBE-BLE1 7.1.0
2026-01-27 13:19:11,947 [INFO] ThirdParty:1030 - CMSIS Pack Vendor :STMicroelectronics X-CUBE-SMBUS 2.1.0
2026-01-27 13:19:11,947 [INFO] ThirdParty:1030 - CMSIS Pack Vendor :wolfSSL I-CUBE-wolfMQTT 1.19.2
2026-01-27 13:19:11,948 [INFO] ThirdParty:1030 - CMSIS Pack Vendor :STMicroelectronics USB_DEVICE 3.0.0
2026-01-27 13:19:11,948 [INFO] ThirdParty:1030 - CMSIS Pack Vendor :STMicroelectronics X-CUBE-ISPU 2.1.0
2026-01-27 13:19:11,948 [INFO] ThirdParty:1030 - CMSIS Pack Vendor :STMicroelectronics X-CUBE-FREERTOS 1.4.0
2026-01-27 13:19:11,948 [INFO] ThirdParty:1030 - CMSIS Pack Vendor :STMicroelectronics X-CUBE-EEPRMA1 5.2.0
2026-01-27 13:19:11,948 [INFO] ThirdParty:1030 - CMSIS Pack Vendor :STMicroelectronics X-CUBE-IPS 3.2.0
2026-01-27 13:19:11,948 [INFO] ThirdParty:1030 - CMSIS Pack Vendor :STMicroelectronics X-CUBE-BLEMGR 4.1.0
2026-01-27 13:19:11,948 [INFO] ThirdParty:1030 - CMSIS Pack Vendor :STMicroelectronics X-CUBE-AZRTOS-WB 2.0.0
2026-01-27 13:19:11,948 [INFO] ThirdParty:1030 - CMSIS Pack Vendor :wolfSSL I-CUBE-wolfSSL 5.8.4
2026-01-27 13:19:11,948 [INFO] ThirdParty:1030 - CMSIS Pack Vendor :Cesanta I-CUBE-Mongoose 7.20.0
2026-01-27 13:19:11,948 [INFO] ThirdParty:1030 - CMSIS Pack Vendor :STMicroelectronics X-CUBE-NFC12 1.0.0
2026-01-27 13:19:11,948 [INFO] ThirdParty:1030 - CMSIS Pack Vendor :STMicroelectronics X-CUBE-AZRTOS-F7 1.1.0
2026-01-27 13:19:11,949 [INFO] ThirdParty:1030 - CMSIS Pack Vendor :STMicroelectronics X-CUBE-AZRTOS-L5 2.0.0
2026-01-27 13:19:11,949 [INFO] ThirdParty:1030 - CMSIS Pack Vendor :STMicroelectronics USB_DEVICE 2.0.0
2026-01-27 13:19:11,949 [INFO] ThirdParty:1030 - CMSIS Pack Vendor :STMicroelectronics X-CUBE-NFC6 3.1.0
2026-01-27 13:19:11,949 [INFO] ThirdParty:1030 - CMSIS Pack Vendor :STMicroelectronics X-CUBE-ST67W61 1.1.0
2026-01-27 13:19:11,949 [INFO] ThirdParty:1030 - CMSIS Pack Vendor :quantropi X-CUBE-qispace-sdk-base 2.1.0
2026-01-27 13:19:11,949 [INFO] ThirdParty:1030 - CMSIS Pack Vendor :STMicroelectronics X-CUBE-MEMS1 12.0.0
2026-01-27 13:19:11,949 [INFO] ThirdParty:1030 - CMSIS Pack Vendor :STMicroelectronics X-CUBE-STSE01 2.0.0
2026-01-27 13:19:11,949 [INFO] ThirdParty:1030 - CMSIS Pack Vendor :STMicroelectronics FP-SNS-MOTENV1 5.1.0
2026-01-27 13:19:11,949 [INFO] ThirdParty:1030 - CMSIS Pack Vendor :STMicroelectronics FreeRTOS 0.0.1
2026-01-27 13:19:11,949 [INFO] ThirdParty:1030 - CMSIS Pack Vendor :STMicroelectronics X-CUBE-AZRTOS-G0 1.1.0
2026-01-27 13:19:11,950 [INFO] ThirdParty:1030 - CMSIS Pack Vendor :STMicroelectronics X-CUBE-NFC4 3.0.0
2026-01-27 13:19:11,950 [INFO] ThirdParty:1030 - CMSIS Pack Vendor :STMicroelectronics X-CUBE-SUBG2 5.0.0
2026-01-27 13:19:11,950 [INFO] ThirdParty:1030 - CMSIS Pack Vendor :STMicroelectronics STM32_WPAN 1.0.0
2026-01-27 13:19:11,950 [INFO] ThirdParty:1030 - CMSIS Pack Vendor :EmbeddedOffice I-CUBE-FS-RTOS 1.0.1
2026-01-27 13:19:11,950 [INFO] ThirdParty:1030 - CMSIS Pack Vendor :STMicroelectronics lwIP 2.0.3
2026-01-27 13:19:11,950 [INFO] ThirdParty:1030 - CMSIS Pack Vendor :WES I-CUBE-Cesium 1.4.0
2026-01-27 13:19:11,950 [INFO] ThirdParty:1030 - CMSIS Pack Vendor :STMicroelectronics USB_HOST 1.0.0
2026-01-27 13:19:11,950 [INFO] ThirdParty:1030 - CMSIS Pack Vendor :STMicroelectronics X-CUBE-AZRTOS-G4 2.0.0
2026-01-27 13:19:11,950 [INFO] ThirdParty:1030 - CMSIS Pack Vendor :STMicroelectronics X-CUBE-WB05N 2.0.0
2026-01-27 13:19:11,950 [INFO] ThirdParty:1030 - CMSIS Pack Vendor :STMicroelectronics PDM2PCM 3.1.0
2026-01-27 13:19:11,950 [INFO] ThirdParty:1030 - CMSIS Pack Vendor :STMicroelectronics PDM2PCM 3.3.0
2026-01-27 13:19:11,950 [INFO] ThirdParty:1030 - CMSIS Pack Vendor :wolfSSL I-CUBE-wolfTPM 3.8.0
2026-01-27 13:19:11,950 [INFO] ThirdParty:1030 - CMSIS Pack Vendor :STMicroelectronics X-CUBE-AZRTOS-H7 3.4.0
2026-01-27 13:19:11,950 [INFO] ThirdParty:1030 - CMSIS Pack Vendor :STMicroelectronics X-CUBE-DISPLAY 3.0.0
2026-01-27 13:19:11,950 [INFO] ThirdParty:1030 - CMSIS Pack Vendor :wolfSSL I-CUBE-wolfSSH 1.4.20
2026-01-27 13:19:11,950 [INFO] ThirdParty:1030 - CMSIS Pack Vendor :STMicroelectronics X-CUBE-NFC7 2.0.0
2026-01-27 13:19:11,950 [INFO] ThirdParty:1030 - CMSIS Pack Vendor :STMicroelectronics X-CUBE-TCPP 4.2.0
2026-01-27 13:19:11,950 [INFO] ThirdParty:1030 - CMSIS Pack Vendor :RealThread X-CUBE-RT-Thread_Nano 4.1.1
2026-01-27 13:19:11,950 [INFO] ThirdParty:1030 - CMSIS Pack Vendor :STMicroelectronics FP-ATR-SIGFOX1 3.2.0
2026-01-27 13:19:11,951 [INFO] ThirdParty:1030 - CMSIS Pack Vendor :STMicroelectronics X-CUBE-NFC10 1.0.0
2026-01-27 13:19:11,951 [INFO] ThirdParty:1030 - CMSIS Pack Vendor :STMicroelectronics HAL Drivers 0.0.0
2026-01-27 13:19:11,951 [INFO] ThirdParty:1030 - CMSIS Pack Vendor :STMicroelectronics MBEDTLS 2.16.2
2026-01-27 13:19:11,951 [INFO] ThirdParty:1030 - CMSIS Pack Vendor :STMicroelectronics X-CUBE-ST60 1.1.0
2026-01-27 13:19:11,951 [INFO] ThirdParty:1030 - CMSIS Pack Vendor :STMicroelectronics X-CUBE-ALS 1.0.2
2026-01-27 13:19:11,951 [INFO] ThirdParty:1030 - CMSIS Pack Vendor :emotas I-CUBE-CANOPEN 1.3.0
2026-01-27 13:19:11,951 [INFO] ThirdParty:1030 - CMSIS Pack Vendor :STMicroelectronics MBEDTLS 2.14.1
2026-01-27 13:19:11,951 [INFO] ThirdParty:1030 - CMSIS Pack Vendor :STMicroelectronics X-CUBE-GNSS1 7.1.0
2026-01-27 13:19:11,951 [INFO] ThirdParty:1030 - CMSIS Pack Vendor :ITTIA_DB I-CUBE-ITTIADB 8.9.0
2026-01-27 13:19:11,951 [INFO] ThirdParty:1030 - CMSIS Pack Vendor :STMicroelectronics X-CUBE-TOUCHGFX 4.26.0
2026-01-27 13:19:11,951 [INFO] ThirdParty:1030 - CMSIS Pack Vendor :STMicroelectronics X-CUBE-STSE01 1.0.0
2026-01-27 13:19:11,951 [INFO] ThirdParty:1030 - CMSIS Pack Vendor :STMicroelectronics X-CUBE-NFC6 3.2.0
2026-01-27 13:19:11,951 [INFO] ThirdParty:1030 - CMSIS Pack Vendor :STMicroelectronics FP-SNS-STBOX1 2.1.0
2026-01-27 13:19:11,951 [INFO] ThirdParty:1030 - CMSIS Pack Vendor :STMicroelectronics X-CUBE-AI 10.2.0
2026-01-27 13:19:11,951 [INFO] ThirdParty:1030 - CMSIS Pack Vendor :STMicroelectronics FP-SNS-STAIOTCFT 1.0.0
2026-01-27 13:19:11,951 [INFO] ThirdParty:1030 - CMSIS Pack Vendor :STMicroelectronics ThreadX 1.0.0
2026-01-27 13:19:11,951 [INFO] ThirdParty:1030 - CMSIS Pack Vendor :STMicroelectronics FP-SNS-SMARTAG2 1.2.0
2026-01-27 13:19:11,951 [INFO] ThirdParty:1030 - CMSIS Pack Vendor :STMicroelectronics FP-SNS-FLIGHT1 5.1.0
2026-01-27 13:19:11,951 [INFO] ThirdParty:1030 - CMSIS Pack Vendor :STMicroelectronics X-CUBE-AZRTOS-WL 2.0.0
2026-01-27 13:19:11,951 [INFO] ThirdParty:1030 - CMSIS Pack Vendor :SEGGER I-CUBE-embOS 1.3.1
2026-01-27 13:19:11,951 [INFO] ThirdParty:1030 - CMSIS Pack Vendor :STMicroelectronics X-CUBE-ALGOBUILD 1.4.0
2026-01-27 13:19:11,951 [INFO] ThirdParty:1030 - CMSIS Pack Vendor :STMicroelectronics X-CUBE-DPower 1.3.0
2026-01-27 13:19:11,951 [INFO] ThirdParty:1030 - CMSIS Pack Vendor :STMicroelectronics USB_DEVICE 1.0.0
2026-01-27 13:19:11,952 [INFO] ThirdParty:1030 - CMSIS Pack Vendor :STMicroelectronics X-CUBE-AZRTOS-H7RS 1.2.0
2026-01-27 13:19:11,952 [INFO] ThirdParty:1030 - CMSIS Pack Vendor :STMicroelectronics X-CUBE-AZRTOS-L4 2.0.0
2026-01-27 13:19:11,952 [INFO] ThirdParty:1030 - CMSIS Pack Vendor :STMicroelectronics ThreadX 0.0.2
2026-01-27 13:19:11,952 [INFO] ThirdParty:1030 - CMSIS Pack Vendor :STMicroelectronics lwIP 2.1.2
2026-01-27 13:19:11,952 [INFO] ThirdParty:1030 - CMSIS Pack Vendor :STMicroelectronics X-CUBE-SFXS2LP1 4.0.0
2026-01-27 13:19:11,952 [INFO] ThirdParty:1030 - CMSIS Pack Vendor :STMicroelectronics X-CUBE-BLE2 3.3.0
2026-01-27 13:19:11,952 [INFO] ThirdParty:1030 - CMSIS Pack Vendor :Avnet-IOTCONNECT X-CUBE-iotc-st67-sdk 1.0.0
2026-01-27 13:19:11,952 [INFO] ThirdParty:1030 - CMSIS Pack Vendor :STMicroelectronics X-CUBE-TOF1 3.4.3
2026-01-27 13:19:11,952 [INFO] ThirdParty:1030 - CMSIS Pack Vendor :Infineon AIROC-Wi-Fi-Bluetooth-STM32 1.8.0
2026-01-27 13:19:11,952 [INFO] ThirdParty:1030 - CMSIS Pack Vendor :STMicroelectronics PDM2PCM 3.2.0
2026-01-27 13:19:11,952 [INFO] ThirdParty:1030 - CMSIS Pack Vendor :STMicroelectronics X-CUBE-ST67W61 1.2.0
2026-01-27 13:19:11,952 [INFO] ThirdParty:841 - exiting critical section [change project]
2026-01-27 13:19:12,325 [INFO] PinOutPanel:1589 - setPackage(No Configuration,No Configuration)
2026-01-27 13:19:12,328 [INFO] PinOutPanel:1589 - setPackage(STM32L412RBTxP,LQFP64)
2026-01-27 13:19:13,057 [INFO] UtilMem:75 - Before build in PCC Used Memory: 766059640 Bytes (1073741824)
2026-01-27 13:19:14,355 [INFO] UtilMem:75 - After build in PCC Used Memory: 877730936 Bytes (1073741824)
2026-01-27 13:19:14,387 [INFO] IPUIPlugin:80 - create IPUIPlugin
2026-01-27 13:19:14,387 [INFO] IPUIPlugin:80 - create IPUIPlugin
2026-01-27 13:19:14,387 [INFO] IPUIPlugin:80 - create IPUIPlugin
2026-01-27 13:19:14,387 [INFO] IPUIPlugin:80 - create IPUIPlugin
2026-01-27 13:19:14,387 [INFO] IPUIPlugin:80 - create IPUIPlugin
2026-01-27 13:19:14,387 [INFO] IPUIPlugin:80 - create IPUIPlugin
2026-01-27 13:19:14,387 [INFO] IPUIPlugin:80 - create IPUIPlugin
2026-01-27 13:19:14,388 [INFO] IPUIPlugin:80 - create IPUIPlugin
2026-01-27 13:19:14,388 [INFO] IPUIPlugin:80 - create IPUIPlugin
2026-01-27 13:19:14,388 [INFO] IPUIPlugin:80 - create IPUIPlugin
2026-01-27 13:19:14,388 [INFO] IPUIPlugin:80 - create IPUIPlugin
2026-01-27 13:19:14,388 [INFO] IPUIPlugin:80 - create IPUIPlugin
2026-01-27 13:19:14,389 [INFO] IPUIPlugin:80 - create IPUIPlugin
2026-01-27 13:19:14,389 [INFO] IPUIPlugin:80 - create IPUIPlugin
2026-01-27 13:19:14,389 [INFO] IPUIPlugin:80 - create IPUIPlugin
2026-01-27 13:19:14,389 [INFO] IPUIPlugin:80 - create IPUIPlugin
2026-01-27 13:19:14,389 [INFO] IPUIPlugin:80 - create IPUIPlugin
2026-01-27 13:19:14,390 [INFO] IPUIPlugin:80 - create IPUIPlugin
2026-01-27 13:19:14,390 [INFO] IPUIPlugin:80 - create IPUIPlugin
2026-01-27 13:19:14,390 [INFO] IPUIPlugin:80 - create IPUIPlugin
2026-01-27 13:19:14,390 [INFO] IPUIPlugin:80 - create IPUIPlugin
2026-01-27 13:19:14,390 [INFO] IPUIPlugin:80 - create IPUIPlugin
2026-01-27 13:19:14,390 [INFO] IPUIPlugin:80 - create IPUIPlugin
2026-01-27 13:19:14,390 [INFO] IPUIPlugin:80 - create IPUIPlugin
2026-01-27 13:19:14,391 [INFO] IPUIPlugin:80 - create IPUIPlugin
2026-01-27 13:19:14,391 [INFO] IPUIPlugin:80 - create IPUIPlugin
2026-01-27 13:19:14,391 [INFO] IPUIPlugin:80 - create IPUIPlugin
2026-01-27 13:19:14,391 [INFO] IPUIPlugin:80 - create IPUIPlugin
2026-01-27 13:19:14,392 [INFO] IPUIPlugin:80 - create IPUIPlugin
2026-01-27 13:19:14,392 [INFO] IPUIPlugin:80 - create IPUIPlugin
2026-01-27 13:19:14,392 [INFO] IPUIPlugin:80 - create IPUIPlugin
2026-01-27 13:19:14,392 [INFO] IPUIPlugin:80 - create IPUIPlugin
2026-01-27 13:19:14,392 [INFO] IPUIPlugin:80 - create IPUIPlugin
2026-01-27 13:19:14,393 [INFO] IPUIPlugin:80 - create IPUIPlugin
2026-01-27 13:19:14,393 [INFO] IPUIPlugin:80 - create IPUIPlugin
2026-01-27 13:19:14,393 [INFO] IPUIPlugin:80 - create IPUIPlugin
2026-01-27 13:19:14,393 [INFO] IPUIPlugin:80 - create IPUIPlugin
2026-01-27 13:19:14,393 [INFO] IPUIPlugin:80 - create IPUIPlugin
2026-01-27 13:19:14,679 [INFO] CADModel:165 - CPN selected for project levelSTM32L412RBT6P
2026-01-27 13:19:14,679 [INFO] CADModel:114 - Register for checkConnection events
2026-01-27 13:19:14,722 [INFO] OpenFileManager:386 - Restore cursor
2026-01-27 13:19:21,001 [INFO] Gpio:278 - dependency for GPIO [LPUART1, RCC, SYS]
2026-01-27 13:31:55,299 [INFO] WebApp:194 - Connection lost
2026-01-27 13:31:55,462 [INFO] WebApp:191 - Connection restablished
2026-01-27 13:33:33,744 [INFO] WebApp:194 - Connection lost
2026-01-27 13:33:33,956 [INFO] WebApp:191 - Connection restablished
2026-01-27 13:35:57,237 [INFO] WebApp:194 - Connection lost
2026-01-27 13:35:57,426 [INFO] WebApp:191 - Connection restablished
2026-01-27 13:39:01,233 [INFO] WebApp:194 - Connection lost
2026-01-27 13:39:01,382 [INFO] WebApp:191 - Connection restablished
2026-01-27 13:43:10,383 [INFO] WebApp:194 - Connection lost
2026-01-27 13:43:10,527 [INFO] WebApp:191 - Connection restablished
2026-01-27 13:43:14,215 [INFO] WebApp:194 - Connection lost
2026-01-27 13:43:14,379 [INFO] WebApp:191 - Connection restablished
2026-01-27 14:01:56,731 [INFO] WebApp:194 - Connection lost
2026-01-27 14:01:56,885 [INFO] WebApp:191 - Connection restablished
2026-01-27 14:11:43,751 [INFO] WebApp:194 - Connection lost
2026-01-27 14:11:43,916 [INFO] WebApp:191 - Connection restablished
2026-01-27 14:20:39,725 [INFO] WebApp:194 - Connection lost
2026-01-27 14:20:39,913 [INFO] WebApp:191 - Connection restablished
2026-01-27 14:31:59,260 [INFO] WebApp:194 - Connection lost
2026-01-27 14:31:59,415 [INFO] WebApp:191 - Connection restablished
2026-01-27 14:45:22,264 [INFO] WebApp:194 - Connection lost
2026-01-27 14:45:22,419 [INFO] WebApp:191 - Connection restablished
2026-01-27 15:02:01,766 [INFO] WebApp:194 - Connection lost
2026-01-27 15:02:01,932 [INFO] WebApp:191 - Connection restablished
2026-01-27 15:02:11,061 [INFO] WebApp:194 - Connection lost
2026-01-27 15:02:11,202 [INFO] WebApp:191 - Connection restablished
2026-01-27 15:02:14,360 [INFO] WebApp:194 - Connection lost
2026-01-27 15:02:14,522 [INFO] WebApp:191 - Connection restablished
2026-01-27 15:09:18,958 [INFO] WebApp:194 - Connection lost
2026-01-27 15:09:19,118 [INFO] WebApp:191 - Connection restablished
2026-01-27 15:32:03,269 [INFO] WebApp:194 - Connection lost
2026-01-27 15:32:03,444 [INFO] WebApp:191 - Connection restablished
2026-01-27 16:02:05,312 [INFO] WebApp:194 - Connection lost
2026-01-27 16:02:05,472 [INFO] WebApp:191 - Connection restablished
2026-01-27 16:32:07,756 [INFO] WebApp:194 - Connection lost
2026-01-27 16:32:07,919 [INFO] WebApp:191 - Connection restablished
2026-01-27 17:02:09,731 [INFO] WebApp:194 - Connection lost
2026-01-27 17:02:09,895 [INFO] WebApp:191 - Connection restablished
2026-01-27 17:32:11,899 [INFO] WebApp:194 - Connection lost
2026-01-27 17:32:12,060 [INFO] WebApp:191 - Connection restablished
2026-01-27 17:45:30,640 [INFO] WebApp:194 - Connection lost
2026-01-27 17:45:30,858 [INFO] WebApp:191 - Connection restablished
2026-01-27 18:02:14,248 [INFO] WebApp:194 - Connection lost
2026-01-27 18:02:14,408 [INFO] WebApp:191 - Connection restablished
2026-01-27 18:04:20,251 [INFO] WebApp:194 - Connection lost
2026-01-27 18:04:20,505 [INFO] WebApp:191 - Connection restablished
2026-01-27 18:09:52,740 [INFO] WebApp:194 - Connection lost
2026-01-27 18:09:52,956 [INFO] WebApp:191 - Connection restablished
2026-01-27 18:14:30,259 [INFO] WebApp:194 - Connection lost
2026-01-27 18:14:30,482 [INFO] WebApp:191 - Connection restablished
2026-01-27 18:19:28,251 [INFO] WebApp:403 - JxBrowser engine has been closed 
