2025-12-15 10:34:07,558 [INFO] Activator:176 - 


2025-12-15 10:34:07,558 [INFO] Activator:177 - !SESSION log4j initialized
2025-12-15 10:34:08,619 [INFO] ApplicationProperties:184 - Using Application install path: C:\ST\STM32CubeIDE_1.19.0\STM32CubeIDE\plugins\com.st.stm32cube.common.mx_6.15.0.202507011659
2025-12-15 10:34:08,632 [INFO] DbMcusXml:78 - Set database path to: C:\ST\STM32CubeIDE_1.19.0\STM32CubeIDE\plugins\com.st.stm32cube.common.mx_6.15.0.202507011659\\db\/mcu/
2025-12-15 10:34:08,633 [INFO] ApiDb:274 - Set plugin database path to: C:\ST\STM32CubeIDE_1.19.0\STM32CubeIDE\plugins\com.st.stm32cube.common.mx_6.15.0.202507011659\\db\/plugins/boardmanager/
2025-12-15 10:34:08,633 [WARN] ApiDb:259 - Overriding images path with different value:  => C:\ST\STM32CubeIDE_1.19.0\STM32CubeIDE\plugins\com.st.stm32cube.common.mx_6.15.0.202507011659\\db\/plugins/mcufinder/images/
2025-12-15 10:34:08,637 [INFO] ApiDb:250 - Set database path to: C:\Users\CAMMSYS\.stmcufinder\plugins\mcufinder//mcu/
2025-12-15 10:34:08,638 [INFO] DbMcusAds:125 - Set database path to: C:\Users\CAMMSYS\.stmcufinder\plugins\mcufinder//mcu/
2025-12-15 10:34:08,689 [INFO] CrossReferenceDbSqlite:203 - Set database path to: C:\Users\CAMMSYS\.stmcufinder\plugins\mcufinder//mcu/cs/
2025-12-15 10:34:08,767 [INFO] RulesReader:64 - Compatibility file has been processed (317 Rules)
2025-12-15 10:34:08,854 [INFO] DbMcusXml:78 - Set database path to: C:\ST\STM32CubeIDE_1.19.0\STM32CubeIDE\plugins\com.st.stm32cube.common.mx_6.15.0.202507011659\\db\/mcu/
2025-12-15 10:34:08,854 [INFO] ApiDb:274 - Set plugin database path to: C:\ST\STM32CubeIDE_1.19.0\STM32CubeIDE\plugins\com.st.stm32cube.common.mx_6.15.0.202507011659\\db\/plugins/boardmanager/
2025-12-15 10:34:08,854 [INFO] ApiDb:261 - Set plugin images path to: C:\ST\STM32CubeIDE_1.19.0\STM32CubeIDE\plugins\com.st.stm32cube.common.mx_6.15.0.202507011659\\db\/plugins/mcufinder/images/
2025-12-15 10:34:08,854 [WARN] DbFile:41 - Overriding database path with different value: C:\Users\CAMMSYS\.stmcufinder\plugins\mcufinder/ => C:\Users\CAMMSYS\.stmcufinder\plugins\mcufinder
2025-12-15 10:34:08,854 [INFO] ApiDb:250 - Set database path to: C:\Users\CAMMSYS\.stmcufinder\plugins\mcufinder//mcu/
2025-12-15 10:34:08,854 [WARN] DbFile:41 - Overriding database path with different value: C:\Users\CAMMSYS\.stmcufinder\plugins\mcufinder/ => C:\Users\CAMMSYS\.stmcufinder\plugins\mcufinder
2025-12-15 10:34:08,854 [INFO] DbMcusAds:125 - Set database path to: C:\Users\CAMMSYS\.stmcufinder\plugins\mcufinder//mcu/
2025-12-15 10:34:08,854 [WARN] DbFile:41 - Overriding database path with different value: C:\Users\CAMMSYS\.stmcufinder\plugins\mcufinder/ => C:\Users\CAMMSYS\.stmcufinder\plugins\mcufinder
2025-12-15 10:34:08,854 [WARN] DbFile:41 - Overriding database path with different value: C:\Users\CAMMSYS\.stmcufinder\plugins\mcufinder/ => C:\Users\CAMMSYS\.stmcufinder\plugins\mcufinder
2025-12-15 10:34:08,854 [INFO] CrossReferenceDbSqlite:203 - Set database path to: C:\Users\CAMMSYS\.stmcufinder\plugins\mcufinder//mcu/cs/
2025-12-15 10:34:08,917 [INFO] MainPanel:274 - HeapMemory: 268435456
2025-12-15 10:34:09,025 [INFO] DbMcusXml:78 - Set database path to: C:\ST\STM32CubeIDE_1.19.0\STM32CubeIDE\plugins\com.st.stm32cube.common.mx_6.15.0.202507011659\\db\/mcu/
2025-12-15 10:34:09,025 [INFO] ApiDb:274 - Set plugin database path to: C:\ST\STM32CubeIDE_1.19.0\STM32CubeIDE\plugins\com.st.stm32cube.common.mx_6.15.0.202507011659\\db\/plugins/boardmanager/
2025-12-15 10:34:09,026 [INFO] ApiDb:261 - Set plugin images path to: C:\ST\STM32CubeIDE_1.19.0\STM32CubeIDE\plugins\com.st.stm32cube.common.mx_6.15.0.202507011659\\db\/plugins/mcufinder/images/
2025-12-15 10:34:09,026 [WARN] DbFile:41 - Overriding database path with different value: C:\Users\CAMMSYS\.stmcufinder\plugins\mcufinder/ => C:\Users\CAMMSYS\.stmcufinder\plugins\mcufinder
2025-12-15 10:34:09,026 [INFO] ApiDb:250 - Set database path to: C:\Users\CAMMSYS\.stmcufinder\plugins\mcufinder//mcu/
2025-12-15 10:34:09,026 [WARN] DbFile:41 - Overriding database path with different value: C:\Users\CAMMSYS\.stmcufinder\plugins\mcufinder/ => C:\Users\CAMMSYS\.stmcufinder\plugins\mcufinder
2025-12-15 10:34:09,026 [INFO] DbMcusAds:125 - Set database path to: C:\Users\CAMMSYS\.stmcufinder\plugins\mcufinder//mcu/
2025-12-15 10:34:09,026 [WARN] DbFile:41 - Overriding database path with different value: C:\Users\CAMMSYS\.stmcufinder\plugins\mcufinder/ => C:\Users\CAMMSYS\.stmcufinder\plugins\mcufinder
2025-12-15 10:34:09,026 [WARN] DbFile:41 - Overriding database path with different value: C:\Users\CAMMSYS\.stmcufinder\plugins\mcufinder/ => C:\Users\CAMMSYS\.stmcufinder\plugins\mcufinder
2025-12-15 10:34:09,026 [INFO] CrossReferenceDbSqlite:203 - Set database path to: C:\Users\CAMMSYS\.stmcufinder\plugins\mcufinder//mcu/cs/
2025-12-15 10:34:09,041 [INFO] ApplicationProperties:184 - Using Application install path: C:\ST\STM32CubeIDE_1.19.0\STM32CubeIDE\plugins\com.st.stm32cube.common.mx_6.15.0.202507011659
2025-12-15 10:34:09,042 [INFO] PluginManage:196 - Search for loadable plugins [exclusion list=, ]
2025-12-15 10:34:09,042 [INFO] PluginManage:310 - Check plugin analytics
2025-12-15 10:34:09,292 [INFO] AnalyticsPlugin:253 - Accepted Software Licenses: 
2025-12-15 10:34:09,292 [INFO] AnalyticsPlugin:255 - Accepted CMSIS Pack Licenses: 
2025-12-15 10:34:09,292 [INFO] AnalyticsPlugin:257 - Accepted Firmware Licenses: FW.L4.1.18.0
2025-12-15 10:34:09,292 [INFO] PluginManage:359 - Loaded plugin analytics (category:tool,tabindex:-1)
2025-12-15 10:34:09,292 [INFO] PluginManage:310 - Check plugin cadmodel
2025-12-15 10:34:09,313 [INFO] CADModel:105 - Init CAD model plugin
2025-12-15 10:34:09,313 [INFO] PluginManage:359 - Loaded plugin cadmodel (category:power,tabindex:5)
2025-12-15 10:34:09,313 [INFO] PluginManage:310 - Check plugin clock
2025-12-15 10:34:09,323 [INFO] PluginManage:359 - Loaded plugin clock (category:base,tabindex:2)
2025-12-15 10:34:09,323 [INFO] PluginManage:310 - Check plugin ddr
2025-12-15 10:34:09,339 [INFO] PluginManage:359 - Loaded plugin ddr (category:tool,tabindex:6)
2025-12-15 10:34:09,339 [INFO] PluginManage:310 - Check plugin filemanager
2025-12-15 10:34:09,508 [INFO] PluginManage:359 - Loaded plugin filemanager (category:base,tabindex:10)
2025-12-15 10:34:09,509 [INFO] PluginManage:310 - Check plugin ipmanager
2025-12-15 10:34:09,513 [INFO] PluginManage:359 - Loaded plugin ipmanager (category:base,tabindex:5)
2025-12-15 10:34:09,513 [INFO] PluginManage:310 - Check plugin lpbam
2025-12-15 10:34:09,527 [INFO] PluginManage:359 - Loaded plugin lpbam (category:base,tabindex:0)
2025-12-15 10:34:09,527 [INFO] PluginManage:310 - Check plugin memorymap
2025-12-15 10:34:09,563 [INFO] PluginManage:359 - Loaded plugin memorymap (category:base,tabindex:4)
2025-12-15 10:34:09,563 [INFO] PluginManage:310 - Check plugin pinoutandconfiguration
2025-12-15 10:34:09,572 [INFO] PluginManage:359 - Loaded plugin pinoutandconfiguration (category:base,tabindex:1)
2025-12-15 10:34:09,572 [INFO] PluginManage:310 - Check plugin pinoutconfig
2025-12-15 10:34:09,645 [WARN] SupportedApi:132 - Cannot load RTOS API schema: s4s-elt-must-match.1: The content of 'definitions' must match (annotation?, (simpleType | complexType)?, (unique | key | keyref)*)). A problem was found starting at: attribute.
2025-12-15 10:34:09,730 [INFO] PluginManage:359 - Loaded plugin pinoutconfig (category:base,tabindex:0)
2025-12-15 10:34:09,730 [INFO] PluginManage:310 - Check plugin power
2025-12-15 10:34:09,754 [INFO] PluginManage:359 - Loaded plugin power (category:power,tabindex:4)
2025-12-15 10:34:09,754 [INFO] PluginManage:310 - Check plugin projectmanager
2025-12-15 10:34:09,768 [INFO] PluginManage:359 - Loaded plugin projectmanager (category:projectmanager,tabindex:4)
2025-12-15 10:34:09,768 [INFO] PluginManage:310 - Check plugin rif
2025-12-15 10:34:09,777 [INFO] PluginManage:359 - Loaded plugin rif (category:base,tabindex:3)
2025-12-15 10:34:09,777 [INFO] PluginManage:310 - Check plugin thirdparty
2025-12-15 10:34:09,895 [INFO] PluginManage:359 - Loaded plugin thirdparty (category:base,tabindex:-1)
2025-12-15 10:34:09,896 [INFO] PluginManage:310 - Check plugin tools
2025-12-15 10:34:09,895 [WARN] IntegrityCheckThread:84 - waiting for thirdparty lock release [integrity check]
2025-12-15 10:34:09,896 [INFO] IntegrityCheckThread:86 - entering critical section [integrity check]
2025-12-15 10:34:09,896 [INFO] ThirdPartyUpdaterWithRetryManager:70 - Updater plugin not ready yet. [1/15]
2025-12-15 10:34:09,898 [INFO] PluginManage:359 - Loaded plugin tools (category:base,tabindex:7)
2025-12-15 10:34:09,898 [INFO] PluginManage:310 - Check plugin tutovideos
2025-12-15 10:34:10,151 [INFO] PluginManage:359 - Loaded plugin tutovideos (category:base,tabindex:-1)
2025-12-15 10:34:10,152 [INFO] PluginManage:310 - Check plugin updater
2025-12-15 10:34:10,169 [INFO] PluginManage:359 - Loaded plugin updater (category:base,tabindex:12)
2025-12-15 10:34:10,169 [INFO] PluginManage:310 - Check plugin userauth
2025-12-15 10:34:10,173 [INFO] UserAuth:118 - Init User Auth plugin
2025-12-15 10:34:10,174 [INFO] PluginManage:359 - Loaded plugin userauth (category:base,tabindex:14)
2025-12-15 10:34:10,174 [INFO] PluginManage:283 - PluginManage : Loaded plugins [18]
2025-12-15 10:34:10,379 [INFO] PinOutPanel:1589 - setPackage(No Configuration,No Configuration)
2025-12-15 10:34:10,453 [INFO] CADModel:165 - CPN selected for project level
2025-12-15 10:34:10,453 [INFO] CADModel:114 - Register for checkConnection events
2025-12-15 10:34:10,469 [INFO] IPUIPlugin:80 - create IPUIPlugin
2025-12-15 10:34:10,469 [INFO] PluginManager:220 - loadIPPluginJar : add adc
2025-12-15 10:34:10,472 [INFO] IPUIPlugin:80 - create IPUIPlugin
2025-12-15 10:34:10,473 [INFO] PluginManager:220 - loadIPPluginJar : add aes
2025-12-15 10:34:10,476 [INFO] IPUIPlugin:80 - create IPUIPlugin
2025-12-15 10:34:10,476 [INFO] PluginManager:220 - loadIPPluginJar : add can
2025-12-15 10:34:10,479 [INFO] IPUIPlugin:80 - create IPUIPlugin
2025-12-15 10:34:10,479 [INFO] PluginManager:220 - loadIPPluginJar : add comp
2025-12-15 10:34:10,481 [INFO] IPUIPlugin:80 - create IPUIPlugin
2025-12-15 10:34:10,481 [INFO] PluginManager:220 - loadIPPluginJar : add cryp
2025-12-15 10:34:10,485 [INFO] IPUIPlugin:80 - create IPUIPlugin
2025-12-15 10:34:10,485 [INFO] PluginManager:220 - loadIPPluginJar : add ddr_ctrl_phy
2025-12-15 10:34:10,488 [INFO] IPUIPlugin:80 - create IPUIPlugin
2025-12-15 10:34:10,488 [INFO] PluginManager:220 - loadIPPluginJar : add dfsdm
2025-12-15 10:34:10,492 [INFO] IPUIPlugin:80 - create IPUIPlugin
2025-12-15 10:34:10,493 [INFO] PluginManager:220 - loadIPPluginJar : add dma
2025-12-15 10:34:10,495 [INFO] IPUIPlugin:80 - create IPUIPlugin
2025-12-15 10:34:10,495 [INFO] PluginManager:220 - loadIPPluginJar : add dma3
2025-12-15 10:34:10,497 [INFO] IPUIPlugin:80 - create IPUIPlugin
2025-12-15 10:34:10,497 [INFO] PluginManager:220 - loadIPPluginJar : add extmemmanager
2025-12-15 10:34:10,498 [INFO] IPUIPlugin:80 - create IPUIPlugin
2025-12-15 10:34:10,498 [INFO] PluginManager:220 - loadIPPluginJar : add fatfs
2025-12-15 10:34:10,502 [INFO] IPUIPlugin:80 - create IPUIPlugin
2025-12-15 10:34:10,502 [INFO] PluginManager:220 - loadIPPluginJar : add fmc
2025-12-15 10:34:10,506 [INFO] IPUIPlugin:80 - create IPUIPlugin
2025-12-15 10:34:10,506 [INFO] PluginManager:220 - loadIPPluginJar : add freertos
2025-12-15 10:34:10,507 [INFO] IPUIPlugin:80 - create IPUIPlugin
2025-12-15 10:34:10,507 [INFO] PluginManager:220 - loadIPPluginJar : add genericplugin
2025-12-15 10:34:10,510 [INFO] IPUIPlugin:80 - create IPUIPlugin
2025-12-15 10:34:10,510 [INFO] PluginManager:220 - loadIPPluginJar : add gfxmmu
2025-12-15 10:34:10,513 [INFO] IPUIPlugin:80 - create IPUIPlugin
2025-12-15 10:34:10,513 [INFO] PluginManager:220 - loadIPPluginJar : add gic
2025-12-15 10:34:10,517 [INFO] IPUIPlugin:80 - create IPUIPlugin
2025-12-15 10:34:10,518 [INFO] PluginManager:220 - loadIPPluginJar : add gpio
2025-12-15 10:34:10,520 [INFO] IPUIPlugin:80 - create IPUIPlugin
2025-12-15 10:34:10,520 [INFO] PluginManager:220 - loadIPPluginJar : add gtzc
2025-12-15 10:34:10,522 [INFO] IPUIPlugin:80 - create IPUIPlugin
2025-12-15 10:34:10,522 [INFO] PluginManager:220 - loadIPPluginJar : add hash
2025-12-15 10:34:10,525 [INFO] IPUIPlugin:80 - create IPUIPlugin
2025-12-15 10:34:10,525 [INFO] PluginManager:220 - loadIPPluginJar : add i2c
2025-12-15 10:34:10,527 [INFO] IPUIPlugin:80 - create IPUIPlugin
2025-12-15 10:34:10,527 [INFO] PluginManager:220 - loadIPPluginJar : add i2s
2025-12-15 10:34:10,529 [INFO] IPUIPlugin:80 - create IPUIPlugin
2025-12-15 10:34:10,529 [INFO] PluginManager:220 - loadIPPluginJar : add i3c
2025-12-15 10:34:10,532 [INFO] IPUIPlugin:80 - create IPUIPlugin
2025-12-15 10:34:10,532 [INFO] PluginManager:220 - loadIPPluginJar : add ipddr
2025-12-15 10:34:10,538 [INFO] IPUIPlugin:80 - create IPUIPlugin
2025-12-15 10:34:10,538 [INFO] PluginManager:220 - loadIPPluginJar : add linkedlist
2025-12-15 10:34:10,540 [INFO] IPUIPlugin:80 - create IPUIPlugin
2025-12-15 10:34:10,541 [INFO] PluginManager:220 - loadIPPluginJar : add lorawan
2025-12-15 10:34:10,542 [INFO] IPUIPlugin:80 - create IPUIPlugin
2025-12-15 10:34:10,542 [INFO] PluginManager:220 - loadIPPluginJar : add ltdc
2025-12-15 10:34:10,546 [INFO] IPUIPlugin:80 - create IPUIPlugin
2025-12-15 10:34:10,546 [INFO] PluginManager:220 - loadIPPluginJar : add mdma
2025-12-15 10:34:10,549 [INFO] IPUIPlugin:80 - create IPUIPlugin
2025-12-15 10:34:10,549 [INFO] PluginManager:220 - loadIPPluginJar : add nvic
2025-12-15 10:34:10,552 [INFO] IPUIPlugin:80 - create IPUIPlugin
2025-12-15 10:34:10,552 [INFO] PluginManager:220 - loadIPPluginJar : add opamp
2025-12-15 10:34:10,554 [INFO] IPUIPlugin:80 - create IPUIPlugin
2025-12-15 10:34:10,554 [INFO] PluginManager:220 - loadIPPluginJar : add openamp
2025-12-15 10:34:10,558 [INFO] IPUIPlugin:80 - create IPUIPlugin
2025-12-15 10:34:10,558 [INFO] PluginManager:220 - loadIPPluginJar : add pdm2pcm
2025-12-15 10:34:10,563 [INFO] IPUIPlugin:80 - create IPUIPlugin
2025-12-15 10:34:10,565 [INFO] PluginManager:220 - loadIPPluginJar : add plateformsettings
2025-12-15 10:34:10,566 [INFO] IPUIPlugin:80 - create IPUIPlugin
2025-12-15 10:34:10,566 [INFO] PluginManager:220 - loadIPPluginJar : add quadspi
2025-12-15 10:34:10,568 [INFO] IPUIPlugin:80 - create IPUIPlugin
2025-12-15 10:34:10,569 [INFO] PluginManager:220 - loadIPPluginJar : add radio
2025-12-15 10:34:10,572 [INFO] IPUIPlugin:80 - create IPUIPlugin
2025-12-15 10:34:10,572 [INFO] PluginManager:220 - loadIPPluginJar : add resmgrutility
2025-12-15 10:34:10,574 [INFO] IPUIPlugin:80 - create IPUIPlugin
2025-12-15 10:34:10,574 [INFO] PluginManager:220 - loadIPPluginJar : add sai
2025-12-15 10:34:10,575 [INFO] IPUIPlugin:80 - create IPUIPlugin
2025-12-15 10:34:10,575 [INFO] PluginManager:220 - loadIPPluginJar : add spi
2025-12-15 10:34:10,580 [INFO] IPUIPlugin:80 - create IPUIPlugin
2025-12-15 10:34:10,580 [INFO] PluginManager:220 - loadIPPluginJar : add stm32_wpan
2025-12-15 10:34:10,581 [INFO] IPUIPlugin:80 - create IPUIPlugin
2025-12-15 10:34:10,581 [INFO] PluginManager:220 - loadIPPluginJar : add tim
2025-12-15 10:34:10,583 [INFO] IPUIPlugin:80 - create IPUIPlugin
2025-12-15 10:34:10,584 [INFO] PluginManager:220 - loadIPPluginJar : add touchsensing
2025-12-15 10:34:10,585 [INFO] IPUIPlugin:80 - create IPUIPlugin
2025-12-15 10:34:10,585 [INFO] PluginManager:220 - loadIPPluginJar : add tracer_emb
2025-12-15 10:34:10,587 [INFO] IPUIPlugin:80 - create IPUIPlugin
2025-12-15 10:34:10,587 [INFO] PluginManager:220 - loadIPPluginJar : add ts
2025-12-15 10:34:10,588 [INFO] IPUIPlugin:80 - create IPUIPlugin
2025-12-15 10:34:10,588 [INFO] PluginManager:220 - loadIPPluginJar : add tsc
2025-12-15 10:34:10,590 [INFO] IPUIPlugin:80 - create IPUIPlugin
2025-12-15 10:34:10,590 [INFO] PluginManager:220 - loadIPPluginJar : add ucpd
2025-12-15 10:34:10,592 [INFO] IPUIPlugin:80 - create IPUIPlugin
2025-12-15 10:34:10,592 [INFO] PluginManager:220 - loadIPPluginJar : add usart
2025-12-15 10:34:10,595 [INFO] IPUIPlugin:80 - create IPUIPlugin
2025-12-15 10:34:10,595 [INFO] PluginManager:220 - loadIPPluginJar : add usbx
2025-12-15 10:34:10,710 [FATAL] Updater:351 - Updater called before beeing initialized
2025-12-15 10:34:10,732 [INFO] RulesReader:64 - Compatibility file has been processed (317 Rules)
2025-12-15 10:34:10,741 [INFO] RulesReader:64 - Compatibility file has been processed (317 Rules)
2025-12-15 10:34:10,757 [INFO] CADModel:165 - CPN selected for project level
2025-12-15 10:34:10,757 [INFO] CADModel:114 - Register for checkConnection events
2025-12-15 10:34:10,758 [FATAL] Updater:351 - Updater called before beeing initialized
2025-12-15 10:34:10,758 [ERROR] CADModel:125 - Updater not yet initialized, retry later 
2025-12-15 10:34:10,883 [FATAL] Updater:351 - Updater called before beeing initialized
2025-12-15 10:34:10,885 [INFO] CADModel:165 - CPN selected for project level
2025-12-15 10:34:10,885 [INFO] CADModel:114 - Register for checkConnection events
2025-12-15 10:34:10,885 [FATAL] Updater:351 - Updater called before beeing initialized
2025-12-15 10:34:10,886 [ERROR] CADModel:125 - Updater not yet initialized, retry later 
2025-12-15 10:34:10,889 [FATAL] Updater:351 - Updater called before beeing initialized
2025-12-15 10:34:10,969 [FATAL] Updater:351 - Updater called before beeing initialized
2025-12-15 10:34:10,972 [INFO] DbMcusAds:53 - JSON generation date=Mon Dec 08 23:28:10 KST 2025 (1765204090002)
2025-12-15 10:34:10,972 [FATAL] Updater:351 - Updater called before beeing initialized
2025-12-15 10:34:11,002 [WARN] DetailPanel:346 - Failed to get advertising image, set to default
2025-12-15 10:34:11,077 [FATAL] Updater:351 - Updater called before beeing initialized
2025-12-15 10:34:11,079 [FATAL] Updater:351 - Updater called before beeing initialized
2025-12-15 10:34:11,079 [FATAL] Updater:351 - Updater called before beeing initialized
2025-12-15 10:34:11,079 [WARN] DetailPanel:346 - Failed to get advertising image, set to default
2025-12-15 10:34:11,080 [FATAL] Updater:351 - Updater called before beeing initialized
2025-12-15 10:34:11,113 [ERROR] Updater:1198 - MainUpdater not yet initialized. External WinMGr cannot be set.
2025-12-15 10:34:11,115 [INFO] Updater:1134 - Updater Version found : 6.15.0
2025-12-15 10:34:11,128 [INFO] ApplicationProperties:184 - Using Application install path: C:\ST\STM32CubeIDE_1.19.0\STM32CubeIDE\plugins\com.st.stm32cube.common.mx_6.15.0.202507011659
2025-12-15 10:34:12,744 [ERROR] LogOutputStream:75 - [STDERR_REDIRECT] Dec 15, 2025 10:34:12 AM java.util.prefs.WindowsPreferences <init>
2025-12-15 10:34:12,745 [ERROR] LogOutputStream:75 - [STDERR_REDIRECT] WARNING: Could not open/create prefs root node Software\JavaSoft\Prefs at root 0xffffffff80000002. Windows RegCreateKeyEx(...) returned error code 5.
2025-12-15 10:34:12,745 [ERROR] LogOutputStream:75 - [STDERR_REDIRECT] 
2025-12-15 10:34:12,903 [INFO] ThirdPartyUpdaterWithRetryManager:70 - Updater plugin not ready yet. [2/15]
2025-12-15 10:34:13,574 [INFO] MainUpdater:2872 - connection check result : 10
2025-12-15 10:34:13,574 [INFO] MainUpdater:289 - Updater Check For Update Now.
2025-12-15 10:34:13,574 [INFO] MicroXplorer:498 - Change Database Version : DB.6.0.150
2025-12-15 10:34:13,828 [INFO] CheckServerUpdateThread:120 - End of CheckServer Thread
2025-12-15 10:34:13,996 [INFO] MainUpdater:2872 - connection check result : 10
2025-12-15 10:34:13,998 [INFO] MainUpdater:2872 - connection check result : 10
2025-12-15 10:34:14,652 [INFO] MicroXplorer:468 - Change Database Path : 
2025-12-15 10:34:14,652 [INFO] MicroXplorer:498 - Change Database Version : DB.6.0.150
2025-12-15 10:34:14,659 [WARN] ThirdParty:871 - waiting for thirdparty lock release [close project]
2025-12-15 10:34:16,105 [WARN] PackLoader:240 - Cannot read IP mode file for STMicroelectronics.FP-SNS-MOTENVWB1.1.4.0
2025-12-15 10:34:16,105 [WARN] PackLoader:240 - Cannot read IP mode file for STMicroelectronics.FP-ATR-ASTRA1.2.0.2
2025-12-15 10:34:16,113 [WARN] PackLoader:240 - Cannot read IP mode file for STMicroelectronics.X-CUBE-SMBUS.2.1.0
2025-12-15 10:34:16,136 [WARN] PackLoader:240 - Cannot read IP mode file for STMicroelectronics.X-CUBE-AZRTOS-F7.1.1.0
2025-12-15 10:34:16,151 [WARN] PackLoader:240 - Cannot read IP mode file for STMicroelectronics.FP-SNS-MOTENV1.5.1.0
2025-12-15 10:34:16,151 [WARN] PackLoader:240 - Cannot read IP mode file for WES.I-CUBE-Cesium.1.4.0
2025-12-15 10:34:16,177 [WARN] PackLoader:240 - Cannot read IP mode file for STMicroelectronics.X-CUBE-AZRTOS-H7.3.4.0
2025-12-15 10:34:16,183 [WARN] PackLoader:240 - Cannot read IP mode file for STMicroelectronics.X-CUBE-DISPLAY.3.0.0
2025-12-15 10:34:16,203 [WARN] PackLoader:240 - Cannot read IP mode file for STMicroelectronics.X-CUBE-NFC10.1.0.0
2025-12-15 10:34:16,208 [WARN] PackLoader:240 - Cannot read IP mode file for STMicroelectronics.X-CUBE-ST60.1.1.0
2025-12-15 10:34:16,213 [WARN] PackLoader:240 - Cannot read IP mode file for emotas.I-CUBE-CANOPEN.1.3.0
2025-12-15 10:34:16,218 [WARN] PackLoader:240 - Cannot read IP mode file for STMicroelectronics.X-CUBE-GNSS1.7.1.0
2025-12-15 10:34:16,223 [WARN] PackLoader:240 - Cannot read IP mode file for STMicroelectronics.FP-SNS-STBOX1.2.1.0
2025-12-15 10:34:16,229 [WARN] PackLoader:240 - Cannot read IP mode file for STMicroelectronics.FP-SNS-SMARTAG2.1.2.0
2025-12-15 10:34:16,232 [WARN] PackLoader:240 - Cannot read IP mode file for STMicroelectronics.FP-SNS-FLIGHT1.5.1.0
2025-12-15 10:34:16,239 [INFO] LogOutputStream:77 - [STDOUT_REDIRECT] 1 : Invalid condition id : UX_CORESTACK_Condition cause : null
2025-12-15 10:34:16,240 [INFO] LogOutputStream:77 - [STDOUT_REDIRECT] 1 : Invalid condition id : UX_CORESTACK_Condition cause : null
2025-12-15 10:34:16,241 [INFO] LogOutputStream:77 - [STDOUT_REDIRECT] 1 : Invalid condition id : UX_CORESTACK_Condition cause : null
2025-12-15 10:34:16,241 [INFO] LogOutputStream:77 - [STDOUT_REDIRECT] 1 : Invalid condition id : UX_CORESTACK_Condition cause : null
2025-12-15 10:34:16,242 [INFO] LogOutputStream:77 - [STDOUT_REDIRECT] 1 : Invalid condition id : UX_CORESTACK_Condition cause : null
2025-12-15 10:34:16,243 [WARN] PackLoader:240 - Cannot read IP mode file for STMicroelectronics.X-CUBE-AZRTOS-WL.2.0.0
2025-12-15 10:34:16,245 [WARN] PackLoader:240 - Cannot read IP mode file for STMicroelectronics.X-CUBE-AZRTOS-H7RS.1.2.0
2025-12-15 10:34:16,261 [WARN] PackLoader:240 - Cannot read IP mode file for STMicroelectronics.X-CUBE-BLE2.3.3.0
2025-12-15 10:34:16,291 [WARN] PackLoader:240 - Cannot read IP mode file for Infineon.AIROC-Wi-Fi-Bluetooth-STM32.1.8.0
2025-12-15 10:34:16,292 [WARN] PackLoader:240 - Cannot read IP mode file for STMicroelectronics.X-CUBE-NFC9.1.0.0
2025-12-15 10:34:16,292 [WARN] PackLoader:240 - Cannot read IP mode file for STMicroelectronics.X-CUBE-BLE1.7.1.0
2025-12-15 10:34:16,292 [WARN] PackLoader:240 - Cannot read IP mode file for wolfSSL.I-CUBE-wolfMQTT.1.19.2
2025-12-15 10:34:16,308 [WARN] PackLoader:240 - Cannot read IP mode file for STMicroelectronics.X-CUBE-FREERTOS.1.4.0
2025-12-15 10:34:16,314 [WARN] PackLoader:240 - Cannot read IP mode file for STMicroelectronics.X-CUBE-EEPRMA1.5.2.0
2025-12-15 10:34:16,314 [WARN] PackLoader:240 - Cannot read IP mode file for wolfSSL.I-CUBE-wolfSSL.5.8.4
2025-12-15 10:34:16,314 [WARN] PackLoader:240 - Cannot read IP mode file for Cesanta.I-CUBE-Mongoose.7.20.0
2025-12-15 10:34:16,324 [WARN] PackLoader:240 - Cannot read IP mode file for STMicroelectronics.X-CUBE-ST67W61.1.1.0
2025-12-15 10:34:16,345 [WARN] PackLoader:240 - Cannot read IP mode file for STMicroelectronics.X-CUBE-MEMS1.12.0.0
2025-12-15 10:34:16,414 [WARN] PackLoader:240 - Cannot read IP mode file for STMicroelectronics.X-CUBE-AZRTOS-G0.1.1.0
2025-12-15 10:34:16,418 [WARN] PackLoader:240 - Cannot read IP mode file for STMicroelectronics.X-CUBE-NFC4.3.0.0
2025-12-15 10:34:16,428 [WARN] PackLoader:240 - Cannot read IP mode file for EmbeddedOffice.I-CUBE-FS-RTOS.1.0.1
2025-12-15 10:34:16,428 [WARN] PackLoader:240 - Cannot read IP mode file for STMicroelectronics.X-CUBE-WB05N.2.0.0
2025-12-15 10:34:16,434 [WARN] PackLoader:240 - Cannot read IP mode file for wolfSSL.I-CUBE-wolfTPM.3.8.0
2025-12-15 10:34:16,434 [WARN] PackLoader:240 - Cannot read IP mode file for STMicroelectronics.X-CUBE-TCPP.4.2.0
2025-12-15 10:34:16,444 [WARN] PackLoader:240 - Cannot read IP mode file for RealThread.X-CUBE-RT-Thread_Nano.4.1.1
2025-12-15 10:34:16,444 [WARN] PackLoader:240 - Cannot read IP mode file for STMicroelectronics.FP-ATR-SIGFOX1.3.2.0
2025-12-15 10:34:16,452 [WARN] PackLoader:240 - Cannot read IP mode file for ITTIA_DB.I-CUBE-ITTIADB.8.9.0
2025-12-15 10:34:16,456 [WARN] PackLoader:240 - Cannot read IP mode file for STMicroelectronics.X-CUBE-AI.10.2.0
2025-12-15 10:34:16,468 [WARN] PackLoader:240 - Cannot read IP mode file for SEGGER.I-CUBE-embOS.1.3.1
2025-12-15 10:34:16,480 [WARN] PackLoader:240 - Cannot read IP mode file for STMicroelectronics.X-CUBE-ALGOBUILD.1.4.0
2025-12-15 10:34:16,495 [WARN] PackLoader:240 - Cannot read IP mode file for STMicroelectronics.X-CUBE-PM33A1.1.0.0
2025-12-15 10:34:16,504 [WARN] PackLoader:240 - Cannot read IP mode file for STMicroelectronics.X-CUBE-AZRTOS-F4.1.1.0
2025-12-15 10:34:16,506 [WARN] PackLoader:240 - Cannot read IP mode file for STMicroelectronics.X-CUBE-ISPU.2.1.0
2025-12-15 10:34:16,514 [WARN] PackLoader:240 - Cannot read IP mode file for STMicroelectronics.X-CUBE-IPS.3.2.0
2025-12-15 10:34:16,526 [WARN] PackLoader:240 - Cannot read IP mode file for STMicroelectronics.X-CUBE-NFC12.1.0.0
2025-12-15 10:34:16,561 [WARN] PackLoader:240 - Cannot read IP mode file for STMicroelectronics.X-CUBE-AZRTOS-L5.2.0.0
2025-12-15 10:34:16,569 [WARN] PackLoader:240 - Cannot read IP mode file for STMicroelectronics.X-CUBE-NFC6.3.1.0
2025-12-15 10:34:16,573 [WARN] PackLoader:240 - Cannot read IP mode file for STMicroelectronics.X-CUBE-TOUCHGFX.4.26.0
2025-12-15 10:34:16,573 [WARN] PackLoader:240 - Cannot read IP mode file for STMicroelectronics.FP-SNS-STAIOTCFT.1.0.0
2025-12-15 10:34:16,573 [WARN] PackLoader:240 - Cannot read IP mode file for STMicroelectronics.X-CUBE-DPower.1.3.0
2025-12-15 10:34:16,596 [WARN] ConditionMgr:438 - getConditionDescription Invalid condition id : LAN8742 Phy interface Condition cause : null
2025-12-15 10:34:16,596 [WARN] PackLoader:240 - Cannot read IP mode file for STMicroelectronics.X-CUBE-AZRTOS-L4.2.0.0
2025-12-15 10:34:16,598 [WARN] ConditionMgr:1044 - genDependencies : Invalid condition id : LAN8742 Phy interface Condition cause : null
2025-12-15 10:34:16,598 [WARN] ConditionMgr:1044 - genDependencies : Invalid condition id : LAN8742 Phy interface Condition cause : null
2025-12-15 10:34:16,598 [WARN] ConditionMgr:1044 - genDependencies : Invalid condition id : LAN8742 Phy interface Condition cause : null
2025-12-15 10:34:16,604 [WARN] PackLoader:240 - Cannot read IP mode file for STMicroelectronics.X-CUBE-SFXS2LP1.4.0.0
2025-12-15 10:34:16,607 [WARN] PackLoader:240 - Cannot read IP mode file for STMicroelectronics.X-CUBE-BLEMGR.4.1.0
2025-12-15 10:34:16,622 [WARN] ConditionMgr:438 - getConditionDescription Invalid condition id : UX DEVICE CLASS RTOS Condition cause : null
2025-12-15 10:34:16,623 [WARN] ConditionMgr:438 - getConditionDescription Invalid condition id : UX DEVICE CLASS RTOS Condition cause : null
2025-12-15 10:34:16,623 [WARN] PackLoader:240 - Cannot read IP mode file for STMicroelectronics.X-CUBE-AZRTOS-WB.2.0.0
2025-12-15 10:34:16,623 [WARN] ConditionMgr:1044 - genDependencies : Invalid condition id : UX DEVICE CLASS RTOS Condition cause : null
2025-12-15 10:34:16,623 [WARN] ConditionMgr:1044 - genDependencies : Invalid condition id : UX DEVICE CLASS RTOS Condition cause : null
2025-12-15 10:34:16,625 [WARN] ConditionMgr:1044 - genDependencies : Invalid condition id : UX DEVICE CLASS RTOS Condition cause : null
2025-12-15 10:34:16,625 [WARN] ConditionMgr:1044 - genDependencies : Invalid condition id : UX DEVICE CLASS RTOS Condition cause : null
2025-12-15 10:34:16,625 [WARN] ConditionMgr:1044 - genDependencies : Invalid condition id : UX DEVICE CLASS RTOS Condition cause : null
2025-12-15 10:34:16,625 [WARN] ConditionMgr:438 - getConditionDescription Invalid condition id : Cortex-A Device cause : null
2025-12-15 10:34:16,633 [WARN] ConditionMgr:1044 - genDependencies : Invalid condition id : Cortex-A Device cause : null
2025-12-15 10:34:16,636 [WARN] ConditionMgr:1044 - genDependencies : Invalid condition id : Cortex-A Device cause : null
2025-12-15 10:34:16,636 [WARN] ConditionMgr:1044 - genDependencies : Invalid condition id : Cortex-A Device cause : null
2025-12-15 10:34:16,636 [WARN] PackLoader:240 - Cannot read IP mode file for STMicroelectronics.X-CUBE-SUBG2.5.0.0
2025-12-15 10:34:16,654 [WARN] PackLoader:240 - Cannot read IP mode file for STMicroelectronics.X-CUBE-AZRTOS-G4.2.0.0
2025-12-15 10:34:16,656 [WARN] PackLoader:240 - Cannot read IP mode file for wolfSSL.I-CUBE-wolfSSH.1.4.20
2025-12-15 10:34:16,660 [WARN] PackLoader:240 - Cannot read IP mode file for STMicroelectronics.X-CUBE-NFC7.2.0.0
2025-12-15 10:34:16,668 [WARN] PackLoader:240 - Cannot read IP mode file for STMicroelectronics.X-CUBE-ALS.1.0.2
2025-12-15 10:34:16,673 [WARN] PackLoader:240 - Cannot read IP mode file for STMicroelectronics.X-CUBE-STSE01.1.0.0
2025-12-15 10:34:16,680 [WARN] PackLoader:240 - Cannot read IP mode file for STMicroelectronics.X-CUBE-TOF1.3.4.3
2025-12-15 10:34:16,685 [INFO] ThirdParty:978 - Integrity check success = true
2025-12-15 10:34:16,685 [INFO] IntegrityCheckThread:100 - exiting critical section [integrity check]
2025-12-15 10:34:16,686 [INFO] IntegrityCheckThread:103 - End integrity checks thread
2025-12-15 10:34:16,686 [INFO] ThirdParty:873 - entering critical section [close project]
2025-12-15 10:34:16,688 [INFO] ThirdParty:883 - exiting critical section [close project]
2025-12-15 10:34:16,693 [INFO] PinOutPanel:1589 - setPackage(No Configuration,No Configuration)
2025-12-15 10:34:16,694 [INFO] UtilMem:75 - Begin LoadConfig() Used Memory: 205230896 Bytes (268435456)
2025-12-15 10:34:16,697 [INFO] MicroXplorer:468 - Change Database Path : 
2025-12-15 10:34:16,697 [INFO] MicroXplorer:498 - Change Database Version : DB.6.0.150
2025-12-15 10:34:16,697 [INFO] OpenFileManager:355 - Change cursor
2025-12-15 10:34:16,746 [INFO] Mcu:2029 - Initializing MCU STM32L412RBTxP STM32L412RBTxP STM32L412RBT6P
2025-12-15 10:34:17,815 [INFO] Context:786 - Trying to add GPIOservice into a context  which must be forbidden
2025-12-15 10:34:18,167 [INFO] ImportTextPane:234 - (OptionalMessage_ERROR) Pin18 (VP_RIF_VS_RIF1) cannot be retrieved for this MCU
2025-12-15 10:34:18,355 [INFO] RtosManager:558 - Registered RTOS mode: class=CMSIS, group=RTOS, mode=CMSIS_V1, owner=FREERTOS
2025-12-15 10:34:18,355 [INFO] RtosManager:558 - Registered RTOS mode: class=CMSIS, group=RTOS2, mode=CMSIS_V2, owner=FREERTOS
2025-12-15 10:34:18,355 [INFO] RtosManager:558 - Registered RTOS mode: class=RTOS, group=Core, mode=CMSIS_V1, owner=FREERTOS
2025-12-15 10:34:18,355 [INFO] RtosManager:558 - Registered RTOS mode: class=RTOS, group=Core, mode=CMSIS_V2, owner=FREERTOS
2025-12-15 10:34:18,355 [WARN] ModelIntegratedComponent:184 - Missing modes for component STMicroelectronics:FreeRTOS:0.0.1:STMicroelectronics:RTOS:FreeRTOS:Core:::10.2.0:
2025-12-15 10:34:18,370 [WARN] ModelIntegratedComponent:63 - No mode defined for component null
2025-12-15 10:34:18,370 [WARN] ModelIntegratedComponent:63 - No mode defined for component null
2025-12-15 10:34:18,370 [WARN] ModelIntegratedComponent:63 - No mode defined for component null
2025-12-15 10:34:18,370 [WARN] ModelIntegratedComponent:63 - No mode defined for component null
2025-12-15 10:34:18,370 [WARN] ModelIntegratedComponent:63 - No mode defined for component null
2025-12-15 10:34:18,370 [WARN] ModelIntegratedComponent:63 - No mode defined for component null
2025-12-15 10:34:18,370 [WARN] ModelIntegratedComponent:63 - No mode defined for component null
2025-12-15 10:34:18,370 [WARN] ModelIntegratedComponent:63 - No mode defined for component null
2025-12-15 10:34:18,370 [WARN] ModelIntegratedComponent:63 - No mode defined for component null
2025-12-15 10:34:18,370 [WARN] ModelIntegratedComponent:63 - No mode defined for component null
2025-12-15 10:34:18,370 [WARN] ModelIntegratedComponent:63 - No mode defined for component null
2025-12-15 10:34:18,370 [WARN] ModelIntegratedComponent:63 - No mode defined for component null
2025-12-15 10:34:18,370 [WARN] ModelIntegratedComponent:63 - No mode defined for component null
2025-12-15 10:34:18,370 [WARN] ModelIntegratedComponent:63 - No mode defined for component null
2025-12-15 10:34:18,370 [WARN] ModelIntegratedComponent:63 - No mode defined for component null
2025-12-15 10:34:18,370 [WARN] ModelIntegratedComponent:63 - No mode defined for component null
2025-12-15 10:34:18,370 [WARN] ModelIntegratedComponent:63 - No mode defined for component null
2025-12-15 10:34:18,370 [WARN] ModelIntegratedComponent:63 - No mode defined for component null
2025-12-15 10:34:18,370 [WARN] ModelIntegratedComponent:63 - No mode defined for component null
2025-12-15 10:34:18,370 [WARN] ModelIntegratedComponent:63 - No mode defined for component null
2025-12-15 10:34:18,370 [WARN] ModelIntegratedComponent:63 - No mode defined for component null
2025-12-15 10:34:18,370 [WARN] ModelIntegratedComponent:63 - No mode defined for component null
2025-12-15 10:34:18,370 [WARN] ModelIntegratedComponent:63 - No mode defined for component null
2025-12-15 10:34:18,370 [WARN] ModelIntegratedComponent:63 - No mode defined for component null
2025-12-15 10:34:18,370 [WARN] ModelIntegratedComponent:63 - No mode defined for component null
2025-12-15 10:34:18,370 [WARN] ModelIntegratedComponent:63 - No mode defined for component null
2025-12-15 10:34:18,370 [WARN] ModelIntegratedComponent:63 - No mode defined for component null
2025-12-15 10:34:18,370 [WARN] ModelIntegratedComponent:63 - No mode defined for component null
2025-12-15 10:34:18,370 [WARN] ModelIntegratedComponent:63 - No mode defined for component null
2025-12-15 10:34:18,370 [WARN] ModelIntegratedComponent:63 - No mode defined for component null
2025-12-15 10:34:18,370 [WARN] ModelIntegratedComponent:63 - No mode defined for component null
2025-12-15 10:34:18,370 [WARN] ModelIntegratedComponent:63 - No mode defined for component null
2025-12-15 10:34:18,370 [WARN] ModelIntegratedComponent:63 - No mode defined for component null
2025-12-15 10:34:18,370 [WARN] ModelIntegratedComponent:63 - No mode defined for component null
2025-12-15 10:34:18,370 [WARN] ModelIntegratedComponent:63 - No mode defined for component null
2025-12-15 10:34:18,370 [WARN] ModelPack:524 - Component already loaded: STMicroelectronics:HAL Drivers:0.0.0:STMicroelectronics:Device:STMicro_Driver:XSPI:HAL::0.0.1:HAL_XSPI
2025-12-15 10:34:18,395 [INFO] ThirdPartyModel:298 - Start build external matchings
2025-12-15 10:34:18,589 [INFO] ThirdPartyModel:316 - End build external matchings
2025-12-15 10:34:18,605 [INFO] ImportTextPane:234 - (OptionalMessage_ERROR) IP (RCC) : Invalid parameter (FamilyName)
2025-12-15 10:34:18,605 [INFO] ImportTextPane:234 - (OptionalMessage_ERROR) IP (RCC) : Parameter (USBFreq_Value) has invalid value (4000000)
2025-12-15 10:34:19,128 [INFO] ApiDb:581 - Connected to CubeFinder SQLite database (C:\Users\CAMMSYS\.stmcufinder\plugins\mcufinder\mcu\cube-finder-db.db)
2025-12-15 10:34:19,182 [INFO] ApiDb:668 - CubeFinder database Data Model version=2.1
2025-12-15 10:34:19,182 [INFO] ApiDb:669 - CubeFinder database Configuration version=3.0.39
2025-12-15 10:34:19,182 [INFO] ApiDb:670 - CubeFinder database generation date=2025-11-05 (1762334721)
2025-12-15 10:34:19,182 [INFO] ApiDb:671 - CubeFinder database FW Pack versions=[FP-ATR-ASTRA1_V2.0.0, FP-SNS-FLIGHT1_V5.1.0, FP-SNS-MOTENV1_V5.1.0, FP-SNS-MOTENVWB1_V1.4.0, FP-SNS-SMARTAG2_V1.2.0, FP-SNS-STBOX1_V2.1.0, STM32Cube_FW_C0_V1.4.0, STM32Cube_FW_F4_V1.28.3, STM32Cube_FW_F7_V1.17.4, STM32Cube_FW_G0_V1.6.2, STM32Cube_FW_G4_V1.6.1, STM32Cube_FW_H5_V1.5.1, STM32Cube_FW_H7RS_V1.3.0, STM32Cube_FW_H7_V1.12.1, STM32Cube_FW_L0_V1.12.2, STM32Cube_FW_L4_V1.18.1, STM32Cube_FW_L5_V1.6.0, STM32Cube_FW_N6_V1.3.0, STM32Cube_FW_U0_V1.3.0, STM32Cube_FW_U3_V1.2.1, STM32Cube_FW_U5_V1.8.0, STM32Cube_FW_WB0_V1.4.0, STM32Cube_FW_WBA_V1.8.0, STM32Cube_FW_WB_V1.24.0, STM32Cube_FW_WL3_V1.3.0, STM32Cube_FW_WL_V1.4.0, X-CUBE-ALGOBUILD_V1.4.0, X-CUBE-ALS_V1.0.2, X-CUBE-AZRTOS-F4_V1.1.0, X-CUBE-AZRTOS-F7_V1.1.0, X-CUBE-AZRTOS-G0_V1.1.0, X-CUBE-AZRTOS-G4_V2.0.0, X-CUBE-AZRTOS-H7RS_V1.1.0, X-CUBE-AZRTOS-H7_V3.4.0, X-CUBE-AZRTOS-L4_V2.0.0, X-CUBE-AZRTOS-L5_V2.0.0, X-CUBE-AZRTOS-WB_V2.0.0, X-CUBE-AZRTOS-WL_V2.0.0, X-CUBE-BLE1_V7.1.0, X-CUBE-BLE2_V3.3.0, X-CUBE-BLEMGR_V4.1.0, X-CUBE-EEPRMA1_V5.2.0, X-CUBE-FREERTOS_V1.3.1, X-CUBE-GNSS1_V6.0.0, X-CUBE-MEMS1_V11.3.0, X-CUBE-NFC4_V3.0.0, X-CUBE-NFC7_V2.0.0, X-CUBE-SFXS2LP1_V4.0.0, X-CUBE-ST67W61_V1.1.0, X-CUBE-SUBG2_V5.0.0, X-CUBE-TOF1_V3.4.3]
2025-12-15 10:34:19,286 [INFO] DbBoardsSqlite:226 - include board P-NUCLEO-WB55-NUCLEO as a kit item of type 'Nucleo-64'
2025-12-15 10:34:19,286 [INFO] DbBoardsSqlite:226 - include board P-NUCLEO-WB55-USBDONGLE as a kit item of type 'Nucleo USB Dongle'
2025-12-15 10:34:19,287 [INFO] DbBoardsSqlite:226 - include board STEVAL-IDP005V1 as a kit item of type 'Evaluation Board'
2025-12-15 10:34:19,287 [INFO] DbBoardsSqlite:226 - include board STEVAL-IDP005V2 as a kit item of type 'Evaluation Board'
2025-12-15 10:34:19,574 [INFO] ApiDb:240 - Found 880 in-development CPN: [B-G473E-ZEST1S, B-WB1M-WPAN1, B-WBA5M-WPAN, B-WL5M-SUBG1, NUCLEO-C031C6, NUCLEO-C051C8, NUCLEO-C071RB, NUCLEO-C092RC, NUCLEO-H503RB, NUCLEO-H533RE, NUCLEO-H563ZI, NUCLEO-H7S3L8, NUCLEO-N657X0-Q, NUCLEO-U031R8, NUCLEO-U083RC, NUCLEO-U385RG-Q, NUCLEO-U545RE-Q, NUCLEO-U5A5ZJ-Q, NUCLEO-WB05KZ, NUCLEO-WB07CC, NUCLEO-WB09KE, NUCLEO-WBA52CG, NUCLEO-WBA55CG, NUCLEO-WL33CC1, NUCLEO-WL33CC2, STEVAL-PROTEUS1, STEVAL-SMARTAG2, STEVAL-STWINBX1, STM320518-EVAL, STM32C0116-DK, STM32C011D6Y3TR, STM32C011D6Y6TR, STM32C011F4P3, STM32C011F4P6, STM32C011F4U3, STM32C011F4U6TR, STM32C011F6P3, STM32C011F6P6, STM32C011F6U3, STM32C011F6U6TR, STM32C011J4M3, STM32C011J4M6, STM32C011J6M3, STM32C011J6M6, STM32C0316-DK, STM32C031C4T3, STM32C031C4T6, STM32C031C4U3, STM32C031C4U6, STM32C031C6T3, STM32C031C6T6, STM32C031C6U3, STM32C031C6U6, STM32C031F4P3, STM32C031F4P6, STM32C031F6P3, STM32C031F6P6, STM32C031G4U3, STM32C031G4U6, STM32C031G6U3, STM32C031G6U6, STM32C031K4T3, STM32C031K4T6, STM32C031K4U3, STM32C031K4U6, STM32C031K6T3, STM32C031K6T6, STM32C031K6U3, STM32C031K6U6, STM32C051C6T6, STM32C051C6U6, STM32C051C8T6, STM32C051C8U6, STM32C051D8Y6TR, STM32C051F6P6, STM32C051F8P6, STM32C051G6U6, STM32C051G8U6, STM32C051K6T6, STM32C051K6U6, STM32C051K8T6, STM32C071C8T6, STM32C071C8T6N, STM32C071C8U6, STM32C071C8U6N, STM32C071CBT6, STM32C071CBT6N, STM32C071CBU6, STM32C071CBU6N, STM32C071F8P6, STM32C071F8P6N, STM32C071FBP6, STM32C071FBP6N, STM32C071FBY6TR, STM32C071G8U6, STM32C071G8U6N, STM32C071GBU6, STM32C071GBU6N, STM32C071K8T6, STM32C071K8T6N, STM32C071K8U6, STM32C071K8U6N, STM32C071KBT6, STM32C071KBT6N, STM32C071KBU6, STM32C071KBU6N, STM32C071R8T6, STM32C071R8T6N, STM32C071RBI6N, STM32C071RBT6, STM32C071RBT6N, STM32C091CBT6, STM32C091CBU6, STM32C091CCT6, STM32C091CCU6, STM32C091ECY6TR, STM32C091FBP6, STM32C091FCP6, STM32C091GBU6, STM32C091GCU6, STM32C091KBT6, STM32C091KBU6, STM32C091KCT6, STM32C091KCU6, STM32C091RBT6, STM32C091RCI6, STM32C091RCT6, STM32C092CBT6, STM32C092CBU6, STM32C092CCT6, STM32C092CCU6, STM32C092ECY6TR, STM32C092FBP6, STM32C092FCP6, STM32C092GBU6, STM32C092GCU6, STM32C092KBT6, STM32C092KBU6, STM32C092KCT6, STM32C092KCU6, STM32C092RBT6, STM32C092RCI6, STM32C092RCT6, STM32G071K8TXN, STM32G071K8UXN, STM32G081GBU6N, STM32G081KBT6N, STM32G081KBUXN, STM32G0B1CCT6N, STM32G0B1KCT6, STM32G0B1NEY6TR, STM32G0B1RCT6N, STM32G0C1CCT6, STM32G0C1CCT6N, STM32G0C1CCU6N, STM32G0C1CET6N, STM32G0C1CEU6N, STM32G0C1KCT6, STM32G0C1NEY6TR, STM32G0C1RCI6N, STM32G0C1RCT6N, STM32G0C1REI6N, STM32G0C1RET6N, STM32G0C1VCI6, STM32G0C1VEI6, STM32G411C6T3, STM32G411C6T6, STM32G411C6U3, STM32G411C6U6, STM32G411C8T3, STM32G411C8T6, STM32G411C8U3, STM32G411C8U6, STM32G411CBT3, STM32G411CBT6, STM32G411CBU3, STM32G411CBU6, STM32G411K6T3, STM32G411K6T6, STM32G411K6U3, STM32G411K6U6, STM32G411K8T3, STM32G411K8T6, STM32G411K8U3, STM32G411K8U6, STM32G411KBT3, STM32G411KBT6, STM32G411KBU3, STM32G411KBU6, STM32G411M6T3, STM32G411M6T6, STM32G411M8T3, STM32G411M8T6, STM32G411MBT3, STM32G411MBT6, STM32G411R6T3, STM32G411R6T6, STM32G411R8T3, STM32G411R8T6, STM32G411RBT3, STM32G411RBT6, STM32G414CBT3, STM32G414CBT6, STM32G414CBU3, STM32G414CBU6, STM32G414CCT3, STM32G414CCT6, STM32G414CCU3, STM32G414CCU6, STM32G414MBT3, STM32G414MBT6, STM32G414MCT3, STM32G414MCT6, STM32G414RBT3, STM32G414RBT6, STM32G414RCT3, STM32G414RCT6, STM32G414VBT3, STM32G414VBT6, STM32G414VCT3, STM32G414VCT6, STM32G431CBT3Z, STM32G431RBT3Z, STM32G471CCT6, STM32G471CCU6, STM32G471CET3, STM32G471CET6, STM32G471CEU3, STM32G471CEU6, STM32G471MCT6, STM32G471MET3, STM32G471MET6, STM32G471MEY6TR, STM32G471QCT6, STM32G471QET3, STM32G471RCT6, STM32G471RET3, STM32G471RET6, STM32G471VCH6, STM32G471VCI6, STM32G471VCT6, STM32G471VEH3, STM32G471VEH6, STM32G471VEI3, STM32G471VEI6, STM32G471VET3, STM32G471VET6, STM32G473QET3Z, STM32G473RET3Z, STM32G474CCT6, STM32G491RET3Z, STM32H503CBT6, STM32H503CBU6, STM32H503EBY6TR, STM32H503KBU6, STM32H503RBT6, STM32H523CCT6, STM32H523CCU6, STM32H523CET6, STM32H523CEU6, STM32H523HEY6TR, STM32H523RCT6, STM32H523RET6, STM32H523VCI6, STM32H523VCT6, STM32H523VEI6, STM32H523VET6, STM32H523ZCJ6, STM32H523ZCT6, STM32H523ZEJ6, STM32H523ZET6, STM32H533CET6, STM32H533CEU6, STM32H533HEY6TR, STM32H533RET6, STM32H533VEI6, STM32H533VET6, STM32H533ZEJ6, STM32H533ZET6, STM32H562AGI6, STM32H562AII6, STM32H562IGK6, STM32H562IGT6, STM32H562IIK6, STM32H562IIT6, STM32H562RGT6, STM32H562RGV6, STM32H562RIT6, STM32H562RIV6, STM32H562VGT6, STM32H562VIT6, STM32H562ZGT6, STM32H562ZIT6, STM32H563AGI6, STM32H563AII3Q, STM32H563AII6, STM32H563IGK6, STM32H563IGT6, STM32H563IIK3Q, STM32H563IIK6, STM32H563IIT3Q, STM32H563IIT6, STM32H563MIY3QTR, STM32H563RGT6, STM32H563RGV6, STM32H563RIT6, STM32H563RIV6, STM32H563VGT6, STM32H563VIT3Q, STM32H563VIT6, STM32H563ZGT6, STM32H563ZIT3Q, STM32H563ZIT6, STM32H573AII3Q, STM32H573AII6, STM32H573I-DK, STM32H573IIK3Q, STM32H573IIK6, STM32H573IIT3Q, STM32H573IIT6, STM32H573MIY3QTR, STM32H573RIT6, STM32H573RIV6, STM32H573VIT3Q, STM32H573VIT6, STM32H573ZIT3Q, STM32H573ZIT6, STM32H7R3A8I6, STM32H7R3I8K6, STM32H7R3I8T6, STM32H7R3L8H6, STM32H7R3L8H6H, STM32H7R3R8V6, STM32H7R3V8H6, STM32H7R3V8T6, STM32H7R3V8Y6TR, STM32H7R3Z8J6, STM32H7R3Z8T6, STM32H7R7A8I6, STM32H7R7I8K6, STM32H7R7I8T6, STM32H7R7L8H6, STM32H7R7L8H6H, STM32H7R7Z8J6, STM32H7S3A8I6, STM32H7S3I8K6, STM32H7S3I8T6, STM32H7S3L8H6, STM32H7S3L8H6H, STM32H7S3R8V6, STM32H7S3V8H6, STM32H7S3V8T6, STM32H7S3V8Y6TR, STM32H7S3Z8J6, STM32H7S3Z8T6, STM32H7S78-DK, STM32H7S7A8I6, STM32H7S7I8K6, STM32H7S7I8T6, STM32H7S7L8H6, STM32H7S7L8H6H, STM32H7S7Z8J6, STM32L4R5QGI6STR, STM32MP131AAE3, STM32MP131AAF3, STM32MP131AAG3, STM32MP131CAE3, STM32MP131CAF3, STM32MP131CAG3, STM32MP131DAE7, STM32MP131DAF7, STM32MP131DAG7, STM32MP131FAE7, STM32MP131FAF7, STM32MP131FAG7, STM32MP133AAE3, STM32MP133AAF3, STM32MP133AAG3, STM32MP133CAE3, STM32MP133CAF3, STM32MP133CAG3, STM32MP133DAE7, STM32MP133DAF7, STM32MP133DAG7, STM32MP133FAE7, STM32MP133FAF7, STM32MP133FAG7, STM32MP135AAE3, STM32MP135AAF3, STM32MP135AAG3, STM32MP135CAE3, STM32MP135CAF3, STM32MP135CAG3, STM32MP135DAE7, STM32MP135DAF7, STM32MP135DAG7, STM32MP135F-DK, STM32MP135FAE7, STM32MP135FAF7, STM32MP135FAF7T, STM32MP135FAF7U, STM32MP135FAG7, STM32MP211AAL3, STM32MP211AAM3, STM32MP211AAN3, STM32MP211AAO3, STM32MP211CAL3, STM32MP211CAM3, STM32MP211CAN3, STM32MP211CAO3, STM32MP211DAL3, STM32MP211DAM3, STM32MP211DAN3, STM32MP211DAO3, STM32MP211FAL3, STM32MP211FAM3, STM32MP211FAN3, STM32MP211FAO3, STM32MP213AAL3, STM32MP213AAM3, STM32MP213AAN3, STM32MP213AAO3, STM32MP213CAL3, STM32MP213CAM3, STM32MP213CAN3, STM32MP213CAO3, STM32MP213DAL3, STM32MP213DAM3, STM32MP213DAN3, STM32MP213DAO3, STM32MP213FAL3, STM32MP213FAM3, STM32MP213FAN3, STM32MP213FAO3, STM32MP215AAL3, STM32MP215AAM3, STM32MP215AAN3, STM32MP215AAO3, STM32MP215CAL3, STM32MP215CAM3, STM32MP215CAN3, STM32MP215CAO3, STM32MP215DAL3, STM32MP215DAM3, STM32MP215DAN3, STM32MP215DAO3, STM32MP215F-DK, STM32MP215FAL3, STM32MP215FAM3, STM32MP215FAN3, STM32MP215FAO3, STM32MP231AAJ3, STM32MP231AAK3, STM32MP231AAL3, STM32MP231CAJ3, STM32MP231CAK3, STM32MP231CAL3, STM32MP231DAJ3, STM32MP231DAK3, STM32MP231DAL3, STM32MP231FAJ3, STM32MP231FAK3, STM32MP231FAL3, STM32MP233AAJ3, STM32MP233AAK3, STM32MP233AAL3, STM32MP233CAJ3, STM32MP233CAK3, STM32MP233CAL3, STM32MP233DAJ3, STM32MP233DAK3, STM32MP233DAL3, STM32MP233FAJ3, STM32MP233FAK3, STM32MP233FAL3, STM32MP235AAJ3, STM32MP235AAK3, STM32MP235AAL3, STM32MP235CAJ3, STM32MP235CAK3, STM32MP235CAL3, STM32MP235DAJ3, STM32MP235DAK3, STM32MP235DAL3, STM32MP235FAJ3, STM32MP235FAK3, STM32MP235FAL3, STM32MP251AAI3, STM32MP251AAK3, STM32MP251AAL3, STM32MP251CAI3, STM32MP251CAK3, STM32MP251CAL3, STM32MP251DAI3, STM32MP251DAK3, STM32MP251DAL3, STM32MP251FAI3, STM32MP251FAK3, STM32MP251FAL3, STM32MP253AAI3, STM32MP253AAK3, STM32MP253AAL3, STM32MP253CAI3, STM32MP253CAK3, STM32MP253CAL3, STM32MP253DAI3, STM32MP253DAK3, STM32MP253DAL3, STM32MP253FAI3, STM32MP253FAK3, STM32MP253FAL3, STM32MP255AAI3, STM32MP255AAK3, STM32MP255AAL3, STM32MP255CAI3, STM32MP255CAK3, STM32MP255CAL3, STM32MP255DAI3, STM32MP255DAK3, STM32MP255DAL3, STM32MP255FAI3, STM32MP255FAK3, STM32MP255FAL3, STM32MP257AAI3, STM32MP257AAK3, STM32MP257AAL3, STM32MP257CAI3, STM32MP257CAK3, STM32MP257CAL3, STM32MP257DAI3, STM32MP257DAK3, STM32MP257DAL3, STM32MP257F-DK, STM32MP257F-EV1, STM32MP257FAI3, STM32MP257FAK3, STM32MP257FAL3, STM32N645A0H3Q, STM32N645B0H3Q, STM32N645I0H3Q, STM32N645L0H3Q, STM32N645X0H3Q, STM32N645Z0H3Q, STM32N647A0H3Q, STM32N647B0H3Q, STM32N647I0H3Q, STM32N647L0H3Q, STM32N647X0H3Q, STM32N647Z0H3Q, STM32N655A0H3Q, STM32N655B0H3Q, STM32N655I0H3Q, STM32N655L0H3Q, STM32N655X0H3Q, STM32N655Z0H3Q, STM32N6570-DK, STM32N657A0H3Q, STM32N657B0H3Q, STM32N657I0H3Q, STM32N657L0H3Q, STM32N657X0H3Q, STM32N657Z0H3Q, STM32U031C6T6, STM32U031C6U6, STM32U031C8T6, STM32U031C8U6, STM32U031F4P6, STM32U031F6P6, STM32U031F8P6, STM32U031G6Y6TR, STM32U031G8Y6TR, STM32U031K4U6, STM32U031K6U6, STM32U031K8U6, STM32U031R6I6, STM32U031R6T6, STM32U031R8I6, STM32U031R8T6, STM32U073C8T6, STM32U073C8U6, STM32U073CBT6, STM32U073CBU6, STM32U073CCT6, STM32U073CCU6, STM32U073H8Y6TR, STM32U073HBY6TR, STM32U073HCY6TR, STM32U073K8U6, STM32U073KBU6, STM32U073KCU6, STM32U073M8I6, STM32U073M8T6, STM32U073MBI6, STM32U073MBT6, STM32U073MCI6, STM32U073MCT6, STM32U073R8I6, STM32U073R8T6, STM32U073RBI6, STM32U073RBT6, STM32U073RCI6, STM32U073RCT6, STM32U083C-DK, STM32U083CCT6, STM32U083CCU6, STM32U083HCY6TR, STM32U083KCU6, STM32U083MCI6, STM32U083MCT6, STM32U083RCI6, STM32U083RCT6, STM32U375CET6, STM32U375CET6Q, STM32U375CEU6, STM32U375CEU6Q, STM32U375CEY6QTR, STM32U375CGT6, STM32U375CGT6Q, STM32U375CGU6, STM32U375CGU6Q, STM32U375CGY6QTR, STM32U375KEU6, STM32U375KGU6, STM32U375REI6, STM32U375REI6Q, STM32U375RET6, STM32U375RET6Q, STM32U375REY6GTR, STM32U375REY6QTR, STM32U375RGI6, STM32U375RGI6Q, STM32U375RGT6, STM32U375RGT6Q, STM32U375RGY6GTR, STM32U375RGY6QTR, STM32U375VEI6, STM32U375VEI6Q, STM32U375VET6, STM32U375VET6Q, STM32U375VGI6, STM32U375VGI6Q, STM32U375VGT6, STM32U375VGT6Q, STM32U385CGT6, STM32U385CGT6Q, STM32U385CGU6, STM32U385CGU6Q, STM32U385CGY6QTR, STM32U385KGU6, STM32U385RGI6, STM32U385RGI6Q, STM32U385RGT6, STM32U385RGT6Q, STM32U385RGY6GTR, STM32U385RGY6QTR, STM32U385VGI6, STM32U385VGI6Q, STM32U385VGT6, STM32U385VGT6Q, STM32U535CBT6, STM32U535CBT6Q, STM32U535CBU6, STM32U535CBU6Q, STM32U535CCT6, STM32U535CCT6Q, STM32U535CCU6, STM32U535CCU6Q, STM32U535CET6, STM32U535CET6Q, STM32U535CEU6, STM32U535CEU6Q, STM32U535JEY6QTR, STM32U535NCY6QTR, STM32U535NEY6QTR, STM32U535RBI6, STM32U535RBI6Q, STM32U535RBT6, STM32U535RBT6Q, STM32U535RCI6, STM32U535RCI6Q, STM32U535RCT6, STM32U535RCT6Q, STM32U535REI6, STM32U535REI6Q, STM32U535RET6, STM32U535RET6Q, STM32U535VCI6, STM32U535VCI6Q, STM32U535VCT6, STM32U535VCT6Q, STM32U535VEI6, STM32U535VEI6Q, STM32U535VET6, STM32U535VET6Q, STM32U545CET6, STM32U545CET6Q, STM32U545CEU6, STM32U545CEU6Q, STM32U545JEY6QTR, STM32U545NEY6QTR, STM32U545REI6, STM32U545REI6Q, STM32U545RET6, STM32U545RET6Q, STM32U545VEI6, STM32U545VEI6Q, STM32U545VET6, STM32U545VET6Q, STM32U595AIH6, STM32U595AIH6Q, STM32U595AJH6, STM32U595AJH6Q, STM32U595QII6, STM32U595QII6Q, STM32U595QJI6, STM32U595QJI6Q, STM32U595RIT6, STM32U595RIT6Q, STM32U595RJT6, STM32U595RJT6Q, STM32U595VIT6, STM32U595VIT6Q, STM32U595VJT6, STM32U595VJT6Q, STM32U595ZIT6, STM32U595ZIT6Q, STM32U595ZIY6QTR, STM32U595ZJT6, STM32U595ZJT6Q, STM32U595ZJY6QTR, STM32U599BJY6QTR, STM32U599NIH6Q, STM32U599NJH6Q, STM32U599VIT6Q, STM32U599VJT6, STM32U599VJT6Q, STM32U599ZIT6Q, STM32U599ZIY6QTR, STM32U599ZJT6Q, STM32U599ZJY6QTR, STM32U5A5AJH6, STM32U5A5AJH6Q, STM32U5A5QII3Q , STM32U5A5QJI6, STM32U5A5QJI6Q, STM32U5A5RJT6, STM32U5A5RJT6Q, STM32U5A5VJT6, STM32U5A5VJT6Q, STM32U5A5ZJT6, STM32U5A5ZJT6Q, STM32U5A5ZJY6QTR, STM32U5A9BJY6QTR, STM32U5A9J-DK, STM32U5A9NJH6Q, STM32U5A9VJT6Q, STM32U5A9ZJT6Q, STM32U5A9ZJY6QTR, STM32U5F7VIT6, STM32U5F7VIT6Q, STM32U5F7VJT6, STM32U5F7VJT6Q, STM32U5F9BJY6QTR, STM32U5F9NJH6Q, STM32U5F9VIT6Q, STM32U5F9VJT6Q, STM32U5F9ZIJ6QTR, STM32U5F9ZIT6Q, STM32U5F9ZJJ6QTR, STM32U5F9ZJT6Q, STM32U5G7VJT6, STM32U5G7VJT6Q, STM32U5G9BJY6QTR, STM32U5G9J-DK1, STM32U5G9J-DK2, STM32U5G9NJH6Q, STM32U5G9VJT6Q, STM32U5G9ZJJ6QTR, STM32U5G9ZJT6Q, STM32WB05KZV6TR, STM32WB05KZV7TR, STM32WB05TZF6TR, STM32WB05TZF7TR, STM32WB06CCF6TR, STM32WB06CCF7TR, STM32WB06CCV6TR, STM32WB06CCV7TR, STM32WB06KCV6TR, STM32WB06KCV7TR, STM32WB07CCF6TR, STM32WB07CCF7TR, STM32WB07CCV6TR, STM32WB07CCV7TR, STM32WB07KCV6TR, STM32WB07KCV7TR, STM32WB09KEV6TR, STM32WB09KEV7TR, STM32WB09TEF6TR, STM32WB09TEF7TR, STM32WB1MMCH6, STM32WBA50KGU6, STM32WBA50KGU6TR, STM32WBA52CEU6, STM32WBA52CEU6TR, STM32WBA52CEU7, STM32WBA52CEU7TR, STM32WBA52CGU6, STM32WBA52CGU6TR, STM32WBA52CGU6U, STM32WBA52CGU7, STM32WBA52CGU7TR, STM32WBA52KEU6, STM32WBA52KEU6TR, STM32WBA52KGU6, STM32WBA52KGU6TR, STM32WBA54CEU6, STM32WBA54CEU6TR, STM32WBA54CEU7, STM32WBA54CEU7TR, STM32WBA54CGU6, STM32WBA54CGU6TR, STM32WBA54CGU7, STM32WBA54CGU7TR, STM32WBA54KEU6, STM32WBA54KEU6TR, STM32WBA54KEU7, STM32WBA54KEU7TR, STM32WBA54KGU6, STM32WBA54KGU6TR, STM32WBA54KGU7, STM32WBA54KGU7TR, STM32WBA55CEU6, STM32WBA55CEU6TR, STM32WBA55CEU7, STM32WBA55CEU7TR, STM32WBA55CGU6, STM32WBA55CGU6TR, STM32WBA55CGU6U, STM32WBA55CGU7, STM32WBA55CGU7TR, STM32WBA55G-DK1, STM32WBA55HEF6, STM32WBA55HEF7, STM32WBA55HGF6, STM32WBA55HGF7, STM32WBA55UEI6, STM32WBA55UEI6TR, STM32WBA55UEI7, STM32WBA55UEI7TR, STM32WBA55UGI6, STM32WBA55UGI6TR, STM32WBA55UGI7, STM32WBA55UGI7TR, STM32WBA5MMGH6TR, STM32WBA62MGF6, STM32WBA62MIF6, STM32WBA65MGF7, STM32WBA65MIF6, STM32WBA65MIF7, STM32WL30K8V6, STM32WL30KBV6, STM32WL31C8V6, STM32WL31CBV6, STM32WL31K8V6, STM32WL31KBV6, STM32WL33C8V6, STM32WL33C8V6X, STM32WL33CBV6, STM32WL33CBV6X, STM32WL33CCV6, STM32WL33CCV6A, STM32WL33CCV6X, STM32WL33K8V7, STM32WL33K8V7X, STM32WL33KBV7 , STM32WL33KBV7X, STM32WL33KCV7, STM32WL33KCV7X, STM32WL5MOCH6, STM32WL5MOCH6TR]
2025-12-15 10:34:19,590 [INFO] ApiDb:668 - CubeFinder database Data Model version=2.1
2025-12-15 10:34:19,590 [INFO] ApiDb:669 - CubeFinder database Configuration version=3.0.39
2025-12-15 10:34:19,590 [INFO] ApiDb:670 - CubeFinder database generation date=2025-11-05 (1762334721)
2025-12-15 10:34:19,590 [INFO] ApiDb:671 - CubeFinder database FW Pack versions=[FP-ATR-ASTRA1_V2.0.0, FP-SNS-FLIGHT1_V5.1.0, FP-SNS-MOTENV1_V5.1.0, FP-SNS-MOTENVWB1_V1.4.0, FP-SNS-SMARTAG2_V1.2.0, FP-SNS-STBOX1_V2.1.0, STM32Cube_FW_C0_V1.4.0, STM32Cube_FW_F4_V1.28.3, STM32Cube_FW_F7_V1.17.4, STM32Cube_FW_G0_V1.6.2, STM32Cube_FW_G4_V1.6.1, STM32Cube_FW_H5_V1.5.1, STM32Cube_FW_H7RS_V1.3.0, STM32Cube_FW_H7_V1.12.1, STM32Cube_FW_L0_V1.12.2, STM32Cube_FW_L4_V1.18.1, STM32Cube_FW_L5_V1.6.0, STM32Cube_FW_N6_V1.3.0, STM32Cube_FW_U0_V1.3.0, STM32Cube_FW_U3_V1.2.1, STM32Cube_FW_U5_V1.8.0, STM32Cube_FW_WB0_V1.4.0, STM32Cube_FW_WBA_V1.8.0, STM32Cube_FW_WB_V1.24.0, STM32Cube_FW_WL3_V1.3.0, STM32Cube_FW_WL_V1.4.0, X-CUBE-ALGOBUILD_V1.4.0, X-CUBE-ALS_V1.0.2, X-CUBE-AZRTOS-F4_V1.1.0, X-CUBE-AZRTOS-F7_V1.1.0, X-CUBE-AZRTOS-G0_V1.1.0, X-CUBE-AZRTOS-G4_V2.0.0, X-CUBE-AZRTOS-H7RS_V1.1.0, X-CUBE-AZRTOS-H7_V3.4.0, X-CUBE-AZRTOS-L4_V2.0.0, X-CUBE-AZRTOS-L5_V2.0.0, X-CUBE-AZRTOS-WB_V2.0.0, X-CUBE-AZRTOS-WL_V2.0.0, X-CUBE-BLE1_V7.1.0, X-CUBE-BLE2_V3.3.0, X-CUBE-BLEMGR_V4.1.0, X-CUBE-EEPRMA1_V5.2.0, X-CUBE-FREERTOS_V1.3.1, X-CUBE-GNSS1_V6.0.0, X-CUBE-MEMS1_V11.3.0, X-CUBE-NFC4_V3.0.0, X-CUBE-NFC7_V2.0.0, X-CUBE-SFXS2LP1_V4.0.0, X-CUBE-ST67W61_V1.1.0, X-CUBE-SUBG2_V5.0.0, X-CUBE-TOF1_V3.4.3]
2025-12-15 10:34:20,897 [INFO] ApiDb:240 - Found 880 in-development CPN: [B-G473E-ZEST1S, B-WB1M-WPAN1, B-WBA5M-WPAN, B-WL5M-SUBG1, NUCLEO-C031C6, NUCLEO-C051C8, NUCLEO-C071RB, NUCLEO-C092RC, NUCLEO-H503RB, NUCLEO-H533RE, NUCLEO-H563ZI, NUCLEO-H7S3L8, NUCLEO-N657X0-Q, NUCLEO-U031R8, NUCLEO-U083RC, NUCLEO-U385RG-Q, NUCLEO-U545RE-Q, NUCLEO-U5A5ZJ-Q, NUCLEO-WB05KZ, NUCLEO-WB07CC, NUCLEO-WB09KE, NUCLEO-WBA52CG, NUCLEO-WBA55CG, NUCLEO-WL33CC1, NUCLEO-WL33CC2, STEVAL-PROTEUS1, STEVAL-SMARTAG2, STEVAL-STWINBX1, STM320518-EVAL, STM32C0116-DK, STM32C011D6Y3TR, STM32C011D6Y6TR, STM32C011F4P3, STM32C011F4P6, STM32C011F4U3, STM32C011F4U6TR, STM32C011F6P3, STM32C011F6P6, STM32C011F6U3, STM32C011F6U6TR, STM32C011J4M3, STM32C011J4M6, STM32C011J6M3, STM32C011J6M6, STM32C0316-DK, STM32C031C4T3, STM32C031C4T6, STM32C031C4U3, STM32C031C4U6, STM32C031C6T3, STM32C031C6T6, STM32C031C6U3, STM32C031C6U6, STM32C031F4P3, STM32C031F4P6, STM32C031F6P3, STM32C031F6P6, STM32C031G4U3, STM32C031G4U6, STM32C031G6U3, STM32C031G6U6, STM32C031K4T3, STM32C031K4T6, STM32C031K4U3, STM32C031K4U6, STM32C031K6T3, STM32C031K6T6, STM32C031K6U3, STM32C031K6U6, STM32C051C6T6, STM32C051C6U6, STM32C051C8T6, STM32C051C8U6, STM32C051D8Y6TR, STM32C051F6P6, STM32C051F8P6, STM32C051G6U6, STM32C051G8U6, STM32C051K6T6, STM32C051K6U6, STM32C051K8T6, STM32C071C8T6, STM32C071C8T6N, STM32C071C8U6, STM32C071C8U6N, STM32C071CBT6, STM32C071CBT6N, STM32C071CBU6, STM32C071CBU6N, STM32C071F8P6, STM32C071F8P6N, STM32C071FBP6, STM32C071FBP6N, STM32C071FBY6TR, STM32C071G8U6, STM32C071G8U6N, STM32C071GBU6, STM32C071GBU6N, STM32C071K8T6, STM32C071K8T6N, STM32C071K8U6, STM32C071K8U6N, STM32C071KBT6, STM32C071KBT6N, STM32C071KBU6, STM32C071KBU6N, STM32C071R8T6, STM32C071R8T6N, STM32C071RBI6N, STM32C071RBT6, STM32C071RBT6N, STM32C091CBT6, STM32C091CBU6, STM32C091CCT6, STM32C091CCU6, STM32C091ECY6TR, STM32C091FBP6, STM32C091FCP6, STM32C091GBU6, STM32C091GCU6, STM32C091KBT6, STM32C091KBU6, STM32C091KCT6, STM32C091KCU6, STM32C091RBT6, STM32C091RCI6, STM32C091RCT6, STM32C092CBT6, STM32C092CBU6, STM32C092CCT6, STM32C092CCU6, STM32C092ECY6TR, STM32C092FBP6, STM32C092FCP6, STM32C092GBU6, STM32C092GCU6, STM32C092KBT6, STM32C092KBU6, STM32C092KCT6, STM32C092KCU6, STM32C092RBT6, STM32C092RCI6, STM32C092RCT6, STM32G071K8TXN, STM32G071K8UXN, STM32G081GBU6N, STM32G081KBT6N, STM32G081KBUXN, STM32G0B1CCT6N, STM32G0B1KCT6, STM32G0B1NEY6TR, STM32G0B1RCT6N, STM32G0C1CCT6, STM32G0C1CCT6N, STM32G0C1CCU6N, STM32G0C1CET6N, STM32G0C1CEU6N, STM32G0C1KCT6, STM32G0C1NEY6TR, STM32G0C1RCI6N, STM32G0C1RCT6N, STM32G0C1REI6N, STM32G0C1RET6N, STM32G0C1VCI6, STM32G0C1VEI6, STM32G411C6T3, STM32G411C6T6, STM32G411C6U3, STM32G411C6U6, STM32G411C8T3, STM32G411C8T6, STM32G411C8U3, STM32G411C8U6, STM32G411CBT3, STM32G411CBT6, STM32G411CBU3, STM32G411CBU6, STM32G411K6T3, STM32G411K6T6, STM32G411K6U3, STM32G411K6U6, STM32G411K8T3, STM32G411K8T6, STM32G411K8U3, STM32G411K8U6, STM32G411KBT3, STM32G411KBT6, STM32G411KBU3, STM32G411KBU6, STM32G411M6T3, STM32G411M6T6, STM32G411M8T3, STM32G411M8T6, STM32G411MBT3, STM32G411MBT6, STM32G411R6T3, STM32G411R6T6, STM32G411R8T3, STM32G411R8T6, STM32G411RBT3, STM32G411RBT6, STM32G414CBT3, STM32G414CBT6, STM32G414CBU3, STM32G414CBU6, STM32G414CCT3, STM32G414CCT6, STM32G414CCU3, STM32G414CCU6, STM32G414MBT3, STM32G414MBT6, STM32G414MCT3, STM32G414MCT6, STM32G414RBT3, STM32G414RBT6, STM32G414RCT3, STM32G414RCT6, STM32G414VBT3, STM32G414VBT6, STM32G414VCT3, STM32G414VCT6, STM32G431CBT3Z, STM32G431RBT3Z, STM32G471CCT6, STM32G471CCU6, STM32G471CET3, STM32G471CET6, STM32G471CEU3, STM32G471CEU6, STM32G471MCT6, STM32G471MET3, STM32G471MET6, STM32G471MEY6TR, STM32G471QCT6, STM32G471QET3, STM32G471RCT6, STM32G471RET3, STM32G471RET6, STM32G471VCH6, STM32G471VCI6, STM32G471VCT6, STM32G471VEH3, STM32G471VEH6, STM32G471VEI3, STM32G471VEI6, STM32G471VET3, STM32G471VET6, STM32G473QET3Z, STM32G473RET3Z, STM32G474CCT6, STM32G491RET3Z, STM32H503CBT6, STM32H503CBU6, STM32H503EBY6TR, STM32H503KBU6, STM32H503RBT6, STM32H523CCT6, STM32H523CCU6, STM32H523CET6, STM32H523CEU6, STM32H523HEY6TR, STM32H523RCT6, STM32H523RET6, STM32H523VCI6, STM32H523VCT6, STM32H523VEI6, STM32H523VET6, STM32H523ZCJ6, STM32H523ZCT6, STM32H523ZEJ6, STM32H523ZET6, STM32H533CET6, STM32H533CEU6, STM32H533HEY6TR, STM32H533RET6, STM32H533VEI6, STM32H533VET6, STM32H533ZEJ6, STM32H533ZET6, STM32H562AGI6, STM32H562AII6, STM32H562IGK6, STM32H562IGT6, STM32H562IIK6, STM32H562IIT6, STM32H562RGT6, STM32H562RGV6, STM32H562RIT6, STM32H562RIV6, STM32H562VGT6, STM32H562VIT6, STM32H562ZGT6, STM32H562ZIT6, STM32H563AGI6, STM32H563AII3Q, STM32H563AII6, STM32H563IGK6, STM32H563IGT6, STM32H563IIK3Q, STM32H563IIK6, STM32H563IIT3Q, STM32H563IIT6, STM32H563MIY3QTR, STM32H563RGT6, STM32H563RGV6, STM32H563RIT6, STM32H563RIV6, STM32H563VGT6, STM32H563VIT3Q, STM32H563VIT6, STM32H563ZGT6, STM32H563ZIT3Q, STM32H563ZIT6, STM32H573AII3Q, STM32H573AII6, STM32H573I-DK, STM32H573IIK3Q, STM32H573IIK6, STM32H573IIT3Q, STM32H573IIT6, STM32H573MIY3QTR, STM32H573RIT6, STM32H573RIV6, STM32H573VIT3Q, STM32H573VIT6, STM32H573ZIT3Q, STM32H573ZIT6, STM32H7R3A8I6, STM32H7R3I8K6, STM32H7R3I8T6, STM32H7R3L8H6, STM32H7R3L8H6H, STM32H7R3R8V6, STM32H7R3V8H6, STM32H7R3V8T6, STM32H7R3V8Y6TR, STM32H7R3Z8J6, STM32H7R3Z8T6, STM32H7R7A8I6, STM32H7R7I8K6, STM32H7R7I8T6, STM32H7R7L8H6, STM32H7R7L8H6H, STM32H7R7Z8J6, STM32H7S3A8I6, STM32H7S3I8K6, STM32H7S3I8T6, STM32H7S3L8H6, STM32H7S3L8H6H, STM32H7S3R8V6, STM32H7S3V8H6, STM32H7S3V8T6, STM32H7S3V8Y6TR, STM32H7S3Z8J6, STM32H7S3Z8T6, STM32H7S78-DK, STM32H7S7A8I6, STM32H7S7I8K6, STM32H7S7I8T6, STM32H7S7L8H6, STM32H7S7L8H6H, STM32H7S7Z8J6, STM32L4R5QGI6STR, STM32MP131AAE3, STM32MP131AAF3, STM32MP131AAG3, STM32MP131CAE3, STM32MP131CAF3, STM32MP131CAG3, STM32MP131DAE7, STM32MP131DAF7, STM32MP131DAG7, STM32MP131FAE7, STM32MP131FAF7, STM32MP131FAG7, STM32MP133AAE3, STM32MP133AAF3, STM32MP133AAG3, STM32MP133CAE3, STM32MP133CAF3, STM32MP133CAG3, STM32MP133DAE7, STM32MP133DAF7, STM32MP133DAG7, STM32MP133FAE7, STM32MP133FAF7, STM32MP133FAG7, STM32MP135AAE3, STM32MP135AAF3, STM32MP135AAG3, STM32MP135CAE3, STM32MP135CAF3, STM32MP135CAG3, STM32MP135DAE7, STM32MP135DAF7, STM32MP135DAG7, STM32MP135F-DK, STM32MP135FAE7, STM32MP135FAF7, STM32MP135FAF7T, STM32MP135FAF7U, STM32MP135FAG7, STM32MP211AAL3, STM32MP211AAM3, STM32MP211AAN3, STM32MP211AAO3, STM32MP211CAL3, STM32MP211CAM3, STM32MP211CAN3, STM32MP211CAO3, STM32MP211DAL3, STM32MP211DAM3, STM32MP211DAN3, STM32MP211DAO3, STM32MP211FAL3, STM32MP211FAM3, STM32MP211FAN3, STM32MP211FAO3, STM32MP213AAL3, STM32MP213AAM3, STM32MP213AAN3, STM32MP213AAO3, STM32MP213CAL3, STM32MP213CAM3, STM32MP213CAN3, STM32MP213CAO3, STM32MP213DAL3, STM32MP213DAM3, STM32MP213DAN3, STM32MP213DAO3, STM32MP213FAL3, STM32MP213FAM3, STM32MP213FAN3, STM32MP213FAO3, STM32MP215AAL3, STM32MP215AAM3, STM32MP215AAN3, STM32MP215AAO3, STM32MP215CAL3, STM32MP215CAM3, STM32MP215CAN3, STM32MP215CAO3, STM32MP215DAL3, STM32MP215DAM3, STM32MP215DAN3, STM32MP215DAO3, STM32MP215F-DK, STM32MP215FAL3, STM32MP215FAM3, STM32MP215FAN3, STM32MP215FAO3, STM32MP231AAJ3, STM32MP231AAK3, STM32MP231AAL3, STM32MP231CAJ3, STM32MP231CAK3, STM32MP231CAL3, STM32MP231DAJ3, STM32MP231DAK3, STM32MP231DAL3, STM32MP231FAJ3, STM32MP231FAK3, STM32MP231FAL3, STM32MP233AAJ3, STM32MP233AAK3, STM32MP233AAL3, STM32MP233CAJ3, STM32MP233CAK3, STM32MP233CAL3, STM32MP233DAJ3, STM32MP233DAK3, STM32MP233DAL3, STM32MP233FAJ3, STM32MP233FAK3, STM32MP233FAL3, STM32MP235AAJ3, STM32MP235AAK3, STM32MP235AAL3, STM32MP235CAJ3, STM32MP235CAK3, STM32MP235CAL3, STM32MP235DAJ3, STM32MP235DAK3, STM32MP235DAL3, STM32MP235FAJ3, STM32MP235FAK3, STM32MP235FAL3, STM32MP251AAI3, STM32MP251AAK3, STM32MP251AAL3, STM32MP251CAI3, STM32MP251CAK3, STM32MP251CAL3, STM32MP251DAI3, STM32MP251DAK3, STM32MP251DAL3, STM32MP251FAI3, STM32MP251FAK3, STM32MP251FAL3, STM32MP253AAI3, STM32MP253AAK3, STM32MP253AAL3, STM32MP253CAI3, STM32MP253CAK3, STM32MP253CAL3, STM32MP253DAI3, STM32MP253DAK3, STM32MP253DAL3, STM32MP253FAI3, STM32MP253FAK3, STM32MP253FAL3, STM32MP255AAI3, STM32MP255AAK3, STM32MP255AAL3, STM32MP255CAI3, STM32MP255CAK3, STM32MP255CAL3, STM32MP255DAI3, STM32MP255DAK3, STM32MP255DAL3, STM32MP255FAI3, STM32MP255FAK3, STM32MP255FAL3, STM32MP257AAI3, STM32MP257AAK3, STM32MP257AAL3, STM32MP257CAI3, STM32MP257CAK3, STM32MP257CAL3, STM32MP257DAI3, STM32MP257DAK3, STM32MP257DAL3, STM32MP257F-DK, STM32MP257F-EV1, STM32MP257FAI3, STM32MP257FAK3, STM32MP257FAL3, STM32N645A0H3Q, STM32N645B0H3Q, STM32N645I0H3Q, STM32N645L0H3Q, STM32N645X0H3Q, STM32N645Z0H3Q, STM32N647A0H3Q, STM32N647B0H3Q, STM32N647I0H3Q, STM32N647L0H3Q, STM32N647X0H3Q, STM32N647Z0H3Q, STM32N655A0H3Q, STM32N655B0H3Q, STM32N655I0H3Q, STM32N655L0H3Q, STM32N655X0H3Q, STM32N655Z0H3Q, STM32N6570-DK, STM32N657A0H3Q, STM32N657B0H3Q, STM32N657I0H3Q, STM32N657L0H3Q, STM32N657X0H3Q, STM32N657Z0H3Q, STM32U031C6T6, STM32U031C6U6, STM32U031C8T6, STM32U031C8U6, STM32U031F4P6, STM32U031F6P6, STM32U031F8P6, STM32U031G6Y6TR, STM32U031G8Y6TR, STM32U031K4U6, STM32U031K6U6, STM32U031K8U6, STM32U031R6I6, STM32U031R6T6, STM32U031R8I6, STM32U031R8T6, STM32U073C8T6, STM32U073C8U6, STM32U073CBT6, STM32U073CBU6, STM32U073CCT6, STM32U073CCU6, STM32U073H8Y6TR, STM32U073HBY6TR, STM32U073HCY6TR, STM32U073K8U6, STM32U073KBU6, STM32U073KCU6, STM32U073M8I6, STM32U073M8T6, STM32U073MBI6, STM32U073MBT6, STM32U073MCI6, STM32U073MCT6, STM32U073R8I6, STM32U073R8T6, STM32U073RBI6, STM32U073RBT6, STM32U073RCI6, STM32U073RCT6, STM32U083C-DK, STM32U083CCT6, STM32U083CCU6, STM32U083HCY6TR, STM32U083KCU6, STM32U083MCI6, STM32U083MCT6, STM32U083RCI6, STM32U083RCT6, STM32U375CET6, STM32U375CET6Q, STM32U375CEU6, STM32U375CEU6Q, STM32U375CEY6QTR, STM32U375CGT6, STM32U375CGT6Q, STM32U375CGU6, STM32U375CGU6Q, STM32U375CGY6QTR, STM32U375KEU6, STM32U375KGU6, STM32U375REI6, STM32U375REI6Q, STM32U375RET6, STM32U375RET6Q, STM32U375REY6GTR, STM32U375REY6QTR, STM32U375RGI6, STM32U375RGI6Q, STM32U375RGT6, STM32U375RGT6Q, STM32U375RGY6GTR, STM32U375RGY6QTR, STM32U375VEI6, STM32U375VEI6Q, STM32U375VET6, STM32U375VET6Q, STM32U375VGI6, STM32U375VGI6Q, STM32U375VGT6, STM32U375VGT6Q, STM32U385CGT6, STM32U385CGT6Q, STM32U385CGU6, STM32U385CGU6Q, STM32U385CGY6QTR, STM32U385KGU6, STM32U385RGI6, STM32U385RGI6Q, STM32U385RGT6, STM32U385RGT6Q, STM32U385RGY6GTR, STM32U385RGY6QTR, STM32U385VGI6, STM32U385VGI6Q, STM32U385VGT6, STM32U385VGT6Q, STM32U535CBT6, STM32U535CBT6Q, STM32U535CBU6, STM32U535CBU6Q, STM32U535CCT6, STM32U535CCT6Q, STM32U535CCU6, STM32U535CCU6Q, STM32U535CET6, STM32U535CET6Q, STM32U535CEU6, STM32U535CEU6Q, STM32U535JEY6QTR, STM32U535NCY6QTR, STM32U535NEY6QTR, STM32U535RBI6, STM32U535RBI6Q, STM32U535RBT6, STM32U535RBT6Q, STM32U535RCI6, STM32U535RCI6Q, STM32U535RCT6, STM32U535RCT6Q, STM32U535REI6, STM32U535REI6Q, STM32U535RET6, STM32U535RET6Q, STM32U535VCI6, STM32U535VCI6Q, STM32U535VCT6, STM32U535VCT6Q, STM32U535VEI6, STM32U535VEI6Q, STM32U535VET6, STM32U535VET6Q, STM32U545CET6, STM32U545CET6Q, STM32U545CEU6, STM32U545CEU6Q, STM32U545JEY6QTR, STM32U545NEY6QTR, STM32U545REI6, STM32U545REI6Q, STM32U545RET6, STM32U545RET6Q, STM32U545VEI6, STM32U545VEI6Q, STM32U545VET6, STM32U545VET6Q, STM32U595AIH6, STM32U595AIH6Q, STM32U595AJH6, STM32U595AJH6Q, STM32U595QII6, STM32U595QII6Q, STM32U595QJI6, STM32U595QJI6Q, STM32U595RIT6, STM32U595RIT6Q, STM32U595RJT6, STM32U595RJT6Q, STM32U595VIT6, STM32U595VIT6Q, STM32U595VJT6, STM32U595VJT6Q, STM32U595ZIT6, STM32U595ZIT6Q, STM32U595ZIY6QTR, STM32U595ZJT6, STM32U595ZJT6Q, STM32U595ZJY6QTR, STM32U599BJY6QTR, STM32U599NIH6Q, STM32U599NJH6Q, STM32U599VIT6Q, STM32U599VJT6, STM32U599VJT6Q, STM32U599ZIT6Q, STM32U599ZIY6QTR, STM32U599ZJT6Q, STM32U599ZJY6QTR, STM32U5A5AJH6, STM32U5A5AJH6Q, STM32U5A5QII3Q , STM32U5A5QJI6, STM32U5A5QJI6Q, STM32U5A5RJT6, STM32U5A5RJT6Q, STM32U5A5VJT6, STM32U5A5VJT6Q, STM32U5A5ZJT6, STM32U5A5ZJT6Q, STM32U5A5ZJY6QTR, STM32U5A9BJY6QTR, STM32U5A9J-DK, STM32U5A9NJH6Q, STM32U5A9VJT6Q, STM32U5A9ZJT6Q, STM32U5A9ZJY6QTR, STM32U5F7VIT6, STM32U5F7VIT6Q, STM32U5F7VJT6, STM32U5F7VJT6Q, STM32U5F9BJY6QTR, STM32U5F9NJH6Q, STM32U5F9VIT6Q, STM32U5F9VJT6Q, STM32U5F9ZIJ6QTR, STM32U5F9ZIT6Q, STM32U5F9ZJJ6QTR, STM32U5F9ZJT6Q, STM32U5G7VJT6, STM32U5G7VJT6Q, STM32U5G9BJY6QTR, STM32U5G9J-DK1, STM32U5G9J-DK2, STM32U5G9NJH6Q, STM32U5G9VJT6Q, STM32U5G9ZJJ6QTR, STM32U5G9ZJT6Q, STM32WB05KZV6TR, STM32WB05KZV7TR, STM32WB05TZF6TR, STM32WB05TZF7TR, STM32WB06CCF6TR, STM32WB06CCF7TR, STM32WB06CCV6TR, STM32WB06CCV7TR, STM32WB06KCV6TR, STM32WB06KCV7TR, STM32WB07CCF6TR, STM32WB07CCF7TR, STM32WB07CCV6TR, STM32WB07CCV7TR, STM32WB07KCV6TR, STM32WB07KCV7TR, STM32WB09KEV6TR, STM32WB09KEV7TR, STM32WB09TEF6TR, STM32WB09TEF7TR, STM32WB1MMCH6, STM32WBA50KGU6, STM32WBA50KGU6TR, STM32WBA52CEU6, STM32WBA52CEU6TR, STM32WBA52CEU7, STM32WBA52CEU7TR, STM32WBA52CGU6, STM32WBA52CGU6TR, STM32WBA52CGU6U, STM32WBA52CGU7, STM32WBA52CGU7TR, STM32WBA52KEU6, STM32WBA52KEU6TR, STM32WBA52KGU6, STM32WBA52KGU6TR, STM32WBA54CEU6, STM32WBA54CEU6TR, STM32WBA54CEU7, STM32WBA54CEU7TR, STM32WBA54CGU6, STM32WBA54CGU6TR, STM32WBA54CGU7, STM32WBA54CGU7TR, STM32WBA54KEU6, STM32WBA54KEU6TR, STM32WBA54KEU7, STM32WBA54KEU7TR, STM32WBA54KGU6, STM32WBA54KGU6TR, STM32WBA54KGU7, STM32WBA54KGU7TR, STM32WBA55CEU6, STM32WBA55CEU6TR, STM32WBA55CEU7, STM32WBA55CEU7TR, STM32WBA55CGU6, STM32WBA55CGU6TR, STM32WBA55CGU6U, STM32WBA55CGU7, STM32WBA55CGU7TR, STM32WBA55G-DK1, STM32WBA55HEF6, STM32WBA55HEF7, STM32WBA55HGF6, STM32WBA55HGF7, STM32WBA55UEI6, STM32WBA55UEI6TR, STM32WBA55UEI7, STM32WBA55UEI7TR, STM32WBA55UGI6, STM32WBA55UGI6TR, STM32WBA55UGI7, STM32WBA55UGI7TR, STM32WBA5MMGH6TR, STM32WBA62MGF6, STM32WBA62MIF6, STM32WBA65MGF7, STM32WBA65MIF6, STM32WBA65MIF7, STM32WL30K8V6, STM32WL30KBV6, STM32WL31C8V6, STM32WL31CBV6, STM32WL31K8V6, STM32WL31KBV6, STM32WL33C8V6, STM32WL33C8V6X, STM32WL33CBV6, STM32WL33CBV6X, STM32WL33CCV6, STM32WL33CCV6A, STM32WL33CCV6X, STM32WL33K8V7, STM32WL33K8V7X, STM32WL33KBV7 , STM32WL33KBV7X, STM32WL33KCV7, STM32WL33KCV7X, STM32WL5MOCH6, STM32WL5MOCH6TR]
2025-12-15 10:34:20,901 [INFO] DbMcus:218 - Found 4876 MCUs, 4876 are supported
2025-12-15 10:34:20,901 [INFO] ApiDb:423 - Load user favorites file C:\Users\CAMMSYS/.stm32cubeide/favorites.mcus.txt: 0 item(s)
2025-12-15 10:34:20,901 [INFO] ApiDb:427 - User favorites MCUs=[]
2025-12-15 10:34:20,901 [INFO] DbMcus:224 - Set 0 / 0 favorites MCUs
2025-12-15 10:34:21,323 [INFO] BoardInfo:889 - No configuration file found for board P-NUCLEO-WB55
2025-12-15 10:34:21,323 [INFO] DbBoards:161 - Kit is not supported: P-NUCLEO-WB55
2025-12-15 10:34:21,339 [INFO] BoardInfo:889 - No configuration file found for board STEVAL-BFA001V1B
2025-12-15 10:34:21,340 [INFO] DbBoards:161 - Kit is not supported: STEVAL-BFA001V1B
2025-12-15 10:34:21,341 [INFO] BoardInfo:889 - No configuration file found for board STEVAL-BFA001V2B
2025-12-15 10:34:21,342 [INFO] DbBoards:161 - Kit is not supported: STEVAL-BFA001V2B
2025-12-15 10:34:21,518 [INFO] DbBoards:168 - Found 212 boards, 209 are supported
2025-12-15 10:34:21,518 [INFO] DbBoards:169 - Found 212 boards, 43 of them is supported for  Bsp
2025-12-15 10:34:21,518 [INFO] ApiDb:423 - Load user favorites file C:\Users\CAMMSYS/.stm32cubeide/favorites.boards.txt: 0 item(s)
2025-12-15 10:34:21,518 [INFO] ApiDb:427 - User favorites Boards=[]
2025-12-15 10:34:21,518 [INFO] DbBoards:198 - Set 0 / 0 favorites Boards
2025-12-15 10:34:21,577 [INFO] UtilMem:75 - End LoadConfig() Used Memory: 225052912 Bytes (271581184)
2025-12-15 10:34:21,679 [WARN] ThirdParty:833 - waiting for thirdparty lock release [change project]
2025-12-15 10:34:21,679 [INFO] ThirdParty:835 - entering critical section [change project]
2025-12-15 10:34:21,679 [INFO] ThirdParty:1030 - CMSIS Pack Vendor :STMicroelectronics X-CUBE-PM33A1 1.0.0
2025-12-15 10:34:21,679 [INFO] ThirdParty:1030 - CMSIS Pack Vendor :STMicroelectronics USBPD 4.1
2025-12-15 10:34:21,679 [INFO] ThirdParty:1030 - CMSIS Pack Vendor :STMicroelectronics X-CUBE-NFC9 1.0.0
2025-12-15 10:34:21,679 [INFO] ThirdParty:1030 - CMSIS Pack Vendor :STMicroelectronics USB_HOST 2.0.0
2025-12-15 10:34:21,679 [INFO] ThirdParty:1030 - CMSIS Pack Vendor :STMicroelectronics FP-SNS-MOTENVWB1 1.4.0
2025-12-15 10:34:21,679 [INFO] ThirdParty:1030 - CMSIS Pack Vendor :STMicroelectronics X-CUBE-AZRTOS-F4 1.1.0
2025-12-15 10:34:21,679 [INFO] ThirdParty:1030 - CMSIS Pack Vendor :STMicroelectronics LIBJPEG 8.0.0
2025-12-15 10:34:21,679 [INFO] ThirdParty:1030 - CMSIS Pack Vendor :STMicroelectronics FP-ATR-ASTRA1 2.0.2
2025-12-15 10:34:21,679 [INFO] ThirdParty:1030 - CMSIS Pack Vendor :STMicroelectronics X-CUBE-BLE1 7.1.0
2025-12-15 10:34:21,679 [INFO] ThirdParty:1030 - CMSIS Pack Vendor :STMicroelectronics X-CUBE-SMBUS 2.1.0
2025-12-15 10:34:21,679 [INFO] ThirdParty:1030 - CMSIS Pack Vendor :wolfSSL I-CUBE-wolfMQTT 1.19.2
2025-12-15 10:34:21,679 [INFO] ThirdParty:1030 - CMSIS Pack Vendor :STMicroelectronics USB_DEVICE 3.0.0
2025-12-15 10:34:21,679 [INFO] ThirdParty:1030 - CMSIS Pack Vendor :STMicroelectronics X-CUBE-ISPU 2.1.0
2025-12-15 10:34:21,679 [INFO] ThirdParty:1030 - CMSIS Pack Vendor :STMicroelectronics X-CUBE-FREERTOS 1.4.0
2025-12-15 10:34:21,679 [INFO] ThirdParty:1030 - CMSIS Pack Vendor :STMicroelectronics X-CUBE-EEPRMA1 5.2.0
2025-12-15 10:34:21,680 [INFO] ThirdParty:1030 - CMSIS Pack Vendor :STMicroelectronics X-CUBE-IPS 3.2.0
2025-12-15 10:34:21,680 [INFO] ThirdParty:1030 - CMSIS Pack Vendor :STMicroelectronics X-CUBE-BLEMGR 4.1.0
2025-12-15 10:34:21,680 [INFO] ThirdParty:1030 - CMSIS Pack Vendor :STMicroelectronics X-CUBE-AZRTOS-WB 2.0.0
2025-12-15 10:34:21,680 [INFO] ThirdParty:1030 - CMSIS Pack Vendor :wolfSSL I-CUBE-wolfSSL 5.8.4
2025-12-15 10:34:21,680 [INFO] ThirdParty:1030 - CMSIS Pack Vendor :Cesanta I-CUBE-Mongoose 7.20.0
2025-12-15 10:34:21,680 [INFO] ThirdParty:1030 - CMSIS Pack Vendor :STMicroelectronics X-CUBE-NFC12 1.0.0
2025-12-15 10:34:21,680 [INFO] ThirdParty:1030 - CMSIS Pack Vendor :STMicroelectronics X-CUBE-AZRTOS-F7 1.1.0
2025-12-15 10:34:21,680 [INFO] ThirdParty:1030 - CMSIS Pack Vendor :STMicroelectronics X-CUBE-AZRTOS-L5 2.0.0
2025-12-15 10:34:21,680 [INFO] ThirdParty:1030 - CMSIS Pack Vendor :STMicroelectronics USB_DEVICE 2.0.0
2025-12-15 10:34:21,680 [INFO] ThirdParty:1030 - CMSIS Pack Vendor :STMicroelectronics X-CUBE-NFC6 3.1.0
2025-12-15 10:34:21,680 [INFO] ThirdParty:1030 - CMSIS Pack Vendor :STMicroelectronics X-CUBE-ST67W61 1.1.0
2025-12-15 10:34:21,680 [INFO] ThirdParty:1030 - CMSIS Pack Vendor :quantropi X-CUBE-qispace-sdk-base 2.1.0
2025-12-15 10:34:21,680 [INFO] ThirdParty:1030 - CMSIS Pack Vendor :STMicroelectronics X-CUBE-MEMS1 12.0.0
2025-12-15 10:34:21,680 [INFO] ThirdParty:1030 - CMSIS Pack Vendor :STMicroelectronics FP-SNS-MOTENV1 5.1.0
2025-12-15 10:34:21,680 [INFO] ThirdParty:1030 - CMSIS Pack Vendor :STMicroelectronics FreeRTOS 0.0.1
2025-12-15 10:34:21,680 [INFO] ThirdParty:1030 - CMSIS Pack Vendor :STMicroelectronics X-CUBE-AZRTOS-G0 1.1.0
2025-12-15 10:34:21,680 [INFO] ThirdParty:1030 - CMSIS Pack Vendor :STMicroelectronics X-CUBE-NFC4 3.0.0
2025-12-15 10:34:21,680 [INFO] ThirdParty:1030 - CMSIS Pack Vendor :STMicroelectronics X-CUBE-SUBG2 5.0.0
2025-12-15 10:34:21,680 [INFO] ThirdParty:1030 - CMSIS Pack Vendor :STMicroelectronics STM32_WPAN 1.0.0
2025-12-15 10:34:21,680 [INFO] ThirdParty:1030 - CMSIS Pack Vendor :EmbeddedOffice I-CUBE-FS-RTOS 1.0.1
2025-12-15 10:34:21,680 [INFO] ThirdParty:1030 - CMSIS Pack Vendor :STMicroelectronics lwIP 2.0.3
2025-12-15 10:34:21,680 [INFO] ThirdParty:1030 - CMSIS Pack Vendor :WES I-CUBE-Cesium 1.4.0
2025-12-15 10:34:21,680 [INFO] ThirdParty:1030 - CMSIS Pack Vendor :STMicroelectronics USB_HOST 1.0.0
2025-12-15 10:34:21,680 [INFO] ThirdParty:1030 - CMSIS Pack Vendor :STMicroelectronics X-CUBE-AZRTOS-G4 2.0.0
2025-12-15 10:34:21,680 [INFO] ThirdParty:1030 - CMSIS Pack Vendor :STMicroelectronics X-CUBE-WB05N 2.0.0
2025-12-15 10:34:21,680 [INFO] ThirdParty:1030 - CMSIS Pack Vendor :STMicroelectronics PDM2PCM 3.1.0
2025-12-15 10:34:21,680 [INFO] ThirdParty:1030 - CMSIS Pack Vendor :STMicroelectronics PDM2PCM 3.3.0
2025-12-15 10:34:21,680 [INFO] ThirdParty:1030 - CMSIS Pack Vendor :wolfSSL I-CUBE-wolfTPM 3.8.0
2025-12-15 10:34:21,680 [INFO] ThirdParty:1030 - CMSIS Pack Vendor :STMicroelectronics X-CUBE-AZRTOS-H7 3.4.0
2025-12-15 10:34:21,680 [INFO] ThirdParty:1030 - CMSIS Pack Vendor :STMicroelectronics X-CUBE-DISPLAY 3.0.0
2025-12-15 10:34:21,680 [INFO] ThirdParty:1030 - CMSIS Pack Vendor :wolfSSL I-CUBE-wolfSSH 1.4.20
2025-12-15 10:34:21,680 [INFO] ThirdParty:1030 - CMSIS Pack Vendor :STMicroelectronics X-CUBE-NFC7 2.0.0
2025-12-15 10:34:21,680 [INFO] ThirdParty:1030 - CMSIS Pack Vendor :STMicroelectronics X-CUBE-TCPP 4.2.0
2025-12-15 10:34:21,680 [INFO] ThirdParty:1030 - CMSIS Pack Vendor :RealThread X-CUBE-RT-Thread_Nano 4.1.1
2025-12-15 10:34:21,680 [INFO] ThirdParty:1030 - CMSIS Pack Vendor :STMicroelectronics FP-ATR-SIGFOX1 3.2.0
2025-12-15 10:34:21,680 [INFO] ThirdParty:1030 - CMSIS Pack Vendor :STMicroelectronics X-CUBE-NFC10 1.0.0
2025-12-15 10:34:21,680 [INFO] ThirdParty:1030 - CMSIS Pack Vendor :STMicroelectronics HAL Drivers 0.0.0
2025-12-15 10:34:21,680 [INFO] ThirdParty:1030 - CMSIS Pack Vendor :STMicroelectronics MBEDTLS 2.16.2
2025-12-15 10:34:21,680 [INFO] ThirdParty:1030 - CMSIS Pack Vendor :STMicroelectronics X-CUBE-ST60 1.1.0
2025-12-15 10:34:21,680 [INFO] ThirdParty:1030 - CMSIS Pack Vendor :STMicroelectronics X-CUBE-ALS 1.0.2
2025-12-15 10:34:21,680 [INFO] ThirdParty:1030 - CMSIS Pack Vendor :emotas I-CUBE-CANOPEN 1.3.0
2025-12-15 10:34:21,680 [INFO] ThirdParty:1030 - CMSIS Pack Vendor :STMicroelectronics MBEDTLS 2.14.1
2025-12-15 10:34:21,680 [INFO] ThirdParty:1030 - CMSIS Pack Vendor :STMicroelectronics X-CUBE-GNSS1 7.1.0
2025-12-15 10:34:21,680 [INFO] ThirdParty:1030 - CMSIS Pack Vendor :ITTIA_DB I-CUBE-ITTIADB 8.9.0
2025-12-15 10:34:21,680 [INFO] ThirdParty:1030 - CMSIS Pack Vendor :STMicroelectronics X-CUBE-TOUCHGFX 4.26.0
2025-12-15 10:34:21,680 [INFO] ThirdParty:1030 - CMSIS Pack Vendor :STMicroelectronics X-CUBE-STSE01 1.0.0
2025-12-15 10:34:21,680 [INFO] ThirdParty:1030 - CMSIS Pack Vendor :STMicroelectronics FP-SNS-STBOX1 2.1.0
2025-12-15 10:34:21,681 [INFO] ThirdParty:1030 - CMSIS Pack Vendor :STMicroelectronics X-CUBE-AI 10.2.0
2025-12-15 10:34:21,681 [INFO] ThirdParty:1030 - CMSIS Pack Vendor :STMicroelectronics FP-SNS-STAIOTCFT 1.0.0
2025-12-15 10:34:21,681 [INFO] ThirdParty:1030 - CMSIS Pack Vendor :STMicroelectronics ThreadX 1.0.0
2025-12-15 10:34:21,681 [INFO] ThirdParty:1030 - CMSIS Pack Vendor :STMicroelectronics FP-SNS-SMARTAG2 1.2.0
2025-12-15 10:34:21,681 [INFO] ThirdParty:1030 - CMSIS Pack Vendor :STMicroelectronics FP-SNS-FLIGHT1 5.1.0
2025-12-15 10:34:21,681 [INFO] ThirdParty:1030 - CMSIS Pack Vendor :STMicroelectronics X-CUBE-AZRTOS-WL 2.0.0
2025-12-15 10:34:21,681 [INFO] ThirdParty:1030 - CMSIS Pack Vendor :SEGGER I-CUBE-embOS 1.3.1
2025-12-15 10:34:21,681 [INFO] ThirdParty:1030 - CMSIS Pack Vendor :STMicroelectronics X-CUBE-ALGOBUILD 1.4.0
2025-12-15 10:34:21,681 [INFO] ThirdParty:1030 - CMSIS Pack Vendor :STMicroelectronics X-CUBE-DPower 1.3.0
2025-12-15 10:34:21,681 [INFO] ThirdParty:1030 - CMSIS Pack Vendor :STMicroelectronics USB_DEVICE 1.0.0
2025-12-15 10:34:21,681 [INFO] ThirdParty:1030 - CMSIS Pack Vendor :STMicroelectronics X-CUBE-AZRTOS-H7RS 1.2.0
2025-12-15 10:34:21,681 [INFO] ThirdParty:1030 - CMSIS Pack Vendor :STMicroelectronics X-CUBE-AZRTOS-L4 2.0.0
2025-12-15 10:34:21,681 [INFO] ThirdParty:1030 - CMSIS Pack Vendor :STMicroelectronics ThreadX 0.0.2
2025-12-15 10:34:21,681 [INFO] ThirdParty:1030 - CMSIS Pack Vendor :STMicroelectronics lwIP 2.1.2
2025-12-15 10:34:21,681 [INFO] ThirdParty:1030 - CMSIS Pack Vendor :STMicroelectronics X-CUBE-SFXS2LP1 4.0.0
2025-12-15 10:34:21,681 [INFO] ThirdParty:1030 - CMSIS Pack Vendor :STMicroelectronics X-CUBE-BLE2 3.3.0
2025-12-15 10:34:21,681 [INFO] ThirdParty:1030 - CMSIS Pack Vendor :Avnet-IOTCONNECT X-CUBE-iotc-st67-sdk 1.0.0
2025-12-15 10:34:21,681 [INFO] ThirdParty:1030 - CMSIS Pack Vendor :STMicroelectronics X-CUBE-TOF1 3.4.3
2025-12-15 10:34:21,681 [INFO] ThirdParty:1030 - CMSIS Pack Vendor :Infineon AIROC-Wi-Fi-Bluetooth-STM32 1.8.0
2025-12-15 10:34:21,681 [INFO] ThirdParty:1030 - CMSIS Pack Vendor :STMicroelectronics PDM2PCM 3.2.0
2025-12-15 10:34:21,681 [INFO] ThirdParty:841 - exiting critical section [change project]
2025-12-15 10:34:21,963 [INFO] PinOutPanel:1589 - setPackage(No Configuration,No Configuration)
2025-12-15 10:34:21,963 [INFO] PinOutPanel:1589 - setPackage(STM32L412RBTxP,LQFP64)
2025-12-15 10:34:22,451 [INFO] UtilMem:75 - Before build in PCC Used Memory: 196465632 Bytes (271581184)
2025-12-15 10:34:23,389 [INFO] UtilMem:75 - After build in PCC Used Memory: 223280992 Bytes (271581184)
2025-12-15 10:34:23,423 [INFO] IPUIPlugin:80 - create IPUIPlugin
2025-12-15 10:34:23,423 [INFO] IPUIPlugin:80 - create IPUIPlugin
2025-12-15 10:34:23,423 [INFO] IPUIPlugin:80 - create IPUIPlugin
2025-12-15 10:34:23,423 [INFO] IPUIPlugin:80 - create IPUIPlugin
2025-12-15 10:34:23,423 [INFO] IPUIPlugin:80 - create IPUIPlugin
2025-12-15 10:34:23,423 [INFO] IPUIPlugin:80 - create IPUIPlugin
2025-12-15 10:34:23,423 [INFO] IPUIPlugin:80 - create IPUIPlugin
2025-12-15 10:34:23,423 [INFO] IPUIPlugin:80 - create IPUIPlugin
2025-12-15 10:34:23,423 [INFO] IPUIPlugin:80 - create IPUIPlugin
2025-12-15 10:34:23,423 [INFO] IPUIPlugin:80 - create IPUIPlugin
2025-12-15 10:34:23,423 [INFO] IPUIPlugin:80 - create IPUIPlugin
2025-12-15 10:34:23,423 [INFO] IPUIPlugin:80 - create IPUIPlugin
2025-12-15 10:34:23,423 [INFO] IPUIPlugin:80 - create IPUIPlugin
2025-12-15 10:34:23,423 [INFO] IPUIPlugin:80 - create IPUIPlugin
2025-12-15 10:34:23,423 [INFO] IPUIPlugin:80 - create IPUIPlugin
2025-12-15 10:34:23,423 [INFO] IPUIPlugin:80 - create IPUIPlugin
2025-12-15 10:34:23,423 [INFO] IPUIPlugin:80 - create IPUIPlugin
2025-12-15 10:34:23,423 [INFO] IPUIPlugin:80 - create IPUIPlugin
2025-12-15 10:34:23,423 [INFO] IPUIPlugin:80 - create IPUIPlugin
2025-12-15 10:34:23,423 [INFO] IPUIPlugin:80 - create IPUIPlugin
2025-12-15 10:34:23,423 [INFO] IPUIPlugin:80 - create IPUIPlugin
2025-12-15 10:34:23,423 [INFO] IPUIPlugin:80 - create IPUIPlugin
2025-12-15 10:34:23,423 [INFO] IPUIPlugin:80 - create IPUIPlugin
2025-12-15 10:34:23,423 [INFO] IPUIPlugin:80 - create IPUIPlugin
2025-12-15 10:34:23,423 [INFO] IPUIPlugin:80 - create IPUIPlugin
2025-12-15 10:34:23,423 [INFO] IPUIPlugin:80 - create IPUIPlugin
2025-12-15 10:34:23,438 [INFO] IPUIPlugin:80 - create IPUIPlugin
2025-12-15 10:34:23,438 [INFO] IPUIPlugin:80 - create IPUIPlugin
2025-12-15 10:34:23,438 [INFO] IPUIPlugin:80 - create IPUIPlugin
2025-12-15 10:34:23,438 [INFO] IPUIPlugin:80 - create IPUIPlugin
2025-12-15 10:34:23,438 [INFO] IPUIPlugin:80 - create IPUIPlugin
2025-12-15 10:34:23,438 [INFO] IPUIPlugin:80 - create IPUIPlugin
2025-12-15 10:34:23,438 [INFO] IPUIPlugin:80 - create IPUIPlugin
2025-12-15 10:34:23,438 [INFO] IPUIPlugin:80 - create IPUIPlugin
2025-12-15 10:34:23,438 [INFO] IPUIPlugin:80 - create IPUIPlugin
2025-12-15 10:34:23,438 [INFO] IPUIPlugin:80 - create IPUIPlugin
2025-12-15 10:34:23,438 [INFO] IPUIPlugin:80 - create IPUIPlugin
2025-12-15 10:34:23,438 [INFO] IPUIPlugin:80 - create IPUIPlugin
2025-12-15 10:34:23,688 [INFO] CADModel:165 - CPN selected for project levelSTM32L412RBT6P
2025-12-15 10:34:23,688 [INFO] CADModel:114 - Register for checkConnection events
2025-12-15 10:34:23,745 [INFO] OpenFileManager:386 - Restore cursor
2025-12-15 10:34:25,648 [INFO] LogOutputStream:77 - [STDOUT_REDIRECT] 
2025-12-15 10:34:26,833 [INFO] McuFinderGlobals:63 - Set McuFinder mode to 2 (CubeIDE integrated)
2025-12-15 10:34:26,833 [INFO] UserAuth:171 - activating auth plugin
2025-12-15 10:34:26,835 [INFO] UserAuth:487 - Internet connection configuration mode: 1
2025-12-15 10:34:26,854 [INFO] JxBrowserEngine:152 - Initiate JxBrowser Engine with user profile folder
2025-12-15 10:34:27,528 [INFO] WebApp:169 - Instantiating new browser for Auth
2025-12-15 10:34:28,135 [INFO] WebApp:463 - Apply proxy settings
2025-12-15 10:34:28,136 [INFO] WebApp:548 - Chromium requires no authentication
2025-12-15 10:34:28,149 [INFO] WebApp:491 - Direct internet connection detected
2025-12-15 10:34:28,169 [INFO] WebApp:900 - Register for checkConnection events
2025-12-15 10:34:28,169 [INFO] WebApp:463 - Apply proxy settings
2025-12-15 10:34:28,170 [INFO] WebApp:548 - Chromium requires no authentication
2025-12-15 10:34:28,171 [INFO] WebApp:491 - Direct internet connection detected
2025-12-15 10:34:28,308 [INFO] WebApp:225 - Starting web application
2025-12-15 10:34:28,308 [INFO] WebApp:593 - Web application path used C:\ST\STM32CubeIDE_1.19.0\STM32CubeIDE\plugins\com.st.stm32cube.common.mx_6.15.0.202507011659\db\plugins\mcufinder\reactClient1\index.html
2025-12-15 10:34:28,435 [INFO] WebApp:191 - Connection restablished
2025-12-15 10:39:46,749 [INFO] MainUpdater:2872 - connection check result : 10
2025-12-15 10:39:46,749 [INFO] MainUpdater:2872 - connection check result : 10
2025-12-15 10:39:47,171 [INFO] MicroXplorer:468 - Change Database Path : 
2025-12-15 10:39:47,171 [INFO] MicroXplorer:498 - Change Database Version : DB.6.0.150
2025-12-15 10:39:47,222 [ERROR] ProjectManagerView:395 - 
java.lang.NullPointerException: Cannot invoke "javax.swing.JTextField.getText()" because the return value of "java.util.List.get(int)" is null
	at com.st.microxplorer.plugins.projectmanager.gui.ProjectChoiceTab$9.caretUpdate(ProjectChoiceTab.java:2706) ~[filemanager.jar:?]
	at javax.swing.text.JTextComponent.fireCaretUpdate(JTextComponent.java:408) ~[?:?]
	at javax.swing.text.JTextComponent$MutableCaretEvent.fire(JTextComponent.java:4484) ~[?:?]
	at javax.swing.text.JTextComponent$MutableCaretEvent.stateChanged(JTextComponent.java:4506) ~[?:?]
	at javax.swing.text.DefaultCaret.fireStateChanged(DefaultCaret.java:857) ~[?:?]
	at javax.swing.text.DefaultCaret.changeCaretPosition(DefaultCaret.java:1343) ~[?:?]
	at javax.swing.text.DefaultCaret.handleSetDot(DefaultCaret.java:1242) ~[?:?]
	at javax.swing.text.DefaultCaret.setDot(DefaultCaret.java:1223) ~[?:?]
	at javax.swing.text.DefaultCaret$Handler.insertUpdate(DefaultCaret.java:1819) ~[?:?]
	at javax.swing.text.AbstractDocument.fireInsertUpdate(AbstractDocument.java:227) ~[?:?]
	at javax.swing.text.AbstractDocument.handleInsertString(AbstractDocument.java:781) ~[?:?]
	at javax.swing.text.AbstractDocument.insertString(AbstractDocument.java:740) ~[?:?]
	at javax.swing.text.PlainDocument.insertString(PlainDocument.java:131) ~[?:?]
	at javax.swing.text.AbstractDocument.replace(AbstractDocument.java:699) ~[?:?]
	at javax.swing.text.JTextComponent.setText(JTextComponent.java:1725) ~[?:?]
	at com.st.microxplorer.plugins.projectmanager.gui.ProjectChoiceTab.createHeapStackFields(ProjectChoiceTab.java:993) ~[filemanager.jar:?]
	at com.st.microxplorer.plugins.projectmanager.gui.ProjectChoiceTab.buildLinkSettingsPanel(ProjectChoiceTab.java:3813) ~[filemanager.jar:?]
	at com.st.microxplorer.plugins.projectmanager.gui.ProjectChoiceTab.defineWindowsFields(ProjectChoiceTab.java:1987) ~[filemanager.jar:?]
	at com.st.microxplorer.plugins.projectmanager.gui.ProjectChoiceTab.updateSettings(ProjectChoiceTab.java:558) ~[filemanager.jar:?]
	at com.st.microxplorer.plugins.projectmanager.gui.ProjectSettingsPanel.UpdateDialog(ProjectSettingsPanel.java:247) ~[filemanager.jar:?]
	at com.st.microxplorer.plugins.projectmanager.ProjectManagerView.propertyChange(ProjectManagerView.java:392) ~[filemanager.jar:?]
	at java.beans.PropertyChangeSupport.fire(PropertyChangeSupport.java:343) ~[?:?]
	at java.beans.PropertyChangeSupport.firePropertyChange(PropertyChangeSupport.java:335) ~[?:?]
	at java.beans.PropertyChangeSupport.firePropertyChange(PropertyChangeSupport.java:268) ~[?:?]
	at com.st.microxplorer.util.MXPropertyChangeSupport.firePropertyChange(MXPropertyChangeSupport.java:54) ~[STM32CubeMX.jar:?]
	at com.st.microxplorer.mxsystem.MxSystem.closeConfig(MxSystem.java:899) ~[STM32CubeMX.jar:?]
	at com.st.microxplorer.maingui.MainPanel.closeConfig(MainPanel.java:792) ~[STM32CubeMX.jar:?]
	at com.st.microxplorer.plugins.filemanager.engine.OpenFileManager.loadConfigurationFile(OpenFileManager.java:288) ~[filemanager.jar:?]
	at com.st.microxplorer.plugins.filemanager.engine.MainFileManager.userLoadConfig(MainFileManager.java:364) ~[filemanager.jar:?]
	at com.st.microxplorer.plugins.filemanager.engine.MainFileManager.userLoadConfig(MainFileManager.java:342) ~[filemanager.jar:?]
	at com.st.microxplorer.plugins.filemanager.FileManagerView.getSpecificTask(FileManagerView.java:264) ~[filemanager.jar:?]
	at com.st.stm32cube.common.mx.editor.CubeMxEditor.getMxTabbedPaneInstance(CubeMxEditor.java:1198) ~[com.st.stm32cube.common.mx_6.15.0.202507011659/:?]
	at com.st.stm32cube.common.mx.editor.CubeMxEditor$12$1.createSwingComponent(CubeMxEditor.java:1068) ~[com.st.stm32cube.common.mx_6.15.0.202507011659/:?]
	at com.st.stm32cube.common.mx.oss.core.awtswtbridge.EmbeddedSwingComposite.doComponentCreation(EmbeddedSwingComposite.java:492) ~[com.st.stm32cube.common.mx.oss_6.15.0.202507011659/:?]
	at com.st.stm32cube.common.mx.oss.core.awtswtbridge.EmbeddedSwingComposite$4.run(EmbeddedSwingComposite.java:291) ~[com.st.stm32cube.common.mx.oss_6.15.0.202507011659/:?]
	at com.st.stm32cube.common.mx.oss.core.awtswtbridge.AwtEnvironment$2.run(AwtEnvironment.java:166) ~[com.st.stm32cube.common.mx.oss_6.15.0.202507011659/:?]
	at java.awt.event.InvocationEvent.dispatch(InvocationEvent.java:318) ~[?:?]
	at java.awt.EventQueue.dispatchEventImpl(EventQueue.java:773) ~[?:?]
	at java.awt.EventQueue$4.run(EventQueue.java:720) ~[?:?]
	at java.awt.EventQueue$4.run(EventQueue.java:714) ~[?:?]
	at java.security.AccessController.doPrivileged(AccessController.java:400) ~[?:?]
	at java.security.ProtectionDomain$JavaSecurityAccessImpl.doIntersectionPrivilege(ProtectionDomain.java:87) ~[?:?]
	at java.awt.EventQueue.dispatchEvent(EventQueue.java:742) ~[?:?]
	at java.awt.EventDispatchThread.pumpOneEventForFilters(EventDispatchThread.java:203) ~[?:?]
	at java.awt.EventDispatchThread.pumpEventsForFilter(EventDispatchThread.java:124) ~[?:?]
	at java.awt.EventDispatchThread.pumpEventsForHierarchy(EventDispatchThread.java:113) ~[?:?]
	at java.awt.EventDispatchThread.pumpEvents(EventDispatchThread.java:109) ~[?:?]
	at java.awt.EventDispatchThread.pumpEvents(EventDispatchThread.java:101) ~[?:?]
	at java.awt.EventDispatchThread.run(EventDispatchThread.java:90) ~[?:?]
2025-12-15 10:39:47,242 [WARN] ThirdParty:871 - waiting for thirdparty lock release [close project]
2025-12-15 10:39:47,242 [INFO] ThirdParty:873 - entering critical section [close project]
2025-12-15 10:39:47,242 [INFO] ThirdParty:883 - exiting critical section [close project]
2025-12-15 10:39:47,245 [INFO] PinOutPanel:1589 - setPackage(No Configuration,No Configuration)
2025-12-15 10:39:47,259 [INFO] UtilMem:75 - Begin LoadConfig() Used Memory: 710445192 Bytes (1073741824)
2025-12-15 10:39:47,260 [INFO] MicroXplorer:468 - Change Database Path : 
2025-12-15 10:39:47,260 [INFO] MicroXplorer:498 - Change Database Version : DB.6.0.150
2025-12-15 10:39:47,260 [INFO] OpenFileManager:355 - Change cursor
2025-12-15 10:39:47,273 [INFO] Mcu:2029 - Initializing MCU STM32L412RBTxP STM32L412RBTxP STM32L412RBT6P
2025-12-15 10:39:48,357 [INFO] Context:786 - Trying to add GPIOservice into a context  which must be forbidden
2025-12-15 10:39:48,790 [INFO] ImportTextPane:234 - (OptionalMessage_ERROR) Pin16 (VP_RIF_VS_RIF1) cannot be retrieved for this MCU
2025-12-15 10:39:48,904 [INFO] RtosManager:558 - Registered RTOS mode: class=CMSIS, group=RTOS, mode=CMSIS_V1, owner=FREERTOS
2025-12-15 10:39:48,904 [INFO] RtosManager:558 - Registered RTOS mode: class=CMSIS, group=RTOS2, mode=CMSIS_V2, owner=FREERTOS
2025-12-15 10:39:48,904 [INFO] RtosManager:558 - Registered RTOS mode: class=RTOS, group=Core, mode=CMSIS_V1, owner=FREERTOS
2025-12-15 10:39:48,904 [INFO] RtosManager:558 - Registered RTOS mode: class=RTOS, group=Core, mode=CMSIS_V2, owner=FREERTOS
2025-12-15 10:39:48,904 [WARN] ModelIntegratedComponent:184 - Missing modes for component STMicroelectronics:FreeRTOS:0.0.1:STMicroelectronics:RTOS:FreeRTOS:Core:::10.2.0:
2025-12-15 10:39:48,909 [WARN] ModelIntegratedComponent:63 - No mode defined for component null
2025-12-15 10:39:48,910 [WARN] ModelIntegratedComponent:63 - No mode defined for component null
2025-12-15 10:39:48,910 [WARN] ModelIntegratedComponent:63 - No mode defined for component null
2025-12-15 10:39:48,910 [WARN] ModelIntegratedComponent:63 - No mode defined for component null
2025-12-15 10:39:48,910 [WARN] ModelIntegratedComponent:63 - No mode defined for component null
2025-12-15 10:39:48,910 [WARN] ModelIntegratedComponent:63 - No mode defined for component null
2025-12-15 10:39:48,910 [WARN] ModelIntegratedComponent:63 - No mode defined for component null
2025-12-15 10:39:48,910 [WARN] ModelIntegratedComponent:63 - No mode defined for component null
2025-12-15 10:39:48,911 [WARN] ModelIntegratedComponent:63 - No mode defined for component null
2025-12-15 10:39:48,911 [WARN] ModelIntegratedComponent:63 - No mode defined for component null
2025-12-15 10:39:48,911 [WARN] ModelIntegratedComponent:63 - No mode defined for component null
2025-12-15 10:39:48,911 [WARN] ModelIntegratedComponent:63 - No mode defined for component null
2025-12-15 10:39:48,911 [WARN] ModelIntegratedComponent:63 - No mode defined for component null
2025-12-15 10:39:48,911 [WARN] ModelIntegratedComponent:63 - No mode defined for component null
2025-12-15 10:39:48,911 [WARN] ModelIntegratedComponent:63 - No mode defined for component null
2025-12-15 10:39:48,911 [WARN] ModelIntegratedComponent:63 - No mode defined for component null
2025-12-15 10:39:48,911 [WARN] ModelIntegratedComponent:63 - No mode defined for component null
2025-12-15 10:39:48,911 [WARN] ModelIntegratedComponent:63 - No mode defined for component null
2025-12-15 10:39:48,911 [WARN] ModelIntegratedComponent:63 - No mode defined for component null
2025-12-15 10:39:48,911 [WARN] ModelIntegratedComponent:63 - No mode defined for component null
2025-12-15 10:39:48,911 [WARN] ModelIntegratedComponent:63 - No mode defined for component null
2025-12-15 10:39:48,911 [WARN] ModelIntegratedComponent:63 - No mode defined for component null
2025-12-15 10:39:48,911 [WARN] ModelIntegratedComponent:63 - No mode defined for component null
2025-12-15 10:39:48,911 [WARN] ModelIntegratedComponent:63 - No mode defined for component null
2025-12-15 10:39:48,911 [WARN] ModelIntegratedComponent:63 - No mode defined for component null
2025-12-15 10:39:48,911 [WARN] ModelIntegratedComponent:63 - No mode defined for component null
2025-12-15 10:39:48,911 [WARN] ModelIntegratedComponent:63 - No mode defined for component null
2025-12-15 10:39:48,911 [WARN] ModelIntegratedComponent:63 - No mode defined for component null
2025-12-15 10:39:48,911 [WARN] ModelIntegratedComponent:63 - No mode defined for component null
2025-12-15 10:39:48,912 [WARN] ModelIntegratedComponent:63 - No mode defined for component null
2025-12-15 10:39:48,912 [WARN] ModelIntegratedComponent:63 - No mode defined for component null
2025-12-15 10:39:48,912 [WARN] ModelIntegratedComponent:63 - No mode defined for component null
2025-12-15 10:39:48,912 [WARN] ModelIntegratedComponent:63 - No mode defined for component null
2025-12-15 10:39:48,912 [WARN] ModelIntegratedComponent:63 - No mode defined for component null
2025-12-15 10:39:48,912 [WARN] ModelIntegratedComponent:63 - No mode defined for component null
2025-12-15 10:39:48,912 [WARN] ModelPack:524 - Component already loaded: STMicroelectronics:HAL Drivers:0.0.0:STMicroelectronics:Device:STMicro_Driver:XSPI:HAL::0.0.1:HAL_XSPI
2025-12-15 10:39:48,924 [INFO] ThirdPartyModel:298 - Start build external matchings
2025-12-15 10:39:49,088 [INFO] ThirdPartyModel:316 - End build external matchings
2025-12-15 10:39:49,100 [INFO] ImportTextPane:234 - (OptionalMessage_ERROR) IP (RCC) : Invalid parameter (FamilyName)
2025-12-15 10:39:49,101 [INFO] ImportTextPane:234 - (OptionalMessage_ERROR) IP (RCC) : Parameter (USBFreq_Value) has invalid value (4000000)
2025-12-15 10:39:49,328 [INFO] UtilMem:75 - End LoadConfig() Used Memory: 987126784 Bytes (1073741824)
2025-12-15 10:39:49,400 [WARN] ThirdParty:833 - waiting for thirdparty lock release [change project]
2025-12-15 10:39:49,400 [INFO] ThirdParty:835 - entering critical section [change project]
2025-12-15 10:39:49,401 [INFO] ThirdParty:1030 - CMSIS Pack Vendor :STMicroelectronics X-CUBE-PM33A1 1.0.0
2025-12-15 10:39:49,401 [INFO] ThirdParty:1030 - CMSIS Pack Vendor :STMicroelectronics USBPD 4.1
2025-12-15 10:39:49,401 [INFO] ThirdParty:1030 - CMSIS Pack Vendor :STMicroelectronics X-CUBE-NFC9 1.0.0
2025-12-15 10:39:49,401 [INFO] ThirdParty:1030 - CMSIS Pack Vendor :STMicroelectronics USB_HOST 2.0.0
2025-12-15 10:39:49,401 [INFO] ThirdParty:1030 - CMSIS Pack Vendor :STMicroelectronics FP-SNS-MOTENVWB1 1.4.0
2025-12-15 10:39:49,401 [INFO] ThirdParty:1030 - CMSIS Pack Vendor :STMicroelectronics X-CUBE-AZRTOS-F4 1.1.0
2025-12-15 10:39:49,401 [INFO] ThirdParty:1030 - CMSIS Pack Vendor :STMicroelectronics LIBJPEG 8.0.0
2025-12-15 10:39:49,401 [INFO] ThirdParty:1030 - CMSIS Pack Vendor :STMicroelectronics FP-ATR-ASTRA1 2.0.2
2025-12-15 10:39:49,401 [INFO] ThirdParty:1030 - CMSIS Pack Vendor :STMicroelectronics X-CUBE-BLE1 7.1.0
2025-12-15 10:39:49,401 [INFO] ThirdParty:1030 - CMSIS Pack Vendor :STMicroelectronics X-CUBE-SMBUS 2.1.0
2025-12-15 10:39:49,402 [INFO] ThirdParty:1030 - CMSIS Pack Vendor :wolfSSL I-CUBE-wolfMQTT 1.19.2
2025-12-15 10:39:49,402 [INFO] ThirdParty:1030 - CMSIS Pack Vendor :STMicroelectronics USB_DEVICE 3.0.0
2025-12-15 10:39:49,402 [INFO] ThirdParty:1030 - CMSIS Pack Vendor :STMicroelectronics X-CUBE-ISPU 2.1.0
2025-12-15 10:39:49,402 [INFO] ThirdParty:1030 - CMSIS Pack Vendor :STMicroelectronics X-CUBE-FREERTOS 1.4.0
2025-12-15 10:39:49,402 [INFO] ThirdParty:1030 - CMSIS Pack Vendor :STMicroelectronics X-CUBE-EEPRMA1 5.2.0
2025-12-15 10:39:49,402 [INFO] ThirdParty:1030 - CMSIS Pack Vendor :STMicroelectronics X-CUBE-IPS 3.2.0
2025-12-15 10:39:49,402 [INFO] ThirdParty:1030 - CMSIS Pack Vendor :STMicroelectronics X-CUBE-BLEMGR 4.1.0
2025-12-15 10:39:49,402 [INFO] ThirdParty:1030 - CMSIS Pack Vendor :STMicroelectronics X-CUBE-AZRTOS-WB 2.0.0
2025-12-15 10:39:49,402 [INFO] ThirdParty:1030 - CMSIS Pack Vendor :wolfSSL I-CUBE-wolfSSL 5.8.4
2025-12-15 10:39:49,402 [INFO] ThirdParty:1030 - CMSIS Pack Vendor :Cesanta I-CUBE-Mongoose 7.20.0
2025-12-15 10:39:49,402 [INFO] ThirdParty:1030 - CMSIS Pack Vendor :STMicroelectronics X-CUBE-NFC12 1.0.0
2025-12-15 10:39:49,403 [INFO] ThirdParty:1030 - CMSIS Pack Vendor :STMicroelectronics X-CUBE-AZRTOS-F7 1.1.0
2025-12-15 10:39:49,403 [INFO] ThirdParty:1030 - CMSIS Pack Vendor :STMicroelectronics X-CUBE-AZRTOS-L5 2.0.0
2025-12-15 10:39:49,403 [INFO] ThirdParty:1030 - CMSIS Pack Vendor :STMicroelectronics USB_DEVICE 2.0.0
2025-12-15 10:39:49,403 [INFO] ThirdParty:1030 - CMSIS Pack Vendor :STMicroelectronics X-CUBE-NFC6 3.1.0
2025-12-15 10:39:49,403 [INFO] ThirdParty:1030 - CMSIS Pack Vendor :STMicroelectronics X-CUBE-ST67W61 1.1.0
2025-12-15 10:39:49,403 [INFO] ThirdParty:1030 - CMSIS Pack Vendor :quantropi X-CUBE-qispace-sdk-base 2.1.0
2025-12-15 10:39:49,403 [INFO] ThirdParty:1030 - CMSIS Pack Vendor :STMicroelectronics X-CUBE-MEMS1 12.0.0
2025-12-15 10:39:49,403 [INFO] ThirdParty:1030 - CMSIS Pack Vendor :STMicroelectronics FP-SNS-MOTENV1 5.1.0
2025-12-15 10:39:49,403 [INFO] ThirdParty:1030 - CMSIS Pack Vendor :STMicroelectronics FreeRTOS 0.0.1
2025-12-15 10:39:49,403 [INFO] ThirdParty:1030 - CMSIS Pack Vendor :STMicroelectronics X-CUBE-AZRTOS-G0 1.1.0
2025-12-15 10:39:49,403 [INFO] ThirdParty:1030 - CMSIS Pack Vendor :STMicroelectronics X-CUBE-NFC4 3.0.0
2025-12-15 10:39:49,404 [INFO] ThirdParty:1030 - CMSIS Pack Vendor :STMicroelectronics X-CUBE-SUBG2 5.0.0
2025-12-15 10:39:49,404 [INFO] ThirdParty:1030 - CMSIS Pack Vendor :STMicroelectronics STM32_WPAN 1.0.0
2025-12-15 10:39:49,404 [INFO] ThirdParty:1030 - CMSIS Pack Vendor :EmbeddedOffice I-CUBE-FS-RTOS 1.0.1
2025-12-15 10:39:49,404 [INFO] ThirdParty:1030 - CMSIS Pack Vendor :STMicroelectronics lwIP 2.0.3
2025-12-15 10:39:49,404 [INFO] ThirdParty:1030 - CMSIS Pack Vendor :WES I-CUBE-Cesium 1.4.0
2025-12-15 10:39:49,404 [INFO] ThirdParty:1030 - CMSIS Pack Vendor :STMicroelectronics USB_HOST 1.0.0
2025-12-15 10:39:49,404 [INFO] ThirdParty:1030 - CMSIS Pack Vendor :STMicroelectronics X-CUBE-AZRTOS-G4 2.0.0
2025-12-15 10:39:49,404 [INFO] ThirdParty:1030 - CMSIS Pack Vendor :STMicroelectronics X-CUBE-WB05N 2.0.0
2025-12-15 10:39:49,405 [INFO] ThirdParty:1030 - CMSIS Pack Vendor :STMicroelectronics PDM2PCM 3.1.0
2025-12-15 10:39:49,405 [INFO] ThirdParty:1030 - CMSIS Pack Vendor :STMicroelectronics PDM2PCM 3.3.0
2025-12-15 10:39:49,405 [INFO] ThirdParty:1030 - CMSIS Pack Vendor :wolfSSL I-CUBE-wolfTPM 3.8.0
2025-12-15 10:39:49,405 [INFO] ThirdParty:1030 - CMSIS Pack Vendor :STMicroelectronics X-CUBE-AZRTOS-H7 3.4.0
2025-12-15 10:39:49,405 [INFO] ThirdParty:1030 - CMSIS Pack Vendor :STMicroelectronics X-CUBE-DISPLAY 3.0.0
2025-12-15 10:39:49,405 [INFO] ThirdParty:1030 - CMSIS Pack Vendor :wolfSSL I-CUBE-wolfSSH 1.4.20
2025-12-15 10:39:49,405 [INFO] ThirdParty:1030 - CMSIS Pack Vendor :STMicroelectronics X-CUBE-NFC7 2.0.0
2025-12-15 10:39:49,405 [INFO] ThirdParty:1030 - CMSIS Pack Vendor :STMicroelectronics X-CUBE-TCPP 4.2.0
2025-12-15 10:39:49,405 [INFO] ThirdParty:1030 - CMSIS Pack Vendor :RealThread X-CUBE-RT-Thread_Nano 4.1.1
2025-12-15 10:39:49,405 [INFO] ThirdParty:1030 - CMSIS Pack Vendor :STMicroelectronics FP-ATR-SIGFOX1 3.2.0
2025-12-15 10:39:49,405 [INFO] ThirdParty:1030 - CMSIS Pack Vendor :STMicroelectronics X-CUBE-NFC10 1.0.0
2025-12-15 10:39:49,405 [INFO] ThirdParty:1030 - CMSIS Pack Vendor :STMicroelectronics HAL Drivers 0.0.0
2025-12-15 10:39:49,405 [INFO] ThirdParty:1030 - CMSIS Pack Vendor :STMicroelectronics MBEDTLS 2.16.2
2025-12-15 10:39:49,405 [INFO] ThirdParty:1030 - CMSIS Pack Vendor :STMicroelectronics X-CUBE-ST60 1.1.0
2025-12-15 10:39:49,405 [INFO] ThirdParty:1030 - CMSIS Pack Vendor :STMicroelectronics X-CUBE-ALS 1.0.2
2025-12-15 10:39:49,406 [INFO] ThirdParty:1030 - CMSIS Pack Vendor :emotas I-CUBE-CANOPEN 1.3.0
2025-12-15 10:39:49,406 [INFO] ThirdParty:1030 - CMSIS Pack Vendor :STMicroelectronics MBEDTLS 2.14.1
2025-12-15 10:39:49,406 [INFO] ThirdParty:1030 - CMSIS Pack Vendor :STMicroelectronics X-CUBE-GNSS1 7.1.0
2025-12-15 10:39:49,407 [INFO] ThirdParty:1030 - CMSIS Pack Vendor :ITTIA_DB I-CUBE-ITTIADB 8.9.0
2025-12-15 10:39:49,407 [INFO] ThirdParty:1030 - CMSIS Pack Vendor :STMicroelectronics X-CUBE-TOUCHGFX 4.26.0
2025-12-15 10:39:49,408 [INFO] ThirdParty:1030 - CMSIS Pack Vendor :STMicroelectronics X-CUBE-STSE01 1.0.0
2025-12-15 10:39:49,408 [INFO] ThirdParty:1030 - CMSIS Pack Vendor :STMicroelectronics FP-SNS-STBOX1 2.1.0
2025-12-15 10:39:49,408 [INFO] ThirdParty:1030 - CMSIS Pack Vendor :STMicroelectronics X-CUBE-AI 10.2.0
2025-12-15 10:39:49,408 [INFO] ThirdParty:1030 - CMSIS Pack Vendor :STMicroelectronics FP-SNS-STAIOTCFT 1.0.0
2025-12-15 10:39:49,408 [INFO] ThirdParty:1030 - CMSIS Pack Vendor :STMicroelectronics ThreadX 1.0.0
2025-12-15 10:39:49,408 [INFO] ThirdParty:1030 - CMSIS Pack Vendor :STMicroelectronics FP-SNS-SMARTAG2 1.2.0
2025-12-15 10:39:49,408 [INFO] ThirdParty:1030 - CMSIS Pack Vendor :STMicroelectronics FP-SNS-FLIGHT1 5.1.0
2025-12-15 10:39:49,408 [INFO] ThirdParty:1030 - CMSIS Pack Vendor :STMicroelectronics X-CUBE-AZRTOS-WL 2.0.0
2025-12-15 10:39:49,408 [INFO] ThirdParty:1030 - CMSIS Pack Vendor :SEGGER I-CUBE-embOS 1.3.1
2025-12-15 10:39:49,408 [INFO] ThirdParty:1030 - CMSIS Pack Vendor :STMicroelectronics X-CUBE-ALGOBUILD 1.4.0
2025-12-15 10:39:49,408 [INFO] ThirdParty:1030 - CMSIS Pack Vendor :STMicroelectronics X-CUBE-DPower 1.3.0
2025-12-15 10:39:49,408 [INFO] ThirdParty:1030 - CMSIS Pack Vendor :STMicroelectronics USB_DEVICE 1.0.0
2025-12-15 10:39:49,408 [INFO] ThirdParty:1030 - CMSIS Pack Vendor :STMicroelectronics X-CUBE-AZRTOS-H7RS 1.2.0
2025-12-15 10:39:49,408 [INFO] ThirdParty:1030 - CMSIS Pack Vendor :STMicroelectronics X-CUBE-AZRTOS-L4 2.0.0
2025-12-15 10:39:49,408 [INFO] ThirdParty:1030 - CMSIS Pack Vendor :STMicroelectronics ThreadX 0.0.2
2025-12-15 10:39:49,408 [INFO] ThirdParty:1030 - CMSIS Pack Vendor :STMicroelectronics lwIP 2.1.2
2025-12-15 10:39:49,408 [INFO] ThirdParty:1030 - CMSIS Pack Vendor :STMicroelectronics X-CUBE-SFXS2LP1 4.0.0
2025-12-15 10:39:49,408 [INFO] ThirdParty:1030 - CMSIS Pack Vendor :STMicroelectronics X-CUBE-BLE2 3.3.0
2025-12-15 10:39:49,408 [INFO] ThirdParty:1030 - CMSIS Pack Vendor :Avnet-IOTCONNECT X-CUBE-iotc-st67-sdk 1.0.0
2025-12-15 10:39:49,409 [INFO] ThirdParty:1030 - CMSIS Pack Vendor :STMicroelectronics X-CUBE-TOF1 3.4.3
2025-12-15 10:39:49,409 [INFO] ThirdParty:1030 - CMSIS Pack Vendor :Infineon AIROC-Wi-Fi-Bluetooth-STM32 1.8.0
2025-12-15 10:39:49,409 [INFO] ThirdParty:1030 - CMSIS Pack Vendor :STMicroelectronics PDM2PCM 3.2.0
2025-12-15 10:39:49,409 [INFO] ThirdParty:841 - exiting critical section [change project]
2025-12-15 10:39:49,568 [INFO] PinOutPanel:1589 - setPackage(No Configuration,No Configuration)
2025-12-15 10:39:49,569 [INFO] PinOutPanel:1589 - setPackage(STM32L412RBTxP,LQFP64)
2025-12-15 10:39:49,806 [INFO] UtilMem:75 - Before build in PCC Used Memory: 800102816 Bytes (1073741824)
2025-12-15 10:39:50,140 [INFO] UtilMem:75 - After build in PCC Used Memory: 895779528 Bytes (1073741824)
2025-12-15 10:39:50,158 [INFO] IPUIPlugin:80 - create IPUIPlugin
2025-12-15 10:39:50,158 [INFO] IPUIPlugin:80 - create IPUIPlugin
2025-12-15 10:39:50,158 [INFO] IPUIPlugin:80 - create IPUIPlugin
2025-12-15 10:39:50,158 [INFO] IPUIPlugin:80 - create IPUIPlugin
2025-12-15 10:39:50,159 [INFO] IPUIPlugin:80 - create IPUIPlugin
2025-12-15 10:39:50,159 [INFO] IPUIPlugin:80 - create IPUIPlugin
2025-12-15 10:39:50,159 [INFO] IPUIPlugin:80 - create IPUIPlugin
2025-12-15 10:39:50,159 [INFO] IPUIPlugin:80 - create IPUIPlugin
2025-12-15 10:39:50,159 [INFO] IPUIPlugin:80 - create IPUIPlugin
2025-12-15 10:39:50,159 [INFO] IPUIPlugin:80 - create IPUIPlugin
2025-12-15 10:39:50,159 [INFO] IPUIPlugin:80 - create IPUIPlugin
2025-12-15 10:39:50,159 [INFO] IPUIPlugin:80 - create IPUIPlugin
2025-12-15 10:39:50,159 [INFO] IPUIPlugin:80 - create IPUIPlugin
2025-12-15 10:39:50,159 [INFO] IPUIPlugin:80 - create IPUIPlugin
2025-12-15 10:39:50,159 [INFO] IPUIPlugin:80 - create IPUIPlugin
2025-12-15 10:39:50,159 [INFO] IPUIPlugin:80 - create IPUIPlugin
2025-12-15 10:39:50,160 [INFO] IPUIPlugin:80 - create IPUIPlugin
2025-12-15 10:39:50,160 [INFO] IPUIPlugin:80 - create IPUIPlugin
2025-12-15 10:39:50,160 [INFO] IPUIPlugin:80 - create IPUIPlugin
2025-12-15 10:39:50,160 [INFO] IPUIPlugin:80 - create IPUIPlugin
2025-12-15 10:39:50,160 [INFO] IPUIPlugin:80 - create IPUIPlugin
2025-12-15 10:39:50,161 [INFO] IPUIPlugin:80 - create IPUIPlugin
2025-12-15 10:39:50,161 [INFO] IPUIPlugin:80 - create IPUIPlugin
2025-12-15 10:39:50,161 [INFO] IPUIPlugin:80 - create IPUIPlugin
2025-12-15 10:39:50,161 [INFO] IPUIPlugin:80 - create IPUIPlugin
2025-12-15 10:39:50,161 [INFO] IPUIPlugin:80 - create IPUIPlugin
2025-12-15 10:39:50,161 [INFO] IPUIPlugin:80 - create IPUIPlugin
2025-12-15 10:39:50,161 [INFO] IPUIPlugin:80 - create IPUIPlugin
2025-12-15 10:39:50,161 [INFO] IPUIPlugin:80 - create IPUIPlugin
2025-12-15 10:39:50,161 [INFO] IPUIPlugin:80 - create IPUIPlugin
2025-12-15 10:39:50,161 [INFO] IPUIPlugin:80 - create IPUIPlugin
2025-12-15 10:39:50,162 [INFO] IPUIPlugin:80 - create IPUIPlugin
2025-12-15 10:39:50,162 [INFO] IPUIPlugin:80 - create IPUIPlugin
2025-12-15 10:39:50,162 [INFO] IPUIPlugin:80 - create IPUIPlugin
2025-12-15 10:39:50,162 [INFO] IPUIPlugin:80 - create IPUIPlugin
2025-12-15 10:39:50,162 [INFO] IPUIPlugin:80 - create IPUIPlugin
2025-12-15 10:39:50,162 [INFO] IPUIPlugin:80 - create IPUIPlugin
2025-12-15 10:39:50,162 [INFO] IPUIPlugin:80 - create IPUIPlugin
2025-12-15 10:39:50,194 [INFO] CADModel:165 - CPN selected for project levelSTM32L412RBT6P
2025-12-15 10:39:50,194 [INFO] CADModel:114 - Register for checkConnection events
2025-12-15 10:39:50,252 [INFO] OpenFileManager:386 - Restore cursor
2025-12-15 10:40:14,292 [INFO] UtilMem:75 - End SaveConfig() Used Memory: 700194808 Bytes (1073741824)
2025-12-15 10:40:14,643 [INFO] BlockDiagram:2775 - set Specific Code input for plugin: NVIC
2025-12-15 10:40:14,644 [INFO] BlockDiagram:2775 - set Specific Code input for plugin: SYS
2025-12-15 10:40:14,644 [INFO] BlockDiagram:2775 - set Specific Code input for plugin: GPIO
2025-12-15 10:40:14,644 [INFO] BlockDiagram:2775 - set Specific Code input for plugin: RCC
2025-12-15 10:40:14,644 [INFO] BlockDiagram:2775 - set Specific Code input for plugin: LPUART
2025-12-15 10:40:14,645 [INFO] CodeGenerator:892 - code generatio: config db path: C:\ST\STM32CubeIDE_1.19.0\STM32CubeIDE\plugins\com.st.stm32cube.common.mx_6.15.0.202507011659\\db\
2025-12-15 10:40:14,773 [INFO] CodeEngine:265 - oldGeneratedFile, C:\Users\CAMMSYS\STM32CubeIDE\workspace_1.19.0\L412_test_v3\MXTmpFiles\license.tmp_save
2025-12-15 10:40:15,033 [INFO] CodeEngine:289 - Generated code: C:\Users\CAMMSYS\STM32CubeIDE\workspace_1.19.0\L412_test_v3\MXTmpFiles\license.tmp
2025-12-15 10:40:15,164 [INFO] CodeEngine:265 - oldGeneratedFile, C:\Users\CAMMSYS\STM32CubeIDE\workspace_1.19.0\L412_test_v3\MXTmpFiles\gpio.tmp_save
2025-12-15 10:40:15,305 [INFO] CodeEngine:289 - Generated code: C:\Users\CAMMSYS\STM32CubeIDE\workspace_1.19.0\L412_test_v3\MXTmpFiles\gpio.tmp
2025-12-15 10:40:15,547 [INFO] CodeEngine:265 - oldGeneratedFile, C:\Users\CAMMSYS\STM32CubeIDE\workspace_1.19.0\L412_test_v3\Core\Src\stm32l4xx_it.c_save
2025-12-15 10:40:15,665 [INFO] CodeEngine:289 - Generated code: C:\Users\CAMMSYS\STM32CubeIDE\workspace_1.19.0\L412_test_v3\Core\Src\stm32l4xx_it.c
2025-12-15 10:40:15,675 [INFO] CodeEngine:265 - oldGeneratedFile, C:\Users\CAMMSYS\STM32CubeIDE\workspace_1.19.0\L412_test_v3\Core\Inc\stm32l4xx_it.h_save
2025-12-15 10:40:15,729 [INFO] CodeEngine:289 - Generated code: C:\Users\CAMMSYS\STM32CubeIDE\workspace_1.19.0\L412_test_v3\Core\Inc\stm32l4xx_it.h
2025-12-15 10:40:15,745 [INFO] CodeEngine:265 - oldGeneratedFile, C:\Users\CAMMSYS\STM32CubeIDE\workspace_1.19.0\L412_test_v3\Core\Src\stm32l4xx_hal_msp.c_save
2025-12-15 10:40:15,854 [INFO] CodeEngine:289 - Generated code: C:\Users\CAMMSYS\STM32CubeIDE\workspace_1.19.0\L412_test_v3\Core\Src\stm32l4xx_hal_msp.c
2025-12-15 10:40:15,861 [INFO] CodeEngine:265 - oldGeneratedFile, C:\Users\CAMMSYS\STM32CubeIDE\workspace_1.19.0\L412_test_v3\MXTmpFiles\system.tmp_save
2025-12-15 10:40:15,910 [INFO] CodeEngine:289 - Generated code: C:\Users\CAMMSYS\STM32CubeIDE\workspace_1.19.0\L412_test_v3\MXTmpFiles\system.tmp
2025-12-15 10:40:15,926 [INFO] CodeEngine:321 - oldGeneratedFile, C:\Users\CAMMSYS\STM32CubeIDE\workspace_1.19.0\L412_test_v3\Core\Inc\stm32l4xx_hal_conf.h_save
2025-12-15 10:40:15,980 [INFO] CodeEngine:345 - Generated code: C:\Users\CAMMSYS\STM32CubeIDE\workspace_1.19.0\L412_test_v3\Core\Inc\stm32l4xx_hal_conf.h
2025-12-15 10:40:16,024 [INFO] ApiDbMcu:532 - Load IP Config File for LPUART1
2025-12-15 10:40:16,028 [INFO] ApiDbMcu:532 - Load IP Config File for RCC
2025-12-15 10:40:16,041 [INFO] CodeEngine:265 - oldGeneratedFile, C:\Users\CAMMSYS\STM32CubeIDE\workspace_1.19.0\L412_test_v3\Core\Inc\main.h_save
2025-12-15 10:40:16,142 [INFO] CodeEngine:289 - Generated code: C:\Users\CAMMSYS\STM32CubeIDE\workspace_1.19.0\L412_test_v3\Core\Inc\main.h
2025-12-15 10:40:16,152 [INFO] CodeEngine:265 - oldGeneratedFile, C:\Users\CAMMSYS\STM32CubeIDE\workspace_1.19.0\L412_test_v3\Core\Src\main.c_save
2025-12-15 10:40:16,270 [INFO] CodeEngine:289 - Generated code: C:\Users\CAMMSYS\STM32CubeIDE\workspace_1.19.0\L412_test_v3\Core\Src\main.c
2025-12-15 10:40:16,660 [INFO] ProjectBuilder:3606 - Time for Copy HAL[1] : 244mS.
2025-12-15 10:40:16,664 [INFO] ProjectBuilder:5216 - Project Generator version: 4.7.0-B52
2025-12-15 10:40:16,723 [INFO] ConfigFileManager:1595 - The Die is : DIE464
2025-12-15 10:40:16,732 [INFO] ApiDbMcu:532 - Load IP Config File for FATFS
2025-12-15 10:40:16,735 [INFO] ApiDbMcu:532 - Load IP Config File for FREERTOS
2025-12-15 10:40:16,742 [INFO] ApiDbMcu:532 - Load IP Config File for TOUCHSENSING
2025-12-15 10:40:16,747 [INFO] ApiDbMcu:532 - Load IP Config File for USB_DEVICE
2025-12-15 10:40:17,033 [INFO] LogOutputStream:77 - [STDOUT_REDIRECT] 
2025-12-15 10:40:18,198 [INFO] ProjectBuilder:5496 - Time for Generating toolchain IDE Files: 1534mS.
2025-12-15 10:40:18,200 [INFO] ProjectBuilder:3463 - Time for Copy CMSIS : 1mS.
2025-12-15 10:40:18,205 [INFO] ProjectBuilder:3463 - Time for Copy CMSIS : 0mS.
2025-12-15 10:42:59,664 [INFO] MainUpdater:2872 - connection check result : 10
2025-12-15 10:42:59,789 [INFO] McuFinderGlobals:76 - Set McuFinderConnectedMode to true
2025-12-15 10:42:59,795 [INFO] MultiScanPanel:200 - Auto-refresh data requested => check proxy status ongoing
2025-12-15 10:42:59,796 [INFO] FinderPluginLoader:96 - Searching for filters in installed packs
2025-12-15 10:43:00,534 [INFO] LoadUrlFilesThread:185 - End of LoadServerUrlFiles without Thread
2025-12-15 10:43:00,548 [INFO] DetailPanel:341 - Set advertising image to C:/Users/CAMMSYS/STM32Cube/Repository/\en.prom-st67w-expansion-board.png
2025-12-15 10:43:06,270 [INFO] MultiScanPanel:200 - Auto-refresh data requested => check proxy status ongoing
2025-12-15 10:43:06,339 [INFO] LoadUrlFilesThread:185 - End of LoadServerUrlFiles without Thread
2025-12-15 10:43:06,339 [INFO] DetailPanel:341 - Set advertising image to C:/Users/CAMMSYS/STM32Cube/Repository/\en.prom-st67w-expansion-board.png
2025-12-15 10:43:06,346 [INFO] DbBoards:642 - Loading board mini-images...
2025-12-15 10:43:07,580 [ERROR] DbBoards:659 - Image file not found for board STM32MP215F-DK: C:\Users\CAMMSYS\.stmcufinder\plugins\mcufinder//mcu//boards_images/STM32MP215F-DK.jpg
2025-12-15 10:43:07,830 [INFO] DbBoards:665 - Loaded 211 board mini-images
2025-12-15 10:45:12,825 [ERROR] LogOutputStream:75 - [STDERR_REDIRECT] Exception in thread "AWT-EventQueue-0" java.awt.IllegalComponentStateException: Native resources unavailable
2025-12-15 10:45:12,827 [ERROR] LogOutputStream:75 - [STDERR_REDIRECT] 	at java.desktop/sun.awt.windows.WWindowPeer.getScreenImOn(Native Method)
2025-12-15 10:45:12,828 [ERROR] LogOutputStream:75 - [STDERR_REDIRECT] 	at java.desktop/sun.awt.windows.WWindowPeer.updateGC(WWindowPeer.java:566)
2025-12-15 10:45:12,829 [ERROR] LogOutputStream:75 - [STDERR_REDIRECT] 	at java.desktop/java.awt.event.InvocationEvent.dispatch(InvocationEvent.java:318)
2025-12-15 10:45:12,830 [ERROR] LogOutputStream:75 - [STDERR_REDIRECT] 	at java.desktop/java.awt.EventQueue.dispatchEventImpl(EventQueue.java:773)
2025-12-15 10:45:12,830 [ERROR] LogOutputStream:75 - [STDERR_REDIRECT] 	at java.desktop/java.awt.EventQueue$4.run(EventQueue.java:720)
2025-12-15 10:45:12,831 [ERROR] LogOutputStream:75 - [STDERR_REDIRECT] 	at java.desktop/java.awt.EventQueue$4.run(EventQueue.java:714)
2025-12-15 10:45:12,832 [ERROR] LogOutputStream:75 - [STDERR_REDIRECT] 	at java.base/java.security.AccessController.doPrivileged(AccessController.java:400)
2025-12-15 10:45:12,833 [ERROR] LogOutputStream:75 - [STDERR_REDIRECT] 	at java.base/java.security.ProtectionDomain$JavaSecurityAccessImpl.doIntersectionPrivilege(ProtectionDomain.java:87)
2025-12-15 10:45:12,834 [ERROR] LogOutputStream:75 - [STDERR_REDIRECT] 	at java.base/java.security.ProtectionDomain$JavaSecurityAccessImpl.doIntersectionPrivilege(ProtectionDomain.java:98)
2025-12-15 10:45:12,834 [ERROR] LogOutputStream:75 - [STDERR_REDIRECT] 	at java.desktop/java.awt.EventQueue$5.run(EventQueue.java:747)
2025-12-15 10:45:12,835 [ERROR] LogOutputStream:75 - [STDERR_REDIRECT] 	at java.desktop/java.awt.EventQueue$5.run(EventQueue.java:745)
2025-12-15 10:45:12,835 [ERROR] LogOutputStream:75 - [STDERR_REDIRECT] 	at java.base/java.security.AccessController.doPrivileged(AccessController.java:400)
2025-12-15 10:45:12,836 [ERROR] LogOutputStream:75 - [STDERR_REDIRECT] 	at java.base/java.security.ProtectionDomain$JavaSecurityAccessImpl.doIntersectionPrivilege(ProtectionDomain.java:87)
2025-12-15 10:45:12,837 [ERROR] LogOutputStream:75 - [STDERR_REDIRECT] 	at java.desktop/java.awt.EventQueue.dispatchEvent(EventQueue.java:744)
2025-12-15 10:45:12,838 [ERROR] LogOutputStream:75 - [STDERR_REDIRECT] 	at java.desktop/java.awt.EventDispatchThread.pumpOneEventForFilters(EventDispatchThread.java:203)
2025-12-15 10:45:12,838 [ERROR] LogOutputStream:75 - [STDERR_REDIRECT] 	at java.desktop/java.awt.EventDispatchThread.pumpEventsForFilter(EventDispatchThread.java:124)
2025-12-15 10:45:12,839 [ERROR] LogOutputStream:75 - [STDERR_REDIRECT] 	at java.desktop/java.awt.EventDispatchThread.pumpEventsForHierarchy(EventDispatchThread.java:113)
2025-12-15 10:45:12,840 [ERROR] LogOutputStream:75 - [STDERR_REDIRECT] 	at java.desktop/java.awt.EventDispatchThread.pumpEvents(EventDispatchThread.java:109)
2025-12-15 10:45:12,841 [ERROR] LogOutputStream:75 - [STDERR_REDIRECT] 	at java.desktop/java.awt.EventDispatchThread.pumpEvents(EventDispatchThread.java:101)
2025-12-15 10:45:12,842 [ERROR] LogOutputStream:75 - [STDERR_REDIRECT] 	at java.desktop/java.awt.EventDispatchThread.run(EventDispatchThread.java:90)
2025-12-15 10:45:12,887 [INFO] MainUpdater:2872 - connection check result : 10
2025-12-15 10:45:12,887 [INFO] MainUpdater:2872 - connection check result : 10
2025-12-15 10:45:12,939 [INFO] MicroXplorer:468 - Change Database Path : 
2025-12-15 10:45:12,939 [INFO] MicroXplorer:498 - Change Database Version : DB.6.0.150
2025-12-15 10:45:12,980 [ERROR] ProjectManagerView:395 - 
java.lang.NullPointerException: Cannot invoke "javax.swing.JTextField.getText()" because the return value of "java.util.List.get(int)" is null
	at com.st.microxplorer.plugins.projectmanager.gui.ProjectChoiceTab$9.caretUpdate(ProjectChoiceTab.java:2706) ~[filemanager.jar:?]
	at javax.swing.text.JTextComponent.fireCaretUpdate(JTextComponent.java:408) ~[?:?]
	at javax.swing.text.JTextComponent$MutableCaretEvent.fire(JTextComponent.java:4484) ~[?:?]
	at javax.swing.text.JTextComponent$MutableCaretEvent.stateChanged(JTextComponent.java:4506) ~[?:?]
	at javax.swing.text.DefaultCaret.fireStateChanged(DefaultCaret.java:857) ~[?:?]
	at javax.swing.text.DefaultCaret.changeCaretPosition(DefaultCaret.java:1343) ~[?:?]
	at javax.swing.text.DefaultCaret.handleSetDot(DefaultCaret.java:1242) ~[?:?]
	at javax.swing.text.DefaultCaret.setDot(DefaultCaret.java:1223) ~[?:?]
	at javax.swing.text.DefaultCaret$Handler.insertUpdate(DefaultCaret.java:1819) ~[?:?]
	at javax.swing.text.AbstractDocument.fireInsertUpdate(AbstractDocument.java:227) ~[?:?]
	at javax.swing.text.AbstractDocument.handleInsertString(AbstractDocument.java:781) ~[?:?]
	at javax.swing.text.AbstractDocument.insertString(AbstractDocument.java:740) ~[?:?]
	at javax.swing.text.PlainDocument.insertString(PlainDocument.java:131) ~[?:?]
	at javax.swing.text.AbstractDocument.replace(AbstractDocument.java:699) ~[?:?]
	at javax.swing.text.JTextComponent.setText(JTextComponent.java:1725) ~[?:?]
	at com.st.microxplorer.plugins.projectmanager.gui.ProjectChoiceTab.createHeapStackFields(ProjectChoiceTab.java:993) ~[filemanager.jar:?]
	at com.st.microxplorer.plugins.projectmanager.gui.ProjectChoiceTab.buildLinkSettingsPanel(ProjectChoiceTab.java:3813) ~[filemanager.jar:?]
	at com.st.microxplorer.plugins.projectmanager.gui.ProjectChoiceTab.defineWindowsFields(ProjectChoiceTab.java:1987) ~[filemanager.jar:?]
	at com.st.microxplorer.plugins.projectmanager.gui.ProjectChoiceTab.updateSettings(ProjectChoiceTab.java:558) ~[filemanager.jar:?]
	at com.st.microxplorer.plugins.projectmanager.gui.ProjectSettingsPanel.UpdateDialog(ProjectSettingsPanel.java:247) ~[filemanager.jar:?]
	at com.st.microxplorer.plugins.projectmanager.ProjectManagerView.propertyChange(ProjectManagerView.java:392) ~[filemanager.jar:?]
	at java.beans.PropertyChangeSupport.fire(PropertyChangeSupport.java:343) ~[?:?]
	at java.beans.PropertyChangeSupport.firePropertyChange(PropertyChangeSupport.java:335) ~[?:?]
	at java.beans.PropertyChangeSupport.firePropertyChange(PropertyChangeSupport.java:268) ~[?:?]
	at com.st.microxplorer.util.MXPropertyChangeSupport.firePropertyChange(MXPropertyChangeSupport.java:54) ~[STM32CubeMX.jar:?]
	at com.st.microxplorer.mxsystem.MxSystem.closeConfig(MxSystem.java:899) ~[STM32CubeMX.jar:?]
	at com.st.microxplorer.maingui.MainPanel.closeConfig(MainPanel.java:792) ~[STM32CubeMX.jar:?]
	at com.st.microxplorer.plugins.filemanager.engine.OpenFileManager.loadConfigurationFile(OpenFileManager.java:288) ~[filemanager.jar:?]
	at com.st.microxplorer.plugins.filemanager.engine.MainFileManager.userLoadConfig(MainFileManager.java:364) ~[filemanager.jar:?]
	at com.st.microxplorer.plugins.filemanager.FileManagerView.getSpecificTask(FileManagerView.java:268) ~[filemanager.jar:?]
	at com.st.stm32cube.common.mx.editor.CubeMxEditor.getMxTabbedPaneInstance(CubeMxEditor.java:1191) ~[com.st.stm32cube.common.mx_6.15.0.202507011659/:?]
	at com.st.stm32cube.common.mx.editor.CubeMxEditor$12$1.createSwingComponent(CubeMxEditor.java:1068) ~[com.st.stm32cube.common.mx_6.15.0.202507011659/:?]
	at com.st.stm32cube.common.mx.oss.core.awtswtbridge.EmbeddedSwingComposite.doComponentCreation(EmbeddedSwingComposite.java:492) ~[com.st.stm32cube.common.mx.oss_6.15.0.202507011659/:?]
	at com.st.stm32cube.common.mx.oss.core.awtswtbridge.EmbeddedSwingComposite$4.run(EmbeddedSwingComposite.java:291) ~[com.st.stm32cube.common.mx.oss_6.15.0.202507011659/:?]
	at com.st.stm32cube.common.mx.oss.core.awtswtbridge.AwtEnvironment$2.run(AwtEnvironment.java:166) ~[com.st.stm32cube.common.mx.oss_6.15.0.202507011659/:?]
	at java.awt.event.InvocationEvent.dispatch(InvocationEvent.java:318) ~[?:?]
	at java.awt.EventQueue.dispatchEventImpl(EventQueue.java:773) ~[?:?]
	at java.awt.EventQueue$4.run(EventQueue.java:720) ~[?:?]
	at java.awt.EventQueue$4.run(EventQueue.java:714) ~[?:?]
	at java.security.AccessController.doPrivileged(AccessController.java:400) ~[?:?]
	at java.security.ProtectionDomain$JavaSecurityAccessImpl.doIntersectionPrivilege(ProtectionDomain.java:87) ~[?:?]
	at java.awt.EventQueue.dispatchEvent(EventQueue.java:742) ~[?:?]
	at java.awt.EventDispatchThread.pumpOneEventForFilters(EventDispatchThread.java:203) ~[?:?]
	at java.awt.EventDispatchThread.pumpEventsForFilter(EventDispatchThread.java:124) ~[?:?]
	at java.awt.EventDispatchThread.pumpEventsForHierarchy(EventDispatchThread.java:113) ~[?:?]
	at java.awt.EventDispatchThread.pumpEvents(EventDispatchThread.java:109) ~[?:?]
	at java.awt.EventDispatchThread.pumpEvents(EventDispatchThread.java:101) ~[?:?]
	at java.awt.EventDispatchThread.run(EventDispatchThread.java:90) ~[?:?]
2025-12-15 10:45:12,981 [WARN] ThirdParty:871 - waiting for thirdparty lock release [close project]
2025-12-15 10:45:12,981 [INFO] ThirdParty:873 - entering critical section [close project]
2025-12-15 10:45:12,981 [INFO] ThirdParty:883 - exiting critical section [close project]
2025-12-15 10:45:12,983 [INFO] PinOutPanel:1589 - setPackage(No Configuration,No Configuration)
2025-12-15 10:45:12,989 [INFO] UtilMem:75 - Begin LoadConfig() Used Memory: 984042648 Bytes (1073741824)
2025-12-15 10:45:12,995 [INFO] MicroXplorer:468 - Change Database Path : 
2025-12-15 10:45:12,995 [INFO] MicroXplorer:498 - Change Database Version : DB.6.0.150
2025-12-15 10:45:12,996 [INFO] OpenFileManager:355 - Change cursor
2025-12-15 10:45:13,030 [INFO] RulesReader:64 - Compatibility file has been processed (317 Rules)
2025-12-15 10:45:13,037 [INFO] Mcu:2029 - Initializing MCU STM32L412RBTxP STM32L412RBTxP STM32L412RBT6P
2025-12-15 10:45:14,095 [INFO] Context:786 - Trying to add GPIOservice into a context  which must be forbidden
2025-12-15 10:45:14,425 [INFO] Rule:233 - rule Adapt Old IOC before rework replace old CORTEX_M33/CORTEX_M55 attributes by the new one. is applicable
2025-12-15 10:45:14,426 [INFO] Rule:233 - rule Rename parametre of RCC RCC_APBDBG_DIV2 to RCC_TIMPRES_DIV2 is applicable
2025-12-15 10:45:14,426 [INFO] Rule:233 - rule Rename DIE493 pin PA10 [PA12] -> PA10 is applicable
2025-12-15 10:45:14,426 [INFO] Rule:233 - rule Rename DIE493 pin PA9 [PA11] -> PA9 is applicable
2025-12-15 10:45:14,426 [INFO] Rule:233 - rule Rename DIE492 PartNumber CPN STM32WBA5MJGHx -> STM32WBA5MMGHx is applicable
2025-12-15 10:45:14,426 [INFO] Rule:233 - rule Rename DIE492 PartNumber  Name STM32WBA5MJGHx -> STM32WBA5MMGHx is applicable
2025-12-15 10:45:14,426 [INFO] Rule:233 - rule Rename DIE492 PartNumber UserName STM32WBA5MJGHx -> STM32WBA5MMGHx is applicable
2025-12-15 10:45:14,426 [INFO] Rule:233 - rule Rename DIE492 PartNumber DeviceId STM32WBA5MJGHx -> STM32WBA5MMGHx is applicable
2025-12-15 10:45:14,426 [INFO] Rule:233 - rule Adapt Old IOC CSI. is applicable
2025-12-15 10:45:14,426 [INFO] Rule:233 - rule Adapt Old IOC DCMIPP. is applicable
2025-12-15 10:45:14,426 [INFO] Rule:233 - rule Adapt Old IOC DCMIPP Mode Parallel. is applicable
2025-12-15 10:45:14,426 [INFO] Rule:233 - rule Adapt Old IOC LTDC. is applicable
2025-12-15 10:45:14,426 [INFO] Rule:233 - rule Rename STM32MP2 RIF Peripheral LTDC RIF.RISUP.LTDC_L0L1.Privilege -> RIF.RISUP.LTDC_L1L2.Privilege is applicable
2025-12-15 10:45:14,426 [INFO] Rule:233 - rule Rename STM32MP2 RIF Peripheral LTDC RIF.RISUP.LTDC_L0L1.Privilege -> RIF.RISUP.LTDC_L1L2.Privilege is applicable
2025-12-15 10:45:14,426 [INFO] Rule:233 - rule Rename STM32MP2 RIF Peripheral LTDC RIF.RISUP.LTDC_L0L1.Lock -> RIF.RISUP.LTDC_L1L2.Lock is applicable
2025-12-15 10:45:14,426 [INFO] Rule:233 - rule Rename STM32MP2 RIF Peripheral LTDC RIF.RISUP.LTDC_L2.Lock -> RIF.RISUP.LTDC_L3.Lock is applicable
2025-12-15 10:45:14,426 [INFO] Rule:233 - rule Adapt the old IOC example for updating the SYS when it is misconfigured. is applicable
2025-12-15 10:45:14,426 [INFO] Rule:233 - rule Rename STM32C09 Mcu.Package LQFP64 -> LQFP48 is applicable
2025-12-15 10:45:14,426 [INFO] Rule:233 - rule Adapt the old IOC example for updating the SYS when it is misconfigured. is applicable
2025-12-15 10:45:14,426 [INFO] Rule:233 - rule Adapt the old IOC example for updating the SYS when it is misconfigured. is applicable
2025-12-15 10:45:14,431 [INFO] DbConfProperties:307 - Apply Compatibility (4/20 Rules)
2025-12-15 10:45:14,440 [INFO] ImportTextPane:234 - (OptionalMessage_ERROR) Pin16 (VP_RIF_VS_RIF1) cannot be retrieved for this MCU
2025-12-15 10:45:14,579 [INFO] RtosManager:558 - Registered RTOS mode: class=CMSIS, group=RTOS, mode=CMSIS_V1, owner=FREERTOS
2025-12-15 10:45:14,579 [INFO] RtosManager:558 - Registered RTOS mode: class=CMSIS, group=RTOS2, mode=CMSIS_V2, owner=FREERTOS
2025-12-15 10:45:14,579 [INFO] RtosManager:558 - Registered RTOS mode: class=RTOS, group=Core, mode=CMSIS_V1, owner=FREERTOS
2025-12-15 10:45:14,579 [INFO] RtosManager:558 - Registered RTOS mode: class=RTOS, group=Core, mode=CMSIS_V2, owner=FREERTOS
2025-12-15 10:45:14,579 [WARN] ModelIntegratedComponent:184 - Missing modes for component STMicroelectronics:FreeRTOS:0.0.1:STMicroelectronics:RTOS:FreeRTOS:Core:::10.2.0:
2025-12-15 10:45:14,588 [WARN] ModelIntegratedComponent:63 - No mode defined for component null
2025-12-15 10:45:14,588 [WARN] ModelIntegratedComponent:63 - No mode defined for component null
2025-12-15 10:45:14,588 [WARN] ModelIntegratedComponent:63 - No mode defined for component null
2025-12-15 10:45:14,588 [WARN] ModelIntegratedComponent:63 - No mode defined for component null
2025-12-15 10:45:14,588 [WARN] ModelIntegratedComponent:63 - No mode defined for component null
2025-12-15 10:45:14,588 [WARN] ModelIntegratedComponent:63 - No mode defined for component null
2025-12-15 10:45:14,588 [WARN] ModelIntegratedComponent:63 - No mode defined for component null
2025-12-15 10:45:14,588 [WARN] ModelIntegratedComponent:63 - No mode defined for component null
2025-12-15 10:45:14,588 [WARN] ModelIntegratedComponent:63 - No mode defined for component null
2025-12-15 10:45:14,588 [WARN] ModelIntegratedComponent:63 - No mode defined for component null
2025-12-15 10:45:14,588 [WARN] ModelIntegratedComponent:63 - No mode defined for component null
2025-12-15 10:45:14,588 [WARN] ModelIntegratedComponent:63 - No mode defined for component null
2025-12-15 10:45:14,588 [WARN] ModelIntegratedComponent:63 - No mode defined for component null
2025-12-15 10:45:14,588 [WARN] ModelIntegratedComponent:63 - No mode defined for component null
2025-12-15 10:45:14,588 [WARN] ModelIntegratedComponent:63 - No mode defined for component null
2025-12-15 10:45:14,588 [WARN] ModelIntegratedComponent:63 - No mode defined for component null
2025-12-15 10:45:14,588 [WARN] ModelIntegratedComponent:63 - No mode defined for component null
2025-12-15 10:45:14,588 [WARN] ModelIntegratedComponent:63 - No mode defined for component null
2025-12-15 10:45:14,588 [WARN] ModelIntegratedComponent:63 - No mode defined for component null
2025-12-15 10:45:14,588 [WARN] ModelIntegratedComponent:63 - No mode defined for component null
2025-12-15 10:45:14,588 [WARN] ModelIntegratedComponent:63 - No mode defined for component null
2025-12-15 10:45:14,588 [WARN] ModelIntegratedComponent:63 - No mode defined for component null
2025-12-15 10:45:14,588 [WARN] ModelIntegratedComponent:63 - No mode defined for component null
2025-12-15 10:45:14,588 [WARN] ModelIntegratedComponent:63 - No mode defined for component null
2025-12-15 10:45:14,588 [WARN] ModelIntegratedComponent:63 - No mode defined for component null
2025-12-15 10:45:14,588 [WARN] ModelIntegratedComponent:63 - No mode defined for component null
2025-12-15 10:45:14,588 [WARN] ModelIntegratedComponent:63 - No mode defined for component null
2025-12-15 10:45:14,588 [WARN] ModelIntegratedComponent:63 - No mode defined for component null
2025-12-15 10:45:14,589 [WARN] ModelIntegratedComponent:63 - No mode defined for component null
2025-12-15 10:45:14,589 [WARN] ModelIntegratedComponent:63 - No mode defined for component null
2025-12-15 10:45:14,589 [WARN] ModelIntegratedComponent:63 - No mode defined for component null
2025-12-15 10:45:14,589 [WARN] ModelIntegratedComponent:63 - No mode defined for component null
2025-12-15 10:45:14,589 [WARN] ModelIntegratedComponent:63 - No mode defined for component null
2025-12-15 10:45:14,589 [WARN] ModelIntegratedComponent:63 - No mode defined for component null
2025-12-15 10:45:14,589 [WARN] ModelIntegratedComponent:63 - No mode defined for component null
2025-12-15 10:45:14,589 [WARN] ModelPack:524 - Component already loaded: STMicroelectronics:HAL Drivers:0.0.0:STMicroelectronics:Device:STMicro_Driver:XSPI:HAL::0.0.1:HAL_XSPI
2025-12-15 10:45:14,603 [INFO] ThirdPartyModel:298 - Start build external matchings
2025-12-15 10:45:14,927 [INFO] ThirdPartyModel:316 - End build external matchings
2025-12-15 10:45:14,940 [INFO] ImportTextPane:234 - (OptionalMessage_ERROR) IP (RCC) : Invalid parameter (FamilyName)
2025-12-15 10:45:14,942 [INFO] ImportTextPane:234 - (OptionalMessage_ERROR) IP (RCC) : Parameter (USBFreq_Value) has invalid value (4000000)
2025-12-15 10:45:15,154 [INFO] UtilMem:75 - End LoadConfig() Used Memory: 933806096 Bytes (1073741824)
2025-12-15 10:45:15,223 [WARN] ThirdParty:833 - waiting for thirdparty lock release [change project]
2025-12-15 10:45:15,224 [INFO] ThirdParty:835 - entering critical section [change project]
2025-12-15 10:45:15,224 [INFO] ThirdParty:1030 - CMSIS Pack Vendor :STMicroelectronics X-CUBE-PM33A1 1.0.0
2025-12-15 10:45:15,224 [INFO] ThirdParty:1030 - CMSIS Pack Vendor :STMicroelectronics USBPD 4.1
2025-12-15 10:45:15,224 [INFO] ThirdParty:1030 - CMSIS Pack Vendor :STMicroelectronics X-CUBE-NFC9 1.0.0
2025-12-15 10:45:15,224 [INFO] ThirdParty:1030 - CMSIS Pack Vendor :STMicroelectronics USB_HOST 2.0.0
2025-12-15 10:45:15,224 [INFO] ThirdParty:1030 - CMSIS Pack Vendor :STMicroelectronics FP-SNS-MOTENVWB1 1.4.0
2025-12-15 10:45:15,224 [INFO] ThirdParty:1030 - CMSIS Pack Vendor :STMicroelectronics X-CUBE-AZRTOS-F4 1.1.0
2025-12-15 10:45:15,224 [INFO] ThirdParty:1030 - CMSIS Pack Vendor :STMicroelectronics LIBJPEG 8.0.0
2025-12-15 10:45:15,224 [INFO] ThirdParty:1030 - CMSIS Pack Vendor :STMicroelectronics FP-ATR-ASTRA1 2.0.2
2025-12-15 10:45:15,224 [INFO] ThirdParty:1030 - CMSIS Pack Vendor :STMicroelectronics X-CUBE-BLE1 7.1.0
2025-12-15 10:45:15,224 [INFO] ThirdParty:1030 - CMSIS Pack Vendor :STMicroelectronics X-CUBE-SMBUS 2.1.0
2025-12-15 10:45:15,224 [INFO] ThirdParty:1030 - CMSIS Pack Vendor :wolfSSL I-CUBE-wolfMQTT 1.19.2
2025-12-15 10:45:15,224 [INFO] ThirdParty:1030 - CMSIS Pack Vendor :STMicroelectronics USB_DEVICE 3.0.0
2025-12-15 10:45:15,224 [INFO] ThirdParty:1030 - CMSIS Pack Vendor :STMicroelectronics X-CUBE-ISPU 2.1.0
2025-12-15 10:45:15,224 [INFO] ThirdParty:1030 - CMSIS Pack Vendor :STMicroelectronics X-CUBE-FREERTOS 1.4.0
2025-12-15 10:45:15,224 [INFO] ThirdParty:1030 - CMSIS Pack Vendor :STMicroelectronics X-CUBE-EEPRMA1 5.2.0
2025-12-15 10:45:15,224 [INFO] ThirdParty:1030 - CMSIS Pack Vendor :STMicroelectronics X-CUBE-IPS 3.2.0
2025-12-15 10:45:15,225 [INFO] ThirdParty:1030 - CMSIS Pack Vendor :STMicroelectronics X-CUBE-BLEMGR 4.1.0
2025-12-15 10:45:15,225 [INFO] ThirdParty:1030 - CMSIS Pack Vendor :STMicroelectronics X-CUBE-AZRTOS-WB 2.0.0
2025-12-15 10:45:15,225 [INFO] ThirdParty:1030 - CMSIS Pack Vendor :wolfSSL I-CUBE-wolfSSL 5.8.4
2025-12-15 10:45:15,225 [INFO] ThirdParty:1030 - CMSIS Pack Vendor :Cesanta I-CUBE-Mongoose 7.20.0
2025-12-15 10:45:15,225 [INFO] ThirdParty:1030 - CMSIS Pack Vendor :STMicroelectronics X-CUBE-NFC12 1.0.0
2025-12-15 10:45:15,225 [INFO] ThirdParty:1030 - CMSIS Pack Vendor :STMicroelectronics X-CUBE-AZRTOS-F7 1.1.0
2025-12-15 10:45:15,225 [INFO] ThirdParty:1030 - CMSIS Pack Vendor :STMicroelectronics X-CUBE-AZRTOS-L5 2.0.0
2025-12-15 10:45:15,225 [INFO] ThirdParty:1030 - CMSIS Pack Vendor :STMicroelectronics USB_DEVICE 2.0.0
2025-12-15 10:45:15,225 [INFO] ThirdParty:1030 - CMSIS Pack Vendor :STMicroelectronics X-CUBE-NFC6 3.1.0
2025-12-15 10:45:15,225 [INFO] ThirdParty:1030 - CMSIS Pack Vendor :STMicroelectronics X-CUBE-ST67W61 1.1.0
2025-12-15 10:45:15,225 [INFO] ThirdParty:1030 - CMSIS Pack Vendor :quantropi X-CUBE-qispace-sdk-base 2.1.0
2025-12-15 10:45:15,225 [INFO] ThirdParty:1030 - CMSIS Pack Vendor :STMicroelectronics X-CUBE-MEMS1 12.0.0
2025-12-15 10:45:15,225 [INFO] ThirdParty:1030 - CMSIS Pack Vendor :STMicroelectronics FP-SNS-MOTENV1 5.1.0
2025-12-15 10:45:15,225 [INFO] ThirdParty:1030 - CMSIS Pack Vendor :STMicroelectronics FreeRTOS 0.0.1
2025-12-15 10:45:15,225 [INFO] ThirdParty:1030 - CMSIS Pack Vendor :STMicroelectronics X-CUBE-AZRTOS-G0 1.1.0
2025-12-15 10:45:15,225 [INFO] ThirdParty:1030 - CMSIS Pack Vendor :STMicroelectronics X-CUBE-NFC4 3.0.0
2025-12-15 10:45:15,225 [INFO] ThirdParty:1030 - CMSIS Pack Vendor :STMicroelectronics X-CUBE-SUBG2 5.0.0
2025-12-15 10:45:15,225 [INFO] ThirdParty:1030 - CMSIS Pack Vendor :STMicroelectronics STM32_WPAN 1.0.0
2025-12-15 10:45:15,225 [INFO] ThirdParty:1030 - CMSIS Pack Vendor :EmbeddedOffice I-CUBE-FS-RTOS 1.0.1
2025-12-15 10:45:15,225 [INFO] ThirdParty:1030 - CMSIS Pack Vendor :STMicroelectronics lwIP 2.0.3
2025-12-15 10:45:15,225 [INFO] ThirdParty:1030 - CMSIS Pack Vendor :WES I-CUBE-Cesium 1.4.0
2025-12-15 10:45:15,225 [INFO] ThirdParty:1030 - CMSIS Pack Vendor :STMicroelectronics USB_HOST 1.0.0
2025-12-15 10:45:15,225 [INFO] ThirdParty:1030 - CMSIS Pack Vendor :STMicroelectronics X-CUBE-AZRTOS-G4 2.0.0
2025-12-15 10:45:15,225 [INFO] ThirdParty:1030 - CMSIS Pack Vendor :STMicroelectronics X-CUBE-WB05N 2.0.0
2025-12-15 10:45:15,226 [INFO] ThirdParty:1030 - CMSIS Pack Vendor :STMicroelectronics PDM2PCM 3.1.0
2025-12-15 10:45:15,226 [INFO] ThirdParty:1030 - CMSIS Pack Vendor :STMicroelectronics PDM2PCM 3.3.0
2025-12-15 10:45:15,226 [INFO] ThirdParty:1030 - CMSIS Pack Vendor :wolfSSL I-CUBE-wolfTPM 3.8.0
2025-12-15 10:45:15,226 [INFO] ThirdParty:1030 - CMSIS Pack Vendor :STMicroelectronics X-CUBE-AZRTOS-H7 3.4.0
2025-12-15 10:45:15,226 [INFO] ThirdParty:1030 - CMSIS Pack Vendor :STMicroelectronics X-CUBE-DISPLAY 3.0.0
2025-12-15 10:45:15,226 [INFO] ThirdParty:1030 - CMSIS Pack Vendor :wolfSSL I-CUBE-wolfSSH 1.4.20
2025-12-15 10:45:15,226 [INFO] ThirdParty:1030 - CMSIS Pack Vendor :STMicroelectronics X-CUBE-NFC7 2.0.0
2025-12-15 10:45:15,226 [INFO] ThirdParty:1030 - CMSIS Pack Vendor :STMicroelectronics X-CUBE-TCPP 4.2.0
2025-12-15 10:45:15,226 [INFO] ThirdParty:1030 - CMSIS Pack Vendor :RealThread X-CUBE-RT-Thread_Nano 4.1.1
2025-12-15 10:45:15,226 [INFO] ThirdParty:1030 - CMSIS Pack Vendor :STMicroelectronics FP-ATR-SIGFOX1 3.2.0
2025-12-15 10:45:15,226 [INFO] ThirdParty:1030 - CMSIS Pack Vendor :STMicroelectronics X-CUBE-NFC10 1.0.0
2025-12-15 10:45:15,226 [INFO] ThirdParty:1030 - CMSIS Pack Vendor :STMicroelectronics HAL Drivers 0.0.0
2025-12-15 10:45:15,226 [INFO] ThirdParty:1030 - CMSIS Pack Vendor :STMicroelectronics MBEDTLS 2.16.2
2025-12-15 10:45:15,226 [INFO] ThirdParty:1030 - CMSIS Pack Vendor :STMicroelectronics X-CUBE-ST60 1.1.0
2025-12-15 10:45:15,226 [INFO] ThirdParty:1030 - CMSIS Pack Vendor :STMicroelectronics X-CUBE-ALS 1.0.2
2025-12-15 10:45:15,226 [INFO] ThirdParty:1030 - CMSIS Pack Vendor :emotas I-CUBE-CANOPEN 1.3.0
2025-12-15 10:45:15,226 [INFO] ThirdParty:1030 - CMSIS Pack Vendor :STMicroelectronics MBEDTLS 2.14.1
2025-12-15 10:45:15,226 [INFO] ThirdParty:1030 - CMSIS Pack Vendor :STMicroelectronics X-CUBE-GNSS1 7.1.0
2025-12-15 10:45:15,226 [INFO] ThirdParty:1030 - CMSIS Pack Vendor :ITTIA_DB I-CUBE-ITTIADB 8.9.0
2025-12-15 10:45:15,226 [INFO] ThirdParty:1030 - CMSIS Pack Vendor :STMicroelectronics X-CUBE-TOUCHGFX 4.26.0
2025-12-15 10:45:15,226 [INFO] ThirdParty:1030 - CMSIS Pack Vendor :STMicroelectronics X-CUBE-STSE01 1.0.0
2025-12-15 10:45:15,226 [INFO] ThirdParty:1030 - CMSIS Pack Vendor :STMicroelectronics FP-SNS-STBOX1 2.1.0
2025-12-15 10:45:15,226 [INFO] ThirdParty:1030 - CMSIS Pack Vendor :STMicroelectronics X-CUBE-AI 10.2.0
2025-12-15 10:45:15,226 [INFO] ThirdParty:1030 - CMSIS Pack Vendor :STMicroelectronics FP-SNS-STAIOTCFT 1.0.0
2025-12-15 10:45:15,226 [INFO] ThirdParty:1030 - CMSIS Pack Vendor :STMicroelectronics ThreadX 1.0.0
2025-12-15 10:45:15,226 [INFO] ThirdParty:1030 - CMSIS Pack Vendor :STMicroelectronics FP-SNS-SMARTAG2 1.2.0
2025-12-15 10:45:15,226 [INFO] ThirdParty:1030 - CMSIS Pack Vendor :STMicroelectronics FP-SNS-FLIGHT1 5.1.0
2025-12-15 10:45:15,226 [INFO] ThirdParty:1030 - CMSIS Pack Vendor :STMicroelectronics X-CUBE-AZRTOS-WL 2.0.0
2025-12-15 10:45:15,226 [INFO] ThirdParty:1030 - CMSIS Pack Vendor :SEGGER I-CUBE-embOS 1.3.1
2025-12-15 10:45:15,226 [INFO] ThirdParty:1030 - CMSIS Pack Vendor :STMicroelectronics X-CUBE-ALGOBUILD 1.4.0
2025-12-15 10:45:15,226 [INFO] ThirdParty:1030 - CMSIS Pack Vendor :STMicroelectronics X-CUBE-DPower 1.3.0
2025-12-15 10:45:15,226 [INFO] ThirdParty:1030 - CMSIS Pack Vendor :STMicroelectronics USB_DEVICE 1.0.0
2025-12-15 10:45:15,226 [INFO] ThirdParty:1030 - CMSIS Pack Vendor :STMicroelectronics X-CUBE-AZRTOS-H7RS 1.2.0
2025-12-15 10:45:15,226 [INFO] ThirdParty:1030 - CMSIS Pack Vendor :STMicroelectronics X-CUBE-AZRTOS-L4 2.0.0
2025-12-15 10:45:15,226 [INFO] ThirdParty:1030 - CMSIS Pack Vendor :STMicroelectronics ThreadX 0.0.2
2025-12-15 10:45:15,226 [INFO] ThirdParty:1030 - CMSIS Pack Vendor :STMicroelectronics lwIP 2.1.2
2025-12-15 10:45:15,226 [INFO] ThirdParty:1030 - CMSIS Pack Vendor :STMicroelectronics X-CUBE-SFXS2LP1 4.0.0
2025-12-15 10:45:15,228 [INFO] ThirdParty:1030 - CMSIS Pack Vendor :STMicroelectronics X-CUBE-BLE2 3.3.0
2025-12-15 10:45:15,228 [INFO] ThirdParty:1030 - CMSIS Pack Vendor :Avnet-IOTCONNECT X-CUBE-iotc-st67-sdk 1.0.0
2025-12-15 10:45:15,228 [INFO] ThirdParty:1030 - CMSIS Pack Vendor :STMicroelectronics X-CUBE-TOF1 3.4.3
2025-12-15 10:45:15,228 [INFO] ThirdParty:1030 - CMSIS Pack Vendor :Infineon AIROC-Wi-Fi-Bluetooth-STM32 1.8.0
2025-12-15 10:45:15,228 [INFO] ThirdParty:1030 - CMSIS Pack Vendor :STMicroelectronics PDM2PCM 3.2.0
2025-12-15 10:45:15,228 [INFO] ThirdParty:841 - exiting critical section [change project]
2025-12-15 10:45:15,351 [INFO] PinOutPanel:1589 - setPackage(No Configuration,No Configuration)
2025-12-15 10:45:15,352 [INFO] PinOutPanel:1589 - setPackage(STM32L412RBTxP,LQFP64)
2025-12-15 10:45:15,657 [INFO] UtilMem:75 - Before build in PCC Used Memory: 874238688 Bytes (1073741824)
2025-12-15 10:45:15,932 [INFO] UtilMem:75 - After build in PCC Used Memory: 967035616 Bytes (1073741824)
2025-12-15 10:45:15,950 [INFO] IPUIPlugin:80 - create IPUIPlugin
2025-12-15 10:45:15,951 [INFO] IPUIPlugin:80 - create IPUIPlugin
2025-12-15 10:45:15,951 [INFO] IPUIPlugin:80 - create IPUIPlugin
2025-12-15 10:45:15,951 [INFO] IPUIPlugin:80 - create IPUIPlugin
2025-12-15 10:45:15,951 [INFO] IPUIPlugin:80 - create IPUIPlugin
2025-12-15 10:45:15,951 [INFO] IPUIPlugin:80 - create IPUIPlugin
2025-12-15 10:45:15,951 [INFO] IPUIPlugin:80 - create IPUIPlugin
2025-12-15 10:45:15,951 [INFO] IPUIPlugin:80 - create IPUIPlugin
2025-12-15 10:45:15,951 [INFO] IPUIPlugin:80 - create IPUIPlugin
2025-12-15 10:45:15,951 [INFO] IPUIPlugin:80 - create IPUIPlugin
2025-12-15 10:45:15,951 [INFO] IPUIPlugin:80 - create IPUIPlugin
2025-12-15 10:45:15,951 [INFO] IPUIPlugin:80 - create IPUIPlugin
2025-12-15 10:45:15,951 [INFO] IPUIPlugin:80 - create IPUIPlugin
2025-12-15 10:45:15,951 [INFO] IPUIPlugin:80 - create IPUIPlugin
2025-12-15 10:45:15,951 [INFO] IPUIPlugin:80 - create IPUIPlugin
2025-12-15 10:45:15,952 [INFO] IPUIPlugin:80 - create IPUIPlugin
2025-12-15 10:45:15,952 [INFO] IPUIPlugin:80 - create IPUIPlugin
2025-12-15 10:45:15,952 [INFO] IPUIPlugin:80 - create IPUIPlugin
2025-12-15 10:45:15,952 [INFO] IPUIPlugin:80 - create IPUIPlugin
2025-12-15 10:45:15,952 [INFO] IPUIPlugin:80 - create IPUIPlugin
2025-12-15 10:45:15,952 [INFO] IPUIPlugin:80 - create IPUIPlugin
2025-12-15 10:45:15,952 [INFO] IPUIPlugin:80 - create IPUIPlugin
2025-12-15 10:45:15,952 [INFO] IPUIPlugin:80 - create IPUIPlugin
2025-12-15 10:45:15,952 [INFO] IPUIPlugin:80 - create IPUIPlugin
2025-12-15 10:45:15,952 [INFO] IPUIPlugin:80 - create IPUIPlugin
2025-12-15 10:45:15,952 [INFO] IPUIPlugin:80 - create IPUIPlugin
2025-12-15 10:45:15,953 [INFO] IPUIPlugin:80 - create IPUIPlugin
2025-12-15 10:45:15,953 [INFO] IPUIPlugin:80 - create IPUIPlugin
2025-12-15 10:45:15,953 [INFO] IPUIPlugin:80 - create IPUIPlugin
2025-12-15 10:45:15,953 [INFO] IPUIPlugin:80 - create IPUIPlugin
2025-12-15 10:45:15,953 [INFO] IPUIPlugin:80 - create IPUIPlugin
2025-12-15 10:45:15,953 [INFO] IPUIPlugin:80 - create IPUIPlugin
2025-12-15 10:45:15,953 [INFO] IPUIPlugin:80 - create IPUIPlugin
2025-12-15 10:45:15,953 [INFO] IPUIPlugin:80 - create IPUIPlugin
2025-12-15 10:45:15,954 [INFO] IPUIPlugin:80 - create IPUIPlugin
2025-12-15 10:45:15,954 [INFO] IPUIPlugin:80 - create IPUIPlugin
2025-12-15 10:45:15,954 [INFO] IPUIPlugin:80 - create IPUIPlugin
2025-12-15 10:45:15,954 [INFO] IPUIPlugin:80 - create IPUIPlugin
2025-12-15 10:45:16,000 [INFO] CADModel:165 - CPN selected for project levelSTM32L412RBT6P
2025-12-15 10:45:16,001 [INFO] CADModel:114 - Register for checkConnection events
2025-12-15 10:45:16,054 [INFO] OpenFileManager:386 - Restore cursor
2025-12-15 10:45:16,463 [INFO] UtilMem:75 - End SaveConfig() Used Memory: 903887224 Bytes (1073741824)
2025-12-15 10:45:16,534 [INFO] UtilMem:75 - End SaveConfig() Used Memory: 919737888 Bytes (1073741824)
2025-12-15 10:45:16,809 [INFO] BlockDiagram:2775 - set Specific Code input for plugin: NVIC
2025-12-15 10:45:16,809 [INFO] BlockDiagram:2775 - set Specific Code input for plugin: USART
2025-12-15 10:45:16,809 [INFO] BlockDiagram:2775 - set Specific Code input for plugin: SYS
2025-12-15 10:45:16,810 [INFO] BlockDiagram:2775 - set Specific Code input for plugin: GPIO
2025-12-15 10:45:16,810 [INFO] BlockDiagram:2775 - set Specific Code input for plugin: RCC
2025-12-15 10:45:16,811 [INFO] CodeGenerator:892 - code generatio: config db path: C:\ST\STM32CubeIDE_1.19.0\STM32CubeIDE\plugins\com.st.stm32cube.common.mx_6.15.0.202507011659\\db\
2025-12-15 10:45:16,897 [INFO] CodeEngine:265 - oldGeneratedFile, C:\Users\CAMMSYS\STM32CubeIDE\workspace_1.19.0\L412_test_v5\MXTmpFiles\license.tmp_save
2025-12-15 10:45:17,064 [INFO] CodeEngine:289 - Generated code: C:\Users\CAMMSYS\STM32CubeIDE\workspace_1.19.0\L412_test_v5\MXTmpFiles\license.tmp
2025-12-15 10:45:17,112 [INFO] CodeEngine:265 - oldGeneratedFile, C:\Users\CAMMSYS\STM32CubeIDE\workspace_1.19.0\L412_test_v5\MXTmpFiles\gpio.tmp_save
2025-12-15 10:45:17,211 [INFO] CodeEngine:289 - Generated code: C:\Users\CAMMSYS\STM32CubeIDE\workspace_1.19.0\L412_test_v5\MXTmpFiles\gpio.tmp
2025-12-15 10:45:17,276 [INFO] CodeEngine:265 - oldGeneratedFile, C:\Users\CAMMSYS\STM32CubeIDE\workspace_1.19.0\L412_test_v5\Core\Src\stm32l4xx_it.c_save
2025-12-15 10:45:17,503 [INFO] CodeEngine:289 - Generated code: C:\Users\CAMMSYS\STM32CubeIDE\workspace_1.19.0\L412_test_v5\Core\Src\stm32l4xx_it.c
2025-12-15 10:45:17,513 [INFO] CodeEngine:265 - oldGeneratedFile, C:\Users\CAMMSYS\STM32CubeIDE\workspace_1.19.0\L412_test_v5\Core\Inc\stm32l4xx_it.h_save
2025-12-15 10:45:17,613 [INFO] CodeEngine:289 - Generated code: C:\Users\CAMMSYS\STM32CubeIDE\workspace_1.19.0\L412_test_v5\Core\Inc\stm32l4xx_it.h
2025-12-15 10:45:17,632 [INFO] CodeEngine:265 - oldGeneratedFile, C:\Users\CAMMSYS\STM32CubeIDE\workspace_1.19.0\L412_test_v5\Core\Src\stm32l4xx_hal_msp.c_save
2025-12-15 10:45:17,753 [INFO] CodeEngine:289 - Generated code: C:\Users\CAMMSYS\STM32CubeIDE\workspace_1.19.0\L412_test_v5\Core\Src\stm32l4xx_hal_msp.c
2025-12-15 10:45:17,761 [INFO] CodeEngine:265 - oldGeneratedFile, C:\Users\CAMMSYS\STM32CubeIDE\workspace_1.19.0\L412_test_v5\MXTmpFiles\system.tmp_save
2025-12-15 10:45:17,803 [INFO] CodeEngine:289 - Generated code: C:\Users\CAMMSYS\STM32CubeIDE\workspace_1.19.0\L412_test_v5\MXTmpFiles\system.tmp
2025-12-15 10:45:17,819 [INFO] CodeEngine:321 - oldGeneratedFile, C:\Users\CAMMSYS\STM32CubeIDE\workspace_1.19.0\L412_test_v5\Core\Inc\stm32l4xx_hal_conf.h_save
2025-12-15 10:45:17,872 [INFO] CodeEngine:345 - Generated code: C:\Users\CAMMSYS\STM32CubeIDE\workspace_1.19.0\L412_test_v5\Core\Inc\stm32l4xx_hal_conf.h
2025-12-15 10:45:17,902 [INFO] ApiDbMcu:532 - Load IP Config File for USART2
2025-12-15 10:45:17,905 [INFO] ApiDbMcu:532 - Load IP Config File for RCC
2025-12-15 10:45:17,920 [INFO] CodeEngine:265 - oldGeneratedFile, C:\Users\CAMMSYS\STM32CubeIDE\workspace_1.19.0\L412_test_v5\Core\Inc\main.h_save
2025-12-15 10:45:17,994 [INFO] CodeEngine:289 - Generated code: C:\Users\CAMMSYS\STM32CubeIDE\workspace_1.19.0\L412_test_v5\Core\Inc\main.h
2025-12-15 10:45:18,000 [INFO] CodeEngine:265 - oldGeneratedFile, C:\Users\CAMMSYS\STM32CubeIDE\workspace_1.19.0\L412_test_v5\Core\Src\main.c_save
2025-12-15 10:45:18,068 [INFO] CodeEngine:289 - Generated code: C:\Users\CAMMSYS\STM32CubeIDE\workspace_1.19.0\L412_test_v5\Core\Src\main.c
2025-12-15 10:45:18,344 [INFO] ProjectBuilder:3606 - Time for Copy HAL[1] : 168mS.
2025-12-15 10:45:18,348 [INFO] ProjectBuilder:5216 - Project Generator version: 4.7.0-B52
2025-12-15 10:45:18,394 [INFO] ConfigFileManager:1595 - The Die is : DIE464
2025-12-15 10:45:18,396 [INFO] ApiDbMcu:532 - Load IP Config File for FATFS
2025-12-15 10:45:18,400 [INFO] ApiDbMcu:532 - Load IP Config File for FREERTOS
2025-12-15 10:45:18,407 [INFO] ApiDbMcu:532 - Load IP Config File for TOUCHSENSING
2025-12-15 10:45:18,411 [INFO] ApiDbMcu:532 - Load IP Config File for USB_DEVICE
2025-12-15 10:45:22,222 [INFO] ProjectBuilder:5496 - Time for Generating toolchain IDE Files: 3874mS.
2025-12-15 10:45:22,223 [INFO] ProjectBuilder:3463 - Time for Copy CMSIS : 1mS.
2025-12-15 10:45:22,225 [INFO] ProjectBuilder:3463 - Time for Copy CMSIS : 0mS.
2025-12-15 10:45:23,086 [INFO] McuFinderGlobals:76 - Set McuFinderConnectedMode to true
2025-12-15 10:45:23,089 [INFO] ApiDb:448 - Save user favorites file C:\Users\CAMMSYS/.stm32cubeide/favorites.mcus.txt: 0 item(s)
2025-12-15 10:45:23,089 [INFO] ApiDb:452 - User favorites MCUs=[]
2025-12-15 10:45:23,091 [INFO] ApiDb:448 - Save user favorites file C:\Users\CAMMSYS/.stm32cubeide/favorites.boards.txt: 0 item(s)
2025-12-15 10:45:23,091 [INFO] ApiDb:452 - User favorites Boards=[]
2025-12-15 10:46:11,438 [ERROR] LogOutputStream:75 - [STDERR_REDIRECT] Exception in thread "AWT-EventQueue-0" java.awt.IllegalComponentStateException: component must be showing on the screen to determine its location
2025-12-15 10:46:11,440 [ERROR] LogOutputStream:75 - [STDERR_REDIRECT] 	at java.desktop/java.awt.Component.getLocationOnScreen_NoTreeLock(Component.java:2113)
2025-12-15 10:46:11,442 [ERROR] LogOutputStream:75 - [STDERR_REDIRECT] 	at java.desktop/java.awt.Component.getLocationOnScreen(Component.java:2087)
2025-12-15 10:46:11,443 [ERROR] LogOutputStream:75 - [STDERR_REDIRECT] 	at java.desktop/javax.swing.JPopupMenu.show(JPopupMenu.java:982)
2025-12-15 10:46:11,444 [ERROR] LogOutputStream:75 - [STDERR_REDIRECT] 	at java.desktop/javax.swing.plaf.basic.BasicComboPopup.show(BasicComboPopup.java:235)
2025-12-15 10:46:11,445 [ERROR] LogOutputStream:75 - [STDERR_REDIRECT] 	at java.desktop/javax.swing.plaf.basic.BasicComboPopup.togglePopup(BasicComboPopup.java:1265)
2025-12-15 10:46:11,447 [ERROR] LogOutputStream:75 - [STDERR_REDIRECT] 	at java.desktop/javax.swing.plaf.basic.BasicComboPopup$Handler.mousePressed(BasicComboPopup.java:936)
2025-12-15 10:46:11,448 [ERROR] LogOutputStream:75 - [STDERR_REDIRECT] 	at java.desktop/java.awt.AWTEventMulticaster.mousePressed(AWTEventMulticaster.java:287)
2025-12-15 10:46:11,449 [ERROR] LogOutputStream:75 - [STDERR_REDIRECT] 	at java.desktop/java.awt.Component.processMouseEvent(Component.java:6618)
2025-12-15 10:46:11,450 [ERROR] LogOutputStream:75 - [STDERR_REDIRECT] 	at java.desktop/javax.swing.JComponent.processMouseEvent(JComponent.java:3398)
2025-12-15 10:46:11,451 [ERROR] LogOutputStream:75 - [STDERR_REDIRECT] 	at java.desktop/java.awt.Component.processEvent(Component.java:6386)
2025-12-15 10:46:11,452 [ERROR] LogOutputStream:75 - [STDERR_REDIRECT] 	at java.desktop/java.awt.Container.processEvent(Container.java:2266)
2025-12-15 10:46:11,453 [ERROR] LogOutputStream:75 - [STDERR_REDIRECT] 	at java.desktop/java.awt.Component.dispatchEventImpl(Component.java:4996)
2025-12-15 10:46:11,454 [ERROR] LogOutputStream:75 - [STDERR_REDIRECT] 	at java.desktop/java.awt.Container.dispatchEventImpl(Container.java:2324)
2025-12-15 10:46:11,455 [ERROR] LogOutputStream:75 - [STDERR_REDIRECT] 	at java.desktop/java.awt.Component.dispatchEvent(Component.java:4828)
2025-12-15 10:46:11,456 [ERROR] LogOutputStream:75 - [STDERR_REDIRECT] 	at java.desktop/javax.swing.plaf.basic.BasicTableUI$Handler.repostEvent(BasicTableUI.java:978)
2025-12-15 10:46:11,457 [ERROR] LogOutputStream:75 - [STDERR_REDIRECT] 	at java.desktop/javax.swing.plaf.basic.BasicTableUI$Handler.adjustSelection(BasicTableUI.java:1140)
2025-12-15 10:46:11,458 [ERROR] LogOutputStream:75 - [STDERR_REDIRECT] 	at java.desktop/javax.swing.plaf.basic.BasicTableUI$Handler.mousePressed(BasicTableUI.java:1068)
2025-12-15 10:46:11,459 [ERROR] LogOutputStream:75 - [STDERR_REDIRECT] 	at java.desktop/java.awt.AWTEventMulticaster.mousePressed(AWTEventMulticaster.java:288)
2025-12-15 10:46:11,460 [ERROR] LogOutputStream:75 - [STDERR_REDIRECT] 	at java.desktop/java.awt.AWTEventMulticaster.mousePressed(AWTEventMulticaster.java:287)
2025-12-15 10:46:11,461 [ERROR] LogOutputStream:75 - [STDERR_REDIRECT] 	at java.desktop/java.awt.AWTEventMulticaster.mousePressed(AWTEventMulticaster.java:287)
2025-12-15 10:46:11,462 [ERROR] LogOutputStream:75 - [STDERR_REDIRECT] 	at java.desktop/java.awt.AWTEventMulticaster.mousePressed(AWTEventMulticaster.java:287)
2025-12-15 10:46:11,463 [ERROR] LogOutputStream:75 - [STDERR_REDIRECT] 	at java.desktop/java.awt.Component.processMouseEvent(Component.java:6618)
2025-12-15 10:46:11,464 [ERROR] LogOutputStream:75 - [STDERR_REDIRECT] 	at java.desktop/javax.swing.JComponent.processMouseEvent(JComponent.java:3398)
2025-12-15 10:46:11,465 [ERROR] LogOutputStream:75 - [STDERR_REDIRECT] 	at java.desktop/java.awt.Component.processEvent(Component.java:6386)
2025-12-15 10:46:11,466 [ERROR] LogOutputStream:75 - [STDERR_REDIRECT] 	at java.desktop/java.awt.Container.processEvent(Container.java:2266)
2025-12-15 10:46:11,467 [ERROR] LogOutputStream:75 - [STDERR_REDIRECT] 	at java.desktop/java.awt.Component.dispatchEventImpl(Component.java:4996)
2025-12-15 10:46:11,468 [ERROR] LogOutputStream:75 - [STDERR_REDIRECT] 	at java.desktop/java.awt.Container.dispatchEventImpl(Container.java:2324)
2025-12-15 10:46:11,469 [ERROR] LogOutputStream:75 - [STDERR_REDIRECT] 	at java.desktop/java.awt.Component.dispatchEvent(Component.java:4828)
2025-12-15 10:46:11,471 [ERROR] LogOutputStream:75 - [STDERR_REDIRECT] 	at java.desktop/java.awt.LightweightDispatcher.retargetMouseEvent(Container.java:4948)
2025-12-15 10:46:11,473 [ERROR] LogOutputStream:75 - [STDERR_REDIRECT] 	at java.desktop/java.awt.LightweightDispatcher.processMouseEvent(Container.java:4572)
2025-12-15 10:46:11,474 [ERROR] LogOutputStream:75 - [STDERR_REDIRECT] 	at java.desktop/java.awt.LightweightDispatcher.dispatchEvent(Container.java:4516)
2025-12-15 10:46:11,475 [ERROR] LogOutputStream:75 - [STDERR_REDIRECT] 	at java.desktop/java.awt.Container.dispatchEventImpl(Container.java:2310)
2025-12-15 10:46:11,476 [ERROR] LogOutputStream:75 - [STDERR_REDIRECT] 	at java.desktop/java.awt.Component.dispatchEvent(Component.java:4828)
2025-12-15 10:46:11,477 [ERROR] LogOutputStream:75 - [STDERR_REDIRECT] 	at java.desktop/java.awt.EventQueue.dispatchEventImpl(EventQueue.java:775)
2025-12-15 10:46:11,477 [ERROR] LogOutputStream:75 - [STDERR_REDIRECT] 	at java.desktop/java.awt.EventQueue$4.run(EventQueue.java:720)
2025-12-15 10:46:11,478 [ERROR] LogOutputStream:75 - [STDERR_REDIRECT] 	at java.desktop/java.awt.EventQueue$4.run(EventQueue.java:714)
2025-12-15 10:46:11,479 [ERROR] LogOutputStream:75 - [STDERR_REDIRECT] 	at java.base/java.security.AccessController.doPrivileged(AccessController.java:400)
2025-12-15 10:46:11,480 [ERROR] LogOutputStream:75 - [STDERR_REDIRECT] 	at java.base/java.security.ProtectionDomain$JavaSecurityAccessImpl.doIntersectionPrivilege(ProtectionDomain.java:87)
2025-12-15 10:46:11,482 [ERROR] LogOutputStream:75 - [STDERR_REDIRECT] 	at java.base/java.security.ProtectionDomain$JavaSecurityAccessImpl.doIntersectionPrivilege(ProtectionDomain.java:98)
2025-12-15 10:46:11,483 [ERROR] LogOutputStream:75 - [STDERR_REDIRECT] 	at java.desktop/java.awt.EventQueue$5.run(EventQueue.java:747)
2025-12-15 10:46:11,484 [ERROR] LogOutputStream:75 - [STDERR_REDIRECT] 	at java.desktop/java.awt.EventQueue$5.run(EventQueue.java:745)
2025-12-15 10:46:11,485 [ERROR] LogOutputStream:75 - [STDERR_REDIRECT] 	at java.base/java.security.AccessController.doPrivileged(AccessController.java:400)
2025-12-15 10:46:11,486 [ERROR] LogOutputStream:75 - [STDERR_REDIRECT] 	at java.base/java.security.ProtectionDomain$JavaSecurityAccessImpl.doIntersectionPrivilege(ProtectionDomain.java:87)
2025-12-15 10:46:11,487 [ERROR] LogOutputStream:75 - [STDERR_REDIRECT] 	at java.desktop/java.awt.EventQueue.dispatchEvent(EventQueue.java:744)
2025-12-15 10:46:11,488 [ERROR] LogOutputStream:75 - [STDERR_REDIRECT] 	at java.desktop/java.awt.EventDispatchThread.pumpOneEventForFilters(EventDispatchThread.java:203)
2025-12-15 10:46:11,489 [ERROR] LogOutputStream:75 - [STDERR_REDIRECT] 	at java.desktop/java.awt.EventDispatchThread.pumpEventsForFilter(EventDispatchThread.java:124)
2025-12-15 10:46:11,490 [ERROR] LogOutputStream:75 - [STDERR_REDIRECT] 	at java.desktop/java.awt.EventDispatchThread.pumpEventsForHierarchy(EventDispatchThread.java:113)
2025-12-15 10:46:11,492 [ERROR] LogOutputStream:75 - [STDERR_REDIRECT] 	at java.desktop/java.awt.EventDispatchThread.pumpEvents(EventDispatchThread.java:109)
2025-12-15 10:46:11,493 [ERROR] LogOutputStream:75 - [STDERR_REDIRECT] 	at java.desktop/java.awt.EventDispatchThread.pumpEvents(EventDispatchThread.java:101)
2025-12-15 10:46:11,493 [ERROR] LogOutputStream:75 - [STDERR_REDIRECT] 	at java.desktop/java.awt.EventDispatchThread.run(EventDispatchThread.java:90)
2025-12-15 10:46:16,358 [INFO] NvicIntPanel:101 - NVIC parent = com.st.microxplorer.plugins.ip.nvic.MultiNvicIntPanel[,0,0,0x0,invalid,layout=javax.swing.BoxLayout,alignmentX=0.0,alignmentY=0.0,border=,flags=9,maximumSize=,minimumSize=,preferredSize=]
2025-12-15 11:00:29,148 [INFO] DmaTabbedPanel:205 - Cannot restore the selected Tab for DMA
2025-12-15 11:00:30,016 [INFO] Gpio:278 - dependency for GPIO [LPUART1, RCC, SYS]
2025-12-15 11:04:58,751 [INFO] Gpio:278 - dependency for GPIO [LPUART1, RCC, SYS]
2025-12-15 11:04:58,913 [INFO] Gpio:278 - dependency for GPIO [LPUART1, RCC, SYS]
2025-12-15 11:04:59,125 [INFO] Gpio:278 - dependency for GPIO [LPUART1, RCC, SYS]
2025-12-15 11:05:12,110 [INFO] Gpio:278 - dependency for GPIO [LPUART1, RCC, SYS]
2025-12-15 11:05:12,258 [INFO] Gpio:278 - dependency for GPIO [LPUART1, RCC, SYS]
2025-12-15 11:05:15,025 [INFO] Gpio:278 - dependency for GPIO [LPUART1, RCC, SYS]
2025-12-15 11:05:15,163 [INFO] Gpio:278 - dependency for GPIO [LPUART1, RCC, SYS]
2025-12-15 11:09:08,591 [INFO] Gpio:278 - dependency for GPIO [LPUART1, RCC, SYS]
2025-12-15 11:09:08,962 [INFO] Gpio:278 - dependency for GPIO [LPUART1, RCC, SYS]
2025-12-15 11:09:15,716 [INFO] Gpio:278 - dependency for GPIO [LPUART1, RCC, SYS]
2025-12-15 11:09:15,823 [INFO] NvicIntPanel:101 - NVIC parent = com.st.microxplorer.plugins.ip.nvic.MultiNvicIntPanel[,0,0,0x0,invalid,layout=javax.swing.BoxLayout,alignmentX=0.0,alignmentY=0.0,border=,flags=9,maximumSize=,minimumSize=,preferredSize=]
2025-12-15 11:09:15,975 [INFO] Gpio:278 - dependency for GPIO [LPUART1, RCC, SYS]
2025-12-15 11:09:16,065 [INFO] NvicIntPanel:101 - NVIC parent = com.st.microxplorer.plugins.ip.nvic.MultiNvicIntPanel[,0,0,0x0,invalid,layout=javax.swing.BoxLayout,alignmentX=0.0,alignmentY=0.0,border=,flags=9,maximumSize=,minimumSize=,preferredSize=]
2025-12-15 11:11:17,354 [INFO] Gpio:278 - dependency for GPIO [LPUART1, RCC, SYS]
2025-12-15 11:11:54,307 [INFO] Gpio:278 - dependency for GPIO [LPUART1, RCC, SYS]
2025-12-15 11:11:54,658 [ERROR] LogOutputStream:75 - [STDERR_REDIRECT] java.lang.Error: no ComponentUI class for: com.st.microxplorer.plugins.ip.nvic.CheckBoxHeader[,0,0,0x0,invalid,alignmentX=0.0,alignmentY=0.0,border=,flags=0,maximumSize=,minimumSize=,preferredSize=,defaultIcon=,disabledIcon=,disabledSelectedIcon=,margin=null,paintBorder=true,paintFocus=true,pressedIcon=,rolloverEnabled=false,rolloverIcon=,rolloverSelectedIcon=,selectedIcon=,text=]
2025-12-15 11:11:54,661 [ERROR] LogOutputStream:75 - [STDERR_REDIRECT] 	at java.desktop/javax.swing.UIDefaults.getUIError(UIDefaults.java:763)
2025-12-15 11:11:54,662 [ERROR] LogOutputStream:75 - [STDERR_REDIRECT] 	at java.desktop/javax.swing.MultiUIDefaults.getUIError(MultiUIDefaults.java:144)
2025-12-15 11:11:54,664 [ERROR] LogOutputStream:75 - [STDERR_REDIRECT] 	at java.desktop/javax.swing.UIDefaults.getUI(UIDefaults.java:793)
2025-12-15 11:11:54,665 [ERROR] LogOutputStream:75 - [STDERR_REDIRECT] 	at java.desktop/javax.swing.UIManager.getUI(UIManager.java:1070)
2025-12-15 11:11:54,667 [ERROR] LogOutputStream:75 - [STDERR_REDIRECT] 	at java.desktop/javax.swing.JCheckBox.updateUI(JCheckBox.java:228)
2025-12-15 11:11:54,669 [ERROR] LogOutputStream:75 - [STDERR_REDIRECT] 	at java.desktop/javax.swing.AbstractButton.init(AbstractButton.java:2141)
2025-12-15 11:11:54,671 [ERROR] LogOutputStream:75 - [STDERR_REDIRECT] 	at java.desktop/javax.swing.JToggleButton.<init>(JToggleButton.java:187)
2025-12-15 11:11:54,672 [ERROR] LogOutputStream:75 - [STDERR_REDIRECT] 	at java.desktop/javax.swing.JCheckBox.<init>(JCheckBox.java:176)
2025-12-15 11:11:54,674 [ERROR] LogOutputStream:75 - [STDERR_REDIRECT] 	at java.desktop/javax.swing.JCheckBox.<init>(JCheckBox.java:97)
2025-12-15 11:11:54,676 [ERROR] LogOutputStream:75 - [STDERR_REDIRECT] 	at com.st.microxplorer.plugins.ip.nvic.CheckBoxHeader.<init>(CheckBoxHeader.java:55)
2025-12-15 11:11:54,678 [ERROR] LogOutputStream:75 - [STDERR_REDIRECT] 	at com.st.microxplorer.plugins.ip.nvic.NvicCodeSelectionTable.<init>(NvicCodeSelectionTable.java:75)
2025-12-15 11:11:54,679 [ERROR] LogOutputStream:75 - [STDERR_REDIRECT] 	at com.st.microxplorer.plugins.ip.nvic.NvicCodePanel.initComponents(NvicCodePanel.java:102)
2025-12-15 11:11:54,681 [ERROR] LogOutputStream:75 - [STDERR_REDIRECT] 	at com.st.microxplorer.plugins.ip.nvic.NvicCodePanel.<init>(NvicCodePanel.java:78)
2025-12-15 11:11:54,682 [ERROR] LogOutputStream:75 - [STDERR_REDIRECT] 	at com.st.microxplorer.plugins.ip.nvic.NvicTabbedPanel.<init>(NvicTabbedPanel.java:57)
2025-12-15 11:11:54,683 [ERROR] LogOutputStream:75 - [STDERR_REDIRECT] 	at com.st.microxplorer.plugins.ip.nvic.Nvic.getUI(Nvic.java:73)
2025-12-15 11:11:54,685 [ERROR] LogOutputStream:75 - [STDERR_REDIRECT] 	at com.st.microxplorer.plugins.ipmanager.gui.BlockDiagram.createIpPanel(BlockDiagram.java:402)
2025-12-15 11:11:54,687 [ERROR] LogOutputStream:75 - [STDERR_REDIRECT] 	at com.st.microxplorer.plugins.ipmanager.gui.BlockDiagram.getIPConfigPanel(BlockDiagram.java:552)
2025-12-15 11:11:54,688 [ERROR] LogOutputStream:75 - [STDERR_REDIRECT] 	at com.st.microxplorer.plugins.ipmanager.gui.BlockDiagram.getIPConfigPanel(BlockDiagram.java:458)
2025-12-15 11:11:54,690 [ERROR] LogOutputStream:75 - [STDERR_REDIRECT] 	at com.st.microxplorer.plugins.ipmanager.gui.BlockDiagram.propertyChange(BlockDiagram.java:1389)
2025-12-15 11:11:54,691 [ERROR] LogOutputStream:75 - [STDERR_REDIRECT] 	at java.desktop/java.beans.PropertyChangeSupport.fire(PropertyChangeSupport.java:343)
2025-12-15 11:11:54,692 [ERROR] LogOutputStream:75 - [STDERR_REDIRECT] 	at java.desktop/java.beans.PropertyChangeSupport.firePropertyChange(PropertyChangeSupport.java:335)
2025-12-15 11:11:54,694 [ERROR] LogOutputStream:75 - [STDERR_REDIRECT] 	at java.desktop/java.beans.PropertyChangeSupport.firePropertyChange(PropertyChangeSupport.java:268)
2025-12-15 11:11:54,695 [ERROR] LogOutputStream:75 - [STDERR_REDIRECT] 	at com.st.microxplorer.util.MXPropertyChangeSupport.firePropertyChange(MXPropertyChangeSupport.java:54)
2025-12-15 11:11:54,696 [ERROR] LogOutputStream:75 - [STDERR_REDIRECT] 	at com.st.microxplorer.mxsystem.MxSystem.firePropertyChange(MxSystem.java:357)
2025-12-15 11:11:54,698 [ERROR] LogOutputStream:75 - [STDERR_REDIRECT] 	at com.st.microxplorer.plugins.pinoutconfig.guiV5.PeripheralsSelectionPanel.selectIP(PeripheralsSelectionPanel.java:409)
2025-12-15 11:11:54,700 [ERROR] LogOutputStream:75 - [STDERR_REDIRECT] 	at com.st.microxplorer.plugins.pinoutconfig.guiV5.PeripheralsListListener.mouseClicked(PeripheralsListListener.java:103)
2025-12-15 11:11:54,701 [ERROR] LogOutputStream:75 - [STDERR_REDIRECT] 	at java.desktop/java.awt.AWTEventMulticaster.mouseClicked(AWTEventMulticaster.java:278)
2025-12-15 11:11:54,703 [ERROR] LogOutputStream:75 - [STDERR_REDIRECT] 	at java.desktop/java.awt.Component.processMouseEvent(Component.java:6624)
2025-12-15 11:11:54,705 [ERROR] LogOutputStream:75 - [STDERR_REDIRECT] 	at java.desktop/javax.swing.JComponent.processMouseEvent(JComponent.java:3398)
2025-12-15 11:11:54,706 [ERROR] LogOutputStream:75 - [STDERR_REDIRECT] 	at java.desktop/java.awt.Component.processEvent(Component.java:6386)
2025-12-15 11:11:54,707 [ERROR] LogOutputStream:75 - [STDERR_REDIRECT] 	at java.desktop/java.awt.Container.processEvent(Container.java:2266)
2025-12-15 11:11:54,708 [ERROR] LogOutputStream:75 - [STDERR_REDIRECT] 	at java.desktop/java.awt.Component.dispatchEventImpl(Component.java:4996)
2025-12-15 11:11:54,709 [ERROR] LogOutputStream:75 - [STDERR_REDIRECT] 	at java.desktop/java.awt.Container.dispatchEventImpl(Container.java:2324)
2025-12-15 11:11:54,711 [ERROR] LogOutputStream:75 - [STDERR_REDIRECT] 	at java.desktop/java.awt.Component.dispatchEvent(Component.java:4828)
2025-12-15 11:11:54,713 [ERROR] LogOutputStream:75 - [STDERR_REDIRECT] 	at java.desktop/java.awt.LightweightDispatcher.retargetMouseEvent(Container.java:4948)
2025-12-15 11:11:54,714 [ERROR] LogOutputStream:75 - [STDERR_REDIRECT] 	at java.desktop/java.awt.LightweightDispatcher.processMouseEvent(Container.java:4584)
2025-12-15 11:11:54,715 [ERROR] LogOutputStream:75 - [STDERR_REDIRECT] 	at java.desktop/java.awt.LightweightDispatcher.dispatchEvent(Container.java:4516)
2025-12-15 11:11:54,717 [ERROR] LogOutputStream:75 - [STDERR_REDIRECT] 	at java.desktop/java.awt.Container.dispatchEventImpl(Container.java:2310)
2025-12-15 11:11:54,718 [ERROR] LogOutputStream:75 - [STDERR_REDIRECT] 	at java.desktop/java.awt.Component.dispatchEvent(Component.java:4828)
2025-12-15 11:11:54,721 [ERROR] LogOutputStream:75 - [STDERR_REDIRECT] 	at java.desktop/java.awt.EventQueue.dispatchEventImpl(EventQueue.java:775)
2025-12-15 11:11:54,722 [ERROR] LogOutputStream:75 - [STDERR_REDIRECT] 	at java.desktop/java.awt.EventQueue$4.run(EventQueue.java:720)
2025-12-15 11:11:54,723 [ERROR] LogOutputStream:75 - [STDERR_REDIRECT] 	at java.desktop/java.awt.EventQueue$4.run(EventQueue.java:714)
2025-12-15 11:11:54,724 [ERROR] LogOutputStream:75 - [STDERR_REDIRECT] 	at java.base/java.security.AccessController.doPrivileged(AccessController.java:400)
2025-12-15 11:11:54,727 [ERROR] LogOutputStream:75 - [STDERR_REDIRECT] 	at java.base/java.security.ProtectionDomain$JavaSecurityAccessImpl.doIntersectionPrivilege(ProtectionDomain.java:87)
2025-12-15 11:11:54,729 [ERROR] LogOutputStream:75 - [STDERR_REDIRECT] 	at java.base/java.security.ProtectionDomain$JavaSecurityAccessImpl.doIntersectionPrivilege(ProtectionDomain.java:98)
2025-12-15 11:11:54,731 [ERROR] LogOutputStream:75 - [STDERR_REDIRECT] 	at java.desktop/java.awt.EventQueue$5.run(EventQueue.java:747)
2025-12-15 11:11:54,732 [ERROR] LogOutputStream:75 - [STDERR_REDIRECT] 	at java.desktop/java.awt.EventQueue$5.run(EventQueue.java:745)
2025-12-15 11:11:54,733 [ERROR] LogOutputStream:75 - [STDERR_REDIRECT] 	at java.base/java.security.AccessController.doPrivileged(AccessController.java:400)
2025-12-15 11:11:54,735 [ERROR] LogOutputStream:75 - [STDERR_REDIRECT] 	at java.base/java.security.ProtectionDomain$JavaSecurityAccessImpl.doIntersectionPrivilege(ProtectionDomain.java:87)
2025-12-15 11:11:54,736 [ERROR] LogOutputStream:75 - [STDERR_REDIRECT] 	at java.desktop/java.awt.EventQueue.dispatchEvent(EventQueue.java:744)
2025-12-15 11:11:54,738 [ERROR] LogOutputStream:75 - [STDERR_REDIRECT] 	at java.desktop/java.awt.EventDispatchThread.pumpOneEventForFilters(EventDispatchThread.java:203)
2025-12-15 11:11:54,739 [ERROR] LogOutputStream:75 - [STDERR_REDIRECT] 	at java.desktop/java.awt.EventDispatchThread.pumpEventsForFilter(EventDispatchThread.java:124)
2025-12-15 11:11:54,740 [ERROR] LogOutputStream:75 - [STDERR_REDIRECT] 	at java.desktop/java.awt.EventDispatchThread.pumpEventsForHierarchy(EventDispatchThread.java:113)
2025-12-15 11:11:54,742 [ERROR] LogOutputStream:75 - [STDERR_REDIRECT] 	at java.desktop/java.awt.EventDispatchThread.pumpEvents(EventDispatchThread.java:109)
2025-12-15 11:11:54,743 [ERROR] LogOutputStream:75 - [STDERR_REDIRECT] 	at java.desktop/java.awt.EventDispatchThread.pumpEvents(EventDispatchThread.java:101)
2025-12-15 11:11:54,744 [ERROR] LogOutputStream:75 - [STDERR_REDIRECT] 	at java.desktop/java.awt.EventDispatchThread.run(EventDispatchThread.java:90)
2025-12-15 11:11:54,748 [ERROR] LogOutputStream:75 - [STDERR_REDIRECT] java.lang.Error: no ComponentUI class for: com.st.microxplorer.plugins.ip.nvic.CheckBoxHeader[,0,0,0x0,invalid,alignmentX=0.0,alignmentY=0.0,border=,flags=0,maximumSize=,minimumSize=,preferredSize=,defaultIcon=,disabledIcon=,disabledSelectedIcon=,margin=null,paintBorder=true,paintFocus=true,pressedIcon=,rolloverEnabled=false,rolloverIcon=,rolloverSelectedIcon=,selectedIcon=,text=]
2025-12-15 11:11:54,749 [ERROR] LogOutputStream:75 - [STDERR_REDIRECT] 	at java.desktop/javax.swing.UIDefaults.getUIError(UIDefaults.java:763)
2025-12-15 11:11:54,751 [ERROR] LogOutputStream:75 - [STDERR_REDIRECT] 	at java.desktop/javax.swing.MultiUIDefaults.getUIError(MultiUIDefaults.java:144)
2025-12-15 11:11:54,752 [ERROR] LogOutputStream:75 - [STDERR_REDIRECT] 	at java.desktop/javax.swing.UIDefaults.getUI(UIDefaults.java:793)
2025-12-15 11:11:54,753 [ERROR] LogOutputStream:75 - [STDERR_REDIRECT] 	at java.desktop/javax.swing.UIManager.getUI(UIManager.java:1070)
2025-12-15 11:11:54,755 [ERROR] LogOutputStream:75 - [STDERR_REDIRECT] 	at java.desktop/javax.swing.JCheckBox.updateUI(JCheckBox.java:228)
2025-12-15 11:11:54,756 [ERROR] LogOutputStream:75 - [STDERR_REDIRECT] 	at java.desktop/javax.swing.AbstractButton.init(AbstractButton.java:2141)
2025-12-15 11:11:54,757 [ERROR] LogOutputStream:75 - [STDERR_REDIRECT] 	at java.desktop/javax.swing.JToggleButton.<init>(JToggleButton.java:187)
2025-12-15 11:11:54,758 [ERROR] LogOutputStream:75 - [STDERR_REDIRECT] 	at java.desktop/javax.swing.JCheckBox.<init>(JCheckBox.java:176)
2025-12-15 11:11:54,759 [ERROR] LogOutputStream:75 - [STDERR_REDIRECT] 	at java.desktop/javax.swing.JCheckBox.<init>(JCheckBox.java:97)
2025-12-15 11:11:54,760 [ERROR] LogOutputStream:75 - [STDERR_REDIRECT] 	at com.st.microxplorer.plugins.ip.nvic.CheckBoxHeader.<init>(CheckBoxHeader.java:55)
2025-12-15 11:11:54,762 [ERROR] LogOutputStream:75 - [STDERR_REDIRECT] 	at com.st.microxplorer.plugins.ip.nvic.NvicCodeSelectionTable.<init>(NvicCodeSelectionTable.java:78)
2025-12-15 11:11:54,763 [ERROR] LogOutputStream:75 - [STDERR_REDIRECT] 	at com.st.microxplorer.plugins.ip.nvic.NvicCodePanel.initComponents(NvicCodePanel.java:102)
2025-12-15 11:11:54,764 [ERROR] LogOutputStream:75 - [STDERR_REDIRECT] 	at com.st.microxplorer.plugins.ip.nvic.NvicCodePanel.<init>(NvicCodePanel.java:78)
2025-12-15 11:11:54,766 [ERROR] LogOutputStream:75 - [STDERR_REDIRECT] 	at com.st.microxplorer.plugins.ip.nvic.NvicTabbedPanel.<init>(NvicTabbedPanel.java:57)
2025-12-15 11:11:54,767 [ERROR] LogOutputStream:75 - [STDERR_REDIRECT] 	at com.st.microxplorer.plugins.ip.nvic.Nvic.getUI(Nvic.java:73)
2025-12-15 11:11:54,769 [ERROR] LogOutputStream:75 - [STDERR_REDIRECT] 	at com.st.microxplorer.plugins.ipmanager.gui.BlockDiagram.createIpPanel(BlockDiagram.java:402)
2025-12-15 11:11:54,771 [ERROR] LogOutputStream:75 - [STDERR_REDIRECT] 	at com.st.microxplorer.plugins.ipmanager.gui.BlockDiagram.getIPConfigPanel(BlockDiagram.java:552)
2025-12-15 11:11:54,773 [ERROR] LogOutputStream:75 - [STDERR_REDIRECT] 	at com.st.microxplorer.plugins.ipmanager.gui.BlockDiagram.getIPConfigPanel(BlockDiagram.java:458)
2025-12-15 11:11:54,774 [ERROR] LogOutputStream:75 - [STDERR_REDIRECT] 	at com.st.microxplorer.plugins.ipmanager.gui.BlockDiagram.propertyChange(BlockDiagram.java:1389)
2025-12-15 11:11:54,776 [ERROR] LogOutputStream:75 - [STDERR_REDIRECT] 	at java.desktop/java.beans.PropertyChangeSupport.fire(PropertyChangeSupport.java:343)
2025-12-15 11:11:54,778 [ERROR] LogOutputStream:75 - [STDERR_REDIRECT] 	at java.desktop/java.beans.PropertyChangeSupport.firePropertyChange(PropertyChangeSupport.java:335)
2025-12-15 11:11:54,780 [ERROR] LogOutputStream:75 - [STDERR_REDIRECT] 	at java.desktop/java.beans.PropertyChangeSupport.firePropertyChange(PropertyChangeSupport.java:268)
2025-12-15 11:11:54,781 [ERROR] LogOutputStream:75 - [STDERR_REDIRECT] 	at com.st.microxplorer.util.MXPropertyChangeSupport.firePropertyChange(MXPropertyChangeSupport.java:54)
2025-12-15 11:11:54,782 [ERROR] LogOutputStream:75 - [STDERR_REDIRECT] 	at com.st.microxplorer.mxsystem.MxSystem.firePropertyChange(MxSystem.java:357)
2025-12-15 11:11:54,784 [ERROR] LogOutputStream:75 - [STDERR_REDIRECT] 	at com.st.microxplorer.plugins.pinoutconfig.guiV5.PeripheralsSelectionPanel.selectIP(PeripheralsSelectionPanel.java:409)
2025-12-15 11:11:54,785 [ERROR] LogOutputStream:75 - [STDERR_REDIRECT] 	at com.st.microxplorer.plugins.pinoutconfig.guiV5.PeripheralsListListener.mouseClicked(PeripheralsListListener.java:103)
2025-12-15 11:11:54,786 [ERROR] LogOutputStream:75 - [STDERR_REDIRECT] 	at java.desktop/java.awt.AWTEventMulticaster.mouseClicked(AWTEventMulticaster.java:278)
2025-12-15 11:11:54,787 [ERROR] LogOutputStream:75 - [STDERR_REDIRECT] 	at java.desktop/java.awt.Component.processMouseEvent(Component.java:6624)
2025-12-15 11:11:54,788 [ERROR] LogOutputStream:75 - [STDERR_REDIRECT] 	at java.desktop/javax.swing.JComponent.processMouseEvent(JComponent.java:3398)
2025-12-15 11:11:54,790 [ERROR] LogOutputStream:75 - [STDERR_REDIRECT] 	at java.desktop/java.awt.Component.processEvent(Component.java:6386)
2025-12-15 11:11:54,791 [ERROR] LogOutputStream:75 - [STDERR_REDIRECT] 	at java.desktop/java.awt.Container.processEvent(Container.java:2266)
2025-12-15 11:11:54,792 [ERROR] LogOutputStream:75 - [STDERR_REDIRECT] 	at java.desktop/java.awt.Component.dispatchEventImpl(Component.java:4996)
2025-12-15 11:11:54,793 [ERROR] LogOutputStream:75 - [STDERR_REDIRECT] 	at java.desktop/java.awt.Container.dispatchEventImpl(Container.java:2324)
2025-12-15 11:11:54,794 [ERROR] LogOutputStream:75 - [STDERR_REDIRECT] 	at java.desktop/java.awt.Component.dispatchEvent(Component.java:4828)
2025-12-15 11:11:54,795 [ERROR] LogOutputStream:75 - [STDERR_REDIRECT] 	at java.desktop/java.awt.LightweightDispatcher.retargetMouseEvent(Container.java:4948)
2025-12-15 11:11:54,796 [ERROR] LogOutputStream:75 - [STDERR_REDIRECT] 	at java.desktop/java.awt.LightweightDispatcher.processMouseEvent(Container.java:4584)
2025-12-15 11:11:54,797 [ERROR] LogOutputStream:75 - [STDERR_REDIRECT] 	at java.desktop/java.awt.LightweightDispatcher.dispatchEvent(Container.java:4516)
2025-12-15 11:11:54,798 [ERROR] LogOutputStream:75 - [STDERR_REDIRECT] 	at java.desktop/java.awt.Container.dispatchEventImpl(Container.java:2310)
2025-12-15 11:11:54,800 [ERROR] LogOutputStream:75 - [STDERR_REDIRECT] 	at java.desktop/java.awt.Component.dispatchEvent(Component.java:4828)
2025-12-15 11:11:54,801 [ERROR] LogOutputStream:75 - [STDERR_REDIRECT] 	at java.desktop/java.awt.EventQueue.dispatchEventImpl(EventQueue.java:775)
2025-12-15 11:11:54,802 [ERROR] LogOutputStream:75 - [STDERR_REDIRECT] 	at java.desktop/java.awt.EventQueue$4.run(EventQueue.java:720)
2025-12-15 11:11:54,803 [ERROR] LogOutputStream:75 - [STDERR_REDIRECT] 	at java.desktop/java.awt.EventQueue$4.run(EventQueue.java:714)
2025-12-15 11:11:54,804 [ERROR] LogOutputStream:75 - [STDERR_REDIRECT] 	at java.base/java.security.AccessController.doPrivileged(AccessController.java:400)
2025-12-15 11:11:54,805 [ERROR] LogOutputStream:75 - [STDERR_REDIRECT] 	at java.base/java.security.ProtectionDomain$JavaSecurityAccessImpl.doIntersectionPrivilege(ProtectionDomain.java:87)
2025-12-15 11:11:54,806 [ERROR] LogOutputStream:75 - [STDERR_REDIRECT] 	at java.base/java.security.ProtectionDomain$JavaSecurityAccessImpl.doIntersectionPrivilege(ProtectionDomain.java:98)
2025-12-15 11:11:54,807 [ERROR] LogOutputStream:75 - [STDERR_REDIRECT] 	at java.desktop/java.awt.EventQueue$5.run(EventQueue.java:747)
2025-12-15 11:11:54,808 [ERROR] LogOutputStream:75 - [STDERR_REDIRECT] 	at java.desktop/java.awt.EventQueue$5.run(EventQueue.java:745)
2025-12-15 11:11:54,809 [ERROR] LogOutputStream:75 - [STDERR_REDIRECT] 	at java.base/java.security.AccessController.doPrivileged(AccessController.java:400)
2025-12-15 11:11:54,811 [ERROR] LogOutputStream:75 - [STDERR_REDIRECT] 	at java.base/java.security.ProtectionDomain$JavaSecurityAccessImpl.doIntersectionPrivilege(ProtectionDomain.java:87)
2025-12-15 11:11:54,812 [ERROR] LogOutputStream:75 - [STDERR_REDIRECT] 	at java.desktop/java.awt.EventQueue.dispatchEvent(EventQueue.java:744)
2025-12-15 11:11:54,813 [ERROR] LogOutputStream:75 - [STDERR_REDIRECT] 	at java.desktop/java.awt.EventDispatchThread.pumpOneEventForFilters(EventDispatchThread.java:203)
2025-12-15 11:11:54,814 [ERROR] LogOutputStream:75 - [STDERR_REDIRECT] 	at java.desktop/java.awt.EventDispatchThread.pumpEventsForFilter(EventDispatchThread.java:124)
2025-12-15 11:11:54,815 [ERROR] LogOutputStream:75 - [STDERR_REDIRECT] 	at java.desktop/java.awt.EventDispatchThread.pumpEventsForHierarchy(EventDispatchThread.java:113)
2025-12-15 11:11:54,817 [ERROR] LogOutputStream:75 - [STDERR_REDIRECT] 	at java.desktop/java.awt.EventDispatchThread.pumpEvents(EventDispatchThread.java:109)
2025-12-15 11:11:54,819 [ERROR] LogOutputStream:75 - [STDERR_REDIRECT] 	at java.desktop/java.awt.EventDispatchThread.pumpEvents(EventDispatchThread.java:101)
2025-12-15 11:11:54,820 [ERROR] LogOutputStream:75 - [STDERR_REDIRECT] 	at java.desktop/java.awt.EventDispatchThread.run(EventDispatchThread.java:90)
2025-12-15 11:13:32,587 [INFO] UtilMem:75 - End SaveConfig() Used Memory: 725838256 Bytes (1073741824)
2025-12-15 11:13:34,902 [INFO] UtilMem:75 - End SaveConfig() Used Memory: 674298384 Bytes (1073741824)
2025-12-15 11:13:35,451 [INFO] BlockDiagram:2775 - set Specific Code input for plugin: NVIC
2025-12-15 11:13:35,451 [INFO] BlockDiagram:2775 - set Specific Code input for plugin: SYS
2025-12-15 11:13:35,451 [INFO] BlockDiagram:2775 - set Specific Code input for plugin: GPIO
2025-12-15 11:13:35,451 [INFO] BlockDiagram:2775 - set Specific Code input for plugin: RCC
2025-12-15 11:13:35,451 [INFO] BlockDiagram:2775 - set Specific Code input for plugin: LPUART
2025-12-15 11:13:35,452 [INFO] CodeGenerator:892 - code generatio: config db path: C:\ST\STM32CubeIDE_1.19.0\STM32CubeIDE\plugins\com.st.stm32cube.common.mx_6.15.0.202507011659\\db\
2025-12-15 11:13:35,546 [INFO] CodeEngine:265 - oldGeneratedFile, C:\Users\CAMMSYS\STM32CubeIDE\workspace_1.19.0\L412_test_v5\MXTmpFiles\license.tmp_save
2025-12-15 11:13:35,819 [INFO] CodeEngine:289 - Generated code: C:\Users\CAMMSYS\STM32CubeIDE\workspace_1.19.0\L412_test_v5\MXTmpFiles\license.tmp
2025-12-15 11:13:35,869 [INFO] CodeEngine:265 - oldGeneratedFile, C:\Users\CAMMSYS\STM32CubeIDE\workspace_1.19.0\L412_test_v5\MXTmpFiles\gpio.tmp_save
2025-12-15 11:13:36,015 [INFO] CodeEngine:289 - Generated code: C:\Users\CAMMSYS\STM32CubeIDE\workspace_1.19.0\L412_test_v5\MXTmpFiles\gpio.tmp
2025-12-15 11:13:36,094 [INFO] CodeEngine:265 - oldGeneratedFile, C:\Users\CAMMSYS\STM32CubeIDE\workspace_1.19.0\L412_test_v5\Core\Src\stm32l4xx_it.c_save
2025-12-15 11:13:36,362 [INFO] CodeEngine:289 - Generated code: C:\Users\CAMMSYS\STM32CubeIDE\workspace_1.19.0\L412_test_v5\Core\Src\stm32l4xx_it.c
2025-12-15 11:13:36,373 [INFO] CodeEngine:265 - oldGeneratedFile, C:\Users\CAMMSYS\STM32CubeIDE\workspace_1.19.0\L412_test_v5\Core\Inc\stm32l4xx_it.h_save
2025-12-15 11:13:36,438 [INFO] CodeEngine:289 - Generated code: C:\Users\CAMMSYS\STM32CubeIDE\workspace_1.19.0\L412_test_v5\Core\Inc\stm32l4xx_it.h
2025-12-15 11:13:36,456 [INFO] CodeEngine:265 - oldGeneratedFile, C:\Users\CAMMSYS\STM32CubeIDE\workspace_1.19.0\L412_test_v5\Core\Src\stm32l4xx_hal_msp.c_save
2025-12-15 11:13:36,584 [INFO] CodeEngine:289 - Generated code: C:\Users\CAMMSYS\STM32CubeIDE\workspace_1.19.0\L412_test_v5\Core\Src\stm32l4xx_hal_msp.c
2025-12-15 11:13:36,591 [INFO] CodeEngine:265 - oldGeneratedFile, C:\Users\CAMMSYS\STM32CubeIDE\workspace_1.19.0\L412_test_v5\MXTmpFiles\system.tmp_save
2025-12-15 11:13:36,642 [INFO] CodeEngine:289 - Generated code: C:\Users\CAMMSYS\STM32CubeIDE\workspace_1.19.0\L412_test_v5\MXTmpFiles\system.tmp
2025-12-15 11:13:36,658 [INFO] CodeEngine:321 - oldGeneratedFile, C:\Users\CAMMSYS\STM32CubeIDE\workspace_1.19.0\L412_test_v5\Core\Inc\stm32l4xx_hal_conf.h_save
2025-12-15 11:13:36,720 [INFO] CodeEngine:345 - Generated code: C:\Users\CAMMSYS\STM32CubeIDE\workspace_1.19.0\L412_test_v5\Core\Inc\stm32l4xx_hal_conf.h
2025-12-15 11:13:36,759 [INFO] ApiDbMcu:532 - Load IP Config File for LPUART1
2025-12-15 11:13:36,773 [INFO] CodeEngine:265 - oldGeneratedFile, C:\Users\CAMMSYS\STM32CubeIDE\workspace_1.19.0\L412_test_v5\Core\Inc\main.h_save
2025-12-15 11:13:36,857 [INFO] CodeEngine:289 - Generated code: C:\Users\CAMMSYS\STM32CubeIDE\workspace_1.19.0\L412_test_v5\Core\Inc\main.h
2025-12-15 11:13:36,872 [INFO] CodeEngine:265 - oldGeneratedFile, C:\Users\CAMMSYS\STM32CubeIDE\workspace_1.19.0\L412_test_v5\Core\Src\main.c_save
2025-12-15 11:13:37,034 [INFO] CodeEngine:289 - Generated code: C:\Users\CAMMSYS\STM32CubeIDE\workspace_1.19.0\L412_test_v5\Core\Src\main.c
2025-12-15 11:13:37,644 [INFO] ProjectBuilder:3606 - Time for Copy HAL[1] : 345mS.
2025-12-15 11:13:37,651 [INFO] ProjectBuilder:5216 - Project Generator version: 4.7.0-B52
2025-12-15 11:13:37,755 [INFO] ConfigFileManager:1595 - The Die is : DIE464
2025-12-15 11:13:39,033 [INFO] ProjectBuilder:5496 - Time for Generating toolchain IDE Files: 1382mS.
2025-12-15 11:13:39,034 [INFO] ProjectBuilder:3463 - Time for Copy CMSIS : 1mS.
2025-12-15 11:13:39,039 [INFO] ProjectBuilder:3463 - Time for Copy CMSIS : 0mS.
2025-12-15 11:57:06,446 [INFO] Gpio:278 - dependency for GPIO [LPUART1, RCC, SYS]
2025-12-15 13:27:24,140 [INFO] WebApp:194 - Connection lost
2025-12-15 13:27:24,329 [INFO] WebApp:191 - Connection restablished
2025-12-15 13:27:26,216 [INFO] WebApp:194 - Connection lost
2025-12-15 13:27:26,374 [INFO] WebApp:191 - Connection restablished
2025-12-15 13:28:06,133 [INFO] WebApp:194 - Connection lost
2025-12-15 13:28:06,320 [INFO] WebApp:191 - Connection restablished
2025-12-15 13:28:16,147 [INFO] WebApp:194 - Connection lost
2025-12-15 13:28:16,304 [INFO] WebApp:191 - Connection restablished
2025-12-15 13:28:26,636 [INFO] WebApp:194 - Connection lost
2025-12-15 13:28:26,781 [INFO] WebApp:191 - Connection restablished
2025-12-15 13:28:44,121 [INFO] WebApp:194 - Connection lost
2025-12-15 13:28:44,278 [INFO] WebApp:191 - Connection restablished
2025-12-15 13:29:12,619 [INFO] WebApp:194 - Connection lost
2025-12-15 13:29:12,799 [INFO] WebApp:191 - Connection restablished
2025-12-15 13:33:12,621 [INFO] WebApp:194 - Connection lost
2025-12-15 13:33:12,794 [INFO] WebApp:191 - Connection restablished
2025-12-15 13:36:12,616 [INFO] WebApp:194 - Connection lost
2025-12-15 13:36:12,814 [INFO] WebApp:191 - Connection restablished
2025-12-15 13:38:01,126 [ERROR] LogOutputStream:75 - [STDERR_REDIRECT] 
